记录ID,父级记录ID,记录类型,源序号,中文名称,英文名称,物质描述,EC号,CAS号,中文名称来源,中文名称状态,标识来源,标识状态,ECHA记录号
1,0,single,1,蒽,Anthracene,,204-371-1,120-12-7,REACH_SVHC_253_父子级_CAS全覆盖筛查版 (1).xlsx,Excel single substance,Local CAS/EC + PubChem Synonyms,CAS/EC verified,
2,0,single,2,"4,4'-二氨基二苯基甲烷（MDA）","4,4'-Diaminodiphenylmethane (MDA)",,202-974-4,101-77-9,REACH_SVHC_253_父子级_CAS全覆盖筛查版 (1).xlsx,Excel single substance,Local CAS/EC + PubChem Synonyms,CAS/EC verified,
3,0,single,3,邻苯二甲酸二丁酯（DBP）,Dibutyl phthalate (DBP),,201-557-4,84-74-2,REACH_SVHC_253_父子级_CAS全覆盖筛查版 (1).xlsx,Excel single substance,Local CAS/EC + PubChem Synonyms,CAS/EC verified,
4,0,single,4,二氯化钴,Cobalt dichloride,,231-589-4,7646-79-9,REACH_SVHC_253_父子级_CAS全覆盖筛查版 (1).xlsx,Excel single substance,Local CAS/EC + PubChem Synonyms,CAS/EC verified,
5,0,single,5,五氧化二砷,Diarsenic pentaoxide,,215-116-9,1303-28-2,REACH_SVHC_253_父子级_CAS全覆盖筛查版 (1).xlsx,Excel single substance,Local CAS/EC + PubChem Synonyms,CAS/EC verified,
6,0,single,6,三氧化二砷,Diarsenic trioxide,,215-481-4,1327-53-3,REACH_SVHC_253_父子级_CAS全覆盖筛查版 (1).xlsx,Excel single substance,Local CAS/EC + PubChem Synonyms,CAS/EC verified,
7,0,parent,7,重铬酸钠,Sodium dichromate,重铬酸钠,,,REACH_SVHC_253_父子级_CAS全覆盖筛查版 (1).xlsx,Excel parent group,Excel sequence grouping,Parent group,
8,0,single,8,二甲苯麝香,"5-tert-butyl-2,4,6-trinitro-m-xylene (musk xylene)",,201-329-4,81-15-2,REACH_SVHC_253_父子级_CAS全覆盖筛查版 (1).xlsx,Excel single substance,Local CAS/EC + PubChem Synonyms,CAS/EC verified,
9,0,single,9,邻苯二甲酸二(2-乙基己基)酯（DEHP）,Bis(2-ethylhexyl) phthalate (DEHP),,204-211-0,117-81-7,REACH_SVHC_253_父子级_CAS全覆盖筛查版 (1).xlsx,Excel single substance,Local CAS/EC + PubChem Synonyms,CAS/EC verified,
10,0,parent,10,六溴环十二烷（HBCDD）,Hexabromocyclododecane (HBCDD),六溴环十二烷（HBCDD）,,,REACH_SVHC_253_父子级_CAS全覆盖筛查版 (1).xlsx,Excel parent group,Excel sequence grouping,Parent group,
11,0,single,11,C10-13氯代烷烃（短链氯化石蜡，SCCP）,"Alkanes, C10-13, chloro (short-chain chlorinated paraffins, SCCP)",,287-476-5,85535-84-8,REACH_SVHC_253_父子级_CAS全覆盖筛查版 (1).xlsx,Excel single substance,Local CAS/EC + PubChem Synonyms,CAS/EC verified,
12,0,single,12,氧化双三丁基锡（TBTO）,Bis(tributyltin) oxide (TBTO),,200-268-0,56-35-9,REACH_SVHC_253_父子级_CAS全覆盖筛查版 (1).xlsx,Excel single substance,Local CAS/EC + PubChem Synonyms,CAS/EC verified,
13,0,single,13,砷酸氢铅,Lead hydrogen arsenate,,232-064-2,7784-40-9,REACH_SVHC_253_父子级_CAS全覆盖筛查版 (1).xlsx,Excel single substance,Local CAS/EC + PubChem Synonyms,CAS/EC verified,
14,0,single,14,邻苯二甲酸丁苄酯（BBP）,Benzyl butyl phthalate (BBP),,201-622-7,85-68-7,REACH_SVHC_253_父子级_CAS全覆盖筛查版 (1).xlsx,Excel single substance,Local CAS/EC + PubChem Synonyms,CAS/EC verified,
15,0,single,15,砷酸三乙酯,Triethyl arsenate,,427-700-2,15606-95-8,REACH_SVHC_253_父子级_CAS全覆盖筛查版 (1).xlsx,Excel single substance,Local CAS/EC + PubChem Synonyms,CAS/EC verified,
16,0,single,16,蒽油,Anthracene oil,,292-602-7,90640-80-5,REACH_SVHC_253_父子级_CAS全覆盖筛查版 (1).xlsx,Excel single substance,Local CAS/EC + PubChem Synonyms,CAS/EC verified,
17,0,single,17,蒽油、蒽糊、轻质蒸馏物,"Anthracene oil, anthracene paste, distn. lights",,295-278-5,91995-17-4,REACH_SVHC_253_父子级_CAS全覆盖筛查版 (1).xlsx,Excel single substance,Local CAS/EC + PubChem Synonyms,CAS/EC verified,
18,0,single,18,蒽油、蒽糊、蒽馏分,"Anthracene oil, anthracene paste, anthracene fraction",,295-275-9,91995-15-2,REACH_SVHC_253_父子级_CAS全覆盖筛查版 (1).xlsx,Excel single substance,Local CAS/EC + PubChem Synonyms,CAS/EC verified,
19,0,single,19,低蒽蒽油,"Anthracene oil, anthracene-low",,292-604-8,90640-82-7,REACH_SVHC_253_父子级_CAS全覆盖筛查版 (1).xlsx,Excel single substance,Local CAS/EC + PubChem Synonyms,CAS/EC verified,
20,0,single,20,蒽油、蒽糊,"Anthracene oil, anthracene paste",,292-603-2,90640-81-6,REACH_SVHC_253_父子级_CAS全覆盖筛查版 (1).xlsx,Excel single substance,Local CAS/EC + PubChem Synonyms,CAS/EC verified,
21,0,single,21,高温煤焦油沥青,"Pitch, coal tar, high-temp.",,266-028-2,65996-93-2,REACH_SVHC_253_父子级_CAS全覆盖筛查版 (1).xlsx,Excel single substance,Local CAS/EC + PubChem Synonyms,CAS/EC verified,
22,0,single,22,"2,4-二硝基甲苯","2,4-Dinitrotoluene",,204-450-0,121-14-2,REACH_SVHC_253_父子级_CAS全覆盖筛查版 (1).xlsx,Excel single substance,Local CAS/EC + PubChem Synonyms,CAS/EC verified,
23,0,single,23,邻苯二甲酸二异丁酯（DIBP）,Diisobutyl phthalate (DIBP),,201-553-2,84-69-5,REACH_SVHC_253_父子级_CAS全覆盖筛查版 (1).xlsx,Excel single substance,Local CAS/EC + PubChem Synonyms,CAS/EC verified,
24,0,single,24,铬酸铅,Lead chromate,,231-846-0,7758-97-6,REACH_SVHC_253_父子级_CAS全覆盖筛查版 (1).xlsx,Excel single substance,Local CAS/EC + PubChem Synonyms,CAS/EC verified,
25,0,single,25,钼铬红（C.I.颜料红104）,Lead chromate molybdate sulphate red (C.I. Pigment Red 104),,235-759-9,12656-85-8,REACH_SVHC_253_父子级_CAS全覆盖筛查版 (1).xlsx,Excel single substance,Local CAS/EC + PubChem Synonyms,CAS/EC verified,
26,0,single,26,铅铬黄（C.I.颜料黄34）,Lead sulfochromate yellow (C.I. Pigment Yellow 34),,215-693-7,1344-37-2,REACH_SVHC_253_父子级_CAS全覆盖筛查版 (1).xlsx,Excel single substance,Local CAS/EC + PubChem Synonyms,CAS/EC verified,
27,0,single,27,磷酸三(2-氯乙基)酯（TCEP）,Tris(2-chloroethyl) phosphate,,204-118-5,115-96-8,REACH_SVHC_253_父子级_CAS全覆盖筛查版 (1).xlsx,Excel single substance,Local CAS/EC + PubChem Synonyms,CAS/EC verified,
28,0,single,28,丙烯酰胺,Acrylamide,,201-173-7,79-06-1,REACH_SVHC_253_父子级_CAS全覆盖筛查版 (1).xlsx,Excel single substance,Local CAS/EC + PubChem Synonyms,CAS/EC verified,
29,0,single,29,三氯乙烯,Trichloroethylene,,201-167-4,79-01-6,REACH_SVHC_253_父子级_CAS全覆盖筛查版 (1).xlsx,Excel single substance,Local CAS/EC + PubChem Synonyms,CAS/EC verified,
30,0,parent,30,硼酸,Boric acid,硼酸,,,REACH_SVHC_253_父子级_CAS全覆盖筛查版 (1).xlsx,Excel parent group,Excel sequence grouping,Parent group,
31,0,parent,31,无水四硼酸二钠,"Disodium tetraborate, anhydrous",无水四硼酸二钠,,,REACH_SVHC_253_父子级_CAS全覆盖筛查版 (1).xlsx,Excel parent group,Excel sequence grouping,Parent group,
32,0,single,32,七水合四硼酸二钠,"Tetraboron disodium heptaoxide, hydrate",,235-541-3,12267-73-1,REACH_SVHC_253_父子级_CAS全覆盖筛查版 (1).xlsx,Excel single substance,Local CAS/EC + PubChem Synonyms,CAS/EC verified,
33,0,single,33,铬酸钠,Sodium chromate,,231-889-5,7775-11-3,REACH_SVHC_253_父子级_CAS全覆盖筛查版 (1).xlsx,Excel single substance,Local CAS/EC + PubChem Synonyms,CAS/EC verified,
34,0,single,34,铬酸钾,Potassium chromate,,232-140-5,7789-00-6,REACH_SVHC_253_父子级_CAS全覆盖筛查版 (1).xlsx,Excel single substance,Local CAS/EC + PubChem Synonyms,CAS/EC verified,
35,0,single,35,重铬酸铵,Ammonium dichromate,,232-143-1,7789-09-5,REACH_SVHC_253_父子级_CAS全覆盖筛查版 (1).xlsx,Excel single substance,Local CAS/EC + PubChem Synonyms,CAS/EC verified,
36,0,single,36,重铬酸钾,Potassium dichromate,,231-906-6,7778-50-9,REACH_SVHC_253_父子级_CAS全覆盖筛查版 (1).xlsx,Excel single substance,Local CAS/EC + PubChem Synonyms,CAS/EC verified,
37,0,single,37,硫酸钴(II),Cobalt(II) sulphate,,233-334-2,10124-43-3,REACH_SVHC_253_父子级_CAS全覆盖筛查版 (1).xlsx,Excel single substance,Local CAS/EC + PubChem Synonyms,CAS/EC verified,
38,0,single,38,硝酸钴(II),Cobalt(II) dinitrate,,233-402-1,10141-05-6,REACH_SVHC_253_父子级_CAS全覆盖筛查版 (1).xlsx,Excel single substance,Local CAS/EC + PubChem Synonyms,CAS/EC verified,
39,0,single,39,碳酸钴(II),Cobalt(II) carbonate,,208-169-4,513-79-1,REACH_SVHC_253_父子级_CAS全覆盖筛查版 (1).xlsx,Excel single substance,Local CAS/EC + PubChem Synonyms,CAS/EC verified,
40,0,single,40,乙酸钴(II),Cobalt(II) diacetate,,200-755-8,71-48-7,REACH_SVHC_253_父子级_CAS全覆盖筛查版 (1).xlsx,Excel single substance,Local CAS/EC + PubChem Synonyms,CAS/EC verified,
41,0,single,41,乙二醇单甲醚,2-Methoxyethanol,,203-713-7,109-86-4,REACH_SVHC_253_父子级_CAS全覆盖筛查版 (1).xlsx,Excel single substance,Local CAS/EC + PubChem Synonyms,CAS/EC verified,
42,0,single,42,乙二醇单乙醚,2-Ethoxyethanol,,203-804-1,110-80-5,REACH_SVHC_253_父子级_CAS全覆盖筛查版 (1).xlsx,Excel single substance,Local CAS/EC + PubChem Synonyms,CAS/EC verified,
43,0,single,43,三氧化铬,Chromium trioxide,,215-607-8,1333-82-0,REACH_SVHC_253_父子级_CAS全覆盖筛查版 (1).xlsx,Excel single substance,Local CAS/EC + PubChem Synonyms,CAS/EC verified,
44,0,parent,44,铬酸,Chromic acid,铬酸,,,REACH_SVHC_253_父子级_CAS全覆盖筛查版 (1).xlsx,Excel parent group,Excel sequence grouping,Parent group,
45,0,single,45,乙二醇乙醚乙酸酯,2-Ethoxyethyl acetate,,203-839-2,111-15-9,REACH_SVHC_253_父子级_CAS全覆盖筛查版 (1).xlsx,Excel single substance,Local CAS/EC + PubChem Synonyms,CAS/EC verified,
46,0,single,46,铬酸锶,Strontium chromate,,232-142-6,7789-06-2,REACH_SVHC_253_父子级_CAS全覆盖筛查版 (1).xlsx,Excel single substance,Local CAS/EC + PubChem Synonyms,CAS/EC verified,
47,0,single,47,邻苯二甲酸二(C7-11支链和直链)烷基酯（DHNUP）,"1,2-Benzenedicarboxylic acid, di-C7-11-branched and linear alkyl esters (DHNUP)",,271-084-6,68515-42-4,REACH_SVHC_253_父子级_CAS全覆盖筛查版 (1).xlsx,Excel single substance,Local CAS/EC + PubChem Synonyms,CAS/EC verified,
48,0,parent,48,无水肼,"Hydrazine, anhydrous",无水肼,,,REACH_SVHC_253_父子级_CAS全覆盖筛查版 (1).xlsx,Excel parent group,Excel sequence grouping,Parent group,
49,0,single,49,1-甲基-2-吡咯烷酮（NMP）,1-Methyl-2-pyrrolidone (NMP),,212-828-1,872-50-4,REACH_SVHC_253_父子级_CAS全覆盖筛查版 (1).xlsx,Excel single substance,Local CAS/EC + PubChem Synonyms,CAS/EC verified,
50,0,single,50,"1,2,3-三氯丙烷","1,2,3-Trichloropropane",,202-486-1,96-18-4,REACH_SVHC_253_父子级_CAS全覆盖筛查版 (1).xlsx,Excel single substance,Local CAS/EC + PubChem Synonyms,CAS/EC verified,
51,0,single,51,邻苯二甲酸二(C6-8支链)烷基酯（富C7，DIHP）,"1,2-Benzenedicarboxylic acid, di-C6-8-branched alkyl esters, C7-rich (DIHP)",,276-158-1,71888-89-6,REACH_SVHC_253_父子级_CAS全覆盖筛查版 (1).xlsx,Excel single substance,Local CAS/EC + PubChem Synonyms,CAS/EC verified,
52,0,single,52,"2,4,6-三硝基苯二酚铅",Lead styphnate,,239-290-0,15245-44-0,REACH_SVHC_253_父子级_CAS全覆盖筛查版 (1).xlsx,Excel single substance,Local CAS/EC + PubChem Synonyms,CAS/EC verified,
53,0,single,53,叠氮化铅,Lead diazide / lead azide,,236-542-1,13424-46-9,REACH_SVHC_253_父子级_CAS全覆盖筛查版 (1).xlsx,Excel single substance,Local CAS/EC + PubChem Synonyms,CAS/EC verified,
54,0,single,54,苦味酸铅,Lead dipicrate,,229-335-2,6477-64-1,REACH_SVHC_253_父子级_CAS全覆盖筛查版 (1).xlsx,Excel single substance,Local CAS/EC + PubChem Synonyms,CAS/EC verified,
55,0,single,55,酚酞,Phenolphthalein,,201-004-7,77-09-8,REACH_SVHC_253_父子级_CAS全覆盖筛查版 (1).xlsx,Excel single substance,Local CAS/EC + PubChem Synonyms,CAS/EC verified,
56,0,single,56,"4,4'-二氨基-3,3'-二氯二苯甲烷（MOCA）","2,2'-Dichloro-4,4'-methylenedianiline (MOCA)",,202-918-9,101-14-4,REACH_SVHC_253_父子级_CAS全覆盖筛查版 (1).xlsx,Excel single substance,Local CAS/EC + PubChem Synonyms,CAS/EC verified,
57,0,single,57,"N,N-二甲基乙酰胺（DMAc）","N,N-Dimethylacetamide (DMAC)",,204-826-4,127-19-5,REACH_SVHC_253_父子级_CAS全覆盖筛查版 (1).xlsx,Excel single substance,Local CAS/EC + PubChem Synonyms,CAS/EC verified,
58,0,single,58,砷酸铅,Trilead diarsenate,,222-979-5,3687-31-8,REACH_SVHC_253_父子级_CAS全覆盖筛查版 (1).xlsx,Excel single substance,Local CAS/EC + PubChem Synonyms,CAS/EC verified,
59,0,single,59,砷酸钙,Calcium arsenate,,231-904-5,7778-44-1,REACH_SVHC_253_父子级_CAS全覆盖筛查版 (1).xlsx,Excel single substance,Local CAS/EC + PubChem Synonyms,CAS/EC verified,
60,0,single,60,砷酸,Arsenic acid,,231-901-9,7778-39-4,REACH_SVHC_253_父子级_CAS全覆盖筛查版 (1).xlsx,Excel single substance,Local CAS/EC + PubChem Synonyms,CAS/EC verified,
61,0,single,61,二乙二醇二甲醚,Bis(2-methoxyethyl) ether,,203-924-4,111-96-6,REACH_SVHC_253_父子级_CAS全覆盖筛查版 (1).xlsx,Excel single substance,Local CAS/EC + PubChem Synonyms,CAS/EC verified,
62,0,single,62,"1,2-二氯乙烷","1,2-Dichloroethane",,203-458-1,107-06-2,REACH_SVHC_253_父子级_CAS全覆盖筛查版 (1).xlsx,Excel single substance,Local CAS/EC + PubChem Synonyms,CAS/EC verified,
63,0,single,63,对叔辛基苯酚,"4-(1,1,3,3-Tetramethylbutyl)phenol (4-tert-octylphenol)",,205-426-2,140-66-9,REACH_SVHC_253_父子级_CAS全覆盖筛查版 (1).xlsx,Excel single substance,Local CAS/EC + PubChem Synonyms,CAS/EC verified,
64,0,single,64,邻甲氧基苯胺,2-Methoxyaniline (o-anisidine),,201-963-1,90-04-0,REACH_SVHC_253_父子级_CAS全覆盖筛查版 (1).xlsx,Excel single substance,Local CAS/EC + PubChem Synonyms,CAS/EC verified,
65,0,single,65,邻苯二甲酸二甲氧乙酯,Bis(2-methoxyethyl) phthalate,,204-212-6,117-82-8,REACH_SVHC_253_父子级_CAS全覆盖筛查版 (1).xlsx,Excel single substance,Local CAS/EC + PubChem Synonyms,CAS/EC verified,
66,0,single,66,甲醛与苯胺的低聚反应产物,"Formaldehyde, oligomeric reaction products with aniline",,500-036-1,25214-70-4,REACH_SVHC_253_父子级_CAS全覆盖筛查版 (1).xlsx,Excel single substance,ECHA Candidate List identity + CAS; 中文名优先按 MEE/GB/T 23955-2009 对照,CAS/EC verified; 中文名已按身份对照,
67,0,parent,67,耐火材料纤维，铝硅酸盐,"Refractories, fibers, aluminosilicate",耐火材料纤维，铝硅酸盐,,,REACH_SVHC_253_父子级_CAS全覆盖筛查版 (1).xlsx,Excel parent group,Excel sequence grouping,Parent group,
68,0,parent,68,耐火材料纤维，铝硅酸盐,"Refractories, fibers, aluminosilicate",耐火材料纤维，铝硅酸盐,,,REACH_SVHC_253_父子级_CAS全覆盖筛查版 (1).xlsx,Excel parent group,Excel sequence grouping,Parent group,
69,0,single,69,五锌铬酸盐八氢氧化物（锌黄）,Pentazinc chromate octahydroxide,,256-418-0,49663-84-5,REACH_SVHC_253_父子级_CAS全覆盖筛查版 (1).xlsx,Excel single substance,Local CAS/EC + PubChem Synonyms,CAS/EC verified,
70,0,single,70,氢氧化铬酸锌钾,Potassium hydroxyoctaoxodizincatedichromate,,234-329-8,11103-86-9,REACH_SVHC_253_父子级_CAS全覆盖筛查版 (1).xlsx,Excel single substance,Local CAS/EC + PubChem Synonyms,CAS/EC verified,
71,0,single,71,铬酸铬,Dichromium tris(chromate),,246-356-2,24613-89-6,REACH_SVHC_253_父子级_CAS全覆盖筛查版 (1).xlsx,Excel single substance,Local CAS/EC + PubChem Synonyms,CAS/EC verified,
72,0,single,72,三甘醇二甲醚,"1,2-Bis(2-methoxyethoxy)ethane (TEGDME/triglyme)",,203-977-3,112-49-2,REACH_SVHC_253_父子级_CAS全覆盖筛查版 (1).xlsx,Excel single substance,Local CAS/EC + PubChem Synonyms,CAS/EC verified,
73,0,single,73,"1,2-二甲氧基乙烷","1,2-Dimethoxyethane (EGDME)",,203-794-9,110-71-4,REACH_SVHC_253_父子级_CAS全覆盖筛查版 (1).xlsx,Excel single substance,Local CAS/EC + PubChem Synonyms,CAS/EC verified,
74,0,single,74,三氧化二硼,Diboron trioxide,,215-125-8,1303-86-2,REACH_SVHC_253_父子级_CAS全覆盖筛查版 (1).xlsx,Excel single substance,Local CAS/EC + PubChem Synonyms,CAS/EC verified,
75,0,single,75,甲酰胺,Formamide,,200-842-0,75-12-7,REACH_SVHC_253_父子级_CAS全覆盖筛查版 (1).xlsx,Excel single substance,Local CAS/EC + PubChem Synonyms,CAS/EC verified,
76,0,single,76,甲基磺酸铅(II),Lead(II) bis(methanesulfonate),,401-750-5,17570-76-2,REACH_SVHC_253_父子级_CAS全覆盖筛查版 (1).xlsx,Excel single substance,Local CAS/EC + PubChem Synonyms,CAS/EC verified,
77,0,single,77,异氰尿酸三缩水甘油酯（TGIC）,"1,3,5-Tris(oxiranylmethyl)-1,3,5-triazine-2,4,6(1H,3H,5H)-trione (TGIC)",,219-514-3,2451-62-9,REACH_SVHC_253_父子级_CAS全覆盖筛查版 (1).xlsx,Excel single substance,Local CAS/EC + PubChem Synonyms,CAS/EC verified,
78,0,single,78,β-异氰尿酸三缩水甘油酯（β-TGIC）,"1,3,5-Tris[(2S and 2R)-2,3-epoxypropyl]-1,3,5-triazine-2,4,6-(1H,3H,5H)-trione (β-TGIC)",,423-400-0,59653-74-6,REACH_SVHC_253_父子级_CAS全覆盖筛查版 (1).xlsx,Excel single substance,Local CAS/EC + PubChem Synonyms,CAS/EC verified,
79,0,single,79,"4,4'-四甲基二氨基二苯甲酮（米氏酮）","4,4'-Bis(dimethylamino)benzophenone (Michler's ketone)",,202-027-5,90-94-8,REACH_SVHC_253_父子级_CAS全覆盖筛查版 (1).xlsx,Excel single substance,Local CAS/EC + PubChem Synonyms,CAS/EC verified,
80,0,single,80,"4,4'-亚甲基双(N,N-二甲基苯胺)（米氏碱）","N,N,N',N'-Tetramethyl-4,4'-methylenedianiline (Michler's base)",,202-959-2,101-61-1,REACH_SVHC_253_父子级_CAS全覆盖筛查版 (1).xlsx,Excel single substance,Local CAS/EC + PubChem Synonyms,CAS/EC verified,
81,0,single,81,C.I.碱性蓝26,C.I. Basic Blue 26,,219-943-6,2580-56-5,REACH_SVHC_253_父子级_CAS全覆盖筛查版 (1).xlsx,Excel single substance,Local CAS/EC + PubChem Synonyms,CAS/EC verified,
82,0,single,82,C.I.碱性紫3,C.I. Basic Violet 3,,208-953-6,548-62-9,REACH_SVHC_253_父子级_CAS全覆盖筛查版 (1).xlsx,Excel single substance,Local CAS/EC + PubChem Synonyms,CAS/EC verified,
83,0,single,83,"4,4'-双(二甲氨基)-4''-(甲氨基)三苯甲醇","4,4'-Bis(dimethylamino)-4''-(methylamino)trityl alcohol",,209-218-2,561-41-1,REACH_SVHC_253_父子级_CAS全覆盖筛查版 (1).xlsx,Excel single substance,Local CAS/EC + PubChem Synonyms,CAS/EC verified,
84,0,single,84,C.I.溶剂蓝4,C.I. Solvent Blue 4,,229-851-8,6786-83-0,REACH_SVHC_253_父子级_CAS全覆盖筛查版 (1).xlsx,Excel single substance,Local CAS/EC + PubChem Synonyms,CAS/EC verified,
85,0,single,85,十溴二苯醚（DecaBDE）,Bis(pentabromophenyl) ether (DecaBDE),,214-604-9,1163-19-5,REACH_SVHC_253_父子级_CAS全覆盖筛查版 (1).xlsx,Excel single substance,Local CAS/EC + PubChem Synonyms,CAS/EC verified,
86,0,single,86,全氟十三酸,Pentacosafluorotridecanoic acid,,276-745-2,72629-94-8,REACH_SVHC_253_父子级_CAS全覆盖筛查版 (1).xlsx,Excel single substance,Local CAS/EC + PubChem Synonyms,CAS/EC verified,
87,0,single,87,全氟十二酸,Tricosafluorododecanoic acid,,206-203-2,307-55-1,REACH_SVHC_253_父子级_CAS全覆盖筛查版 (1).xlsx,Excel single substance,Local CAS/EC + PubChem Synonyms,CAS/EC verified,
88,0,single,88,全氟十一酸,Henicosafluoroundecanoic acid,,218-165-4,2058-94-8,REACH_SVHC_253_父子级_CAS全覆盖筛查版 (1).xlsx,Excel single substance,Local CAS/EC + PubChem Synonyms,CAS/EC verified,
89,0,single,89,全氟十四酸,Heptacosafluorotetradecanoic acid,,206-803-4,376-06-7,REACH_SVHC_253_父子级_CAS全覆盖筛查版 (1).xlsx,Excel single substance,Local CAS/EC + PubChem Synonyms,CAS/EC verified,
90,0,single,90,偶氮二甲酰胺,"Diazene-1,2-dicarboxamide (C,C'-azodi(formamide))",,204-650-8,123-77-3,REACH_SVHC_253_父子级_CAS全覆盖筛查版 (1).xlsx,Excel single substance,Local CAS/EC + PubChem Synonyms,CAS/EC verified,
91,0,parent,91,"环己烷-1,2-二羧酸酐","Cyclohexane-1,2-dicarboxylic anhydride","环己烷-1,2-二羧酸酐",,,REACH_SVHC_253_父子级_CAS全覆盖筛查版 (1).xlsx,Excel parent group,Excel sequence grouping,Parent group,
92,0,parent,92,六氢-4-甲基邻苯二甲酸酐,Hexahydro-4-methylphthalic anhydride,六氢-4-甲基邻苯二甲酸酐,,,REACH_SVHC_253_父子级_CAS全覆盖筛查版 (1).xlsx,Excel parent group,ECHA Candidate List identity + CAS; 中文名优先按 MEE/GB/T 23955-2009 对照,CAS verified; EC not found; 中文名已按身份对照,
93,0,parent,93,4-壬基苯酚（支链和直链）,"Phenol, 4-nonyl-, branched",4-壬基苯酚（支链）,,,REACH_SVHC_253_父子级_CAS全覆盖筛查版 (1).xlsx,Excel parent group,ECHA Candidate List identity + CAS; 中文名优先按 MEE/GB/T 23955-2009 对照,CAS verified; EC not found; 中文名已按身份对照,
94,0,parent,94,4-叔辛基苯酚乙氧基化物,4-tert-Octylphenol monoethoxylate,4-叔辛基苯酚单乙氧基化物,,,REACH_SVHC_253_父子级_CAS全覆盖筛查版 (1).xlsx,Excel parent group,ECHA Candidate List identity + CAS; 中文名优先按 MEE/GB/T 23955-2009 对照,CAS verified; EC not found; 中文名已按身份对照,
95,0,single,95,甲氧基乙酸,Methoxyacetic acid,,210-894-6,625-45-6,REACH_SVHC_253_父子级_CAS全覆盖筛查版 (1).xlsx,Excel single substance,Local CAS/EC + PubChem Synonyms,CAS/EC verified,
96,0,single,96,"N,N-二甲基甲酰胺（DMF）","N,N-Dimethylformamide (DMF)",,200-679-5,68-12-2,REACH_SVHC_253_父子级_CAS全覆盖筛查版 (1).xlsx,Excel single substance,Local CAS/EC + PubChem Synonyms,CAS/EC verified,
97,0,single,97,二氯二丁基锡（DBTC）,Dibutyltin dichloride (DBTC),,211-670-0,683-18-1,REACH_SVHC_253_父子级_CAS全覆盖筛查版 (1).xlsx,Excel single substance,Local CAS/EC + PubChem Synonyms,CAS/EC verified,
98,0,single,98,一氧化铅,Lead monoxide (lead oxide),,215-267-0,1317-36-8,REACH_SVHC_253_父子级_CAS全覆盖筛查版 (1).xlsx,Excel single substance,Local CAS/EC + PubChem Synonyms,CAS/EC verified,
99,0,single,99,四氧化三铅,Lead tetroxide,,215-235-6,1314-41-6,REACH_SVHC_253_父子级_CAS全覆盖筛查版 (1).xlsx,Excel single substance,Local CAS/EC + PubChem Synonyms,CAS/EC verified,
100,0,single,100,四氟硼酸铅,Lead bis(tetrafluoroborate),,237-486-0,13814-96-5,REACH_SVHC_253_父子级_CAS全覆盖筛查版 (1).xlsx,Excel single substance,Local CAS/EC + PubChem Synonyms,CAS/EC verified,
101,0,single,101,碱式碳酸铅,Trilead bis(carbonate)dihydroxide,,215-290-6,1319-46-6,REACH_SVHC_253_父子级_CAS全覆盖筛查版 (1).xlsx,Excel single substance,Local CAS/EC + PubChem Synonyms,CAS/EC verified,
102,0,single,102,钛酸铅,Lead titanium trioxide,,235-038-9,12060-00-3,REACH_SVHC_253_父子级_CAS全覆盖筛查版 (1).xlsx,Excel single substance,Local CAS/EC + PubChem Synonyms,CAS/EC verified,
103,0,single,103,锆钛酸铅,Lead titanium zirconium oxide,,235-727-4,12626-81-2,REACH_SVHC_253_父子级_CAS全覆盖筛查版 (1).xlsx,Excel single substance,Local CAS/EC + PubChem Synonyms,CAS/EC verified,
104,0,single,104,硅酸铅,"Silicic acid, lead salt",,234-363-3,11120-22-2,REACH_SVHC_253_父子级_CAS全覆盖筛查版 (1).xlsx,Excel single substance,Local CAS/EC + PubChem Synonyms,CAS/EC verified,
105,0,single,105,铅掺杂硅酸钡,"Silicic acid, barium salt, lead-doped",,272-271-5,68784-75-8,REACH_SVHC_253_父子级_CAS全覆盖筛查版 (1).xlsx,Excel single substance,Local CAS/EC + PubChem Synonyms,CAS/EC verified,
106,0,single,106,1-溴丙烷,1-Bromopropane,,203-445-0,106-94-5,REACH_SVHC_253_父子级_CAS全覆盖筛查版 (1).xlsx,Excel single substance,Local CAS/EC + PubChem Synonyms,CAS/EC verified,
107,0,single,107,环氧丙烷,Propylene oxide,,200-879-2,75-56-9,REACH_SVHC_253_父子级_CAS全覆盖筛查版 (1).xlsx,Excel single substance,Local CAS/EC + PubChem Synonyms,CAS/EC verified,
108,0,single,108,邻苯二甲酸二戊酯（支链和直链）,"1,2-Benzenedicarboxylic acid, dipentyl ester, branched and linear",,284-032-2,84777-06-0,REACH_SVHC_253_父子级_CAS全覆盖筛查版 (1).xlsx,Excel single substance,Local CAS/EC + PubChem Synonyms,CAS/EC verified,
109,0,single,109,邻苯二甲酸二异戊酯,Diisopentyl phthalate,,210-088-4,605-50-5,REACH_SVHC_253_父子级_CAS全覆盖筛查版 (1).xlsx,Excel single substance,Local CAS/EC + PubChem Synonyms,CAS/EC verified,
110,0,single,110,邻苯二甲酸正戊基异戊基酯,N-Pentyl-isopentylphthalate,,933-378-9,776297-69-9,REACH_SVHC_253_父子级_CAS全覆盖筛查版 (1).xlsx,Excel single substance,Local CAS/EC + PubChem Synonyms,CAS/EC verified,
111,0,single,111,"1,2-二乙氧基乙烷","1,2-Diethoxyethane",,211-076-1,629-14-1,REACH_SVHC_253_父子级_CAS全覆盖筛查版 (1).xlsx,Excel single substance,Local CAS/EC + PubChem Synonyms,CAS/EC verified,
112,0,single,112,碱式乙酸铅,"Acetic acid, lead salt, basic",,257-175-3,51404-69-4,REACH_SVHC_253_父子级_CAS全覆盖筛查版 (1).xlsx,Excel single substance,Local CAS/EC + PubChem Synonyms,CAS/EC verified,
113,0,single,113,氧化铅硫酸盐,Lead oxide sulfate,,234-853-7,12036-76-9,REACH_SVHC_253_父子级_CAS全覆盖筛查版 (1).xlsx,Excel single substance,Local CAS/EC + PubChem Synonyms,CAS/EC verified,
114,0,single,114,邻苯二甲酸二氧三铅,[Phthalato(2-)]dioxotrilead,,273-688-5,69011-06-9,REACH_SVHC_253_父子级_CAS全覆盖筛查版 (1).xlsx,Excel single substance,Local CAS/EC + PubChem Synonyms,CAS/EC verified,
115,0,single,115,二氧双(硬脂酸)三铅,Dioxobis(stearato)trilead,,235-702-8,12578-12-0,REACH_SVHC_253_父子级_CAS全覆盖筛查版 (1).xlsx,Excel single substance,Local CAS/EC + PubChem Synonyms,CAS/EC verified,
116,0,single,116,C16-18脂肪酸铅盐,"Fatty acids, C16-18, lead salts",,292-966-7,91031-62-8,REACH_SVHC_253_父子级_CAS全覆盖筛查版 (1).xlsx,Excel single substance,Local CAS/EC + PubChem Synonyms,CAS/EC verified,
117,0,single,117,氰胺铅,Lead cyanamidate,,244-073-9,20837-86-9,REACH_SVHC_253_父子级_CAS全覆盖筛查版 (1).xlsx,Excel single substance,Local CAS/EC + PubChem Synonyms,CAS/EC verified,
118,0,single,118,硝酸铅,Lead dinitrate,,233-245-9,10099-74-8,REACH_SVHC_253_父子级_CAS全覆盖筛查版 (1).xlsx,Excel single substance,Local CAS/EC + PubChem Synonyms,CAS/EC verified,
119,0,single,119,四氧化五铅硫酸盐,Pentalead tetraoxide sulphate,,235-067-7,12065-90-6,REACH_SVHC_253_父子级_CAS全覆盖筛查版 (1).xlsx,Excel single substance,Local CAS/EC + PubChem Synonyms,CAS/EC verified,
120,0,single,120,焦锑酸铅黄,"Pyrochlore, antimony lead yellow",,232-382-1,8012-00-8,REACH_SVHC_253_父子级_CAS全覆盖筛查版 (1).xlsx,Excel single substance,Local CAS/EC + PubChem Synonyms,CAS/EC verified,
121,0,single,121,亚硫酸二碱式铅,"Sulfurous acid, lead salt, dibasic",,263-467-1,62229-08-7,REACH_SVHC_253_父子级_CAS全覆盖筛查版 (1).xlsx,Excel single substance,Local CAS/EC + PubChem Synonyms,CAS/EC verified,
122,0,single,122,四乙基铅,Tetraethyllead,,201-075-4,78-00-2,REACH_SVHC_253_父子级_CAS全覆盖筛查版 (1).xlsx,Excel single substance,Local CAS/EC + PubChem Synonyms,CAS/EC verified,
123,0,single,123,三氧化四铅硫酸盐,Tetralead trioxide sulphate,,235-380-9,12202-17-4,REACH_SVHC_253_父子级_CAS全覆盖筛查版 (1).xlsx,Excel single substance,Local CAS/EC + PubChem Synonyms,CAS/EC verified,
124,0,single,124,二氧化三铅膦酸盐,Trilead dioxide phosphonate,,235-252-2,12141-20-7,REACH_SVHC_253_父子级_CAS全覆盖筛查版 (1).xlsx,Excel single substance,Local CAS/EC + PubChem Synonyms,CAS/EC verified,
125,0,single,125,呋喃,Furan,,203-727-3,110-00-9,REACH_SVHC_253_父子级_CAS全覆盖筛查版 (1).xlsx,Excel single substance,Local CAS/EC + PubChem Synonyms,CAS/EC verified,
126,0,single,126,硫酸二乙酯,Diethyl sulphate,,200-589-6,64-67-5,REACH_SVHC_253_父子级_CAS全覆盖筛查版 (1).xlsx,Excel single substance,Local CAS/EC + PubChem Synonyms,CAS/EC verified,
127,0,single,127,硫酸二甲酯,Dimethyl sulphate,,201-058-1,77-78-1,REACH_SVHC_253_父子级_CAS全覆盖筛查版 (1).xlsx,Excel single substance,Local CAS/EC + PubChem Synonyms,CAS/EC verified,
128,0,single,128,"3-乙基-2-甲基-2-(3-甲基丁基)-1,3-噁唑烷","3-Ethyl-2-methyl-2-(3-methylbutyl)-1,3-oxazolidine",,421-150-7,143860-04-2,REACH_SVHC_253_父子级_CAS全覆盖筛查版 (1).xlsx,Excel single substance,Local CAS/EC + PubChem Synonyms,CAS/EC verified,
129,0,single,129,地乐酚,Dinoseb,,201-861-7,88-85-7,REACH_SVHC_253_父子级_CAS全覆盖筛查版 (1).xlsx,Excel single substance,Local CAS/EC + PubChem Synonyms,CAS/EC verified,
130,0,single,130,"4,4'-亚甲基双邻甲苯胺","4,4'-Methylenedi-o-toluidine",,212-658-8,838-88-0,REACH_SVHC_253_父子级_CAS全覆盖筛查版 (1).xlsx,Excel single substance,Local CAS/EC + PubChem Synonyms,CAS/EC verified,
131,0,single,131,"4,4'-二氨基二苯醚及其盐","4,4'-Oxydianiline and its salts",,202-977-0,101-80-4,REACH_SVHC_253_父子级_CAS全覆盖筛查版 (1).xlsx,Excel single substance,Local CAS/EC + PubChem Synonyms,CAS/EC verified,
132,0,single,132,4-氨基偶氮苯,4-Aminoazobenzene,,200-453-6,60-09-3,REACH_SVHC_253_父子级_CAS全覆盖筛查版 (1).xlsx,Excel single substance,Local CAS/EC + PubChem Synonyms,CAS/EC verified,
133,0,single,133,"甲苯-2,4-二胺","Toluene-2,4-diamine",,202-453-1,95-80-7,REACH_SVHC_253_父子级_CAS全覆盖筛查版 (1).xlsx,Excel single substance,Local CAS/EC + PubChem Synonyms,CAS/EC verified,
134,0,single,134,6-甲氧基间甲苯胺,6-Methoxy-m-toluidine (p-cresidine),,204-419-1,120-71-8,REACH_SVHC_253_父子级_CAS全覆盖筛查版 (1).xlsx,Excel single substance,Local CAS/EC + PubChem Synonyms,CAS/EC verified,
135,0,single,135,4-氨基联苯,Biphenyl-4-ylamine,,202-177-1,92-67-1,REACH_SVHC_253_父子级_CAS全覆盖筛查版 (1).xlsx,Excel single substance,Local CAS/EC + PubChem Synonyms,CAS/EC verified,
136,0,single,136,邻氨基偶氮甲苯,o-Aminoazotoluene,,202-591-2,97-56-3,REACH_SVHC_253_父子级_CAS全覆盖筛查版 (1).xlsx,Excel single substance,Local CAS/EC + PubChem Synonyms,CAS/EC verified,
137,0,single,137,邻甲苯胺,o-Toluidine,,202-429-0,95-53-4,REACH_SVHC_253_父子级_CAS全覆盖筛查版 (1).xlsx,Excel single substance,Local CAS/EC + PubChem Synonyms,CAS/EC verified,
138,0,single,138,N-甲基乙酰胺,N-Methylacetamide,,201-182-6,79-16-3,REACH_SVHC_253_父子级_CAS全覆盖筛查版 (1).xlsx,Excel single substance,Local CAS/EC + PubChem Synonyms,CAS/EC verified,
139,0,single,139,镉,Cadmium,,231-152-8,7440-43-9,REACH_SVHC_253_父子级_CAS全覆盖筛查版 (1).xlsx,Excel single substance,Local CAS/EC + PubChem Synonyms,CAS/EC verified,
140,0,single,140,氧化镉,Cadmium oxide,,215-146-2,1306-19-0,REACH_SVHC_253_父子级_CAS全覆盖筛查版 (1).xlsx,Excel single substance,Local CAS/EC + PubChem Synonyms,CAS/EC verified,
141,0,single,141,全氟辛酸铵（APFO）,Ammonium pentadecafluorooctanoate (APFO),,223-320-4,3825-26-1,REACH_SVHC_253_父子级_CAS全覆盖筛查版 (1).xlsx,Excel single substance,Local CAS/EC + PubChem Synonyms,CAS/EC verified,
142,0,single,142,全氟辛酸（PFOA）,Pentadecafluorooctanoic acid (PFOA),,206-397-9,335-67-1,REACH_SVHC_253_父子级_CAS全覆盖筛查版 (1).xlsx,Excel single substance,Local CAS/EC + PubChem Synonyms,CAS/EC verified,
143,0,single,143,邻苯二甲酸二戊酯（DPP）,Dipentyl phthalate (DPP),,205-017-9,131-18-0,REACH_SVHC_253_父子级_CAS全覆盖筛查版 (1).xlsx,Excel single substance,Local CAS/EC + PubChem Synonyms,CAS/EC verified,
144,0,parent,144,4-壬基苯酚（支链和直链）乙氧基化物,"2-{2-[4-(3,6-dimethylheptan-3-yl)phenoxy]ethoxy}ethanol",4-壬基苯酚（支链和直链）乙氧基化物（细分物质）,,,REACH_SVHC_253_父子级_CAS全覆盖筛查版 (1).xlsx,Excel parent group,ECHA Candidate List identity + CAS; 中文名优先按 MEE/GB/T 23955-2009 对照,CAS verified; EC not found; 中文名已按身份对照,
145,0,single,145,硫化镉,Cadmium sulphide,,215-147-8,1306-23-6,REACH_SVHC_253_父子级_CAS全覆盖筛查版 (1).xlsx,Excel single substance,Local CAS/EC + PubChem Synonyms,CAS/EC verified,
146,0,single,146,C.I.直接红28（刚果红）,"Disodium 3,3'-[[1,1'-biphenyl]-4,4'-diylbis(azo)]bis(4-aminonaphthalene-1-sulphonate) (C.I. Direct Red 28)",,209-358-4,573-58-0,REACH_SVHC_253_父子级_CAS全覆盖筛查版 (1).xlsx,Excel single substance,Local CAS/EC + PubChem Synonyms,CAS/EC verified,
147,0,single,147,C.I.直接黑38,"Tetrasodium 3,3'-[[1,1'-biphenyl]-4,4'-diylbis(azo)]bis[5-amino-4-hydroxynaphthalene-2,7-disulphonate] (C.I. Direct Black 38)",,217-710-3,1937-37-7,REACH_SVHC_253_父子级_CAS全覆盖筛查版 (1).xlsx,Excel single substance,Local CAS/EC + PubChem Synonyms,CAS/EC verified,
148,0,single,148,邻苯二甲酸二己酯,Dihexyl phthalate,,201-559-5,84-75-3,REACH_SVHC_253_父子级_CAS全覆盖筛查版 (1).xlsx,Excel single substance,Local CAS/EC + PubChem Synonyms,CAS/EC verified,
149,0,single,149,咪唑烷-2-硫酮,Imidazolidine-2-thione (2-imidazoline-2-thiol),,202-506-9,96-45-7,REACH_SVHC_253_父子级_CAS全覆盖筛查版 (1).xlsx,Excel single substance,Local CAS/EC + PubChem Synonyms,CAS/EC verified,
150,0,single,150,乙酸铅,Lead di(acetate),,206-104-4,301-04-2,REACH_SVHC_253_父子级_CAS全覆盖筛查版 (1).xlsx,Excel single substance,Local CAS/EC + PubChem Synonyms,CAS/EC verified,
151,0,single,151,磷酸三二甲苯酯,Trixylyl phosphate,,246-677-8,25155-23-1,REACH_SVHC_253_父子级_CAS全覆盖筛查版 (1).xlsx,Excel single substance,Local CAS/EC + PubChem Synonyms,CAS/EC verified,
152,0,single,152,氯化镉,Cadmium chloride,,233-296-7,10108-64-2,REACH_SVHC_253_父子级_CAS全覆盖筛查版 (1).xlsx,Excel single substance,Local CAS/EC + PubChem Synonyms,CAS/EC verified,
153,0,single,153,邻苯二甲酸二己酯（支链和直链）,"1,2-Benzenedicarboxylic acid, dihexyl ester, branched and linear",,271-093-5,68515-50-4,REACH_SVHC_253_父子级_CAS全覆盖筛查版 (1).xlsx,Excel single substance,Local CAS/EC + PubChem Synonyms,CAS/EC verified,
154,0,single,154,过氧偏硼酸钠,Sodium peroxometaborate,,231-556-4,7632-04-4,REACH_SVHC_253_父子级_CAS全覆盖筛查版 (1).xlsx,Excel single substance,Local CAS/EC + PubChem Synonyms,CAS/EC verified,
155,0,parent,155,过硼酸钠及其盐,Sodium perborate monohydrate,过硼酸钠一水合物,,,REACH_SVHC_253_父子级_CAS全覆盖筛查版 (1).xlsx,Excel parent group,ECHA Candidate List identity + CAS; 中文名优先按 MEE/GB/T 23955-2009 对照,CAS verified; EC not found; 中文名已按身份对照,
156,0,single,156,氟化镉,Cadmium fluoride,,232-222-0,7790-79-6,REACH_SVHC_253_父子级_CAS全覆盖筛查版 (1).xlsx,Excel single substance,Local CAS/EC + PubChem Synonyms,CAS/EC verified,
157,0,parent,157,硫酸镉,Cadmium sulphate,硫酸镉,,,REACH_SVHC_253_父子级_CAS全覆盖筛查版 (1).xlsx,Excel parent group,ECHA Candidate List identity + CAS; 中文名优先按 MEE/GB/T 23955-2009 对照,CAS verified; EC not found; 中文名已按身份对照,
158,0,single,158,"2-(2H-苯并三唑-2-基)-4,6-二叔丁基苯酚（UV-320）","2-Benzotriazol-2-yl-4,6-di-tert-butylphenol (UV-320)",,223-346-6,3846-71-7,REACH_SVHC_253_父子级_CAS全覆盖筛查版 (1).xlsx,Excel single substance,Local CAS/EC + PubChem Synonyms,CAS/EC verified,
159,0,single,159,"2-(2H-苯并三唑-2-基)-4,6-二叔戊基苯酚（UV-328）","2-(2H-Benzotriazol-2-yl)-4,6-ditertpentylphenol (UV-328)",,247-384-8,25973-55-1,REACH_SVHC_253_父子级_CAS全覆盖筛查版 (1).xlsx,Excel single substance,Local CAS/EC + PubChem Synonyms,CAS/EC verified,
160,0,single,160,DOTE（有机锡化合物）,"2-Ethylhexyl 10-ethyl-4,4-dioctyl-7-oxo-8-oxa-3,5-dithia-4-stannatetradecanoate (DOTE)",,239-622-4,15571-58-1,REACH_SVHC_253_父子级_CAS全覆盖筛查版 (1).xlsx,Excel single substance,Local CAS/EC + PubChem Synonyms,CAS/EC verified,
161,0,parent,161,DOTE（有机锡化合物）,DOTE,DOTE（有机锡化合物）,,,REACH_SVHC_253_父子级_CAS全覆盖筛查版 (1).xlsx,Excel parent group,Excel sequence grouping,Parent group,
162,0,parent,162,邻苯二甲酸二(C6-10)烷基酯,Di-C6-10 alkyl phthalates,邻苯二甲酸二(C6-10)烷基酯,,,REACH_SVHC_253_父子级_CAS全覆盖筛查版 (1).xlsx,Excel parent group,Excel sequence grouping,Parent group,
163,0,parent,163,"Karana 1,3-二噁烷异构体组","1,3-Dioxane, 2-(2,4-dimethyl-3-cyclohexen-1-yl)-5-methyl-5-(1-methylpropyl)-","Karana相关1,3-二噁烷异构体组（细分物质）",,,REACH_SVHC_253_父子级_CAS全覆盖筛查版 (1).xlsx,Excel parent group,ECHA Candidate List identity + CAS; 中文名优先按 MEE/GB/T 23955-2009 对照,CAS verified; EC not found; 中文名已按身份对照,
164,0,single,164,硝基苯,Nitrobenzene,,202-716-0,98-95-3,REACH_SVHC_253_父子级_CAS全覆盖筛查版 (1).xlsx,Excel single substance,Local CAS/EC + PubChem Synonyms,CAS/EC verified,
165,0,single,165,"2,4-二叔丁基-6-(5-氯苯并三唑-2-基)苯酚（UV-327）","2,4-Di-tert-butyl-6-(5-chlorobenzotriazol-2-yl)phenol (UV-327)",,223-383-8,3864-99-1,REACH_SVHC_253_父子级_CAS全覆盖筛查版 (1).xlsx,Excel single substance,Local CAS/EC + PubChem Synonyms,CAS/EC verified,
166,0,single,166,2-(2H-苯并三唑-2-基)-4-叔丁基-6-仲丁基苯酚（UV-350）,2-(2H-Benzotriazol-2-yl)-4-(tert-butyl)-6-(sec-butyl)phenol (UV-350),,253-037-1,36437-37-3,REACH_SVHC_253_父子级_CAS全覆盖筛查版 (1).xlsx,Excel single substance,Local CAS/EC + PubChem Synonyms,CAS/EC verified,
167,0,single,167,"1,3-丙烷磺内酯","1,3-Propanesultone",,214-317-9,1120-71-4,REACH_SVHC_253_父子级_CAS全覆盖筛查版 (1).xlsx,Excel single substance,Local CAS/EC + PubChem Synonyms,CAS/EC verified,
168,0,parent,168,全氟壬酸（PFNA）,PFNA,全氟壬酸（PFNA）,,,REACH_SVHC_253_父子级_CAS全覆盖筛查版 (1).xlsx,Excel parent group,Excel sequence grouping,Parent group,
169,0,single,169,苯并[a]芘,Benzo[a]pyrene,,200-028-5,50-32-8,REACH_SVHC_253_父子级_CAS全覆盖筛查版 (1).xlsx,Excel single substance,Local CAS/EC + PubChem Synonyms,CAS/EC verified,
170,0,single,170,双酚A,"4,4'-Isopropylidenediphenol (Bisphenol A)",,201-245-8,80-05-7,REACH_SVHC_253_父子级_CAS全覆盖筛查版 (1).xlsx,Excel single substance,Local CAS/EC + PubChem Synonyms,CAS/EC verified,
171,0,parent,171,全氟癸酸（PFDA）,PFDA,全氟癸酸（PFDA）,,,REACH_SVHC_253_父子级_CAS全覆盖筛查版 (1).xlsx,Excel parent group,Excel sequence grouping,Parent group,
172,0,single,172,4-叔戊基苯酚,"p-(1,1-Dimethylpropyl)phenol",,201-280-9,80-46-6,REACH_SVHC_253_父子级_CAS全覆盖筛查版 (1).xlsx,Excel single substance,Local CAS/EC + PubChem Synonyms,CAS/EC verified,
173,0,parent,173,4-庚基苯酚,4-heptylphenol,4-庚基苯酚,,,REACH_SVHC_253_父子级_CAS全覆盖筛查版 (1).xlsx,Excel parent group,Excel sequence grouping,Parent group,
174,0,parent,174,全氟己烷磺酸及其盐（染料盐）,Perfluorohexane-1-sulphonic acid,全氟己烷-1-磺酸,,,REACH_SVHC_253_父子级_CAS全覆盖筛查版 (1).xlsx,Excel parent group,ECHA Candidate List identity + CAS; 中文名优先按 MEE/GB/T 23955-2009 对照,CAS verified; EC not found; 中文名已按身份对照,
175,0,single,175,䓛,Chrysene,,205-923-4,218-01-9,REACH_SVHC_253_父子级_CAS全覆盖筛查版 (1).xlsx,Excel single substance,Local CAS/EC + PubChem Synonyms,CAS/EC verified,
176,0,single,176,苯并[a]蒽,Benz[a]anthracene,,200-280-6,56-55-3,REACH_SVHC_253_父子级_CAS全覆盖筛查版 (1).xlsx,Excel single substance,Local CAS/EC + PubChem Synonyms,CAS/EC verified,
177,0,single,177,硝酸镉,Cadmium nitrate,,233-710-6,10325-94-7,REACH_SVHC_253_父子级_CAS全覆盖筛查版 (1).xlsx,Excel single substance,Local CAS/EC + PubChem Synonyms,CAS/EC verified,
178,0,single,178,氢氧化镉,Cadmium hydroxide,,244-168-5,21041-95-2,REACH_SVHC_253_父子级_CAS全覆盖筛查版 (1).xlsx,Excel single substance,Local CAS/EC + PubChem Synonyms,CAS/EC verified,
179,0,single,179,碳酸镉,Cadmium carbonate,,208-168-9,513-78-0,REACH_SVHC_253_父子级_CAS全覆盖筛查版 (1).xlsx,Excel single substance,Local CAS/EC + PubChem Synonyms,CAS/EC verified,
180,0,parent,180,得克隆Plus（Dechlorane Plus）,Dechlorane Plus,得克隆Plus（Dechlorane Plus）,,,REACH_SVHC_253_父子级_CAS全覆盖筛查版 (1).xlsx,Excel parent group,Excel sequence grouping,Parent group,
181,0,parent,181,"1,3,4-噻二唑烷-2,5-二硫酮、甲醛和4-庚基苯酚的反应产物（RP-HP）","Reaction product of 1,3,4-thiadiazolidine-2,5-dithione, formaldehyde and phenol, heptyl derivatives","1,3,4-噻二唑烷-2,5-二硫酮、甲醛和4-庚基苯酚的反应产物（RP-HP）（细分物质）",,,REACH_SVHC_253_父子级_CAS全覆盖筛查版 (1).xlsx,Excel parent group,ECHA Candidate List identity + CAS; 中文名优先按 MEE/GB/T 23955-2009 对照,CAS verified; EC not found; 中文名已按身份对照,
182,0,single,182,八甲基环四硅氧烷（D4）,Octamethylcyclotetrasiloxane (D4),,209-136-7,556-67-2,REACH_SVHC_253_父子级_CAS全覆盖筛查版 (1).xlsx,Excel single substance,Local CAS/EC + PubChem Synonyms,CAS/EC verified,
183,0,single,183,十甲基环五硅氧烷（D5）,Decamethylcyclopentasiloxane (D5),,208-764-9,541-02-6,REACH_SVHC_253_父子级_CAS全覆盖筛查版 (1).xlsx,Excel single substance,Local CAS/EC + PubChem Synonyms,CAS/EC verified,
184,0,single,184,十二甲基环六硅氧烷（D6）,Dodecamethylcyclohexasiloxane (D6),,208-762-8,540-97-6,REACH_SVHC_253_父子级_CAS全覆盖筛查版 (1).xlsx,Excel single substance,Local CAS/EC + PubChem Synonyms,CAS/EC verified,
185,0,single,185,铅,Lead,,231-100-4,7439-92-1,REACH_SVHC_253_父子级_CAS全覆盖筛查版 (1).xlsx,Excel single substance,Local CAS/EC + PubChem Synonyms,CAS/EC verified,
186,0,single,186,八硼酸二钠,Disodium octaborate,,234-541-0,12008-41-2,REACH_SVHC_253_父子级_CAS全覆盖筛查版 (1).xlsx,Excel single substance,Local CAS/EC + PubChem Synonyms,CAS/EC verified,
187,0,single,187,苯并[ghi]苝,Benzo[ghi]perylene,,205-883-8,191-24-2,REACH_SVHC_253_父子级_CAS全覆盖筛查版 (1).xlsx,Excel single substance,Local CAS/EC + PubChem Synonyms,CAS/EC verified,
188,0,single,188,氢化三联苯,"Terphenyl, hydrogenated",,262-967-7,61788-32-7,REACH_SVHC_253_父子级_CAS全覆盖筛查版 (1).xlsx,Excel single substance,Local CAS/EC + PubChem Synonyms,CAS/EC verified,
189,0,single,189,乙二胺,Ethylenediamine,,203-468-6,107-15-3,REACH_SVHC_253_父子级_CAS全覆盖筛查版 (1).xlsx,Excel single substance,Local CAS/EC + PubChem Synonyms,CAS/EC verified,
190,0,single,190,偏苯三酸酐,"Benzene-1,2,4-tricarboxylic acid 1,2-anhydride (trimellitic anhydride)",,209-008-0,552-30-7,REACH_SVHC_253_父子级_CAS全覆盖筛查版 (1).xlsx,Excel single substance,Local CAS/EC + PubChem Synonyms,CAS/EC verified,
191,0,single,191,邻苯二甲酸二环己酯（DCHP）,Dicyclohexyl phthalate (DCHP),,201-545-9,84-61-7,REACH_SVHC_253_父子级_CAS全覆盖筛查版 (1).xlsx,Excel single substance,Local CAS/EC + PubChem Synonyms,CAS/EC verified,
192,0,single,192,"2,2-双(4-羟基苯基)-4-甲基戊烷","2,2-Bis(4'-hydroxyphenyl)-4-methylpentane",,401-720-1,6807-17-6,REACH_SVHC_253_父子级_CAS全覆盖筛查版 (1).xlsx,Excel single substance,Local CAS/EC + PubChem Synonyms,CAS/EC verified,
193,0,single,193,苯并[k]荧蒽,Benzo[k]fluoranthene,,205-916-6,207-08-9,REACH_SVHC_253_父子级_CAS全覆盖筛查版 (1).xlsx,Excel single substance,Local CAS/EC + PubChem Synonyms,CAS/EC verified,
194,0,single,194,荧蒽,Fluoranthene,,205-912-4,206-44-0,REACH_SVHC_253_父子级_CAS全覆盖筛查版 (1).xlsx,Excel single substance,Local CAS/EC + PubChem Synonyms,CAS/EC verified,
195,0,single,195,菲,Phenanthrene,,201-581-5,85-01-8,REACH_SVHC_253_父子级_CAS全覆盖筛查版 (1).xlsx,Excel single substance,Local CAS/EC + PubChem Synonyms,CAS/EC verified,
196,0,single,196,芘,Pyrene,,204-927-3,129-00-0,REACH_SVHC_253_父子级_CAS全覆盖筛查版 (1).xlsx,Excel single substance,Local CAS/EC + PubChem Synonyms,CAS/EC verified,
197,0,single,197,3-亚苄基樟脑,3-Benzylidene camphor,,239-139-9,15087-24-8,REACH_SVHC_253_父子级_CAS全覆盖筛查版 (1).xlsx,Excel single substance,Local CAS/EC + PubChem Synonyms,CAS/EC verified,
198,0,single,198,乙二醇甲醚乙酸酯,2-Methoxyethyl acetate,,203-772-9,110-49-6,REACH_SVHC_253_父子级_CAS全覆盖筛查版 (1).xlsx,Excel single substance,Local CAS/EC + PubChem Synonyms,CAS/EC verified,
199,0,parent,199,三(4-壬基苯基)亚磷酸酯（TNPP，含≥0.1% 4-NP）,Tris(nonylphenyl) phosphite,亚磷酸三壬基苯酯,,,REACH_SVHC_253_父子级_CAS全覆盖筛查版 (1).xlsx,Excel parent group,ECHA Candidate List identity + CAS; 中文名优先按 MEE/GB/T 23955-2009 对照,CAS verified; EC not found; 中文名已按身份对照,
200,0,parent,200,"2,3,3,3-四氟-2-(七氟丙氧基)丙酸（HFPO-DA）",HFPO-DA acid,"2,3,3,3-四氟-2-(七氟丙氧基)丙酸（HFPO-DA）",,,REACH_SVHC_253_父子级_CAS全覆盖筛查版 (1).xlsx,Excel parent group,Excel sequence grouping,Parent group,
201,0,single,201,4-叔丁基苯酚,4-tert-Butylphenol,,202-679-0,98-54-4,REACH_SVHC_253_父子级_CAS全覆盖筛查版 (1).xlsx,Excel single substance,Local CAS/EC + PubChem Synonyms,CAS/EC verified,
202,0,single,202,邻苯二甲酸二异己酯,Diisohexyl phthalate,,276-090-2,71850-09-4,REACH_SVHC_253_父子级_CAS全覆盖筛查版 (1).xlsx,Excel single substance,Local CAS/EC + PubChem Synonyms,CAS/EC verified,
203,0,single,203,2-苄基-2-二甲氨基-4'-吗啉基丁酰苯,2-Benzyl-2-dimethylamino-4'-morpholinobutyrophenone,,404-360-3,119313-12-1,REACH_SVHC_253_父子级_CAS全覆盖筛查版 (1).xlsx,Excel single substance,Local CAS/EC + PubChem Synonyms,CAS/EC verified,
204,0,single,204,2-甲基-1-(4-甲硫基苯基)-2-吗啉基丙-1-酮,2-Methyl-1-(4-methylthiophenyl)-2-morpholinopropan-1-one,,400-600-6,71868-10-5,REACH_SVHC_253_父子级_CAS全覆盖筛查版 (1).xlsx,Excel single substance,Local CAS/EC + PubChem Synonyms,CAS/EC verified,
205,0,parent,205,全氟丁烷磺酸及其盐（PFBS）,Perfluorobutane-1-sulphonic acid,全氟丁烷-1-磺酸（PFBS）,,,REACH_SVHC_253_父子级_CAS全覆盖筛查版 (1).xlsx,Excel parent group,ECHA Candidate List identity + CAS; 中文名优先按 MEE/GB/T 23955-2009 对照,CAS verified; EC not found; 中文名已按身份对照,
206,0,single,206,1-乙烯基咪唑,1-Vinylimidazole,,214-012-0,1072-63-5,REACH_SVHC_253_父子级_CAS全覆盖筛查版 (1).xlsx,Excel single substance,Local CAS/EC + PubChem Synonyms,CAS/EC verified,
207,0,single,207,2-甲基咪唑,2-Methylimidazole,,211-765-7,693-98-1,REACH_SVHC_253_父子级_CAS全覆盖筛查版 (1).xlsx,Excel single substance,Local CAS/EC + PubChem Synonyms,CAS/EC verified,
208,0,single,208,对羟基苯甲酸丁酯,Butyl 4-hydroxybenzoate,,202-318-7,94-26-8,REACH_SVHC_253_父子级_CAS全覆盖筛查版 (1).xlsx,Excel single substance,Local CAS/EC + PubChem Synonyms,CAS/EC verified,
209,0,single,209,"二丁基双(2,4-戊二酮酸)锡","Dibutylbis(pentane-2,4-dionato-O,O')tin",,245-152-0,22673-19-4,REACH_SVHC_253_父子级_CAS全覆盖筛查版 (1).xlsx,Excel single substance,Local CAS/EC + PubChem Synonyms,CAS/EC verified,
210,0,single,210,四甘醇二甲醚,Bis(2-(2-methoxyethoxy)ethyl) ether,,205-594-7,143-24-8,REACH_SVHC_253_父子级_CAS全覆盖筛查版 (1).xlsx,Excel single substance,Local CAS/EC + PubChem Synonyms,CAS/EC verified,
211,0,parent,211,二辛基锡二月桂酸酯,Dioctyltin dilaurate,二辛基锡二月桂酸酯,,,REACH_SVHC_253_父子级_CAS全覆盖筛查版 (1).xlsx,Excel parent group,Excel sequence grouping,Parent group,
212,0,single,212,"1,4-二噁烷","1,4-Dioxane",,204-661-8,123-91-1,REACH_SVHC_253_父子级_CAS全覆盖筛查版 (1).xlsx,Excel single substance,Local CAS/EC + PubChem Synonyms,CAS/EC verified,
213,0,parent,213,"BMP/TBNPA/2,3-DBPA组合条目","2,2-Bis(bromomethyl)propane-1,3-diol (BMP)","2,2-双(溴甲基)丙烷-1,3-二醇（BMP）",,,REACH_SVHC_253_父子级_CAS全覆盖筛查版 (1).xlsx,Excel parent group,ECHA Candidate List identity + CAS; 中文名优先按 MEE/GB/T 23955-2009 对照,CAS verified; EC not found; 中文名已按身份对照,
214,0,parent,214,2-(4-叔丁基苄基)丙醛,2-(4-tert-Butylbenzyl)propionaldehyde,2-(4-叔丁基苄基)丙醛,,,REACH_SVHC_253_父子级_CAS全覆盖筛查版 (1).xlsx,Excel parent group,Excel sequence grouping,Parent group,
215,0,single,215,双酚B,Bisphenol B,,201-025-1,77-40-7,REACH_SVHC_253_父子级_CAS全覆盖筛查版 (1).xlsx,Excel single substance,Local CAS/EC + PubChem Synonyms,CAS/EC verified,
216,0,single,216,戊二醛,Glutaral,,203-856-5,111-30-8,REACH_SVHC_253_父子级_CAS全覆盖筛查版 (1).xlsx,Excel single substance,Local CAS/EC + PubChem Synonyms,CAS/EC verified,
217,0,parent,217,中链氯化石蜡（MCCP）,"Alkanes, C14-17, chloro",C14-17氯代烷烃,,,REACH_SVHC_253_父子级_CAS全覆盖筛查版 (1).xlsx,Excel parent group,ECHA Candidate List identity + CAS; 中文名优先按 MEE/GB/T 23955-2009 对照,CAS verified; EC not found; 中文名已按身份对照,
218,0,parent,218,原硼酸钠盐,"Orthoboric acid, sodium salt",原硼酸钠盐,,,REACH_SVHC_253_父子级_CAS全覆盖筛查版 (1).xlsx,Excel parent group,Excel sequence grouping,Parent group,
219,0,parent,219,苯酚烷基化产物（主要为支链十二烷基苯酚，PDDP）,"Phenol, dodecyl-, branched",支链十二烷基苯酚,,,REACH_SVHC_253_父子级_CAS全覆盖筛查版 (1).xlsx,Excel parent group,ECHA Candidate List identity + CAS; 中文名优先按 MEE/GB/T 23955-2009 对照,CAS verified; EC not found; 中文名已按身份对照,
220,0,parent,220,4-甲基亚苄基樟脑（4-MBC）,4-Methylbenzylidene camphor,4-甲基亚苄基樟脑（4-MBC）,,,REACH_SVHC_253_父子级_CAS全覆盖筛查版 (1).xlsx,Excel parent group,ECHA Candidate List identity + CAS; 中文名优先按 MEE/GB/T 23955-2009 对照,CAS verified; EC not found; 中文名已按身份对照,
221,0,single,221,"2,2'-亚甲基双(4-甲基-6-叔丁基苯酚)（DBMC）","2,2'-Methylenebis(4-methyl-6-tert-butylphenol) (DBMC)",,204-327-1,119-47-1,REACH_SVHC_253_父子级_CAS全覆盖筛查版 (1).xlsx,Excel single substance,Local CAS/EC + PubChem Synonyms,CAS/EC verified,
222,0,single,222,三环癸烯基烷基二硫代磷酸酯组合物,"S-(tricyclo[5.2.1.0²,⁶]deca-3-en-8(or 9)-yl) O-(isopropyl or isobutyl or 2-ethylhexyl) O-(isopropyl or isobutyl or 2-ethylhexyl) phosphorodithioate",,401-850-9,255881-94-8,REACH_SVHC_253_父子级_CAS全覆盖筛查版 (1).xlsx,Excel single substance,Local CAS/EC + PubChem Synonyms,CAS/EC verified,
223,0,single,223,三(2-甲氧基乙氧基)乙烯基硅烷,Tris(2-methoxyethoxy)vinylsilane,,213-934-0,1067-53-4,REACH_SVHC_253_父子级_CAS全覆盖筛查版 (1).xlsx,Excel single substance,Local CAS/EC + PubChem Synonyms,CAS/EC verified,
224,0,single,224,N-羟甲基丙烯酰胺,N-Methylolacrylamide,,213-103-2,924-42-5,REACH_SVHC_253_父子级_CAS全覆盖筛查版 (1).xlsx,Excel single substance,Local CAS/EC + PubChem Synonyms,CAS/EC verified,
225,0,single,225,"1,1'-[乙烷-1,2-二基双(氧)]双[2,4,6-三溴苯]","1,1'-[Ethane-1,2-diylbis(oxy)]bis[2,4,6-tribromobenzene]",,253-692-3,37853-59-1,REACH_SVHC_253_父子级_CAS全覆盖筛查版 (1).xlsx,Excel single substance,Local CAS/EC + PubChem Synonyms,CAS/EC verified,
226,0,single,226,四溴双酚A（TBBPA）,"2,2',6,6'-Tetrabromo-4,4'-isopropylidenediphenol (Tetrabromobisphenol A)",,201-236-9,79-94-7,REACH_SVHC_253_父子级_CAS全覆盖筛查版 (1).xlsx,Excel single substance,Local CAS/EC + PubChem Synonyms,CAS/EC verified,
227,0,single,227,双酚S,"4,4'-Sulfonyldiphenol (Bisphenol S)",,201-250-5,80-09-1,REACH_SVHC_253_父子级_CAS全覆盖筛查版 (1).xlsx,Excel single substance,Local CAS/EC + PubChem Synonyms,CAS/EC verified,
228,0,single,228,四氧二硼酸钡,Barium diboron tetraoxide,,237-222-4,13701-59-2,REACH_SVHC_253_父子级_CAS全覆盖筛查版 (1).xlsx,Excel single substance,Local CAS/EC + PubChem Synonyms,CAS/EC verified,
229,0,parent,229,四溴邻苯二甲酸双(2-乙基己基)酯,Bis(2-ethylhexyl) tetrabromophthalate,四溴邻苯二甲酸双(2-乙基己基)酯,,,REACH_SVHC_253_父子级_CAS全覆盖筛查版 (1).xlsx,Excel parent group,Excel sequence grouping,Parent group,
230,0,single,230,对羟基苯甲酸异丁酯,Isobutyl 4-hydroxybenzoate,,224-208-8,4247-02-3,REACH_SVHC_253_父子级_CAS全覆盖筛查版 (1).xlsx,Excel single substance,Local CAS/EC + PubChem Synonyms,CAS/EC verified,
231,0,single,231,三聚氰胺,Melamine,,203-615-4,108-78-1,REACH_SVHC_253_父子级_CAS全覆盖筛查版 (1).xlsx,Excel single substance,Local CAS/EC + PubChem Synonyms,CAS/EC verified,
232,0,parent,232,全氟庚酸,Perfluoroheptanoic acid,全氟庚酸,,,REACH_SVHC_253_父子级_CAS全覆盖筛查版 (1).xlsx,Excel parent group,Excel sequence grouping,Parent group,
233,0,parent,233,全氟-N-异丙基吗啉,"2,2,3,3,5,5,6,6-octafluoro-4-(1,1,1,2,3,3,3-heptafluoropropan-2-yl)morpholine",全氟-N-异丙基吗啉,,,REACH_SVHC_253_父子级_CAS全覆盖筛查版 (1).xlsx,Excel parent group,Excel sequence grouping,Parent group,
234,0,single,234,"二苯基(2,4,6-三甲基苯甲酰基)氧化膦（TPO）","Diphenyl(2,4,6-trimethylbenzoyl)phosphine oxide",,278-355-8,75980-60-8,REACH_SVHC_253_父子级_CAS全覆盖筛查版 (1).xlsx,Excel single substance,Local CAS/EC + PubChem Synonyms,CAS/EC verified,
235,0,single,235,双(4-氯苯基)砜,Bis(4-chlorophenyl) sulphone,,201-247-9,80-07-9,REACH_SVHC_253_父子级_CAS全覆盖筛查版 (1).xlsx,Excel single substance,Local CAS/EC + PubChem Synonyms,CAS/EC verified,
236,0,single,236,"2,4,6-三叔丁基苯酚","2,4,6-Tri-tert-butylphenol",,211-989-5,732-26-3,REACH_SVHC_253_父子级_CAS全覆盖筛查版 (1).xlsx,Excel single substance,Local CAS/EC + PubChem Synonyms,CAS/EC verified,
237,0,single,237,"2-(2H-苯并三唑-2-基)-4-(1,1,3,3-四甲基丁基)苯酚","2-(2H-Benzotriazol-2-yl)-4-(1,1,3,3-tetramethylbutyl)phenol",,221-573-5,3147-75-9,REACH_SVHC_253_父子级_CAS全覆盖筛查版 (1).xlsx,Excel single substance,Local CAS/EC + PubChem Synonyms,CAS/EC verified,
238,0,single,238,2-(二甲氨基)-2-[(4-甲基苯基)甲基]-1-[4-(吗啉-4-基)苯基]丁-1-酮,2-(Dimethylamino)-2-[(4-methylphenyl)methyl]-1-[4-(morpholin-4-yl)phenyl]butan-1-one,,438-340-0,119344-86-4,REACH_SVHC_253_父子级_CAS全覆盖筛查版 (1).xlsx,Excel single substance,Local CAS/EC + PubChem Synonyms,CAS/EC verified,
239,0,single,239,布美三唑（Bumetrizole）,Bumetrizole,,223-445-4,3896-11-5,REACH_SVHC_253_父子级_CAS全覆盖筛查版 (1).xlsx,Excel single substance,Local CAS/EC + PubChem Synonyms,CAS/EC verified,
240,0,parent,240,甲基苯乙烯化苯酚（OAPP历史标识物）,"Phenol, methylstyrenated (historical identifier for OAPP)",甲基苯乙烯化苯酚（OAPP历史标识物）,,,REACH_SVHC_253_父子级_CAS全覆盖筛查版 (1).xlsx,Excel parent group,Excel sequence grouping,Parent group,
241,0,single,241,"双(α,α-二甲基苄基)过氧化物","Bis(α,α-dimethylbenzyl) peroxide",,201-279-3,80-43-3,REACH_SVHC_253_父子级_CAS全覆盖筛查版 (1).xlsx,Excel single substance,Local CAS/EC + PubChem Synonyms,CAS/EC verified,
242,0,single,242,磷酸三苯酯,Triphenyl phosphate,,204-112-2,115-86-6,REACH_SVHC_253_父子级_CAS全覆盖筛查版 (1).xlsx,Excel single substance,Local CAS/EC + PubChem Synonyms,CAS/EC verified,
243,0,single,243,"6-[(C10-C13)支链不饱和烷基-2,5-二氧代吡咯烷-1-基]己酸","6-[(C10-C13)-alkyl-(branched, unsaturated)-2,5-dioxopyrrolidin-1-yl]hexanoic acid",,701-118-1,2156592-54-8,REACH_SVHC_253_父子级_CAS全覆盖筛查版 (1).xlsx,Excel single substance,Local CAS/EC + PubChem Synonyms,CAS/EC verified,
244,0,single,244,"O,O,O-三苯基硫代磷酸酯","O,O,O-Triphenyl phosphorothioate",,209-909-9,597-82-0,REACH_SVHC_253_父子级_CAS全覆盖筛查版 (1).xlsx,Excel single substance,Local CAS/EC + PubChem Synonyms,CAS/EC verified,
245,0,single,245,八甲基三硅氧烷,Octamethyltrisiloxane,,203-497-4,107-51-7,REACH_SVHC_253_父子级_CAS全覆盖筛查版 (1).xlsx,Excel single substance,Local CAS/EC + PubChem Synonyms,CAS/EC verified,
246,0,single,246,全氟三丁胺,Perfluamine,,206-420-2,338-83-0,REACH_SVHC_253_父子级_CAS全覆盖筛查版 (1).xlsx,Excel single substance,Local CAS/EC + PubChem Synonyms,CAS/EC verified,
247,0,single,247,三苯基硫代磷酸酯与叔丁基化苯基衍生物的反应质量,Reaction mass of triphenylthiophosphate and tertiary butylated phenyl derivatives,,421-820-9,192268-65-8,REACH_SVHC_253_父子级_CAS全覆盖筛查版 (1).xlsx,Excel single substance,Local CAS/EC + PubChem Synonyms,CAS/EC verified,
248,0,single,248,"1,1,1,3,5,5,5-七甲基-3-[(三甲基硅基)氧基]三硅氧烷","1,1,1,3,5,5,5-Heptamethyl-3-[(trimethylsilyl)oxy]trisiloxane",,241-867-7,17928-28-8,REACH_SVHC_253_父子级_CAS全覆盖筛查版 (1).xlsx,Excel single substance,Local CAS/EC + PubChem Synonyms,CAS/EC verified,
249,0,single,249,十甲基四硅氧烷,Decamethyltetrasiloxane,,205-491-7,141-62-8,REACH_SVHC_253_父子级_CAS全覆盖筛查版 (1).xlsx,Excel single substance,Local CAS/EC + PubChem Synonyms,CAS/EC verified,
250,0,single,251,十溴二苯乙烷（DBDPE）,"1,1'-(Ethane-1,2-diyl)bis[pentabromobenzene] (DBDPE)",,284-366-9,84852-53-9,REACH_SVHC_253_父子级_CAS全覆盖筛查版 (1).xlsx,Excel single substance,Local CAS/EC + PubChem Synonyms,CAS/EC verified,
251,0,single,252,正己烷,n-Hexane,,203-777-6,110-54-3,REACH_SVHC_253_父子级_CAS全覆盖筛查版 (1).xlsx,Excel single substance,Local CAS/EC + PubChem Synonyms,CAS/EC verified,
252,0,parent,253,苯、氯气和二硫化碳与双酚AF的反应产物,Bisphenol AF (BPAF),双酚AF（BPAF）,,,REACH_SVHC_253_父子级_CAS全覆盖筛查版 (1).xlsx,Excel parent group,ECHA Candidate List identity + CAS; 中文名优先按 MEE/GB/T 23955-2009 对照,CAS verified; EC not found; 中文名已按身份对照,
100001,7,child,7,重铬酸钠二水合物,Sodium dichromate,重铬酸钠,234-190-3,7789-12-0,REACH_SVHC_253_父子级_CAS全覆盖筛查版 (1).xlsx,Excel child substance,ECHA official identity; 中文名优先按 MEE/GB/T 23955-2009 对照,CAS/EC verified; 中文名按 ECHA CAS-specific identity 对照,
100002,7,child,7,重铬酸钠,Sodium dichromate,重铬酸钠,234-190-3,10588-01-9,REACH_SVHC_253_父子级_CAS全覆盖筛查版 (1).xlsx,Excel child substance,ECHA official identity; 中文名优先按 MEE/GB/T 23955-2009 对照,CAS/EC verified; 中文名按 ECHA CAS-specific identity 对照,
100003,10,child,10,六溴环十二烷（HBCDD）,Hexabromocyclododecane (HBCDD),六溴环十二烷（HBCDD）,247-148-4,25637-99-4,REACH_SVHC_253_父子级_CAS全覆盖筛查版 (1).xlsx,Excel child substance,Local CAS/EC + PubChem Synonyms,CAS/EC verified,
100004,10,child,10,"1,2,5,6,9,10-六溴环十二烷","1,2,5,6,9,10-Hexabromocyclododecane",六溴环十二烷（HBCDD）,221-695-9,3194-55-6,REACH_SVHC_253_父子级_CAS全覆盖筛查版 (1).xlsx,Excel child substance,Local CAS/EC + PubChem Synonyms,CAS/EC verified,
100005,10,child,10,α-六溴环十二烷（α-HBCDD）,α-HBCDD,六溴环十二烷（HBCDD）,603-801-9,134237-50-6,REACH_SVHC_253_父子级_CAS全覆盖筛查版 (1).xlsx,Excel child substance,Local CAS/EC + PubChem Synonyms,CAS/EC verified,
100006,10,child,10,β-六溴环十二烷（β-HBCDD）,β-HBCDD,六溴环十二烷（HBCDD）,603-802-4,134237-51-7,REACH_SVHC_253_父子级_CAS全覆盖筛查版 (1).xlsx,Excel child substance,Local CAS/EC + PubChem Synonyms,CAS/EC verified,
100007,10,child,10,γ-六溴环十二烷（γ-HBCDD）,γ-HBCDD,六溴环十二烷（HBCDD）,603-804-5,134237-52-8,REACH_SVHC_253_父子级_CAS全覆盖筛查版 (1).xlsx,Excel child substance,Local CAS/EC + PubChem Synonyms,CAS/EC verified,
100008,30,child,30,硼酸,Boric acid,硼酸,233-139-2,10043-35-3,REACH_SVHC_253_父子级_CAS全覆盖筛查版 (1).xlsx,Excel child substance,Local CAS/EC + PubChem Synonyms,CAS/EC verified,
100009,30,child,30,硼酸（天然粗品形态）,Boric acid / crude natural form,硼酸,234-343-4,11113-50-1,REACH_SVHC_253_父子级_CAS全覆盖筛查版 (1).xlsx,Excel child substance,Local CAS/EC + PubChem Synonyms,CAS/EC verified,
100010,31,child,31,无水四硼酸二钠,"Disodium tetraborate, anhydrous",无水四硼酸二钠,215-540-4,1330-43-4,REACH_SVHC_253_父子级_CAS全覆盖筛查版 (1).xlsx,Excel child substance,Local CAS/EC + PubChem Synonyms,CAS/EC verified,
100011,31,child,31,四硼酸二钠十水合物（硼砂）,Disodium tetraborate decahydrate,无水四硼酸二钠,215-540-4,1303-96-4,REACH_SVHC_253_父子级_CAS全覆盖筛查版 (1).xlsx,Excel child substance,Local CAS/EC + PubChem Synonyms,CAS/EC verified,
100012,31,child,31,四硼酸二钠五水合物,Disodium tetraborate pentahydrate,无水四硼酸二钠,215-540-4,12179-04-3,REACH_SVHC_253_父子级_CAS全覆盖筛查版 (1).xlsx,Excel child substance,Local CAS/EC + PubChem Synonyms,CAS/EC verified,
100013,44,child,44,铬酸,Chromic acid,铬酸,231-801-5,7738-94-5,REACH_SVHC_253_父子级_CAS全覆盖筛查版 (1).xlsx,Excel child substance,Local CAS/EC + PubChem Synonyms,CAS/EC verified,
100014,44,child,44,重铬酸,Dichromic acid,铬酸,236-881-5,13530-68-2,REACH_SVHC_253_父子级_CAS全覆盖筛查版 (1).xlsx,Excel child substance,Local CAS/EC + PubChem Synonyms,CAS/EC verified,
100015,48,child,48,无水肼,"Hydrazine, anhydrous",无水肼,206-114-9,302-01-2,REACH_SVHC_253_父子级_CAS全覆盖筛查版 (1).xlsx,Excel child substance,Local CAS/EC + PubChem Synonyms,CAS/EC verified,
100016,48,child,48,水合肼,Hydrazine hydrate,无水肼,206-114-9,7803-57-8,REACH_SVHC_253_父子级_CAS全覆盖筛查版 (1).xlsx,Excel child substance,Local CAS/EC + PubChem Synonyms,CAS/EC verified,
100017,67,child,67,耐火材料纤维，铝硅酸盐,"Refractories, fibers, aluminosilicate",耐火材料纤维，铝硅酸盐,604-314-4,142844-00-6,REACH_SVHC_253_父子级_CAS全覆盖筛查版 (1).xlsx,Excel child substance,Local CAS/EC + PubChem Synonyms,CAS/EC verified,
100018,68,child,68,耐火材料纤维，铝硅酸盐,"Refractories, fibers, aluminosilicate",耐火材料纤维，铝硅酸盐,604-314-4,142844-00-6,REACH_SVHC_253_父子级_CAS全覆盖筛查版 (1).xlsx,Excel child substance,Local CAS/EC + PubChem Synonyms,CAS/EC verified,
100019,91,child,91,"环己烷-1,2-二羧酸酐","Cyclohexane-1,2-dicarboxylic anhydride","环己烷-1,2-二羧酸酐",201-604-9,85-42-7,REACH_SVHC_253_父子级_CAS全覆盖筛查版 (1).xlsx,Excel child substance,Local CAS/EC + PubChem Synonyms,CAS/EC verified,
100020,91,child,91,"顺式环己烷-1,2-二羧酸酐","cis-Cyclohexane-1,2-dicarboxylic anhydride","环己烷-1,2-二羧酸酐",236-086-3,13149-00-3,REACH_SVHC_253_父子级_CAS全覆盖筛查版 (1).xlsx,Excel child substance,Local CAS/EC + PubChem Synonyms,CAS/EC verified,
100021,91,child,91,"反式环己烷-1,2-二羧酸酐","trans-Cyclohexane-1,2-dicarboxylic anhydride","环己烷-1,2-二羧酸酐",238-009-9,14166-21-3,REACH_SVHC_253_父子级_CAS全覆盖筛查版 (1).xlsx,Excel child substance,Local CAS/EC + PubChem Synonyms,CAS/EC verified,
100022,92,child,92,甲基六氢邻苯二甲酸酐（异构体混合物）,Hexahydro-4-methylphthalic anhydride,六氢-4-甲基邻苯二甲酸酐,247-094-1,25550-51-0,REACH_SVHC_253_父子级_CAS全覆盖筛查版 (1).xlsx,Excel child substance,ECHA official identity; 中文名优先按 MEE/GB/T 23955-2009 对照,CAS/EC verified; 中文名按 ECHA CAS-specific identity 对照,
100023,92,child,92,六氢-4-甲基邻苯二甲酸酐,Hexahydro-4-methylphthalic anhydride isomer,六氢-4-甲基邻苯二甲酸酐,243-072-0,19438-60-9,REACH_SVHC_253_父子级_CAS全覆盖筛查版 (1).xlsx,Excel child substance,ECHA official identity; 中文名优先按 MEE/GB/T 23955-2009 对照,CAS/EC verified; 中文名按 ECHA CAS-specific identity 对照,
100024,92,child,92,六氢-1-甲基邻苯二甲酸酐,Hexahydro-4-methylphthalic anhydride isomer,六氢-4-甲基邻苯二甲酸酐,256-356-4,48122-14-1,REACH_SVHC_253_父子级_CAS全覆盖筛查版 (1).xlsx,Excel child substance,ECHA official identity; 中文名优先按 MEE/GB/T 23955-2009 对照,CAS/EC verified; 中文名按 ECHA CAS-specific identity 对照,
100025,92,child,92,六氢-3-甲基邻苯二甲酸酐,Hexahydro-4-methylphthalic anhydride isomer,六氢-4-甲基邻苯二甲酸酐,260-566-1,57110-29-9,REACH_SVHC_253_父子级_CAS全覆盖筛查版 (1).xlsx,Excel child substance,ECHA official identity; 中文名优先按 MEE/GB/T 23955-2009 对照,CAS/EC verified; 中文名按 ECHA CAS-specific identity 对照,
100026,93,child,93,4-壬基苯酚（支链）,"Phenol, 4-nonyl-, branched",4-壬基苯酚（支链）,284-325-5,84852-15-3,REACH_SVHC_253_父子级_CAS全覆盖筛查版 (1).xlsx,Excel child substance,Local CAS/EC + PubChem Synonyms,CAS/EC verified,
100027,93,child,93,对-(1-甲基辛基)苯酚,p-(1-methyloctyl)phenol,4-壬基苯酚（支链）,241-427-4,17404-66-9,REACH_SVHC_253_父子级_CAS全覆盖筛查版 (1).xlsx,Excel child substance,Local CAS/EC + PubChem Synonyms,CAS/EC verified,
100028,93,child,93,4-(1-乙基-1-甲基己基)苯酚,4-(1-ethyl-1-methylhexyl)phenol,4-壬基苯酚（支链）,257-907-1,52427-13-1,REACH_SVHC_253_父子级_CAS全覆盖筛查版 (1).xlsx,Excel child substance,ECHA Candidate List identity + CAS; 中文名按 GB/T 23955-2009 对照,CAS/EC verified; 中文名已按身份对照,
100029,93,child,93,"4-(1-乙基-1,4-二甲基戊基)苯酚","4-(1-Ethyl-1,4-dimethylpentyl)phenol",4-壬基苯酚（支链）,635-391-2,142731-63-3,REACH_SVHC_253_父子级_CAS全覆盖筛查版 (1).xlsx,Excel child substance,ECHA Candidate List identity + CAS; 中文名按 GB/T 23955-2009 对照,CAS/EC verified; 中文名已按身份对照,
100030,93,child,93,对异壬基苯酚,p-isononylphenol,4-壬基苯酚（支链）,247-770-6,26543-97-5,REACH_SVHC_253_父子级_CAS全覆盖筛查版 (1).xlsx,Excel child substance,ECHA Candidate List identity + CAS; 中文名按 GB/T 23955-2009 对照,CAS/EC verified; 中文名已按身份对照,
100031,93,child,93,"对-(1,1-二甲基庚基)苯酚","p-(1,1-dimethylheptyl)phenol",4-壬基苯酚（支链）,250-339-5,30784-30-6,REACH_SVHC_253_父子级_CAS全覆盖筛查版 (1).xlsx,Excel child substance,ECHA Candidate List identity + CAS; 中文名按 GB/T 23955-2009 对照,CAS/EC verified; 中文名已按身份对照,
100032,93,child,93,对壬基苯酚,p-nonylphenol,4-壬基苯酚（支链）,203-199-4,104-40-5,REACH_SVHC_253_父子级_CAS全覆盖筛查版 (1).xlsx,Excel child substance,Local CAS/EC + PubChem Synonyms,CAS/EC verified,
100033,93,child,93,"4-(1-乙基-1,3-二甲基戊基)苯酚","4-(1-Ethyl-1,3-dimethylpentyl)phenol",4-壬基苯酚（支链）,635-389-1,186825-36-5,REACH_SVHC_253_父子级_CAS全覆盖筛查版 (1).xlsx,Excel child substance,ECHA Candidate List identity + CAS; 中文名按 GB/T 23955-2009 对照,CAS/EC verified; 中文名已按身份对照,
100034,93,child,93,异壬基苯酚,Isononylphenol,4-壬基苯酚（支链）,234-284-4,11066-49-2,REACH_SVHC_253_父子级_CAS全覆盖筛查版 (1).xlsx,Excel child substance,Local CAS/EC + PubChem Synonyms,CAS/EC verified,
100035,93,child,93,4-(3-乙基庚-2-基)苯酚,4-(3-ethylheptan-2-yl)phenol,4-壬基苯酚（支链）,635-696-0,186825-39-8,REACH_SVHC_253_父子级_CAS全覆盖筛查版 (1).xlsx,Excel child substance,ECHA Candidate List identity + CAS; 中文名按 GB/T 23955-2009 对照,CAS/EC verified; 中文名已按身份对照,
100036,93,child,93,壬基苯酚,Nonylphenol,4-壬基苯酚（支链）,246-672-0,25154-52-3,REACH_SVHC_253_父子级_CAS全覆盖筛查版 (1).xlsx,Excel child substance,Local CAS/EC + PubChem Synonyms,CAS/EC verified,
100037,93,child,93,壬基苯酚（支链）,"Phenol, nonyl-, branched",4-壬基苯酚（支链）,291-844-0,90481-04-2,REACH_SVHC_253_父子级_CAS全覆盖筛查版 (1).xlsx,Excel child substance,Local CAS/EC + PubChem Synonyms,CAS/EC verified,
100038,93,child,93,"4-(1,1,5-三甲基己基)苯酚","4-(1,1,5-Trimethylhexyl)phenol",4-壬基苯酚（支链）,635-388-6,521947-27-3,REACH_SVHC_253_父子级_CAS全覆盖筛查版 (1).xlsx,Excel child substance,ECHA Candidate List identity + CAS; 中文名按 GB/T 23955-2009 对照,CAS/EC verified; 中文名已按身份对照,
100039,94,child,94,"2-[2-[4-(1,1,3,3-四甲基丁基)苯氧基]乙氧基]乙醇",4-tert-Octylphenol monoethoxylate,4-叔辛基苯酚单乙氧基化物,621-341-7,2315-61-9,REACH_SVHC_253_父子级_CAS全覆盖筛查版 (1).xlsx,Excel child substance,ECHA official identity; 中文名优先按 MEE/GB/T 23955-2009 对照,CAS/EC verified; 中文名按 ECHA CAS-specific identity 对照,
100040,94,child,94,"2-[4-(1,1,3,3-四甲基丁基)苯氧基]乙醇",4-tert-Octylphenol ethoxylate homolog,4-叔辛基苯酚单乙氧基化物,621-345-9,2315-67-5,REACH_SVHC_253_父子级_CAS全覆盖筛查版 (1).xlsx,Excel child substance,ECHA official identity; 中文名优先按 MEE/GB/T 23955-2009 对照,CAS/EC verified; 中文名按 ECHA CAS-specific identity 对照,
100041,94,child,94,"20-[4-(1,1,3,3-四甲基丁基)苯氧基]-3,6,9,12,15,18-六氧杂二十烷-1-醇",4-tert-Octylphenol ethoxylate homolog,4-叔辛基苯酚单乙氧基化物,219-682-8,2497-59-8,REACH_SVHC_253_父子级_CAS全覆盖筛查版 (1).xlsx,Excel child substance,ECHA official identity; 中文名优先按 MEE/GB/T 23955-2009 对照,CAS/EC verified; 中文名按 ECHA CAS-specific identity 对照,
100042,94,child,94,聚氧乙烯(4-叔辛基苯基)醚,"Poly(oxy-1,2-ethanediyl), α-(1,1,3,3-tetramethylbutyl)phenyl-ω-hydroxy-",4-叔辛基苯酚单乙氧基化物,618-344-0,9002-93-1,REACH_SVHC_253_父子级_CAS全覆盖筛查版 (1).xlsx,Excel child substance,Local CAS/EC + PubChem Synonyms,CAS/EC verified,
100043,94,child,94,辛基苯酚乙氧基化物,Octylphenol ethoxylate,4-叔辛基苯酚单乙氧基化物,618-541-1,9036-19-5,REACH_SVHC_253_父子级_CAS全覆盖筛查版 (1).xlsx,Excel child substance,Local CAS/EC + PubChem Synonyms,CAS/EC verified,
100044,144,child,144,"2-{2-[4-(3,6-二甲基庚-3-基)苯氧基]乙氧基}乙醇","2-{2-[4-(3,6-dimethylheptan-3-yl)phenoxy]ethoxy}ethanol",4-壬基苯酚（支链和直链）乙氧基化物（细分物质）,687-833-9,1119449-38-5,REACH_SVHC_253_父子级_CAS全覆盖筛查版 (1).xlsx,Excel child substance,ECHA Candidate List identity + CAS; 中文名按 GB/T 23955-2009 对照,CAS/EC verified; 中文名已按身份对照,
100045,144,child,144,"26-(4-壬基苯氧基)-3,6,9,12,15,18,21,24-八氧杂二十六烷-1-醇","26-(4-Nonylphenoxy)-3,6,9,12,15,18,21,24-octaoxahexacosan-1-ol",4-壬基苯酚（支链和直链）乙氧基化物（细分物质）,604-395-6,14409-72-4,REACH_SVHC_253_父子级_CAS全覆盖筛查版 (1).xlsx,Excel child substance,ECHA official identity; 中文名优先按 MEE/GB/T 23955-2009 对照,CAS/EC verified; 中文名按 ECHA CAS-specific identity 对照,
100046,144,child,144,2-(壬基苯氧基)乙醇,2-(nonylphenoxy)ethanol,4-壬基苯酚（支链和直链）乙氧基化物（细分物质）,248-762-5,27986-36-3,REACH_SVHC_253_父子级_CAS全覆盖筛查版 (1).xlsx,Excel child substance,ECHA official identity; 中文名优先按 MEE/GB/T 23955-2009 对照,CAS/EC verified; 中文名按 ECHA CAS-specific identity 对照,
100047,144,child,144,"20-(4-壬基苯氧基)-3,6,9,12,15,18-六氧杂二十烷-1-醇","20-(4-nonylphenoxy)-3,6,9,12,15,18-hexaoxaicosan-1-ol",4-壬基苯酚（支链和直链）乙氧基化物（细分物质）,248-743-1,27942-27-4,REACH_SVHC_253_父子级_CAS全覆盖筛查版 (1).xlsx,Excel child substance,ECHA official identity; 中文名优先按 MEE/GB/T 23955-2009 对照,CAS/EC verified; 中文名按 ECHA CAS-specific identity 对照,
100048,144,child,144,2-[2-(壬基苯氧基)乙氧基]乙醇,2-[2-(nonylphenoxy)ethoxy]ethanol,4-壬基苯酚（支链和直链）乙氧基化物（细分物质）,248-291-5,27176-93-8,REACH_SVHC_253_父子级_CAS全覆盖筛查版 (1).xlsx,Excel child substance,ECHA official identity; 中文名优先按 MEE/GB/T 23955-2009 对照,CAS/EC verified; 中文名按 ECHA CAS-specific identity 对照,
100049,144,child,144,2-[2-(4-壬基苯氧基)乙氧基]乙醇,2-[2-(4-nonylphenoxy)ethoxy]ethanol,4-壬基苯酚（支链和直链）乙氧基化物（细分物质）,243-816-4,20427-84-3,REACH_SVHC_253_父子级_CAS全覆盖筛查版 (1).xlsx,Excel child substance,ECHA official identity; 中文名优先按 MEE/GB/T 23955-2009 对照,CAS/EC verified; 中文名按 ECHA CAS-specific identity 对照,
100050,144,child,144,2-[2-[2-[2-(4-壬基苯氧基)乙氧基]乙氧基]乙氧基]乙醇,2-[2-[2-[2-(4-nonylphenoxy)ethoxy]ethoxy]ethoxy]ethanol,4-壬基苯酚（支链和直链）乙氧基化物（细分物质）,230-770-5,7311-27-5,REACH_SVHC_253_父子级_CAS全覆盖筛查版 (1).xlsx,Excel child substance,ECHA official identity; 中文名优先按 MEE/GB/T 23955-2009 对照,CAS/EC verified; 中文名按 ECHA CAS-specific identity 对照,
100051,144,child,144,4-支链壬基苯酚乙氧基化物（1-2.5 mol EO）,"4-Nonylphenol, branched, ethoxylated 1-2.5 mol",4-壬基苯酚（支链和直链）乙氧基化物（细分物质）,500-315-8,127087-87-0,REACH_SVHC_253_父子级_CAS全覆盖筛查版 (1).xlsx,Excel child substance,Local CAS/EC + PubChem Synonyms,CAS/EC verified,
100052,144,child,144,支链壬基苯酚乙氧基化物（1-2.5 mol EO）,"Nonylphenol, branched, ethoxylated 1-2.5 mol",4-壬基苯酚（支链和直链）乙氧基化物（细分物质）,500-209-1,68412-54-4,REACH_SVHC_253_父子级_CAS全覆盖筛查版 (1).xlsx,Excel child substance,Local CAS/EC + PubChem Synonyms,CAS/EC verified,
100053,144,child,144,4-壬基苯酚乙氧基化物（1-2.5 mol EO）,"4-Nonylphenol, ethoxylated 1-2.5 mol",4-壬基苯酚（支链和直链）乙氧基化物（细分物质）,500-045-0,26027-38-3,REACH_SVHC_253_父子级_CAS全覆盖筛查版 (1).xlsx,Excel child substance,Local CAS/EC + PubChem Synonyms,CAS/EC verified,
100054,144,child,144,壬基苯酚乙氧基化物,"Nonylphenol, ethoxylated",4-壬基苯酚（支链和直链）乙氧基化物（细分物质）,500-024-6,9016-45-9,REACH_SVHC_253_父子级_CAS全覆盖筛查版 (1).xlsx,Excel child substance,Local CAS/EC + PubChem Synonyms,CAS/EC verified,
100055,144,child,144,"14-(壬基苯氧基)-3,6,9,12-四氧杂十四烷-1-醇","14-(nonylphenoxy)-3,6,9,12-tetraoxatetradecan-1-ol",4-壬基苯酚（支链和直链）乙氧基化物（细分物质）,247-555-7,26264-02-8,REACH_SVHC_253_父子级_CAS全覆盖筛查版 (1).xlsx,Excel child substance,ECHA official identity; 中文名优先按 MEE/GB/T 23955-2009 对照,CAS/EC verified; 中文名按 ECHA CAS-specific identity 对照,
100056,144,child,144,"23-(壬基苯氧基)-3,6,9,12,15,18,21-七氧杂二十三烷-1-醇","23-(nonylphenoxy)-3,6,9,12,15,18,21-heptaoxatricosan-1-ol",4-壬基苯酚（支链和直链）乙氧基化物（细分物质）,248-293-6,27177-05-5,REACH_SVHC_253_父子级_CAS全覆盖筛查版 (1).xlsx,Excel child substance,ECHA official identity; 中文名优先按 MEE/GB/T 23955-2009 对照,CAS/EC verified; 中文名按 ECHA CAS-specific identity 对照,
100057,144,child,144,2-(4-壬基苯氧基)乙醇,2-(4-nonylphenoxy)ethanol,4-壬基苯酚（支链和直链）乙氧基化物（细分物质）,,104-35-8,REACH_SVHC_253_父子级_CAS全覆盖筛查版 (1).xlsx,Excel child substance,ECHA official identity; 中文名优先按 MEE/GB/T 23955-2009 对照,CAS verified; EC not found; 中文名按 ECHA CAS-specific identity 对照,
100058,144,child,144,异壬基苯酚乙氧基化物,"Isononylphenol, ethoxylated",4-壬基苯酚（支链和直链）乙氧基化物（细分物质）,609-346-2,37205-87-1,REACH_SVHC_253_父子级_CAS全覆盖筛查版 (1).xlsx,Excel child substance,Local CAS/EC + PubChem Synonyms,CAS/EC verified,
100059,144,child,144,"26-(壬基苯氧基)-3,6,9,12,15,18,21,24-八氧杂二十六烷-1-醇（CAS 42173-90-0）","26-(nonylphenoxy)-3,6,9,12,15,18,21,24-octaoxahexacosan-1-ol",4-壬基苯酚（支链和直链）乙氧基化物（细分物质）,255-695-5,42173-90-0,REACH_SVHC_253_父子级_CAS全覆盖筛查版 (1).xlsx,Excel child substance,ECHA official identity; 中文名优先按 MEE/GB/T 23955-2009 对照,CAS/EC verified; 中文名按 ECHA CAS-specific identity 对照,
100060,144,child,144,"29-(壬基苯氧基)-3,6,9,12,15,18,21,24,27-九氧杂二十九烷-1-醇","29-(nonylphenoxy)-3,6,9,12,15,18,21,24,27-nonaoxanonacosanol",4-壬基苯酚（支链和直链）乙氧基化物（细分物质）,248-294-1,27177-08-8,REACH_SVHC_253_父子级_CAS全覆盖筛查版 (1).xlsx,Excel child substance,ECHA official identity; 中文名优先按 MEE/GB/T 23955-2009 对照,CAS/EC verified; 中文名按 ECHA CAS-specific identity 对照,
100061,144,child,144,"20-(壬基苯氧基)-3,6,9,12,15,18-六氧杂二十烷-1-醇","20-(nonylphenoxy)-3,6,9,12,15,18-hexaoxaicosan-1-ol",4-壬基苯酚（支链和直链）乙氧基化物（细分物质）,248-292-0,27177-03-3,REACH_SVHC_253_父子级_CAS全覆盖筛查版 (1).xlsx,Excel child substance,ECHA official identity; 中文名优先按 MEE/GB/T 23955-2009 对照,CAS/EC verified; 中文名按 ECHA CAS-specific identity 对照,
100062,144,child,144,"26-(壬基苯氧基)-3,6,9,12,15,18,21,24-八氧杂二十六烷-1-醇（CAS 26571-11-9）","26-(nonylphenoxy)-3,6,9,12,15,18,21,24-octaoxahexacosan-1-ol",4-壬基苯酚（支链和直链）乙氧基化物（细分物质）,247-816-5,26571-11-9,REACH_SVHC_253_父子级_CAS全覆盖筛查版 (1).xlsx,Excel child substance,ECHA official identity; 中文名优先按 MEE/GB/T 23955-2009 对照,CAS/EC verified; 中文名按 ECHA CAS-specific identity 对照,
100063,144,child,144,2-(异壬基苯氧基)乙醇,2-(isononylphenoxy)ethanol,4-壬基苯酚（支链和直链）乙氧基化物（细分物质）,284-987-5,85005-55-6,REACH_SVHC_253_父子级_CAS全覆盖筛查版 (1).xlsx,Excel child substance,ECHA official identity; 中文名优先按 MEE/GB/T 23955-2009 对照,CAS/EC verified; 中文名按 ECHA CAS-specific identity 对照,
100064,144,child,144,"29-(异壬基苯氧基)-3,6,9,12,15,18,21,24,27-九氧杂二十九烷-1-醇","29-(isononylphenoxy)-3,6,9,12,15,18,21,24,27-nonaoxanonacosan-1-ol",4-壬基苯酚（支链和直链）乙氧基化物（细分物质）,,65455-72-3,REACH_SVHC_253_父子级_CAS全覆盖筛查版 (1).xlsx,Excel child substance,ECHA official identity; 中文名优先按 MEE/GB/T 23955-2009 对照,CAS verified; EC not found; 中文名按 ECHA CAS-specific identity 对照,
100065,144,child,144,"44-(壬基苯氧基)-3,6,9,12,15,18,21,24,27,30,33,36,39,42-十四氧杂四十四烷-1-醇","44-(nonylphenoxy)-3,6,9,12,15,18,21,24,27,30,33,36,39,42-tetradecaoxatetratetracontanol",4-壬基苯酚（支链和直链）乙氧基化物（细分物质）,260-678-0,57321-10-5,REACH_SVHC_253_父子级_CAS全覆盖筛查版 (1).xlsx,Excel child substance,ECHA official identity; 中文名优先按 MEE/GB/T 23955-2009 对照,CAS/EC verified; 中文名按 ECHA CAS-specific identity 对照,
100066,144,child,144,"20-(异壬基苯氧基)-3,6,9,12,15,18-六氧杂二十烷-1-醇","20-(isononylphenoxy)-3,6,9,12,15,18-hexaoxaicosan-1-ol",4-壬基苯酚（支链和直链）乙氧基化物（细分物质）,265-785-6,65455-69-8,REACH_SVHC_253_父子级_CAS全覆盖筛查版 (1).xlsx,Excel child substance,ECHA official identity; 中文名优先按 MEE/GB/T 23955-2009 对照,CAS/EC verified; 中文名按 ECHA CAS-specific identity 对照,
100067,144,child,144,"17-(壬基苯氧基)-3,6,9,12,15-五氧杂十七烷-1-醇","17-(nonylphenoxy)-3,6,9,12,15-pentaoxaheptadecan-1-ol",4-壬基苯酚（支链和直链）乙氧基化物（细分物质）,,27177-01-1,REACH_SVHC_253_父子级_CAS全覆盖筛查版 (1).xlsx,Excel child substance,ECHA official identity; 中文名优先按 MEE/GB/T 23955-2009 对照,CAS verified; EC not found; 中文名按 ECHA CAS-specific identity 对照,
100068,144,child,144,"14-(4-壬基苯氧基)-3,6,9,12-四氧杂十四烷-1-醇","14-(4-nonylphenoxy)-3,6,9,12-tetraoxatetradecan-1-ol",4-壬基苯酚（支链和直链）乙氧基化物（细分物质）,,20636-48-0,REACH_SVHC_253_父子级_CAS全覆盖筛查版 (1).xlsx,Excel child substance,ECHA official identity; 中文名优先按 MEE/GB/T 23955-2009 对照,CAS verified; EC not found; 中文名按 ECHA CAS-specific identity 对照,
100069,144,child,144,4-叔壬基苯酚二乙氧基化物,4-t-Nonylphenol-diethoxylate,4-壬基苯酚（支链和直链）乙氧基化物（细分物质）,,156609-10-8,REACH_SVHC_253_父子级_CAS全覆盖筛查版 (1).xlsx,Excel child substance,ECHA Candidate List identity + CAS; 中文名按 GB/T 23955-2009 对照,CAS/EC verified; 中文名已按身份对照,
100070,144,child,144,"17-(4-壬基苯氧基)-3,6,9,12,15-五氧杂十七烷-1-醇","17-(4-nonylphenoxy)-3,6,9,12,15-pentaoxaheptadecan-1-ol",4-壬基苯酚（支链和直链）乙氧基化物（细分物质）,,34166-38-6,REACH_SVHC_253_父子级_CAS全覆盖筛查版 (1).xlsx,Excel child substance,ECHA official identity; 中文名优先按 MEE/GB/T 23955-2009 对照,CAS verified; EC not found; 中文名按 ECHA CAS-specific identity 对照,
100071,144,child,144,"14-(4-壬基苯氧基)-3,6,9,12-四氧杂十四烷-1-醇（支链）","14-(4-nonylphenoxy)-3,6,9,12-tetraoxatetradecan-1-ol, branched",4-壬基苯酚（支链和直链）乙氧基化物（细分物质）,293-926-1,91648-64-5,REACH_SVHC_253_父子级_CAS全覆盖筛查版 (1).xlsx,Excel child substance,ECHA official identity; 中文名优先按 MEE/GB/T 23955-2009 对照,CAS/EC verified; 中文名按 ECHA CAS-specific identity 对照,
100072,144,child,144,"2-[4-(3,6-二甲基庚-3-基)苯氧基]乙醇","2-[4-(3,6-dimethylheptan-3-yl)phenoxy]ethanol",4-壬基苯酚（支链和直链）乙氧基化物（细分物质）,687-832-3,1119449-37-4,REACH_SVHC_253_父子级_CAS全覆盖筛查版 (1).xlsx,Excel child substance,ECHA Candidate List identity + CAS; 中文名按 GB/T 23955-2009 对照,CAS/EC verified; 中文名已按身份对照,
100073,155,child,155,过硼酸钠一水合物,Sodium perborate monohydrate,过硼酸钠一水合物,600-419-4,10332-33-9,REACH_SVHC_253_父子级_CAS全覆盖筛查版 (1).xlsx,Excel child substance,Local CAS/EC + PubChem Synonyms,CAS/EC verified,
100074,155,child,155,过硼酸（HBO₂(O₂)）钠盐四水合物,Perboric acid sodium salt tetrahydrate,过硼酸钠一水合物,600-611-8,10486-00-7,REACH_SVHC_253_父子级_CAS全覆盖筛查版 (1).xlsx,Excel child substance,ECHA official identity; 中文名优先按 MEE/GB/T 23955-2009 对照,CAS/EC verified; 中文名按 ECHA CAS-specific identity 对照,
100075,155,child,155,过硼酸，钠盐,Perboric acid sodium salt,过硼酸钠一水合物,234-390-0,11138-47-9,REACH_SVHC_253_父子级_CAS全覆盖筛查版 (1).xlsx,Excel child substance,ECHA official identity; 中文名优先按 MEE/GB/T 23955-2009 对照,CAS/EC verified; 中文名按 ECHA CAS-specific identity 对照,
100076,155,child,155,过氧硼酸钠六水合物,Borate hydrate member,过硼酸钠一水合物,,125022-34-6,REACH_SVHC_253_父子级_CAS全覆盖筛查版 (1).xlsx,Excel child substance,ECHA official identity; 中文名优先按 MEE/GB/T 23955-2009 对照,CAS verified; EC not found; 中文名按 ECHA CAS-specific identity 对照,
100077,155,child,155,过硼酸钠,Sodium perborate,过硼酸钠一水合物,239-172-9,15120-21-5,REACH_SVHC_253_父子级_CAS全覆盖筛查版 (1).xlsx,Excel child substance,ECHA official identity; 中文名优先按 MEE/GB/T 23955-2009 对照,CAS/EC verified; 中文名按 ECHA CAS-specific identity 对照,
100078,155,child,155,过硼酸一钠三水合物,Perboric acid monosodium salt trihydrate,过硼酸钠一水合物,603-902-8,13517-20-9,REACH_SVHC_253_父子级_CAS全覆盖筛查版 (1).xlsx,Excel child substance,Local CAS/EC + PubChem Synonyms,CAS/EC verified,
100079,155,child,155,双(μ-过氧基)双(四羟基硼酸)二钠,Borate sodium salt member,过硼酸钠一水合物,,90568-23-3,REACH_SVHC_253_父子级_CAS全覆盖筛查版 (1).xlsx,Excel child substance,ECHA official identity; 中文名优先按 MEE/GB/T 23955-2009 对照,CAS verified; EC not found; 中文名按 ECHA CAS-specific identity 对照,
100080,155,child,155,过硼酸，钠盐，四水合物,Sodium perborate tetrahydrate (alternate identifier),过硼酸钠一水合物,,37244-98-7,REACH_SVHC_253_父子级_CAS全覆盖筛查版 (1).xlsx,Excel child substance,ECHA official identity; 中文名优先按 MEE/GB/T 23955-2009 对照,CAS verified; EC not found; 中文名按 ECHA CAS-specific identity 对照,
100081,157,child,157,硫酸镉,Cadmium sulphate,硫酸镉,233-331-6,10124-36-4,REACH_SVHC_253_父子级_CAS全覆盖筛查版 (1).xlsx,Excel child substance,Local CAS/EC + PubChem Synonyms,CAS/EC verified,
100082,157,child,157,硫酸镉水合物,Cadmium sulphate hydrate/alternate form,硫酸镉,233-331-6,31119-53-6,REACH_SVHC_253_父子级_CAS全覆盖筛查版 (1).xlsx,Excel child substance,ECHA Candidate List identity + CAS; 中文名按 GB/T 23955-2009 对照,CAS/EC verified; 中文名已按身份对照,
100083,161,child,161,DOTE（有机锡化合物）,DOTE,DOTE（有机锡化合物）,239-622-4,15571-58-1,REACH_SVHC_253_父子级_CAS全覆盖筛查版 (1).xlsx,Excel child substance,Local CAS/EC + PubChem Synonyms,CAS/EC verified,
100084,161,child,161,"2-乙基己基 10-乙基-4-[[2-[(2-乙基己基)氧基]-2-氧代乙基]硫基]-4-辛基-7-氧代-8-氧杂-3,5-二硫杂-4-锡杂十四烷酸酯（MOTE）","2-ethylhexyl 10-ethyl-4-[[2-[(2-ethylhexyl)oxy]-2-oxoethyl]thio]-4-octyl-7-oxo-8-oxa-3,5-dithia-4-stannatetradecanoate (MOTE)",DOTE（有机锡化合物）,248-227-6,27107-89-7,REACH_SVHC_253_父子级_CAS全覆盖筛查版 (1).xlsx,Excel child substance,Local CAS/EC + PubChem Synonyms,CAS/EC verified,
100085,162,child,162,邻苯二甲酸二(C6-10)烷基酯,Di-C6-10 alkyl phthalates,邻苯二甲酸二(C6-10)烷基酯,271-094-0,68515-51-5,REACH_SVHC_253_父子级_CAS全覆盖筛查版 (1).xlsx,Excel child substance,Local CAS/EC + PubChem Synonyms,CAS/EC verified,
100086,162,child,162,邻苯二甲酸混合癸基/己基/辛基二酯,Mixed decyl/hexyl/octyl phthalate diesters,邻苯二甲酸二(C6-10)烷基酯,272-013-1,68648-93-1,REACH_SVHC_253_父子级_CAS全覆盖筛查版 (1).xlsx,Excel child substance,Local CAS/EC + PubChem Synonyms,CAS/EC verified,
100087,163,child,163,"5-仲丁基-2-(2,4-二甲基环己-3-烯-1-基)-5-甲基-1,3-二噁烷","1,3-Dioxane, 2-(2,4-dimethyl-3-cyclohexen-1-yl)-5-methyl-5-(1-methylpropyl)-","Karana相关1,3-二噁烷异构体组（细分物质）",601-499-3,117933-89-8,REACH_SVHC_253_父子级_CAS全覆盖筛查版 (1).xlsx,Excel child substance,ECHA official identity; 中文名优先按 MEE/GB/T 23955-2009 对照,CAS/EC verified; 中文名按 ECHA CAS-specific identity 对照,
100088,163,child,163,"顺式-2-[(1R,2R)-2,4-二甲基-3-环己烯-1-基]-5-甲基-5-(1-甲基丙基)-1,3-二噁烷",cis isomer,"Karana相关1,3-二噁烷异构体组（细分物质）",,676367-05-8,REACH_SVHC_253_父子级_CAS全覆盖筛查版 (1).xlsx,Excel child substance,ECHA official identity; 中文名优先按 MEE/GB/T 23955-2009 对照,CAS verified; EC not found; 中文名按 ECHA CAS-specific identity 对照,
100089,163,child,163,"顺式相对-2-[(1R,2R)-2,4-二甲基-3-环己烯-1-基]-5-甲基-5-(1-甲基丙基)-1,3-二噁烷",cis-rel isomer,"Karana相关1,3-二噁烷异构体组（细分物质）",,343934-04-3,REACH_SVHC_253_父子级_CAS全覆盖筛查版 (1).xlsx,Excel child substance,ECHA official identity; 中文名优先按 MEE/GB/T 23955-2009 对照,CAS verified; EC not found; 中文名按 ECHA CAS-specific identity 对照,
100090,163,child,163,"反式-2-[(1R,2R)-2,4-二甲基-3-环己烯-1-基]-5-甲基-5-(1-甲基丙基)-1,3-二噁烷",trans isomer,"Karana相关1,3-二噁烷异构体组（细分物质）",,676367-09-2,REACH_SVHC_253_父子级_CAS全覆盖筛查版 (1).xlsx,Excel child substance,ECHA official identity; 中文名优先按 MEE/GB/T 23955-2009 对照,CAS verified; EC not found; 中文名按 ECHA CAS-specific identity 对照,
100091,163,child,163,"反式相对-2-[(1R,2R)-2,4-二甲基-3-环己烯-1-基]-5-甲基-5-(1-甲基丙基)-1,3-二噁烷",trans-rel isomer,"Karana相关1,3-二噁烷异构体组（细分物质）",,343934-05-4,REACH_SVHC_253_父子级_CAS全覆盖筛查版 (1).xlsx,Excel child substance,ECHA official identity; 中文名优先按 MEE/GB/T 23955-2009 对照,CAS verified; EC not found; 中文名按 ECHA CAS-specific identity 对照,
100092,163,child,163,"顺式-2-[(1R,2S)-2,4-二甲基-3-环己烯-1-基]-5-甲基-5-(1-甲基丙基)-1,3-二噁烷",cis stereoisomer,"Karana相关1,3-二噁烷异构体组（细分物质）",,676367-04-7,REACH_SVHC_253_父子级_CAS全覆盖筛查版 (1).xlsx,Excel child substance,ECHA official identity; 中文名优先按 MEE/GB/T 23955-2009 对照,CAS verified; EC not found; 中文名按 ECHA CAS-specific identity 对照,
100093,163,child,163,"反式-2-[(1R,2S)-2,4-二甲基-3-环己烯-1-基]-5-甲基-5-(1-甲基丙基)-1,3-二噁烷",trans stereoisomer,"Karana相关1,3-二噁烷异构体组（细分物质）",,676367-08-1,REACH_SVHC_253_父子级_CAS全覆盖筛查版 (1).xlsx,Excel child substance,ECHA official identity; 中文名优先按 MEE/GB/T 23955-2009 对照,CAS verified; EC not found; 中文名按 ECHA CAS-specific identity 对照,
100094,163,child,163,"顺式-2-[(1S,2R)-2,4-二甲基-3-环己烯-1-基]-5-甲基-5-(1-甲基丙基)-1,3-二噁烷",cis stereoisomer,"Karana相关1,3-二噁烷异构体组（细分物质）",,676367-03-6,REACH_SVHC_253_父子级_CAS全覆盖筛查版 (1).xlsx,Excel child substance,ECHA official identity; 中文名优先按 MEE/GB/T 23955-2009 对照,CAS verified; EC not found; 中文名按 ECHA CAS-specific identity 对照,
100095,163,child,163,"反式-2-[(1S,2R)-2,4-二甲基-3-环己烯-1-基]-5-甲基-5-(1-甲基丙基)-1,3-二噁烷",trans stereoisomer,"Karana相关1,3-二噁烷异构体组（细分物质）",,676367-07-0,REACH_SVHC_253_父子级_CAS全覆盖筛查版 (1).xlsx,Excel child substance,ECHA official identity; 中文名优先按 MEE/GB/T 23955-2009 对照,CAS verified; EC not found; 中文名按 ECHA CAS-specific identity 对照,
100096,163,child,163,"顺式-2-[(1S,2S)-2,4-二甲基-3-环己烯-1-基]-5-甲基-5-(1-甲基丙基)-1,3-二噁烷",cis stereoisomer,"Karana相关1,3-二噁烷异构体组（细分物质）",,676367-02-5,REACH_SVHC_253_父子级_CAS全覆盖筛查版 (1).xlsx,Excel child substance,ECHA official identity; 中文名优先按 MEE/GB/T 23955-2009 对照,CAS verified; EC not found; 中文名按 ECHA CAS-specific identity 对照,
100097,163,child,163,"反式-2-[(1S,2S)-2,4-二甲基-3-环己烯-1-基]-5-甲基-5-(1-甲基丙基)-1,3-二噁烷",trans stereoisomer,"Karana相关1,3-二噁烷异构体组（细分物质）",,676367-06-9,REACH_SVHC_253_父子级_CAS全覆盖筛查版 (1).xlsx,Excel child substance,ECHA official identity; 中文名优先按 MEE/GB/T 23955-2009 对照,CAS verified; EC not found; 中文名按 ECHA CAS-specific identity 对照,
100098,168,child,168,全氟壬酸（PFNA）,PFNA,全氟壬酸（PFNA）,206-801-3,375-95-1,REACH_SVHC_253_父子级_CAS全覆盖筛查版 (1).xlsx,Excel child substance,Local CAS/EC + PubChem Synonyms,CAS/EC verified,
100099,168,child,168,全氟壬酸钠,Sodium PFNA,全氟壬酸（PFNA）,,21049-39-8,REACH_SVHC_253_父子级_CAS全覆盖筛查版 (1).xlsx,Excel child substance,Local CAS/EC + PubChem Synonyms,CAS verified; EC not found,
100100,168,child,168,全氟壬酸铵,Ammonium PFNA,全氟壬酸（PFNA）,222-906-7,4149-60-4,REACH_SVHC_253_父子级_CAS全覆盖筛查版 (1).xlsx,Excel child substance,Local CAS/EC + PubChem Synonyms,CAS/EC verified,
100101,171,child,171,全氟癸酸（PFDA）,PFDA,全氟癸酸（PFDA）,206-400-3,335-76-2,REACH_SVHC_253_父子级_CAS全覆盖筛查版 (1).xlsx,Excel child substance,Local CAS/EC + PubChem Synonyms,CAS/EC verified,
100102,171,child,171,全氟癸酸钠,Sodium PFDA,全氟癸酸（PFDA）,,3830-45-3,REACH_SVHC_253_父子级_CAS全覆盖筛查版 (1).xlsx,Excel child substance,Local CAS/EC + PubChem Synonyms,CAS verified; EC not found,
100103,171,child,171,全氟癸酸铵,Ammonium PFDA,全氟癸酸（PFDA）,221-470-5,3108-42-7,REACH_SVHC_253_父子级_CAS全覆盖筛查版 (1).xlsx,Excel child substance,Local CAS/EC + PubChem Synonyms,CAS/EC verified,
100104,173,child,173,4-庚基苯酚,4-heptylphenol,4-庚基苯酚,217-862-0,1987-50-4,REACH_SVHC_253_父子级_CAS全覆盖筛查版 (1).xlsx,Excel child substance,Local CAS/EC + PubChem Synonyms,CAS/EC verified,
100105,173,child,173,苯酚庚基衍生物,"Phenol, heptyl derivs.",4-庚基苯酚,276-743-1,72624-02-3,REACH_SVHC_253_父子级_CAS全覆盖筛查版 (1).xlsx,Excel child substance,Local CAS/EC + PubChem Synonyms,CAS/EC verified,
100106,173,child,173,4-(3-乙基戊烷-3-基)苯酚,4-(3-ethylpentan-3-yl)phenol,4-庚基苯酚,,37872-24-5,REACH_SVHC_253_父子级_CAS全覆盖筛查版 (1).xlsx,Excel child substance,Local CAS/EC + PubChem Synonyms,CAS verified; EC not found,
100107,173,child,173,4-(2-甲基己烷-2-基)苯酚,4-(2-methylhexan-2-yl)phenol,4-庚基苯酚,,30784-31-7,REACH_SVHC_253_父子级_CAS全覆盖筛查版 (1).xlsx,Excel child substance,Local CAS/EC + PubChem Synonyms,CAS verified; EC not found,
100108,173,child,173,"4-(3,3-二甲基戊烷-2-基)苯酚","4-(3,3-dimethylpentan-2-yl)phenol",4-庚基苯酚,,911371-06-7,REACH_SVHC_253_父子级_CAS全覆盖筛查版 (1).xlsx,Excel child substance,Local CAS/EC + PubChem Synonyms,CAS verified; EC not found,
100109,173,child,173,4-(3-甲基己烷-2-基)苯酚,4-(3-methylhexan-2-yl)phenol,4-庚基苯酚,,854904-93-1,REACH_SVHC_253_父子级_CAS全覆盖筛查版 (1).xlsx,Excel child substance,Local CAS/EC + PubChem Synonyms,CAS verified; EC not found,
100110,173,child,173,"4-(4,4-二甲基戊烷-2-基)苯酚","4-(4,4-dimethylpentan-2-yl)phenol",4-庚基苯酚,,911371-07-8,REACH_SVHC_253_父子级_CAS全覆盖筛查版 (1).xlsx,Excel child substance,Local CAS/EC + PubChem Synonyms,CAS verified; EC not found,
100111,173,child,173,4-(4-甲基己烷-2-基)苯酚,4-(4-methylhexan-2-yl)phenol,4-庚基苯酚,,71945-81-8,REACH_SVHC_253_父子级_CAS全覆盖筛查版 (1).xlsx,Excel child substance,Local CAS/EC + PubChem Synonyms,CAS verified; EC not found,
100112,173,child,173,4-(5-甲基己烷-2-基)苯酚,4-(5-methylhexan-2-yl)phenol,4-庚基苯酚,,857629-71-1,REACH_SVHC_253_父子级_CAS全覆盖筛查版 (1).xlsx,Excel child substance,Local CAS/EC + PubChem Synonyms,CAS verified; EC not found,
100113,173,child,173,"4-(2,2-二甲基戊烷-3-基)苯酚","4-(2,2-dimethylpentan-3-yl)phenol",4-庚基苯酚,,861010-65-3,REACH_SVHC_253_父子级_CAS全覆盖筛查版 (1).xlsx,Excel child substance,Local CAS/EC + PubChem Synonyms,CAS verified; EC not found,
100114,173,child,173,4-(5-甲基己烷-3-基)苯酚,4-(5-methylhexan-3-yl)phenol,4-庚基苯酚,,854904-92-0,REACH_SVHC_253_父子级_CAS全覆盖筛查版 (1).xlsx,Excel child substance,Local CAS/EC + PubChem Synonyms,CAS verified; EC not found,
100115,173,child,173,4-(庚烷-3-基)苯酚,4-(heptan-3-yl)phenol,4-庚基苯酚,,6465-74-3,REACH_SVHC_253_父子级_CAS全覆盖筛查版 (1).xlsx,Excel child substance,Local CAS/EC + PubChem Synonyms,CAS verified; EC not found,
100116,173,child,173,4-(庚烷-2-基)苯酚,4-(heptan-2-yl)phenol,4-庚基苯酚,,6863-24-7,REACH_SVHC_253_父子级_CAS全覆盖筛查版 (1).xlsx,Excel child substance,Local CAS/EC + PubChem Synonyms,CAS verified; EC not found,
100117,173,child,173,4-(庚烷-4-基)苯酚,4-(heptan-4-yl)phenol,4-庚基苯酚,,6465-71-0,REACH_SVHC_253_父子级_CAS全覆盖筛查版 (1).xlsx,Excel child substance,Local CAS/EC + PubChem Synonyms,CAS verified; EC not found,
100118,173,child,173,4-(3-乙基戊基)苯酚,4-(3-ethylpentyl)phenol,4-庚基苯酚,,911370-98-4,REACH_SVHC_253_父子级_CAS全覆盖筛查版 (1).xlsx,Excel child substance,Local CAS/EC + PubChem Synonyms,CAS verified; EC not found,
100119,173,child,173,4-(3-甲基己基)苯酚,4-(3-methylhexyl)phenol,4-庚基苯酚,,102570-52-5,REACH_SVHC_253_父子级_CAS全覆盖筛查版 (1).xlsx,Excel child substance,Local CAS/EC + PubChem Synonyms,CAS verified; EC not found,
100120,173,child,173,4-(4-甲基己基)苯酚,4-(4-methylhexyl)phenol,4-庚基苯酚,,1139800-98-8,REACH_SVHC_253_父子级_CAS全覆盖筛查版 (1).xlsx,Excel child substance,Local CAS/EC + PubChem Synonyms,CAS verified; EC not found,
100121,173,child,173,4-(5-甲基己基)苯酚,4-(5-methylhexyl)phenol,4-庚基苯酚,,100532-36-3,REACH_SVHC_253_父子级_CAS全覆盖筛查版 (1).xlsx,Excel child substance,Local CAS/EC + PubChem Synonyms,CAS verified; EC not found,
100122,173,child,173,"4-(2,4-二甲基戊烷-3-基)苯酚","4-(2,4-dimethylpentan-3-yl)phenol",4-庚基苯酚,,1824346-00-0,REACH_SVHC_253_父子级_CAS全覆盖筛查版 (1).xlsx,Excel child substance,Local CAS/EC + PubChem Synonyms,CAS verified; EC not found,
100123,173,child,173,4-叔庚基苯酚,"Phenol, 4-tert-heptyl-",4-庚基苯酚,,288864-02-8,REACH_SVHC_253_父子级_CAS全覆盖筛查版 (1).xlsx,Excel child substance,Local CAS/EC + PubChem Synonyms,CAS verified; EC not found,
100124,173,child,173,"4-(1-乙基-1,2-二甲基丙基)苯酚","Phenol, 4-(1-ethyl-1,2-dimethylpropyl)-",4-庚基苯酚,,30784-27-1,REACH_SVHC_253_父子级_CAS全覆盖筛查版 (1).xlsx,Excel child substance,Local CAS/EC + PubChem Synonyms,CAS verified; EC not found,
100125,173,child,173,"4-(2,3-二甲基戊烷-2-基)苯酚","4-(2,3-dimethylpentan-2-yl)phenol",4-庚基苯酚,854-135-2,861011-60-1,REACH_SVHC_253_父子级_CAS全覆盖筛查版 (1).xlsx,Excel child substance,Local CAS/EC + PubChem Synonyms,CAS/EC verified,
100126,173,child,173,"4-(2,4-二甲基戊烷-2-基)苯酚","4-(2,4-dimethylpentan-2-yl)phenol",4-庚基苯酚,,33104-11-9,REACH_SVHC_253_父子级_CAS全覆盖筛查版 (1).xlsx,Excel child substance,Local CAS/EC + PubChem Synonyms,CAS verified; EC not found,
100127,173,child,173,4-(3-甲基己烷-3-基)苯酚,4-(3-methylhexan-3-yl)phenol,4-庚基苯酚,854-958-7,30784-32-8,REACH_SVHC_253_父子级_CAS全覆盖筛查版 (1).xlsx,Excel child substance,Local CAS/EC + PubChem Synonyms,CAS/EC verified,
100128,173,child,173,"4-(2,3,3-三甲基丁烷-2-基)苯酚","4-(2,3,3-trimethylbutan-2-yl)phenol",4-庚基苯酚,,72861-06-4,REACH_SVHC_253_父子级_CAS全覆盖筛查版 (1).xlsx,Excel child substance,Local CAS/EC + PubChem Synonyms,CAS verified; EC not found,
100129,174,child,174,全氟己烷-1-磺酸,Perfluorohexane-1-sulphonic acid,全氟己烷-1-磺酸,206-587-1,355-46-4,REACH_SVHC_253_父子级_CAS全覆盖筛查版 (1).xlsx,Excel child substance,Local CAS/EC + PubChem Synonyms,CAS/EC verified,
100130,174,child,174,全氟己烷-1-磺酸钾,Potassium perfluorohexane-1-sulphonate,全氟己烷-1-磺酸,223-393-2,3871-99-6,REACH_SVHC_253_父子级_CAS全覆盖筛查版 (1).xlsx,Excel child substance,Local CAS/EC + PubChem Synonyms,CAS/EC verified,
100131,174,child,174,全氟己烷-1-磺酸铵,Ammonium perfluorohexane-1-sulphonate,全氟己烷-1-磺酸,269-511-6,68259-08-5,REACH_SVHC_253_父子级_CAS全覆盖筛查版 (1).xlsx,Excel child substance,Local CAS/EC + PubChem Synonyms,CAS/EC verified,
100132,174,child,174,"十三氟己烷磺酸与2,2'-亚氨基二乙醇的化合物（1:1）","Tridecafluorohexanesulphonic acid, compound with 2,2'-iminodiethanol (1:1)",全氟己烷-1-磺酸,274-462-9,70225-16-0,REACH_SVHC_253_父子级_CAS全覆盖筛查版 (1).xlsx,Excel child substance,Local CAS/EC + PubChem Synonyms,CAS/EC verified,
100133,174,child,174,全氟己烷-1-磺酸锂,Lithium perfluorohexane-1-sulphonate,全氟己烷-1-磺酸,,55120-77-9,REACH_SVHC_253_父子级_CAS全覆盖筛查版 (1).xlsx,Excel child substance,Local CAS/EC + PubChem Synonyms,CAS verified; EC not found,
100134,174,child,174,全氟己烷-1-磺酸铯,Cesium perfluorohexane-1-sulphonate,全氟己烷-1-磺酸,,92011-17-1,REACH_SVHC_253_父子级_CAS全覆盖筛查版 (1).xlsx,Excel child substance,Local CAS/EC + PubChem Synonyms,CAS verified; EC not found,
100135,174,child,174,全氟己烷-1-磺酸钠,Sodium perfluorohexane-1-sulphonate,全氟己烷-1-磺酸,,82382-12-5,REACH_SVHC_253_父子级_CAS全覆盖筛查版 (1).xlsx,Excel child substance,Local CAS/EC + PubChem Synonyms,CAS verified; EC not found,
100136,174,child,174,全氟己烷-1-磺酸锌,Zinc perfluorohexane-1-sulphonate,全氟己烷-1-磺酸,,70136-72-0,REACH_SVHC_253_父子级_CAS全覆盖筛查版 (1).xlsx,Excel child substance,Local CAS/EC + PubChem Synonyms,CAS verified; EC not found,
100137,174,child,174,全氟己烷-1-磺酸钪,Scandium perfluorohexane-1-sulphonate,全氟己烷-1-磺酸,,350836-93-0,REACH_SVHC_253_父子级_CAS全覆盖筛查版 (1).xlsx,Excel child substance,Local CAS/EC + PubChem Synonyms,CAS verified; EC not found,
100138,174,child,174,全氟己烷-1-磺酸钕,Neodymium perfluorohexane-1-sulphonate,全氟己烷-1-磺酸,,41184-65-0,REACH_SVHC_253_父子级_CAS全覆盖筛查版 (1).xlsx,Excel child substance,Local CAS/EC + PubChem Synonyms,CAS verified; EC not found,
100139,174,child,174,全氟己烷-1-磺酸钇,Yttrium perfluorohexane-1-sulphonate,全氟己烷-1-磺酸,,41242-12-0,REACH_SVHC_253_父子级_CAS全覆盖筛查版 (1).xlsx,Excel child substance,Local CAS/EC + PubChem Synonyms,CAS verified; EC not found,
100140,174,child,174,全氟己烷-1-磺酸镓,Gallium perfluorohexane-1-sulphonate,全氟己烷-1-磺酸,,341035-71-0,REACH_SVHC_253_父子级_CAS全覆盖筛查版 (1).xlsx,Excel child substance,Local CAS/EC + PubChem Synonyms,CAS verified; EC not found,
100141,174,child,174,双硫鎓全氟己烷磺酸盐,Bis-sulfonium PFHxS salt,全氟己烷-1-磺酸,,421555-73-9,REACH_SVHC_253_父子级_CAS全覆盖筛查版 (1).xlsx,Excel child substance,Local CAS/EC + PubChem Synonyms,CAS verified; EC not found,
100142,174,child,174,双(叔戊基苯基)碘鎓全氟己烷磺酸盐,Iodonium bis(tert-amylphenyl) PFHxS salt,全氟己烷-1-磺酸,,421555-74-0,REACH_SVHC_253_父子级_CAS全覆盖筛查版 (1).xlsx,Excel child substance,Local CAS/EC + PubChem Synonyms,CAS verified; EC not found,
100143,174,child,174,三(叔丁基苯基)硫鎓全氟己烷磺酸盐,Tris(tert-butylphenyl)sulfonium PFHxS salt,全氟己烷-1-磺酸,,425670-70-8,REACH_SVHC_253_父子级_CAS全覆盖筛查版 (1).xlsx,Excel child substance,Local CAS/EC + PubChem Synonyms,CAS verified; EC not found,
100144,174,child,174,苄基三苯基膦鎓全氟己烷磺酸盐,Benzyltriphenylphosphonium PFHxS salt,全氟己烷-1-磺酸,,1000597-52-3,REACH_SVHC_253_父子级_CAS全覆盖筛查版 (1).xlsx,Excel child substance,Local CAS/EC + PubChem Synonyms,CAS verified; EC not found,
100145,174,child,174,四丁基铵全氟己烷磺酸盐,Tetrabutylammonium PFHxS salt,全氟己烷-1-磺酸,,108427-54-9,REACH_SVHC_253_父子级_CAS全覆盖筛查版 (1).xlsx,Excel child substance,Local CAS/EC + PubChem Synonyms,CAS verified; EC not found,
100146,174,child,174,四乙基铵全氟己烷磺酸盐,Tetraethylammonium PFHxS salt,全氟己烷-1-磺酸,,108427-55-0,REACH_SVHC_253_父子级_CAS全覆盖筛查版 (1).xlsx,Excel child substance,Local CAS/EC + PubChem Synonyms,CAS verified; EC not found,
100147,174,child,174,吡咯烷鎓全氟己烷磺酸盐,Pyrrolidinium PFHxS compound,全氟己烷-1-磺酸,,1187817-57-7,REACH_SVHC_253_父子级_CAS全覆盖筛查版 (1).xlsx,Excel child substance,Local CAS/EC + PubChem Synonyms,CAS verified; EC not found,
100148,174,child,174,"4-{[4-(二乙氨基)苯基][4-(乙氨基)萘-1-基]亚甲基}-N,N-二乙基环己-2,5-二烯-1-亚胺十三氟己烷-1-磺酸盐",PFHxS dye salt member,全氟己烷-1-磺酸,,1310480-24-0,REACH_SVHC_253_父子级_CAS全覆盖筛查版 (1).xlsx,Excel child substance,ECHA Candidate List identity + CAS; 中文名优先按 MEE/GB/T 23955-2009 对照,CAS verified; EC not found; 中文名已按身份对照,
100149,174,child,174,"4-{[4-(二甲氨基)苯基][4-(乙氨基)萘-1-基]亚甲基}-N,N-二甲基环己-2,5-二烯-1-亚胺十三氟己烷-1-磺酸盐",PFHxS dye salt member,全氟己烷-1-磺酸,,1310480-27-3,REACH_SVHC_253_父子级_CAS全覆盖筛查版 (1).xlsx,Excel child substance,ECHA Candidate List identity + CAS; 中文名优先按 MEE/GB/T 23955-2009 对照,CAS verified; EC not found; 中文名已按身份对照,
100150,174,child,174,"4-{[4-(二甲氨基)苯基][4-(苯氨基)萘-1-基]亚甲基}-N,N-二甲基环己-2,5-二烯-1-亚胺十三氟己烷-1-磺酸盐",PFHxS dye salt member,全氟己烷-1-磺酸,,1310480-28-4,REACH_SVHC_253_父子级_CAS全覆盖筛查版 (1).xlsx,Excel child substance,ECHA Candidate List identity + CAS; 中文名优先按 MEE/GB/T 23955-2009 对照,CAS verified; EC not found; 中文名已按身份对照,
100151,174,child,174,β-环糊精全氟己烷磺酸化合物,β-Cyclodextrin PFHxS compound,全氟己烷-1-磺酸,,1329995-45-0,REACH_SVHC_253_父子级_CAS全覆盖筛查版 (1).xlsx,Excel child substance,Local CAS/EC + PubChem Synonyms,CAS verified; EC not found,
100152,174,child,174,γ-环糊精全氟己烷磺酸化合物,γ-Cyclodextrin PFHxS compound,全氟己烷-1-磺酸,,1329995-69-8,REACH_SVHC_253_父子级_CAS全覆盖筛查版 (1).xlsx,Excel child substance,Local CAS/EC + PubChem Synonyms,CAS verified; EC not found,
100153,174,child,174,三苯基硫鎓全氟己烷磺酸盐,Triphenylsulfonium PFHxS salt,全氟己烷-1-磺酸,,144116-10-9,REACH_SVHC_253_父子级_CAS全覆盖筛查版 (1).xlsx,Excel child substance,Local CAS/EC + PubChem Synonyms,CAS verified; EC not found,
100154,174,child,174,二苯基碘鎓全氟己烷磺酸盐,Diphenyliodonium PFHxS salt,全氟己烷-1-磺酸,,153443-35-7,REACH_SVHC_253_父子级_CAS全覆盖筛查版 (1).xlsx,Excel child substance,Local CAS/EC + PubChem Synonyms,CAS verified; EC not found,
100155,174,child,174,四甲基铵全氟己烷磺酸盐,Trimethylmethanaminium PFHxS salt,全氟己烷-1-磺酸,,189274-31-5,REACH_SVHC_253_父子级_CAS全覆盖筛查版 (1).xlsx,Excel child substance,Local CAS/EC + PubChem Synonyms,CAS verified; EC not found,
100156,174,child,174,叔丁胺全氟己烷磺酸化合物,tert-Butylamine PFHxS compound,全氟己烷-1-磺酸,,202189-84-2,REACH_SVHC_253_父子级_CAS全覆盖筛查版 (1).xlsx,Excel child substance,Local CAS/EC + PubChem Synonyms,CAS verified; EC not found,
100157,174,child,174,双(4-叔丁基苯基)碘鎓全氟己烷磺酸盐,Bis(4-tert-butylphenyl)iodonium PFHxS salt,全氟己烷-1-磺酸,,213740-81-9,REACH_SVHC_253_父子级_CAS全覆盖筛查版 (1).xlsx,Excel child substance,Local CAS/EC + PubChem Synonyms,CAS verified; EC not found,
100158,174,child,174,双(4-甲基苯基)苯基硫鎓全氟己烷磺酸盐,Bis(4-methylphenyl)phenylsulfonium PFHxS salt,全氟己烷-1-磺酸,,341548-85-4,REACH_SVHC_253_父子级_CAS全覆盖筛查版 (1).xlsx,Excel child substance,Local CAS/EC + PubChem Synonyms,CAS verified; EC not found,
100159,174,child,174,硫鎓甲基丙烯酸酯全氟己烷磺酸盐,Sulfonium methacrylate PFHxS salt,全氟己烷-1-磺酸,,911027-68-4,REACH_SVHC_253_父子级_CAS全覆盖筛查版 (1).xlsx,Excel child substance,Local CAS/EC + PubChem Synonyms,CAS verified; EC not found,
100160,174,child,174,聚合物硫鎓全氟己烷磺酸盐,Polymeric sulfonium PFHxS salt,全氟己烷-1-磺酸,,911027-69-5,REACH_SVHC_253_父子级_CAS全覆盖筛查版 (1).xlsx,Excel child substance,Local CAS/EC + PubChem Synonyms,CAS verified; EC not found,
100161,174,child,174,对甲苯基二苯基硫鎓全氟己烷磺酸盐,p-Tolyldiphenylsulfonium PFHxS salt,全氟己烷-1-磺酸,,910606-39-2,REACH_SVHC_253_父子级_CAS全覆盖筛查版 (1).xlsx,Excel child substance,Local CAS/EC + PubChem Synonyms,CAS verified; EC not found,
100162,174,child,174,双(叔丁基苯基)碘鎓全氟己烷磺酸盐,Bis(tert-butylphenyl)iodonium PFHxS salt,全氟己烷-1-磺酸,,866621-50-3,REACH_SVHC_253_父子级_CAS全覆盖筛查版 (1).xlsx,Excel child substance,Local CAS/EC + PubChem Synonyms,CAS verified; EC not found,
100163,174,child,174,三乙胺全氟己烷磺酸化合物,Triethylamine PFHxS compound,全氟己烷-1-磺酸,,72033-41-1,REACH_SVHC_253_父子级_CAS全覆盖筛查版 (1).xlsx,Excel child substance,Local CAS/EC + PubChem Synonyms,CAS verified; EC not found,
100164,174,child,174,喹啉鎓全氟己烷磺酸盐,Quinolinium PFHxS salt,全氟己烷-1-磺酸,,1462414-59-0,REACH_SVHC_253_父子级_CAS全覆盖筛查版 (1).xlsx,Excel child substance,Local CAS/EC + PubChem Synonyms,CAS verified; EC not found,
100165,174,child,174,含二苯并结构的全氟己烷磺酸盐,Dibenzo-containing PFHxS salt,全氟己烷-1-磺酸,,928049-42-7,REACH_SVHC_253_父子级_CAS全覆盖筛查版 (1).xlsx,Excel child substance,Local CAS/EC + PubChem Synonyms,CAS verified; EC not found,
100166,180,child,180,得克隆Plus（Dechlorane Plus）,Dechlorane Plus,得克隆Plus（Dechlorane Plus）,236-948-9,13560-89-9,REACH_SVHC_253_父子级_CAS全覆盖筛查版 (1).xlsx,Excel child substance,Local CAS/EC + PubChem Synonyms,CAS/EC verified,
100167,180,child,180,顺式（syn）得克隆Plus,syn-Dechlorane Plus,得克隆Plus（Dechlorane Plus）,,135821-03-3,REACH_SVHC_253_父子级_CAS全覆盖筛查版 (1).xlsx,Excel child substance,Local CAS/EC + PubChem Synonyms,CAS verified; EC not found,
100168,180,child,180,反式（anti）得克隆Plus,anti-Dechlorane Plus,得克隆Plus（Dechlorane Plus）,,135821-74-8,REACH_SVHC_253_父子级_CAS全覆盖筛查版 (1).xlsx,Excel child substance,Local CAS/EC + PubChem Synonyms,CAS verified; EC not found,
100169,181,child,181,"1,3,4-噻二唑烷-2,5-二硫酮、甲醛和支链及直链4-庚基苯酚的反应产物（RP-HP）","Reaction product of 1,3,4-thiadiazolidine-2,5-dithione, formaldehyde and phenol, heptyl derivatives","1,3,4-噻二唑烷-2,5-二硫酮、甲醛和4-庚基苯酚的反应产物（RP-HP）（细分物质）",939-460-0,1471311-26-8,REACH_SVHC_253_父子级_CAS全覆盖筛查版 (1).xlsx,Excel child substance,ECHA Candidate List identity + CAS; 中文名优先按 MEE/GB/T 23955-2009 对照,CAS/EC verified; 中文名已按身份对照,
100170,181,child,181,甲醛、支链及直链庚基苯酚、二硫化碳和肼的反应产物,"Formaldehyde, reaction products with branched and linear heptylphenol, carbon disulfide and hydrazine","1,3,4-噻二唑烷-2,5-二硫酮、甲醛和4-庚基苯酚的反应产物（RP-HP）（细分物质）",300-298-5,93925-00-9,REACH_SVHC_253_父子级_CAS全覆盖筛查版 (1).xlsx,Excel child substance,ECHA Candidate List identity + CAS; 中文名优先按 MEE/GB/T 23955-2009 对照,CAS/EC verified; 中文名已按身份对照,
100171,199,child,199,亚磷酸三壬基苯酯,Tris(nonylphenyl) phosphite,亚磷酸三壬基苯酯,247-759-6,26523-78-4,REACH_SVHC_253_父子级_CAS全覆盖筛查版 (1).xlsx,Excel child substance,Local CAS/EC + PubChem Synonyms,CAS/EC verified,
100172,199,child,199,4-壬基苯酚亚磷酸酯（3:1）,"Phenol, 4-nonyl-, phosphite (3:1)",亚磷酸三壬基苯酯,608-492-4,3050-88-2,REACH_SVHC_253_父子级_CAS全覆盖筛查版 (1).xlsx,Excel child substance,Local CAS/EC + PubChem Synonyms,CAS/EC verified,
100173,199,child,199,三(对异壬基苯基)亚磷酸酯（直链异构体）,"Phenol, p-isononyl, phosphite (3:1)",亚磷酸三壬基苯酯,,31631-13-7,REACH_SVHC_253_父子级_CAS全覆盖筛查版 (1).xlsx,Excel child substance,ECHA Candidate List identity + CAS; 中文名优先按 MEE/GB/T 23955-2009 对照,CAS verified; EC not found; 中文名已按身份对照,
100174,199,child,199,对仲壬基苯基亚磷酸酯,"Phenol, p-sec-nonyl, phosphite",亚磷酸三壬基苯酯,,106599-06-8,REACH_SVHC_253_父子级_CAS全覆盖筛查版 (1).xlsx,Excel child substance,ECHA Candidate List identity + CAS; 中文名优先按 MEE/GB/T 23955-2009 对照,CAS verified; EC not found; 中文名已按身份对照,
100175,200,child,200,"2,3,3,3-四氟-2-(七氟丙氧基)丙酸（HFPO-DA）",HFPO-DA acid,"2,3,3,3-四氟-2-(七氟丙氧基)丙酸（HFPO-DA）",236-236-8,13252-13-6,REACH_SVHC_253_父子级_CAS全覆盖筛查版 (1).xlsx,Excel child substance,Local CAS/EC + PubChem Synonyms,CAS/EC verified,
100176,200,child,200,"2,3,3,3-四氟-2-(七氟丙氧基)丙酰氟",HFPO-DA propionyl fluoride,"2,3,3,3-四氟-2-(七氟丙氧基)丙酸（HFPO-DA）",218-173-8,2062-98-8,REACH_SVHC_253_父子级_CAS全覆盖筛查版 (1).xlsx,Excel child substance,Local CAS/EC + PubChem Synonyms,CAS/EC verified,
100177,200,child,200,HFPO-DA铵盐,Ammonium HFPO-DA,"2,3,3,3-四氟-2-(七氟丙氧基)丙酸（HFPO-DA）",700-242-3,62037-80-3,REACH_SVHC_253_父子级_CAS全覆盖筛查版 (1).xlsx,Excel child substance,Local CAS/EC + PubChem Synonyms,CAS/EC verified,
100178,200,child,200,HFPO-DA钾盐,Potassium HFPO-DA,"2,3,3,3-四氟-2-(七氟丙氧基)丙酸（HFPO-DA）",266-578-3,67118-55-2,REACH_SVHC_253_父子级_CAS全覆盖筛查版 (1).xlsx,Excel child substance,Local CAS/EC + PubChem Synonyms,CAS/EC verified,
100179,200,child,200,（R）-全氟-2-丙氧基丙酸,(+)-HFPO-DA isomer,"2,3,3,3-四氟-2-(七氟丙氧基)丙酸（HFPO-DA）",,75579-39-4,REACH_SVHC_253_父子级_CAS全覆盖筛查版 (1).xlsx,Excel child substance,ECHA Candidate List identity + CAS; 中文名按 GB/T 23955-2009 对照,CAS/EC verified; 中文名已按身份对照,
100180,200,child,200,（S）-全氟-2-丙氧基丙酸,(-)-HFPO-DA isomer,"2,3,3,3-四氟-2-(七氟丙氧基)丙酸（HFPO-DA）",,75579-40-7,REACH_SVHC_253_父子级_CAS全覆盖筛查版 (1).xlsx,Excel child substance,ECHA Candidate List identity + CAS; 中文名按 GB/T 23955-2009 对照,CAS/EC verified; 中文名已按身份对照,
100181,205,child,205,全氟丁烷-1-磺酸（PFBS）,Perfluorobutane-1-sulphonic acid,全氟丁烷-1-磺酸（PFBS）,206-793-1,375-73-5,REACH_SVHC_253_父子级_CAS全覆盖筛查版 (1).xlsx,Excel child substance,Local CAS/EC + PubChem Synonyms,CAS/EC verified,
100182,205,child,205,全氟丁烷磺酸钾,Potassium PFBS,全氟丁烷-1-磺酸（PFBS）,249-616-3,29420-49-3,REACH_SVHC_253_父子级_CAS全覆盖筛查版 (1).xlsx,Excel child substance,Local CAS/EC + PubChem Synonyms,CAS/EC verified,
100183,205,child,205,全氟丁烷磺酸铵,Ammonium PFBS,全氟丁烷-1-磺酸（PFBS）,269-513-7,68259-10-9,REACH_SVHC_253_父子级_CAS全覆盖筛查版 (1).xlsx,Excel child substance,Local CAS/EC + PubChem Synonyms,CAS/EC verified,
100184,205,child,205,四乙基铵全氟丁烷磺酸盐,Tetraethylammonium PFBS,全氟丁烷-1-磺酸（PFBS）,700-536-1,25628-08-4,REACH_SVHC_253_父子级_CAS全覆盖筛查版 (1).xlsx,Excel child substance,Local CAS/EC + PubChem Synonyms,CAS/EC verified,
100185,205,child,205,双(4-叔丁基苯基)碘鎓全氟丁烷磺酸盐,Bis(4-tert-butylphenyl)iodonium PFBS,全氟丁烷-1-磺酸（PFBS）,432-660-4,194999-85-4,REACH_SVHC_253_父子级_CAS全覆盖筛查版 (1).xlsx,Excel child substance,ECHA Candidate List identity + CAS; 中文名按 GB/T 23955-2009 对照,CAS/EC verified; 中文名已按身份对照,
100186,205,child,205,吗啉鎓全氟丁烷磺酸盐,Morpholinium PFBS,全氟丁烷-1-磺酸（PFBS）,671-830-4,503155-89-3,REACH_SVHC_253_父子级_CAS全覆盖筛查版 (1).xlsx,Excel child substance,Local CAS/EC + PubChem Synonyms,CAS/EC verified,
100187,205,child,205,二甲基(苯基)锍全氟丁烷磺酸盐,Dimethyl(phenyl)sulfanium PFBS,全氟丁烷-1-磺酸（PFBS）,452-310-4,220133-51-7,REACH_SVHC_253_父子级_CAS全覆盖筛查版 (1).xlsx,Excel child substance,ECHA Candidate List identity + CAS; 中文名按 GB/T 23955-2009 对照,CAS/EC verified; 中文名已按身份对照,
100188,205,child,205,三苯基锍全氟丁烷磺酸盐,Triphenylsulfanium PFBS,全氟丁烷-1-磺酸（PFBS）,478-340-8,144317-44-2,REACH_SVHC_253_父子级_CAS全覆盖筛查版 (1).xlsx,Excel child substance,ECHA Candidate List identity + CAS; 中文名按 GB/T 23955-2009 对照,CAS/EC verified; 中文名已按身份对照,
100189,205,child,205,全氟丁烷磺酸镁,Magnesium PFBS,全氟丁烷-1-磺酸（PFBS）,671-826-2,507453-86-3,REACH_SVHC_253_父子级_CAS全覆盖筛查版 (1).xlsx,Excel child substance,Local CAS/EC + PubChem Synonyms,CAS/EC verified,
100190,205,child,205,全氟丁烷磺酸锂,Lithium PFBS,全氟丁烷-1-磺酸（PFBS）,671-827-8,131651-65-5,REACH_SVHC_253_父子级_CAS全覆盖筛查版 (1).xlsx,Excel child substance,Local CAS/EC + PubChem Synonyms,CAS/EC verified,
100191,205,child,205,四丁基膦鎓全氟丁烷磺酸盐,Tetrabutylphosphonium PFBS,全氟丁烷-1-磺酸（PFBS）,444-440-5,220689-12-3,REACH_SVHC_253_父子级_CAS全覆盖筛查版 (1).xlsx,Excel child substance,Local CAS/EC + PubChem Synonyms,CAS/EC verified,
100192,211,child,211,二辛基锡二月桂酸酯,Dioctyltin dilaurate,二辛基锡二月桂酸酯,222-883-3,3648-18-8,REACH_SVHC_253_父子级_CAS全覆盖筛查版 (1).xlsx,Excel child substance,Local CAS/EC + PubChem Synonyms,CAS/EC verified,
100193,211,child,211,二辛基锡双(椰油脂肪酸酰氧基)衍生物,"Stannane, dioctyl-, bis(coco acyloxy) derivatives",二辛基锡二月桂酸酯,293-901-5,91648-39-4,REACH_SVHC_253_父子级_CAS全覆盖筛查版 (1).xlsx,Excel child substance,Local CAS/EC + PubChem Synonyms,CAS/EC verified,
100194,213,child,213,"2,2-双(溴甲基)丙烷-1,3-二醇（BMP）","2,2-Bis(bromomethyl)propane-1,3-diol (BMP)","2,2-双(溴甲基)丙烷-1,3-二醇（BMP）",221-967-7,3296-90-0,REACH_SVHC_253_父子级_CAS全覆盖筛查版 (1).xlsx,Excel child substance,Local CAS/EC + PubChem Synonyms,CAS/EC verified,
100195,213,child,213,"2,2-双(溴甲基)-3-溴丙烷-1-醇（TBNPA）","2,2-Bis(bromomethyl)-3-bromopropan-1-ol (TBNPA)","2,2-双(溴甲基)丙烷-1,3-二醇（BMP）",253-057-0,36483-57-5,REACH_SVHC_253_父子级_CAS全覆盖筛查版 (1).xlsx,Excel child substance,Local CAS/EC + PubChem Synonyms,CAS/EC verified,
100196,213,child,213,三溴新戊醇,TBNPA alternate registered identifier,"2,2-双(溴甲基)丙烷-1,3-二醇（BMP）",622-370-8,1522-92-5,REACH_SVHC_253_父子级_CAS全覆盖筛查版 (1).xlsx,Excel child substance,ECHA Candidate List identity + CAS; 中文名优先按 MEE/GB/T 23955-2009 对照,CAS/EC verified; 中文名已按身份对照,
100197,213,child,213,"2,3-二溴丙烷-1-醇（2,3-DBPA）","2,3-Dibromopropan-1-ol (2,3-DBPA)","2,2-双(溴甲基)丙烷-1,3-二醇（BMP）",202-480-9,96-13-9,REACH_SVHC_253_父子级_CAS全覆盖筛查版 (1).xlsx,Excel child substance,Local CAS/EC + PubChem Synonyms,CAS/EC verified,
100198,214,child,214,2-(4-叔丁基苄基)丙醛,2-(4-tert-Butylbenzyl)propionaldehyde,2-(4-叔丁基苄基)丙醛,201-289-8,80-54-6,REACH_SVHC_253_父子级_CAS全覆盖筛查版 (1).xlsx,Excel child substance,Local CAS/EC + PubChem Synonyms,CAS/EC verified,
100199,214,child,214,(2S)-2-(4-叔丁基苄基)丙醛,(2S)-2-(4-tert-butylbenzyl)propionaldehyde,2-(4-叔丁基苄基)丙醛,,75166-30-2,REACH_SVHC_253_父子级_CAS全覆盖筛查版 (1).xlsx,Excel child substance,Local CAS/EC + PubChem Synonyms,CAS verified; EC not found,
100200,214,child,214,(2R)-2-(4-叔丁基苄基)丙醛,(2R)-2-(4-tert-butylbenzyl)propionaldehyde,2-(4-叔丁基苄基)丙醛,,75166-31-3,REACH_SVHC_253_父子级_CAS全覆盖筛查版 (1).xlsx,Excel child substance,Local CAS/EC + PubChem Synonyms,CAS verified; EC not found,
100201,217,child,217,C14-17氯代烷烃,"Alkanes, C14-17, chloro",C14-17氯代烷烃,287-477-0,85535-85-9,REACH_SVHC_253_父子级_CAS全覆盖筛查版 (1).xlsx,Excel child substance,Local CAS/EC + PubChem Synonyms,CAS/EC verified,
100202,217,child,217,氯代十四烷衍生物,"Tetradecane, chloro derivs.",C14-17氯代烷烃,,198840-65-2,REACH_SVHC_253_父子级_CAS全覆盖筛查版 (1).xlsx,Excel child substance,Local CAS/EC + PubChem Synonyms,CAS verified; EC not found,
100203,217,child,217,C14-16氯代烷烃,"Alkanes, C14-16, chloro",C14-17氯代烷烃,701-376-5,1372804-76-6,REACH_SVHC_253_父子级_CAS全覆盖筛查版 (1).xlsx,Excel child substance,Local CAS/EC + PubChem Synonyms,CAS/EC verified,
100204,217,child,217,C10-14氯代烷烃,"Alkanes, C10-14, chloro",C14-17氯代烷烃,,85681-73-8,REACH_SVHC_253_父子级_CAS全覆盖筛查版 (1).xlsx,Excel child substance,Local CAS/EC + PubChem Synonyms,CAS verified; EC not found,
100205,217,child,217,C6-18氯代烷烃,"Alkanes, C6-18, chloro",C14-17氯代烷烃,,68920-70-7,REACH_SVHC_253_父子级_CAS全覆盖筛查版 (1).xlsx,Excel child substance,Local CAS/EC + PubChem Synonyms,CAS verified; EC not found,
100206,217,child,217,氯代烷烃,"Alkanes, chloro",C14-17氯代烷烃,,61788-76-9,REACH_SVHC_253_父子级_CAS全覆盖筛查版 (1).xlsx,Excel child substance,Local CAS/EC + PubChem Synonyms,CAS verified; EC not found,
100207,217,child,217,氯化石蜡和氯化烃蜡,"Paraffin waxes and Hydrocarbon waxes, chloro",C14-17氯代烷烃,,63449-39-8,REACH_SVHC_253_父子级_CAS全覆盖筛查版 (1).xlsx,Excel child substance,Local CAS/EC + PubChem Synonyms,CAS verified; EC not found,
100208,217,child,217,氯化石蜡油,"Paraffin oils, chloro",C14-17氯代烷烃,,85422-92-0,REACH_SVHC_253_父子级_CAS全覆盖筛查版 (1).xlsx,Excel child substance,Local CAS/EC + PubChem Synonyms,CAS verified; EC not found,
100209,217,child,217,C18-28氯代烷烃,"Alkanes, C18-28, chloro",C14-17氯代烷烃,,85535-86-0,REACH_SVHC_253_父子级_CAS全覆盖筛查版 (1).xlsx,Excel child substance,Local CAS/EC + PubChem Synonyms,CAS verified; EC not found,
100210,217,child,217,C12-14氯代烷烃,"Alkanes, C12-14, chloro",C14-17氯代烷烃,,85536-22-7,REACH_SVHC_253_父子级_CAS全覆盖筛查版 (1).xlsx,Excel child substance,Local CAS/EC + PubChem Synonyms,CAS verified; EC not found,
100211,217,child,217,C10-21氯代烷烃,"Alkanes, C10-21, chloro",C14-17氯代烷烃,,84082-38-2,REACH_SVHC_253_父子级_CAS全覆盖筛查版 (1).xlsx,Excel child substance,Local CAS/EC + PubChem Synonyms,CAS verified; EC not found,
100212,217,child,217,C10-32氯代烷烃,"Alkanes, C10-32, chloro",C14-17氯代烷烃,,84776-06-7,REACH_SVHC_253_父子级_CAS全覆盖筛查版 (1).xlsx,Excel child substance,Local CAS/EC + PubChem Synonyms,CAS verified; EC not found,
100213,217,child,217,C16-27氯代烷烃,"Alkanes, C16-27, chloro",C14-17氯代烷烃,,84776-07-8,REACH_SVHC_253_父子级_CAS全覆盖筛查版 (1).xlsx,Excel child substance,Local CAS/EC + PubChem Synonyms,CAS verified; EC not found,
100214,217,child,217,C16-35氯代烷烃,"Alkanes, C16-35, chloro",C14-17氯代烷烃,,85049-26-9,REACH_SVHC_253_父子级_CAS全覆盖筛查版 (1).xlsx,Excel child substance,Local CAS/EC + PubChem Synonyms,CAS verified; EC not found,
100215,217,child,217,石油馏分正构烷烃（碳链长度大于C10）的氯化物,"Paraffins (petroleum), normal C>10, chloro",C14-17氯代烷烃,,97553-43-0,REACH_SVHC_253_父子级_CAS全覆盖筛查版 (1).xlsx,Excel child substance,ECHA Candidate List identity + CAS; 中文名按 GB/T 23955-2009 对照,CAS/EC verified; 中文名已按身份对照,
100216,217,child,217,C10-26氯代烷烃,"Alkanes, C10-26, chloro",C14-17氯代烷烃,,97659-46-6,REACH_SVHC_253_父子级_CAS全覆盖筛查版 (1).xlsx,Excel child substance,Local CAS/EC + PubChem Synonyms,CAS verified; EC not found,
100217,217,child,217,氯化聚合烯烃,"Alkenes, polymd., chlorinated",C14-17氯代烷烃,,68410-99-1,REACH_SVHC_253_父子级_CAS全覆盖筛查版 (1).xlsx,Excel child substance,Local CAS/EC + PubChem Synonyms,CAS verified; EC not found,
100218,217,child,217,C22-40氯代烷烃,"Alkanes, C22-40, chloro",C14-17氯代烷烃,,106232-86-4,REACH_SVHC_253_父子级_CAS全覆盖筛查版 (1).xlsx,Excel child substance,Local CAS/EC + PubChem Synonyms,CAS verified; EC not found,
100219,217,child,217,C22-26氯代烷烃,"Alkanes, C22-26, chloro",C14-17氯代烷烃,,108171-27-3,REACH_SVHC_253_父子级_CAS全覆盖筛查版 (1).xlsx,Excel child substance,Local CAS/EC + PubChem Synonyms,CAS verified; EC not found,
100220,217,child,217,C10-22氯代烷烃,"Alkanes, C10-22, chloro",C14-17氯代烷烃,,104948-36-9,REACH_SVHC_253_父子级_CAS全覆盖筛查版 (1).xlsx,Excel child substance,Local CAS/EC + PubChem Synonyms,CAS verified; EC not found,
100221,217,child,217,"十七烷, chloro-","Heptadecane, chloro-",C14-17氯代烷烃,,126207-70-3,REACH_SVHC_253_父子级_CAS全覆盖筛查版 (1).xlsx,Excel child substance,Local CAS/EC + PubChem Synonyms,CAS verified; EC not found,
100222,217,child,217,C14-32氯代烷烃,"Alkanes, C14-32, chloro",C14-17氯代烷烃,,129521-61-5,REACH_SVHC_253_父子级_CAS全覆盖筛查版 (1).xlsx,Excel child substance,Local CAS/EC + PubChem Synonyms,CAS verified; EC not found,
100223,217,child,217,"十五烷, 3,5,7,9,11,13-六氯-","Pentadecane, 3,5,7,9,11,13-hexachloro-",C14-17氯代烷烃,,159715-72-7,REACH_SVHC_253_父子级_CAS全覆盖筛查版 (1).xlsx,Excel child substance,Local CAS/EC + PubChem Synonyms,CAS verified; EC not found,
100224,217,child,217,"十四烷, 1,2,13,14,?-五氯-","Tetradecane, 1,2,13,14,?-pentachloro-",C14-17氯代烷烃,,221174-08-9,REACH_SVHC_253_父子级_CAS全覆盖筛查版 (1).xlsx,Excel child substance,Local CAS/EC + PubChem Synonyms,CAS verified; EC not found,
100225,217,child,217,"十四烷, 1,2,13,14,?,?-六氯-","Tetradecane, 1,2,13,14,?,?-hexachloro-",C14-17氯代烷烃,,221174-09-0,REACH_SVHC_253_父子级_CAS全覆盖筛查版 (1).xlsx,Excel child substance,Local CAS/EC + PubChem Synonyms,CAS verified; EC not found,
100226,217,child,217,"十五烷, 2,5,6,11,14-五氯-","Pentadecane, 2,5,6,11,14-pentachloro-",C14-17氯代烷烃,,2233595-19-0,REACH_SVHC_253_父子级_CAS全覆盖筛查版 (1).xlsx,Excel child substance,Local CAS/EC + PubChem Synonyms,CAS verified; EC not found,
100227,217,child,217,八氯pentadecane,Octachloropentadecane,C14-17氯代烷烃,,276673-41-7,REACH_SVHC_253_父子级_CAS全覆盖筛查版 (1).xlsx,Excel child substance,Local CAS/EC + PubChem Synonyms,CAS verified; EC not found,
100228,217,child,217,六氯hexadecane,Hexachlorohexadecane,C14-17氯代烷烃,,276673-44-0,REACH_SVHC_253_父子级_CAS全覆盖筛查版 (1).xlsx,Excel child substance,Local CAS/EC + PubChem Synonyms,CAS verified; EC not found,
100229,217,child,217,八氯hexadecane,Octachlorohexadecane,C14-17氯代烷烃,,276673-45-1,REACH_SVHC_253_父子级_CAS全覆盖筛查版 (1).xlsx,Excel child substance,Local CAS/EC + PubChem Synonyms,CAS verified; EC not found,
100230,217,child,217,七氯heptadecane,Heptachloroheptadecane,C14-17氯代烷烃,,28085-66-7,REACH_SVHC_253_父子级_CAS全覆盖筛查版 (1).xlsx,Excel child substance,Local CAS/EC + PubChem Synonyms,CAS verified; EC not found,
100231,217,child,217,C14-18氯代烷烃,"Chloroalkanes, C14-18",C14-17氯代烷烃,,308061-49-6,REACH_SVHC_253_父子级_CAS全覆盖筛查版 (1).xlsx,Excel child substance,Local CAS/EC + PubChem Synonyms,CAS verified; EC not found,
100232,217,child,217,C17-20氯代烷烃,"Chloroalkanes, C17-20",C14-17氯代烷烃,,360790-74-5,REACH_SVHC_253_父子级_CAS全覆盖筛查版 (1).xlsx,Excel child substance,Local CAS/EC + PubChem Synonyms,CAS verified; EC not found,
100233,217,child,217,"1,1,1,15-四氯pentadecane","1,1,1,15-Tetrachloropentadecane",C14-17氯代烷烃,,3922-32-5,REACH_SVHC_253_父子级_CAS全覆盖筛查版 (1).xlsx,Excel child substance,Local CAS/EC + PubChem Synonyms,CAS verified; EC not found,
100234,217,child,217,"十四烷, 四氯-","Tetradecane, tetrachloro-",C14-17氯代烷烃,,57437-53-3,REACH_SVHC_253_父子级_CAS全覆盖筛查版 (1).xlsx,Excel child substance,Local CAS/EC + PubChem Synonyms,CAS verified; EC not found,
100235,217,child,217,五氯pentadecane,Pentachloropentadecane,C14-17氯代烷烃,,57437-56-6,REACH_SVHC_253_父子级_CAS全覆盖筛查版 (1).xlsx,Excel child substance,Local CAS/EC + PubChem Synonyms,CAS verified; EC not found,
100236,217,child,217,七氯hexadecane,Heptachlorohexadecane,C14-17氯代烷烃,,57437-58-8,REACH_SVHC_253_父子级_CAS全覆盖筛查版 (1).xlsx,Excel child substance,Local CAS/EC + PubChem Synonyms,CAS verified; EC not found,
100237,217,child,217,六氯pentadecane,Hexachloropentadecane,C14-17氯代烷烃,,57437-60-2,REACH_SVHC_253_父子级_CAS全覆盖筛查版 (1).xlsx,Excel child substance,Local CAS/EC + PubChem Synonyms,CAS verified; EC not found,
100238,217,child,217,七氯pentadecane,Heptachloropentadecane,C14-17氯代烷烃,,57437-61-3,REACH_SVHC_253_父子级_CAS全覆盖筛查版 (1).xlsx,Excel child substance,Local CAS/EC + PubChem Synonyms,CAS verified; EC not found,
100239,217,child,217,"1,1,1-三氯十五烷","1,1,1-Trichloropentadecane",C14-17氯代烷烃,,62108-59-2,REACH_SVHC_253_父子级_CAS全覆盖筛查版 (1).xlsx,Excel child substance,ECHA Candidate List identity + CAS; 中文名按 GB/T 23955-2009 对照,CAS/EC verified; 中文名已按身份对照,
100240,217,child,217,"1,1,1,3-四氯pentadecane","1,1,1,3-Tetrachloropentadecane",C14-17氯代烷烃,,67095-51-6,REACH_SVHC_253_父子级_CAS全覆盖筛查版 (1).xlsx,Excel child substance,Local CAS/EC + PubChem Synonyms,CAS verified; EC not found,
100241,217,child,217,"十六烷, 四氯-","Hexadecane, tetrachloro-",C14-17氯代烷烃,,700864-25-1,REACH_SVHC_253_父子级_CAS全覆盖筛查版 (1).xlsx,Excel child substance,Local CAS/EC + PubChem Synonyms,CAS verified; EC not found,
100242,217,child,217,六氯heptadecane,Hexachloroheptadecane,C14-17氯代烷烃,,700864-27-3,REACH_SVHC_253_父子级_CAS全覆盖筛查版 (1).xlsx,Excel child substance,Local CAS/EC + PubChem Synonyms,CAS verified; EC not found,
100243,217,child,217,八氯heptadecane,Octachloroheptadecane,C14-17氯代烷烃,,700864-28-4,REACH_SVHC_253_父子级_CAS全覆盖筛查版 (1).xlsx,Excel child substance,Local CAS/EC + PubChem Synonyms,CAS verified; EC not found,
100244,217,child,217,九氯heptadecane,Nonachloroheptadecane,C14-17氯代烷烃,,700864-29-5,REACH_SVHC_253_父子级_CAS全覆盖筛查版 (1).xlsx,Excel child substance,Local CAS/EC + PubChem Synonyms,CAS verified; EC not found,
100245,217,child,217,"十四烷, 1,1,1,3-四氯-","Tetradecane, 1,1,1,3-tetrachloro-",C14-17氯代烷烃,,865306-25-8,REACH_SVHC_253_父子级_CAS全覆盖筛查版 (1).xlsx,Excel child substance,Local CAS/EC + PubChem Synonyms,CAS verified; EC not found,
100246,217,child,217,C12-16氯代烷烃,"Chloroalkanes, C12-16",C14-17氯代烷烃,,866758-65-8,REACH_SVHC_253_父子级_CAS全覆盖筛查版 (1).xlsx,Excel child substance,Local CAS/EC + PubChem Synonyms,CAS verified; EC not found,
100247,217,child,217,"十五烷, 四氯-","Pentadecane, tetrachloro-",C14-17氯代烷烃,,97262-09-4,REACH_SVHC_253_父子级_CAS全覆盖筛查版 (1).xlsx,Excel child substance,Local CAS/EC + PubChem Synonyms,CAS verified; EC not found,
100248,217,child,217,氯化疏松石蜡（石油）,"Slack Wax (petroleum), chloro",C14-17氯代烷烃,,2097144-44-8,REACH_SVHC_253_父子级_CAS全覆盖筛查版 (1).xlsx,Excel child substance,Local CAS/EC + PubChem Synonyms,CAS verified; EC not found,
100249,217,child,217,WK 30（氯化石蜡）,WK 30 (chloroparaffin),C14-17氯代烷烃,,39443-51-1,REACH_SVHC_253_父子级_CAS全覆盖筛查版 (1).xlsx,Excel child substance,Local CAS/EC + PubChem Synonyms,CAS verified; EC not found,
100250,217,child,217,KhP 1100（氯化石蜡）,KhP 1100,C14-17氯代烷烃,,52737-80-1,REACH_SVHC_253_父子级_CAS全覆盖筛查版 (1).xlsx,Excel child substance,Local CAS/EC + PubChem Synonyms,CAS verified; EC not found,
100251,217,child,217,氯代烷磺酸,"Alkanesulfonic acids, chloro",C14-17氯代烷烃,,68477-12-3,REACH_SVHC_253_父子级_CAS全覆盖筛查版 (1).xlsx,Excel child substance,Local CAS/EC + PubChem Synonyms,CAS verified; EC not found,
100252,217,child,217,C20-24氯代烷烃,"Alkanes, C20-24, chloro",C14-17氯代烷烃,,2097144-45-9,REACH_SVHC_253_父子级_CAS全覆盖筛查版 (1).xlsx,Excel child substance,Local CAS/EC + PubChem Synonyms,CAS verified; EC not found,
100253,217,child,217,C18-26氯代烷烃,"Chloroalkanes, C18-26",C14-17氯代烷烃,,308061-50-9,REACH_SVHC_253_父子级_CAS全覆盖筛查版 (1).xlsx,Excel child substance,Local CAS/EC + PubChem Synonyms,CAS verified; EC not found,
100254,217,child,217,C22-24氯代烷烃,"Chloroalkanes, C22-24",C14-17氯代烷烃,,308061-51-0,REACH_SVHC_253_父子级_CAS全覆盖筛查版 (1).xlsx,Excel child substance,Local CAS/EC + PubChem Synonyms,CAS verified; EC not found,
100255,217,child,217,C21-38氯代烷烃,"Alkanes, C21-38, chloro",C14-17氯代烷烃,,127133-59-9,REACH_SVHC_253_父子级_CAS全覆盖筛查版 (1).xlsx,Excel child substance,Local CAS/EC + PubChem Synonyms,CAS verified; EC not found,
100256,217,child,217,C19-28支链和直链氯代烷烃,"Alkanes, C19-28-branched and linear, chloro",C14-17氯代烷烃,,1392825-28-3,REACH_SVHC_253_父子级_CAS全覆盖筛查版 (1).xlsx,Excel child substance,Local CAS/EC + PubChem Synonyms,CAS verified; EC not found,
100257,217,child,217,C22-30支链和直链氯代烷烃,"Alkanes, C22-30-branched and linear, chloro",C14-17氯代烷烃,,1401974-24-0,REACH_SVHC_253_父子级_CAS全覆盖筛查版 (1).xlsx,Excel child substance,Local CAS/EC + PubChem Synonyms,CAS verified; EC not found,
100258,217,child,217,"十六烷, 五氯-","Hexadecane, pentachloro-",C14-17氯代烷烃,,57437-57-7,REACH_SVHC_253_父子级_CAS全覆盖筛查版 (1).xlsx,Excel child substance,Local CAS/EC + PubChem Synonyms,CAS verified; EC not found,
100259,217,child,217,C22-32氯代烷烃,"Alkanes, C22-32, chloro",C14-17氯代烷烃,,1632986-67-4,REACH_SVHC_253_父子级_CAS全覆盖筛查版 (1).xlsx,Excel child substance,Local CAS/EC + PubChem Synonyms,CAS verified; EC not found,
100260,218,child,218,原硼酸钠盐,"Orthoboric acid, sodium salt",原硼酸钠盐,237-560-2,13840-56-7,REACH_SVHC_253_父子级_CAS全覆盖筛查版 (1).xlsx,Excel child substance,Local CAS/EC + PubChem Synonyms,CAS/EC verified,
100261,218,child,218,原硼酸三钠,Trisodium orthoborate,原硼酸钠盐,238-253-6,14312-40-4,REACH_SVHC_253_父子级_CAS全覆盖筛查版 (1).xlsx,Excel child substance,Local CAS/EC + PubChem Synonyms,CAS/EC verified,
100262,218,child,218,硼酸钠盐,"Boric acid, sodium salt",原硼酸钠盐,215-604-1,1333-73-9,REACH_SVHC_253_父子级_CAS全覆盖筛查版 (1).xlsx,Excel child substance,Local CAS/EC + PubChem Synonyms,CAS/EC verified,
100263,218,child,218,硼酸二钠,"Boric acid (H3BO3), disodium salt",原硼酸钠盐,,22454-04-2,REACH_SVHC_253_父子级_CAS全覆盖筛查版 (1).xlsx,Excel child substance,Local CAS/EC + PubChem Synonyms,CAS verified; EC not found,
100264,218,child,218,硼酸钠水合物,"Boric acid (H3BO3), sodium salt, hydrate",原硼酸钠盐,,25747-83-5,REACH_SVHC_253_父子级_CAS全覆盖筛查版 (1).xlsx,Excel child substance,Local CAS/EC + PubChem Synonyms,CAS verified; EC not found,
100265,218,child,218,硼酸钠（1:1）,"Boric acid (H3BO3), sodium salt (1:1)",原硼酸钠盐,234-390-0,14890-53-0,REACH_SVHC_253_父子级_CAS全覆盖筛查版 (1).xlsx,Excel child substance,Local CAS/EC + PubChem Synonyms,CAS/EC verified,
100266,219,child,219,支链十二烷基苯酚,"Phenol, dodecyl-, branched",支链十二烷基苯酚,310-154-3,121158-58-5,REACH_SVHC_253_父子级_CAS全覆盖筛查版 (1).xlsx,Excel child substance,Local CAS/EC + PubChem Synonyms,CAS/EC verified,
100267,219,child,219,四丙烯基苯酚衍生物,Tetrapropenylphenol member,支链十二烷基苯酚,616-100-8,74499-35-7,REACH_SVHC_253_父子级_CAS全覆盖筛查版 (1).xlsx,Excel child substance,ECHA official identity; 中文名优先按 MEE/GB/T 23955-2009 对照,CAS/EC verified; 中文名按 ECHA CAS-specific identity 对照,
100268,219,child,219,四丙烯基苯酚,Tetrapropenylphenol,支链十二烷基苯酚,,57427-55-1,REACH_SVHC_253_父子级_CAS全覆盖筛查版 (1).xlsx,Excel child substance,ECHA official identity; 中文名优先按 MEE/GB/T 23955-2009 对照,CAS verified; EC not found; 中文名按 ECHA CAS-specific identity 对照,
100269,219,child,219,4-支链十二烷基苯酚,4-Branched dodecylphenol,支链十二烷基苯酚,640-104-9,210555-94-5,REACH_SVHC_253_父子级_CAS全覆盖筛查版 (1).xlsx,Excel child substance,Local CAS/EC + PubChem Synonyms,CAS/EC verified,
100270,219,child,219,4-异十二烷基苯酚,4-Isododecylphenol,支链十二烷基苯酚,,27459-10-5,REACH_SVHC_253_父子级_CAS全覆盖筛查版 (1).xlsx,Excel child substance,ECHA official identity; 中文名优先按 MEE/GB/T 23955-2009 对照,CAS verified; EC not found; 中文名按 ECHA CAS-specific identity 对照,
100271,219,child,219,4-异十二烷基苯酚（另一 CAS 登记）,4-Isododecylphenol member,支链十二烷基苯酚,608-055-8,27147-75-7,REACH_SVHC_253_父子级_CAS全覆盖筛查版 (1).xlsx,Excel child substance,ECHA official identity; 中文名优先按 MEE/GB/T 23955-2009 对照,CAS/EC verified; 中文名按 ECHA CAS-specific identity 对照,
100272,219,child,219,十二烷基苯酚,Dodecylphenol member,支链十二烷基苯酚,,27193-86-8,REACH_SVHC_253_父子级_CAS全覆盖筛查版 (1).xlsx,Excel child substance,ECHA Candidate List identity + CAS; 中文名按 GB/T 23955-2009 对照,CAS/EC verified; 中文名已按身份对照,
100273,219,child,219,4-十二烷基苯酚,4-Dodecylphenol,支链十二烷基苯酚,,104-43-8,REACH_SVHC_253_父子级_CAS全覆盖筛查版 (1).xlsx,Excel child substance,Local CAS/EC + PubChem Synonyms,CAS verified; EC not found,
100274,220,child,220,4-甲基亚苄基樟脑（4-MBC）,4-Methylbenzylidene camphor,4-甲基亚苄基樟脑（4-MBC）,253-242-6,36861-47-9,REACH_SVHC_253_父子级_CAS全覆盖筛查版 (1).xlsx,Excel child substance,Local CAS/EC + PubChem Synonyms,CAS/EC verified,
100275,220,child,220,"（3E）-1,7,7-三甲基-3-(4-甲基亚苄基)双环[2.2.1]庚烷-2-酮",(3E)-4-MBC isomer,4-甲基亚苄基樟脑（4-MBC）,701-394-3,1782069-81-1,REACH_SVHC_253_父子级_CAS全覆盖筛查版 (1).xlsx,Excel child substance,ECHA official identity; 中文名优先按 MEE/GB/T 23955-2009 对照,CAS/EC verified; 中文名按 ECHA CAS-specific identity 对照,
100276,220,child,220,"（1R,3E,4S）-1,7,7-三甲基-3-(4-甲基亚苄基)双环[2.2.1]庚烷-2-酮",4-MBC stereoisomer,4-甲基亚苄基樟脑（4-MBC）,253-242-6,95342-41-9,REACH_SVHC_253_父子级_CAS全覆盖筛查版 (1).xlsx,Excel child substance,ECHA official identity; 中文名优先按 MEE/GB/T 23955-2009 对照,CAS/EC verified; 中文名按 ECHA CAS-specific identity 对照,
100277,220,child,220,"（1S,3Z,4R）-1,7,7-三甲基-3-(4-甲基亚苄基)双环[2.2.1]庚烷-2-酮",4-MBC stereoisomer,4-甲基亚苄基樟脑（4-MBC）,,852541-25-4,REACH_SVHC_253_父子级_CAS全覆盖筛查版 (1).xlsx,Excel child substance,ECHA official identity; 中文名优先按 MEE/GB/T 23955-2009 对照,CAS verified; EC not found; 中文名按 ECHA CAS-specific identity 对照,
100278,220,child,220,"（1R,4S）-1,7,7-三甲基-3-(4-甲基亚苄基)双环[2.2.1]庚烷-2-酮",4-MBC stereoisomer,4-甲基亚苄基樟脑（4-MBC）,,741687-98-9,REACH_SVHC_253_父子级_CAS全覆盖筛查版 (1).xlsx,Excel child substance,ECHA official identity; 中文名优先按 MEE/GB/T 23955-2009 对照,CAS verified; EC not found; 中文名按 ECHA CAS-specific identity 对照,
100279,220,child,220,"（1S,3E,4R）-1,7,7-三甲基-3-(4-甲基亚苄基)双环[2.2.1]庚烷-2-酮",4-MBC stereoisomer,4-甲基亚苄基樟脑（4-MBC）,,852541-30-1,REACH_SVHC_253_父子级_CAS全覆盖筛查版 (1).xlsx,Excel child substance,ECHA official identity; 中文名优先按 MEE/GB/T 23955-2009 对照,CAS verified; EC not found; 中文名按 ECHA CAS-specific identity 对照,
100280,220,child,220,"（1R,3Z,4S）-1,7,7-三甲基-3-(4-甲基亚苄基)双环[2.2.1]庚烷-2-酮",4-MBC stereoisomer,4-甲基亚苄基樟脑（4-MBC）,,852541-21-0,REACH_SVHC_253_父子级_CAS全覆盖筛查版 (1).xlsx,Excel child substance,ECHA official identity; 中文名优先按 MEE/GB/T 23955-2009 对照,CAS verified; EC not found; 中文名按 ECHA CAS-specific identity 对照,
100281,229,child,229,四溴邻苯二甲酸双(2-乙基己基)酯,Bis(2-ethylhexyl) tetrabromophthalate,四溴邻苯二甲酸双(2-乙基己基)酯,247-426-5,26040-51-7,REACH_SVHC_253_父子级_CAS全覆盖筛查版 (1).xlsx,Excel child substance,Local CAS/EC + PubChem Synonyms,CAS/EC verified,
100282,232,child,232,全氟庚酸,Perfluoroheptanoic acid,全氟庚酸,206-798-9,375-85-9,REACH_SVHC_253_父子级_CAS全覆盖筛查版 (1).xlsx,Excel child substance,Local CAS/EC + PubChem Synonyms,CAS/EC verified,
100283,232,child,232,全氟庚酸钠,Sodium perfluoroheptanoate,全氟庚酸,243-518-4,20109-59-5,REACH_SVHC_253_父子级_CAS全覆盖筛查版 (1).xlsx,Excel child substance,Local CAS/EC + PubChem Synonyms,CAS/EC verified,
100284,232,child,232,全氟庚酸钾,Potassium perfluoroheptanoate,全氟庚酸,,21049-36-5,REACH_SVHC_253_父子级_CAS全覆盖筛查版 (1).xlsx,Excel child substance,Local CAS/EC + PubChem Synonyms,CAS verified; EC not found,
100285,232,child,232,全氟庚酸铵,Ammonium perfluoroheptanoate,全氟庚酸,228-098-2,6130-43-4,REACH_SVHC_253_父子级_CAS全覆盖筛查版 (1).xlsx,Excel child substance,Local CAS/EC + PubChem Synonyms,CAS/EC verified,
100286,233,child,233,全氟-N-异丙基吗啉,"2,2,3,3,5,5,6,6-octafluoro-4-(1,1,1,2,3,3,3-heptafluoropropan-2-yl)morpholine",全氟-N-异丙基吗啉,,1600-71-1,REACH_SVHC_253_父子级_CAS全覆盖筛查版 (1).xlsx,Excel child substance,Local CAS/EC + PubChem Synonyms,CAS verified; EC not found,
100287,233,child,233,全氟-N-正丙基吗啉,"2,2,3,3,5,5,6,6-octafluoro-4-(heptafluoropropyl)morpholine",全氟-N-异丙基吗啉,,1704-69-4,REACH_SVHC_253_父子级_CAS全覆盖筛查版 (1).xlsx,Excel child substance,Local CAS/EC + PubChem Synonyms,CAS verified; EC not found,
100288,240,child,240,甲基苯乙烯化苯酚（OAPP历史标识物）,"Phenol, methylstyrenated (historical identifier for OAPP)",甲基苯乙烯化苯酚（OAPP历史标识物）,270-966-8,68512-30-1,REACH_SVHC_253_父子级_CAS全覆盖筛查版 (1).xlsx,Excel child substance,Local CAS/EC + PubChem Synonyms,CAS/EC verified,
100289,252,child,253,双酚AF（BPAF）,Bisphenol AF (BPAF),双酚AF（BPAF）,216-036-7,1478-61-1,REACH_SVHC_253_父子级_CAS全覆盖筛查版 (1).xlsx,Excel child substance,Local CAS/EC + PubChem Synonyms,CAS/EC verified,
100290,252,child,253,苄基三苯基膦鎓双酚AF盐,Benzyltriphenylphosphonium BPAF salt,双酚AF（BPAF）,278-305-5,75768-65-9,REACH_SVHC_253_父子级_CAS全覆盖筛查版 (1).xlsx,Excel child substance,Local CAS/EC + PubChem Synonyms,CAS/EC verified,
100291,252,child,253,三丁基(2-甲氧基丙基)膦鎓双酚AF盐,Tributyl(2-methoxypropyl)phosphonium BPAF salt,双酚AF（BPAF）,,126049-00-1,REACH_SVHC_253_父子级_CAS全覆盖筛查版 (1).xlsx,Excel child substance,Local CAS/EC + PubChem Synonyms,CAS verified; EC not found,
100292,252,child,253,苄基(二乙氨基)二苯基膦鎓双酚AF酚盐,Benzyl(diethylamino)diphenylphosphonium BPAF phenolate,双酚AF（BPAF）,479-100-5,577705-90-9,REACH_SVHC_253_父子级_CAS全覆盖筛查版 (1).xlsx,Excel child substance,Local CAS/EC + PubChem Synonyms,CAS/EC verified,
100293,252,child,253,苯、氯气和二硫化碳与双酚AF的反应产物,Reaction products of benzene/chlorine/disulfur dichloride with BPAF,双酚AF（BPAF）,469-080-6,921213-47-0,REACH_SVHC_253_父子级_CAS全覆盖筛查版 (1).xlsx,Excel child substance,ECHA Candidate List identity + CAS; 中文名优先按 MEE/GB/T 23955-2009 对照,CAS/EC verified; 中文名已按身份对照,
