记录ID,条目号,中文名称,英文名称,CAS号,EC号,是否物质组成员,物质描述,限制条件标题,法规依据,限制条件链接,ECHA记录号,父级ECHA记录号,中文名称来源,中文名称状态
58,01,多氯三联苯,Polychlorinated terphenyls (PCTs),法规组级：无单一CAS/EC,法规组级：无单一CAS/EC,0,REACH Annex XVII第01项限制对象；Polychlorinated terphenyls (PCTs)。具体限制条件见法规条款：Regulation。,Regulation,,https://eur-lex.europa.eu/legal-content/EN/TXT/?uri=uriserv:OJ.L_.2009.164.01.0007.01.ENG&toc=OJ:L:2009:164:TOC,100.239.208,100.239.208,共享核验表 + ECHA官方限制清单,已核对
1668,01,多氯三联苯（PCT）,"Terphenyl, chlorinated",61788-33-8,262-968-2,1,REACH Annex XVII第01项限制对象；Polychlorinated terphenyls (PCTs)。具体限制条件见法规条款：Regulation。,Regulation,,https://eur-lex.europa.eu/legal-content/EN/TXT/?uri=uriserv:OJ.L_.2009.164.01.0007.01.ENG&toc=OJ:L:2009:164:TOC,100.057.226,100.239.208,ECHA法规条目与条目组级核对,已核对
6,02,氯乙烯,Chloroethene,75-01-4,200-831-0,0,Vinyl Chloride,Regulation,,https://eur-lex.europa.eu/legal-content/EN/TXT/?uri=uriserv:OJ.L_.2009.164.01.0007.01.ENG&toc=OJ:L:2009:164:TOC,100.000.756,100.000.756,共享核验表 + ECHA官方限制清单,已核对
50,03,符合特定CLP危险类别或类别标准的液态物质或混合物,Liquid substances or mixtures which are regarded as dangerous in accordance with Directive 1999/45/EC or are fulfilling the criteria for any of the following hazard classes or categories set out in Annex I to Regulation (EC) No 1272/2008 (See group members):,法规组级：无单一CAS/EC,法规组级：无单一CAS/EC,0,REACH Annex XVII第03项限制对象；Liquid substances or mixtures which are regarded as dangerous in accordance with Directive 1999/45/EC or are fulfilling the criteria for any of the following hazard classes or categories set out in Annex I to Regulation (EC) No 1272/2008 (See group members):。具体限制条件见法规条款：Regulation。,Regulation,,https://eur-lex.europa.eu/legal-content/EN/TXT/?uri=CELEX%3A32020R2096&qid=1611240953841,100.239.191,100.239.191,共享核验表 + ECHA官方限制清单,已核对
1249,03,危害水生环境危险类别,Hazard class 4.1,法规组级：无单一CAS/EC,法规组级：无单一CAS/EC,1,REACH Annex XVII第03项限制对象；Liquid substances or mixtures which are regarded as dangerous in accordance with Directive 1999/45/EC or are fulfilling the criteria for any of the following hazard classes or categories set out in Annex I to Regulation (EC) No 1272/2008 (See group members):。具体限制条件见法规条款：Regulation。,Regulation,,https://eur-lex.europa.eu/legal-content/EN/TXT/?uri=CELEX%3A32020R2096&qid=1611240953841,100.239.183,100.239.191,CAS/EC与ECHA英文名逐条核对,已核对
1250,03,危害臭氧层危险类别,Hazard class 5.1.,法规组级：无单一CAS/EC,法规组级：无单一CAS/EC,1,REACH Annex XVII第03项限制对象；Liquid substances or mixtures which are regarded as dangerous in accordance with Directive 1999/45/EC or are fulfilling the criteria for any of the following hazard classes or categories set out in Annex I to Regulation (EC) No 1272/2008 (See group members):。具体限制条件见法规条款：Regulation。,Regulation,,https://eur-lex.europa.eu/legal-content/EN/TXT/?uri=CELEX%3A32020R2096&qid=1611240953841,100.239.184,100.239.191,CAS/EC与ECHA英文名逐条核对,已核对
1251,03,物理危险类别：爆炸物、易燃气体、气溶胶、氧化性气体、易燃液体、易燃固体、自反应物质和混合物A型和B型、自燃液体、自燃固体、遇水放出易燃气体的物质和混合物、氧化性液体类别1和2、氧化性固体类别1和2、有机过氧化物A型至F型,"Hazard classes 2.1 to 2.4, 2.6 and 2.7, 2.8 types A and B, 2.9, 2.10, 2.12, 2.13 categories 1 and 2, 2.14 categories 1 and 2, 2.15 types A to F",法规组级：无单一CAS/EC,法规组级：无单一CAS/EC,1,REACH Annex XVII第03项限制对象；Liquid substances or mixtures which are regarded as dangerous in accordance with Directive 1999/45/EC or are fulfilling the criteria for any of the following hazard classes or categories set out in Annex I to Regulation (EC) No 1272/2008 (See group members):。具体限制条件见法规条款：Regulation。,Regulation,,https://eur-lex.europa.eu/legal-content/EN/TXT/?uri=CELEX%3A32020R2096&qid=1611240953841,100.239.185,100.239.191,CAS/EC与ECHA英文名逐条核对,已核对
1252,03,健康危险类别：急性毒性、皮肤腐蚀/刺激、严重眼损伤/眼刺激、呼吸道或皮肤致敏、生殖细胞致突变性、致癌性、生殖毒性中对性功能和生育能力或发育的不良影响、特异性靶器官毒性一次接触中麻醉效应以外的效应、特异性靶器官毒性反复接触、吸入危害,"Hazard classes 3.1 to 3.6, 3.7 adverse effects on sexual function and fertility or on development, 3.8 effects other than narcotic effects, 3.9 and 3.10",法规组级：无单一CAS/EC,法规组级：无单一CAS/EC,1,REACH Annex XVII第03项限制对象；Liquid substances or mixtures which are regarded as dangerous in accordance with Directive 1999/45/EC or are fulfilling the criteria for any of the following hazard classes or categories set out in Annex I to Regulation (EC) No 1272/2008 (See group members):。具体限制条件见法规条款：Regulation。,Regulation,,https://eur-lex.europa.eu/legal-content/EN/TXT/?uri=CELEX%3A32020R2096&qid=1611240953841,100.239.186,100.239.191,CAS/EC与ECHA英文名逐条核对,已核对
22,04,"三(2,3-二溴丙基)磷酸酯","Tris (2,3 dibromopropyl) phosphate",126-72-7,204-799-9,0,"REACH Annex XVII第04项限制对象；Tris (2,3 dibromopropyl) phosphate。具体限制条件见法规条款：Regulation。",Regulation,,https://eur-lex.europa.eu/legal-content/EN/TXT/?uri=uriserv:OJ.L_.2009.164.01.0007.01.ENG&toc=OJ:L:2009:164:TOC,100.004.364,100.004.364,共享核验表 + ECHA官方限制清单,已核对
5,05,苯,Benzene,71-43-2,200-753-7,0,REACH Annex XVII第05项限制对象；Benzene。具体限制条件见法规条款：Regulation。,Regulation,,https://eur-lex.europa.eu/legal-content/EN/TXT/?uri=uriserv:OJ.L_.2015.233.01.0002.01.ENG&toc=OJ:L:2015:233:TOC,100.000.685,100.000.685,共享核验表 + ECHA官方限制清单,已核对
37,06,石棉纤维,Asbestos fibres,法规组级：无单一CAS/EC,法规组级：无单一CAS/EC,0,REACH Annex XVII第06项限制对象；Asbestos fibres。具体限制条件见法规条款：Regulation。,Regulation,,https://eur-lex.europa.eu/legal-content/EN/TXT/?uri=uriserv:OJ.L_.2016.165.01.0004.01.ENG&toc=OJ:L:2016:165:TOC,100.239.167,100.239.167,共享核验表 + ECHA官方限制清单,已核对
417,06,阳起石,Actinolite,77536-66-4,法规组级：无单一CAS/EC,1,REACH Annex XVII第06项限制对象；Asbestos fibres。具体限制条件见法规条款：Regulation。,Regulation,,https://eur-lex.europa.eu/legal-content/EN/TXT/?uri=uriserv:OJ.L_.2016.165.01.0004.01.ENG&toc=OJ:L:2016:165:TOC,100.111.167,100.239.167,CAS/EC与ECHA英文名逐条核对,已核对
418,06,透闪石,Tremolite,77536-68-6,法规组级：无单一CAS/EC,1,REACH Annex XVII第06项限制对象；Asbestos fibres。具体限制条件见法规条款：Regulation。,Regulation,,https://eur-lex.europa.eu/legal-content/EN/TXT/?uri=uriserv:OJ.L_.2016.165.01.0004.01.ENG&toc=OJ:L:2016:165:TOC,100.111.309,100.239.167,CAS/EC与ECHA英文名逐条核对,已核对
419,06,直闪石,Anthophyllite,77536-67-5,法规组级：无单一CAS/EC,1,REACH Annex XVII第06项限制对象；Asbestos fibres。具体限制条件见法规条款：Regulation。,Regulation,,https://eur-lex.europa.eu/legal-content/EN/TXT/?uri=uriserv:OJ.L_.2016.165.01.0004.01.ENG&toc=OJ:L:2016:165:TOC,100.111.406,100.239.167,CAS/EC与ECHA英文名逐条核对,已核对
420,06,铁石棉,Amosite,12172-73-5,法规组级：无单一CAS/EC,1,REACH Annex XVII第06项限制对象；Asbestos fibres。具体限制条件见法规条款：Regulation。,Regulation,,https://eur-lex.europa.eu/legal-content/EN/TXT/?uri=uriserv:OJ.L_.2016.165.01.0004.01.ENG&toc=OJ:L:2016:165:TOC,100.121.453,100.239.167,CAS/EC与ECHA英文名逐条核对,已核对
421,06,温石棉,"Asbestos, chrysotile",12001-29-5,601-650-3,1,REACH Annex XVII第06项限制对象；Asbestos fibres。具体限制条件见法规条款：Regulation。,Regulation,,https://eur-lex.europa.eu/legal-content/EN/TXT/?uri=uriserv:OJ.L_.2016.165.01.0004.01.ENG&toc=OJ:L:2016:165:TOC,100.123.610,100.239.167,CAS/EC与ECHA英文名逐条核对,已核对
422,06,青石棉,Crocidolite,12001-28-4,法规组级：无单一CAS/EC,1,REACH Annex XVII第06项限制对象；Asbestos fibres。具体限制条件见法规条款：Regulation。,Regulation,,https://eur-lex.europa.eu/legal-content/EN/TXT/?uri=uriserv:OJ.L_.2016.165.01.0004.01.ENG&toc=OJ:L:2016:165:TOC,100.124.173,100.239.167,CAS/EC与ECHA英文名逐条核对,已核对
423,06,温石棉,Chrysotile asbestos,132207-32-0,法规组级：无单一CAS/EC,1,REACH Annex XVII第06项限制对象；Asbestos fibres。具体限制条件见法规条款：Regulation。,Regulation,,https://eur-lex.europa.eu/legal-content/EN/TXT/?uri=uriserv:OJ.L_.2016.165.01.0004.01.ENG&toc=OJ:L:2016:165:TOC,100.149.233,100.239.167,CAS/EC与ECHA英文名逐条核对,已核对
24,07,三(氮丙啶基)氧化膦,Tris(aziridinyl)phosphinoxide,545-55-1,208-892-5,0,REACH Annex XVII第07项限制对象；Tris(aziridinyl)phosphinoxide。具体限制条件见法规条款：Regulation。,Regulation,,https://eur-lex.europa.eu/legal-content/EN/TXT/?uri=uriserv:OJ.L_.2009.164.01.0007.01.ENG&toc=OJ:L:2009:164:TOC,100.008.084,100.008.084,共享核验表 + ECHA官方限制清单,已核对
57,08,多溴联苯,"Polybromobiphenyls, Polybrominatedbiphenyls (PBB)",法规组级：无单一CAS/EC,法规组级：无单一CAS/EC,0,"REACH Annex XVII第08项限制对象；Polybromobiphenyls, Polybrominatedbiphenyls (PBB)。具体限制条件见法规条款：Regulation。",Regulation,,https://eur-lex.europa.eu/legal-content/EN/TXT/?uri=uriserv:OJ.L_.2009.164.01.0007.01.ENG&toc=OJ:L:2009:164:TOC,100.239.207,100.239.207,共享核验表 + ECHA官方限制清单,已核对
1659,08,4-溴联苯,4-bromobiphenyl,92-66-0,202-176-6,1,"REACH Annex XVII第08项限制对象；Polybromobiphenyls, Polybrominatedbiphenyls (PBB)。具体限制条件见法规条款：Regulation。",Regulation,,https://eur-lex.europa.eu/legal-content/EN/TXT/?uri=uriserv:OJ.L_.2009.164.01.0007.01.ENG&toc=OJ:L:2009:164:TOC,100.001.979,100.239.207,CAS/EC与ECHA英文名逐条核对,已核对
1660,08,"4,4'-二溴联苯","4,4'-dibromobiphenyl",92-86-4,202-198-6,1,"REACH Annex XVII第08项限制对象；Polybromobiphenyls, Polybrominatedbiphenyls (PBB)。具体限制条件见法规条款：Regulation。",Regulation,,https://eur-lex.europa.eu/legal-content/EN/TXT/?uri=uriserv:OJ.L_.2009.164.01.0007.01.ENG&toc=OJ:L:2009:164:TOC,100.001.999,100.239.207,CAS/EC与ECHA英文名逐条核对,已核对
1661,08,3-溴联苯,3-bromobiphenyl,2113-57-7,218-304-9,1,"REACH Annex XVII第08项限制对象；Polybromobiphenyls, Polybrominatedbiphenyls (PBB)。具体限制条件见法规条款：Regulation。",Regulation,,https://eur-lex.europa.eu/legal-content/EN/TXT/?uri=uriserv:OJ.L_.2009.164.01.0007.01.ENG&toc=OJ:L:2009:164:TOC,100.016.641,100.239.207,CAS/EC与ECHA英文名逐条核对,已核对
1662,08,十溴联苯,"Decabromo-1,1'-biphenyl",13654-09-6,237-137-2,1,"REACH Annex XVII第08项限制对象；Polybromobiphenyls, Polybrominatedbiphenyls (PBB)。具体限制条件见法规条款：Regulation。",Regulation,,https://eur-lex.europa.eu/legal-content/EN/TXT/?uri=uriserv:OJ.L_.2009.164.01.0007.01.ENG&toc=OJ:L:2009:164:TOC,100.033.747,100.239.207,CAS/EC与ECHA英文名逐条核对,已核对
1663,08,九溴联苯,"Nonabromo-1,1'-biphenyl",27753-52-2,248-637-5,1,"REACH Annex XVII第08项限制对象；Polybromobiphenyls, Polybrominatedbiphenyls (PBB)。具体限制条件见法规条款：Regulation。",Regulation,,https://eur-lex.europa.eu/legal-content/EN/TXT/?uri=uriserv:OJ.L_.2009.164.01.0007.01.ENG&toc=OJ:L:2009:164:TOC,100.044.200,100.239.207,CAS/EC与ECHA英文名逐条核对,已核对
1664,08,八溴联苯,Tetrabromo(tetrabromophenyl)benzene,27858-07-7,248-696-7,1,"REACH Annex XVII第08项限制对象；Polybromobiphenyls, Polybrominatedbiphenyls (PBB)。具体限制条件见法规条款：Regulation。",Regulation,,https://eur-lex.europa.eu/legal-content/EN/TXT/?uri=uriserv:OJ.L_.2009.164.01.0007.01.ENG&toc=OJ:L:2009:164:TOC,100.044.254,100.239.207,CAS/EC与ECHA英文名逐条核对,已核对
1665,08,六溴联苯,"Hexabromo-1,1'-biphenyl",36355-01-8,252-994-2,1,"REACH Annex XVII第08项限制对象；Polybromobiphenyls, Polybrominatedbiphenyls (PBB)。具体限制条件见法规条款：Regulation。",Regulation,,https://eur-lex.europa.eu/legal-content/EN/TXT/?uri=uriserv:OJ.L_.2009.164.01.0007.01.ENG&toc=OJ:L:2009:164:TOC,100.048.162,100.239.207,CAS/EC与ECHA英文名逐条核对,已核对
1666,08,多溴联苯（PBB）,"Polybromobiphenyls, Polybrominatedbiphenyls (PBB)",59536-65-1,法规组级：无单一CAS/EC,1,"REACH Annex XVII第08项限制对象；Polybromobiphenyls, Polybrominatedbiphenyls (PBB)。具体限制条件见法规条款：Regulation。",Regulation,,https://eur-lex.europa.eu/legal-content/EN/TXT/?uri=uriserv:OJ.L_.2009.164.01.0007.01.ENG&toc=OJ:L:2009:164:TOC,100.239.206,100.239.207,CAS/EC与ECHA英文名逐条核对,已核对
1667,08,多溴联苯（PBB），六溴联苯除外,Polybrominated biphenyls (PBB) except hexabromo-biphenyl,法规组级：无单一CAS/EC,法规组级：无单一CAS/EC,1,"REACH Annex XVII第08项限制对象；Polybromobiphenyls, Polybrominatedbiphenyls (PBB)。具体限制条件见法规条款：Regulation。",Regulation,,https://eur-lex.europa.eu/legal-content/EN/TXT/?uri=uriserv:OJ.L_.2009.164.01.0007.01.ENG&toc=OJ:L:2009:164:TOC,100.240.856,100.239.207,CAS/EC与ECHA英文名逐条核对,已核对
46,09,皂树皮粉及含皂苷等特定物质,Entry 9,法规组级：无单一CAS/EC,法规组级：无单一CAS/EC,0,REACH Annex XVII第09项限制对象；Entry 9。具体限制条件见法规条款：Regulation。,Regulation,,https://eur-lex.europa.eu/legal-content/EN/TXT/?uri=uriserv:OJ.L_.2009.164.01.0007.01.ENG&toc=OJ:L:2009:164:TOC,100.239.182,100.239.182,共享核验表 + ECHA官方限制清单,已核对
717,09,邻硝基苯甲醛,o-Nitrobenzaldehyde,552-89-6,209-025-3,1,REACH Annex XVII第09项限制对象；Entry 9。具体限制条件见法规条款：Regulation。,Regulation,,https://eur-lex.europa.eu/legal-content/EN/TXT/?uri=uriserv:OJ.L_.2009.164.01.0007.01.ENG&toc=OJ:L:2009:164:TOC,100.008.206,100.239.182,CAS/EC与ECHA英文名逐条核对,已核对
718,09,皂树皮粉（Quillaja saponaria）及其含皂苷衍生物,Soap bark powder (Quillaja saponaria) and its derivatives containing saponines,68990-67-0,273-620-4,1,"Extractives and their physically modified derivatives such as tinctures, concretes, absolutes, essential oils, oleoresins, terpenes, terpene-free fractions, distillates, residues, etc., obtained from Quillaja saponaria, Rosaceae.",Regulation,,https://eur-lex.europa.eu/legal-content/EN/TXT/?uri=uriserv:OJ.L_.2009.164.01.0007.01.ENG&toc=OJ:L:2009:164:TOC,100.066.909,100.239.182,CAS/EC与ECHA英文名逐条核对,已核对
719,09,联苯胺和/或其衍生物,Benzidine and / or its derivatives,法规组级：无单一CAS/EC,法规组级：无单一CAS/EC,1,REACH Annex XVII第09项限制对象；Entry 9。具体限制条件见法规条款：Regulation。,Regulation,,https://eur-lex.europa.eu/legal-content/EN/TXT/?uri=uriserv:OJ.L_.2009.164.01.0007.01.ENG&toc=OJ:L:2009:164:TOC,100.239.169,100.239.182,CAS/EC与ECHA英文名逐条核对,已核对
720,09,绿嚏根草和黑嚏根草的根粉,Powder of the roots of Helleborus viridis and Helleborus niger,法规组级：无单一CAS/EC,法规组级：无单一CAS/EC,1,REACH Annex XVII第09项限制对象；Entry 9。具体限制条件见法规条款：Regulation。,Regulation,,https://eur-lex.europa.eu/legal-content/EN/TXT/?uri=uriserv:OJ.L_.2009.164.01.0007.01.ENG&toc=OJ:L:2009:164:TOC,100.239.210,100.239.182,CAS/EC与ECHA英文名逐条核对,已核对
721,09,白藜芦和黑藜芦的根粉,Powder of the roots of Veratrum album and Veratrum nigrum,法规组级：无单一CAS/EC,法规组级：无单一CAS/EC,1,REACH Annex XVII第09项限制对象；Entry 9。具体限制条件见法规条款：Regulation。,Regulation,,https://eur-lex.europa.eu/legal-content/EN/TXT/?uri=uriserv:OJ.L_.2009.164.01.0007.01.ENG&toc=OJ:L:2009:164:TOC,100.239.211,100.239.182,CAS/EC与ECHA英文名逐条核对,已核对
722,09,木粉,Wood powder,法规组级：无单一CAS/EC,法规组级：无单一CAS/EC,1,REACH Annex XVII第09项限制对象；Entry 9。具体限制条件见法规条款：Regulation。,Regulation,,https://eur-lex.europa.eu/legal-content/EN/TXT/?uri=uriserv:OJ.L_.2009.164.01.0007.01.ENG&toc=OJ:L:2009:164:TOC,100.239.222,100.239.182,CAS/EC与ECHA英文名逐条核对,已核对
43,10,硫化铵、硫氢化铵及多硫化铵,Entry 10,法规组级：无单一CAS/EC,法规组级：无单一CAS/EC,0,REACH Annex XVII第10项限制对象；Entry 10。具体限制条件见法规条款：Regulation。,Regulation,,https://eur-lex.europa.eu/legal-content/EN/TXT/?uri=uriserv:OJ.L_.2009.164.01.0007.01.ENG&toc=OJ:L:2009:164:TOC,100.239.178,100.239.178,共享核验表 + ECHA官方限制清单,已核对
707,10,多硫化铵,Ammonium polysulphide,9080-17-5,232-989-1,1,REACH Annex XVII第10项限制对象；Entry 10。具体限制条件见法规条款：Regulation。,Regulation,,https://eur-lex.europa.eu/legal-content/EN/TXT/?uri=uriserv:OJ.L_.2009.164.01.0007.01.ENG&toc=OJ:L:2009:164:TOC,100.029.978,100.239.178,CAS/EC与ECHA英文名逐条核对,已核对
708,10,硫氢化铵,Ammonium hydrogen sulphide,12124-99-1,235-184-3,1,REACH Annex XVII第10项限制对象；Entry 10。具体限制条件见法规条款：Regulation。,Regulation,,https://eur-lex.europa.eu/legal-content/EN/TXT/?uri=uriserv:OJ.L_.2009.164.01.0007.01.ENG&toc=OJ:L:2009:164:TOC,100.031.974,100.239.178,CAS/EC与ECHA英文名逐条核对,已核对
709,10,硫化铵,Ammonium sulphide,12135-76-1,235-223-4,1,REACH Annex XVII第10项限制对象；Entry 10。具体限制条件见法规条款：Regulation。,Regulation,,https://eur-lex.europa.eu/legal-content/EN/TXT/?uri=uriserv:OJ.L_.2009.164.01.0007.01.ENG&toc=OJ:L:2009:164:TOC,100.032.009,100.239.178,CAS/EC与ECHA英文名逐条核对,已核对
64,11,溴乙酸挥发性酯类,Volatile esters of bromoacetic acids,法规组级：无单一CAS/EC,法规组级：无单一CAS/EC,0,REACH Annex XVII第11项限制对象；Volatile esters of bromoacetic acids。具体限制条件见法规条款：Regulation。,Regulation,,https://eur-lex.europa.eu/legal-content/EN/TXT/?uri=uriserv:OJ.L_.2009.164.01.0007.01.ENG&toc=OJ:L:2009:164:TOC,100.239.221,100.239.221,共享核验表 + ECHA官方限制清单,已核对
1688,11,溴乙酸挥发性酯,Methyl bromoacetate,96-32-2,202-499-2,1,REACH Annex XVII第11项限制对象；Volatile esters of bromoacetic acids。具体限制条件见法规条款：Regulation。,Regulation,,https://eur-lex.europa.eu/legal-content/EN/TXT/?uri=uriserv:OJ.L_.2009.164.01.0007.01.ENG&toc=OJ:L:2009:164:TOC,100.002.273,100.239.221,ECHA法规条目与条目组级核对,已核对
1689,11,溴乙酸挥发性酯,Ethyl bromoacetate,105-36-2,203-290-9,1,REACH Annex XVII第11项限制对象；Volatile esters of bromoacetic acids。具体限制条件见法规条款：Regulation。,Regulation,,https://eur-lex.europa.eu/legal-content/EN/TXT/?uri=uriserv:OJ.L_.2009.164.01.0007.01.ENG&toc=OJ:L:2009:164:TOC,100.002.992,100.239.221,ECHA法规条目与条目组级核对,已核对
1690,11,溴乙酸挥发性酯,Butyl bromoacetate,18991-98-5,242-729-9,1,REACH Annex XVII第11项限制对象；Volatile esters of bromoacetic acids。具体限制条件见法规条款：Regulation。,Regulation,,https://eur-lex.europa.eu/legal-content/EN/TXT/?uri=uriserv:OJ.L_.2009.164.01.0007.01.ENG&toc=OJ:L:2009:164:TOC,100.038.830,100.239.221,ECHA法规条目与条目组级核对,已核对
1691,11,溴乙酸挥发性酯,Propyl bromoacetate,35223-80-4,法规组级：无单一CAS/EC,1,REACH Annex XVII第11项限制对象；Volatile esters of bromoacetic acids。具体限制条件见法规条款：Regulation。,Regulation,,https://eur-lex.europa.eu/legal-content/EN/TXT/?uri=uriserv:OJ.L_.2009.164.01.0007.01.ENG&toc=OJ:L:2009:164:TOC,100.204.433,100.239.221,ECHA法规条目与条目组级核对,已核对
34,12,2-萘胺及其盐,2-naphthylamine and its salts,法规组级：无单一CAS/EC,法规组级：无单一CAS/EC,0,REACH Annex XVII第12项限制对象；2-naphthylamine and its salts。具体限制条件见法规条款：Regulation。,Regulation,,https://eur-lex.europa.eu/legal-content/EN/TXT/?uri=uriserv:OJ.L_.2009.164.01.0007.01.ENG&toc=OJ:L:2009:164:TOC,100.239.164,100.239.164,共享核验表 + ECHA官方限制清单,已核对
80,12,2-萘胺,2-naphthylamine,91-59-8,202-080-4,1,REACH Annex XVII第12项限制对象；2-naphthylamine and its salts。具体限制条件见法规条款：Regulation。,Regulation,,https://eur-lex.europa.eu/legal-content/EN/TXT/?uri=uriserv:OJ.L_.2009.164.01.0007.01.ENG&toc=OJ:L:2009:164:TOC,100.001.892,100.239.164,ECHA法规条目与条目组级核对,已核对
81,12,2-萘铵乙酸盐,2-naphthylammonium acetate,553-00-4,209-030-0,1,REACH Annex XVII第12项限制对象；2-naphthylamine and its salts。具体限制条件见法规条款：Regulation。,Regulation,,https://eur-lex.europa.eu/legal-content/EN/TXT/?uri=uriserv:OJ.L_.2009.164.01.0007.01.ENG&toc=OJ:L:2009:164:TOC,100.008.210,100.239.164,ECHA法规条目与条目组级核对,已核对
82,12,2-萘铵氯化物,2-naphthylammonium chloride,612-52-2,210-313-6,1,REACH Annex XVII第12项限制对象；2-naphthylamine and its salts。具体限制条件见法规条款：Regulation。,Regulation,,https://eur-lex.europa.eu/legal-content/EN/TXT/?uri=uriserv:OJ.L_.2009.164.01.0007.01.ENG&toc=OJ:L:2009:164:TOC,100.009.377,100.239.164,ECHA法规条目与条目组级核对,已核对
83,12,2-萘胺的盐类,Salts of 2-naphthylamine,法规组级：无单一CAS/EC,法规组级：无单一CAS/EC,1,REACH Annex XVII第12项限制对象；2-naphthylamine and its salts。具体限制条件见法规条款：Regulation。,Regulation,,https://eur-lex.europa.eu/legal-content/EN/TXT/?uri=uriserv:OJ.L_.2009.164.01.0007.01.ENG&toc=OJ:L:2009:164:TOC,100.239.214,100.239.164,CAS/EC与ECHA英文名逐条核对,已核对
39,13,联苯胺及其盐,Benzidine and its salts,法规组级：无单一CAS/EC,法规组级：无单一CAS/EC,0,REACH Annex XVII第13项限制对象；Benzidine and its salts。具体限制条件见法规条款：Regulation。,Regulation,,https://eur-lex.europa.eu/legal-content/EN/TXT/?uri=uriserv:OJ.L_.2009.164.01.0007.01.ENG&toc=OJ:L:2009:164:TOC,100.239.170,100.239.170,共享核验表 + ECHA官方限制清单,已核对
426,13,联苯胺,Benzidine,92-87-5,202-199-1,1,REACH Annex XVII第13项限制对象；Benzidine and its salts。具体限制条件见法规条款：Regulation。,Regulation,,https://eur-lex.europa.eu/legal-content/EN/TXT/?uri=uriserv:OJ.L_.2009.164.01.0007.01.ENG&toc=OJ:L:2009:164:TOC,100.002.000,100.239.170,CAS/EC与ECHA英文名逐条核对,已核对
427,13,联苯胺的盐类,Salts of benzidine,法规组级：无单一CAS/EC,法规组级：无单一CAS/EC,1,REACH Annex XVII第13项限制对象；Benzidine and its salts。具体限制条件见法规条款：Regulation。,Regulation,,https://eur-lex.europa.eu/legal-content/EN/TXT/?uri=uriserv:OJ.L_.2009.164.01.0007.01.ENG&toc=OJ:L:2009:164:TOC,100.239.215,100.239.170,CAS/EC与ECHA英文名逐条核对,已核对
14,14,4-硝基联苯,4-Nitrobiphenyl,92-93-3,202-204-7,0,REACH Annex XVII第14项限制对象；4-Nitrobiphenyl。具体限制条件见法规条款：Regulation。,Regulation,,https://eur-lex.europa.eu/legal-content/EN/TXT/?uri=uriserv:OJ.L_.2009.164.01.0007.01.ENG&toc=OJ:L:2009:164:TOC,100.002.005,100.002.005,共享核验表 + ECHA官方限制清单,已核对
35,15,4-氨基联苯及其盐,4-Aminobiphenyl xenylamine and its salts,法规组级：无单一CAS/EC,法规组级：无单一CAS/EC,0,REACH Annex XVII第15项限制对象；4-Aminobiphenyl xenylamine and its salts。具体限制条件见法规条款：Regulation。,Regulation,,https://eur-lex.europa.eu/legal-content/EN/TXT/?uri=uriserv:OJ.L_.2009.164.01.0007.01.ENG&toc=OJ:L:2009:164:TOC,100.239.165,100.239.165,共享核验表 + ECHA官方限制清单,已核对
84,15,4-氨基联苯,4-Aminobiphenyl xenylamine,92-67-1,202-177-1,1,REACH Annex XVII第15项限制对象；4-Aminobiphenyl xenylamine and its salts。具体限制条件见法规条款：Regulation。,Regulation,,https://eur-lex.europa.eu/legal-content/EN/TXT/?uri=uriserv:OJ.L_.2009.164.01.0007.01.ENG&toc=OJ:L:2009:164:TOC,100.001.980,100.239.165,CAS/EC与ECHA英文名逐条核对,已核对
48,16,铅的碳酸盐,Lead carbonates,法规组级：无单一CAS/EC,法规组级：无单一CAS/EC,0,REACH Annex XVII第16项限制对象；Lead carbonates。具体限制条件见法规条款：Regulation。,Regulation,,https://eur-lex.europa.eu/legal-content/EN/TXT/?uri=uriserv:OJ.L_.2013.043.01.0024.01.ENG&toc=OJ:L:2013:043:TOC,100.239.188,100.239.188,共享核验表 + ECHA官方限制清单,已核对
1245,16,无水中性碳酸铅,Neutral anhydrous carbonate (PbCO3 ),598-63-0,209-943-4,1,REACH Annex XVII第16项限制对象；Lead carbonates。具体限制条件见法规条款：Regulation。,Regulation,,https://eur-lex.europa.eu/legal-content/EN/TXT/?uri=uriserv:OJ.L_.2013.043.01.0024.01.ENG&toc=OJ:L:2013:043:TOC,100.009.041,100.239.188,CAS/EC与ECHA英文名逐条核对,已核对
1246,16,碱式碳酸铅,Trilead-bis(carbonate)-dihydroxide 2PbCO3-Pb(OH)2,1319-46-6,215-290-6,1,REACH Annex XVII第16项限制对象；Lead carbonates。具体限制条件见法规条款：Regulation。,Regulation,,https://eur-lex.europa.eu/legal-content/EN/TXT/?uri=uriserv:OJ.L_.2013.043.01.0024.01.ENG&toc=OJ:L:2013:043:TOC,100.013.901,100.239.188,CAS/EC与ECHA英文名逐条核对,已核对
49,17,铅的硫酸盐,Lead sulphates,法规组级：无单一CAS/EC,法规组级：无单一CAS/EC,0,REACH Annex XVII第17项限制对象；Lead sulphates。具体限制条件见法规条款：Regulation。,Regulation,,https://eur-lex.europa.eu/legal-content/EN/TXT/?uri=uriserv:OJ.L_.2013.043.01.0024.01.ENG&toc=OJ:L:2013:043:TOC,100.239.190,100.239.190,共享核验表 + ECHA官方限制清单,已核对
1247,17,硫酸铅,Lead sulphate PbSO4,7446-14-2,231-198-9,1,REACH Annex XVII第17项限制对象；Lead sulphates。具体限制条件见法规条款：Regulation。,Regulation,,https://eur-lex.europa.eu/legal-content/EN/TXT/?uri=uriserv:OJ.L_.2013.043.01.0024.01.ENG&toc=OJ:L:2013:043:TOC,100.028.362,100.239.190,CAS/EC与ECHA英文名逐条核对,已核对
1248,17,硫酸铅盐,"Sulphuric acid, lead salt Pbx SO4",15739-80-7,239-831-0,1,REACH Annex XVII第17项限制对象；Lead sulphates。具体限制条件见法规条款：Regulation。,Regulation,,https://eur-lex.europa.eu/legal-content/EN/TXT/?uri=uriserv:OJ.L_.2013.043.01.0024.01.ENG&toc=OJ:L:2013:043:TOC,100.036.195,100.239.190,CAS/EC与ECHA英文名逐条核对,已核对
51,18,汞化合物,Mercury compounds,法规组级：无单一CAS/EC,法规组级：无单一CAS/EC,0,REACH Annex XVII第18项限制对象；Mercury compounds。具体限制条件见法规条款：Regulation。,Regulation,,https://eur-lex.europa.eu/legal-content/EN/TXT/?uri=uriserv:OJ.L_.2009.164.01.0007.01.ENG&toc=OJ:L:2009:164:TOC,100.239.192,100.239.192,共享核验表 + ECHA官方限制清单,已核对
30,18a,汞,Mercury,7439-97-6,231-106-7,0,REACH Annex XVII第18a项限制对象；Mercury。具体限制条件见法规条款：Regulation。,Regulation,,https://eur-lex.europa.eu/legal-content/EN/TXT/?uri=uriserv:OJ.L_.2012.253.01.0001.01.ENG&toc=OJ:L:2012:253:TOC,100.028.278,100.028.278,共享核验表 + ECHA官方限制清单,已核对
36,19,砷化合物,Arsenic compounds,法规组级：无单一CAS/EC,法规组级：无单一CAS/EC,0,REACH Annex XVII第19项限制对象；Arsenic compounds。具体限制条件见法规条款：Regulation。,Regulation,,https://eur-lex.europa.eu/legal-content/EN/TXT/?uri=uriserv:OJ.L_.2009.164.01.0007.01.ENG&toc=OJ:L:2009:164:TOC,100.239.166,100.239.166,共享核验表 + ECHA官方限制清单,已核对
85,19,"10,10'-氧代双吩砒",Diphenoxarsin-10-yl oxide,58-36-6,200-377-3,1,REACH Annex XVII第19项限制对象；Arsenic compounds。具体限制条件见法规条款：Regulation。,Regulation,,https://eur-lex.europa.eu/legal-content/EN/TXT/?uri=uriserv:OJ.L_.2009.164.01.0007.01.ENG&toc=OJ:L:2009:164:TOC,100.000.343,100.239.166,CAS/EC与ECHA英文名逐条核对,已核对
86,19,二甲基胂酸,Dimethylarsinic acid,75-60-5,200-883-4,1,REACH Annex XVII第19项限制对象；Arsenic compounds。具体限制条件见法规条款：Regulation。,Regulation,,https://eur-lex.europa.eu/legal-content/EN/TXT/?uri=uriserv:OJ.L_.2009.164.01.0007.01.ENG&toc=OJ:L:2009:164:TOC,100.000.804,100.239.166,CAS/EC与ECHA英文名逐条核对,已核对
87,19,3-乙酰氨基-4-羟基苯胂酸,Acetarsol,97-44-9,202-582-3,1,REACH Annex XVII第19项限制对象；Arsenic compounds。具体限制条件见法规条款：Regulation。,Regulation,,https://eur-lex.europa.eu/legal-content/EN/TXT/?uri=uriserv:OJ.L_.2009.164.01.0007.01.ENG&toc=OJ:L:2009:164:TOC,100.002.349,100.239.166,CAS/EC与ECHA英文名逐条核对,已核对
88,19,苯胂酸,Phenylarsonic acid,98-05-5,202-631-9,1,REACH Annex XVII第19项限制对象；Arsenic compounds。具体限制条件见法规条款：Regulation。,Regulation,,https://eur-lex.europa.eu/legal-content/EN/TXT/?uri=uriserv:OJ.L_.2009.164.01.0007.01.ENG&toc=OJ:L:2009:164:TOC,100.002.393,100.239.166,CAS/EC与ECHA英文名逐条核对,已核对
89,19,4-羟基苯胂酸,4-hydroxyphenylarsonic acid,98-14-6,202-641-3,1,REACH Annex XVII第19项限制对象；Arsenic compounds。具体限制条件见法规条款：Regulation。,Regulation,,https://eur-lex.europa.eu/legal-content/EN/TXT/?uri=uriserv:OJ.L_.2009.164.01.0007.01.ENG&toc=OJ:L:2009:164:TOC,100.002.402,100.239.166,CAS/EC与ECHA英文名逐条核对,已核对
90,19,4-氨基苯胂酸,Arsanilic acid,98-50-0,202-674-3,1,REACH Annex XVII第19项限制对象；Arsenic compounds。具体限制条件见法规条款：Regulation。,Regulation,,https://eur-lex.europa.eu/legal-content/EN/TXT/?uri=uriserv:OJ.L_.2009.164.01.0007.01.ENG&toc=OJ:L:2009:164:TOC,100.002.432,100.239.166,CAS/EC与ECHA英文名逐条核对,已核对
91,19,4-硝基苯胂酸,Nitarsone,98-72-6,202-695-8,1,REACH Annex XVII第19项限制对象；Arsenic compounds。具体限制条件见法规条款：Regulation。,Regulation,,https://eur-lex.europa.eu/legal-content/EN/TXT/?uri=uriserv:OJ.L_.2009.164.01.0007.01.ENG&toc=OJ:L:2009:164:TOC,100.002.451,100.239.166,CAS/EC与ECHA英文名逐条核对,已核对
92,19,丙基胂酸,Propylarsonic acid,107-34-6,203-482-2,1,REACH Annex XVII第19项限制对象；Arsenic compounds。具体限制条件见法规条款：Regulation。,Regulation,,https://eur-lex.europa.eu/legal-content/EN/TXT/?uri=uriserv:OJ.L_.2009.164.01.0007.01.ENG&toc=OJ:L:2009:164:TOC,100.003.167,100.239.166,CAS/EC与ECHA英文名逐条核对,已核对
93,19,羟乙酰氨基苯胂酸氧铋盐,Glycobiarsol,116-49-4,204-143-1,1,REACH Annex XVII第19项限制对象；Arsenic compounds。具体限制条件见法规条款：Regulation。,Regulation,,https://eur-lex.europa.eu/legal-content/EN/TXT/?uri=uriserv:OJ.L_.2009.164.01.0007.01.ENG&toc=OJ:L:2009:164:TOC,100.003.767,100.239.166,CAS/EC与ECHA英文名逐条核对,已核对
94,19,阿斯硫醇,Arsthinol,119-96-0,204-361-7,1,REACH Annex XVII第19项限制对象；Arsenic compounds。具体限制条件见法规条款：Regulation。,Regulation,,https://eur-lex.europa.eu/legal-content/EN/TXT/?uri=uriserv:OJ.L_.2009.164.01.0007.01.ENG&toc=OJ:L:2009:164:TOC,100.003.965,100.239.166,CAS/EC与ECHA英文名逐条核对,已核对
95,19,4-羟基-3-硝基苯胂酸,Roxarsone,121-19-7,204-453-7,1,REACH Annex XVII第19项限制对象；Arsenic compounds。具体限制条件见法规条款：Regulation。,Regulation,,https://eur-lex.europa.eu/legal-content/EN/TXT/?uri=uriserv:OJ.L_.2009.164.01.0007.01.ENG&toc=OJ:L:2009:164:TOC,100.004.049,100.239.166,CAS/EC与ECHA英文名逐条核对,已核对
96,19,卡巴胂,Carbarsone,121-59-5,204-484-6,1,REACH Annex XVII第19项限制对象；Arsenic compounds。具体限制条件见法规条款：Regulation。,Regulation,,https://eur-lex.europa.eu/legal-content/EN/TXT/?uri=uriserv:OJ.L_.2009.164.01.0007.01.ENG&toc=OJ:L:2009:164:TOC,100.004.077,100.239.166,CAS/EC与ECHA英文名逐条核对,已核对
97,19,甲基胂酸,Methylarsonic acid,124-58-3,204-705-6,1,REACH Annex XVII第19项限制对象；Arsenic compounds。具体限制条件见法规条款：Regulation。,Regulation,,https://eur-lex.europa.eu/legal-content/EN/TXT/?uri=uriserv:OJ.L_.2009.164.01.0007.01.ENG&toc=OJ:L:2009:164:TOC,100.004.278,100.239.166,CAS/EC与ECHA英文名逐条核对,已核对
98,19,二甲基胂酸钠,Sodium dimethylarsinate,124-65-2,204-708-2,1,REACH Annex XVII第19项限制对象；Arsenic compounds。具体限制条件见法规条款：Regulation。,Regulation,,https://eur-lex.europa.eu/legal-content/EN/TXT/?uri=uriserv:OJ.L_.2009.164.01.0007.01.ENG&toc=OJ:L:2009:164:TOC,100.004.281,100.239.166,CAS/EC与ECHA英文名逐条核对,已核对
99,19,胂基乙酸二钠,Disodium arsonoacetate,126-82-9,204-806-5,1,REACH Annex XVII第19项限制对象；Arsenic compounds。具体限制条件见法规条款：Regulation。,Regulation,,https://eur-lex.europa.eu/legal-content/EN/TXT/?uri=uriserv:OJ.L_.2009.164.01.0007.01.ENG&toc=OJ:L:2009:164:TOC,100.004.370,100.239.166,CAS/EC与ECHA英文名逐条核对,已核对
100,19,4-氨基苯胂酸氢钠,Sodium hydrogen 4-aminophenylarsonate,127-85-5,204-869-9,1,REACH Annex XVII第19项限制对象；Arsenic compounds。具体限制条件见法规条款：Regulation。,Regulation,,https://eur-lex.europa.eu/legal-content/EN/TXT/?uri=uriserv:OJ.L_.2009.164.01.0007.01.ENG&toc=OJ:L:2009:164:TOC,100.004.428,100.239.166,CAS/EC与ECHA英文名逐条核对,已核对
101,19,"4-[(2-胂酸基苯基)偶氮]-3-羟基萘-2,7-二磺酸","4-[(2-arsonophenyl)azo]-3-hydroxynaphthalene-2,7-disulphonic acid",132-33-2,205-058-2,1,REACH Annex XVII第19项限制对象；Arsenic compounds。具体限制条件见法规条款：Regulation。,Regulation,,https://eur-lex.europa.eu/legal-content/EN/TXT/?uri=uriserv:OJ.L_.2009.164.01.0007.01.ENG&toc=OJ:L:2009:164:TOC,100.004.600,100.239.166,CAS/EC与ECHA英文名逐条核对,已核对
102,19,"6,6'-二羟基-3,3'-二胂烯-1,2-二基二苯胺二盐酸盐","6,6'-dihydroxy-3,3'-diarsene-1,2-diyldianilinium dichloride",139-93-5,205-386-6,1,REACH Annex XVII第19项限制对象；Arsenic compounds。具体限制条件见法规条款：Regulation。,Regulation,,https://eur-lex.europa.eu/legal-content/EN/TXT/?uri=uriserv:OJ.L_.2009.164.01.0007.01.ENG&toc=OJ:L:2009:164:TOC,100.004.897,100.239.166,CAS/EC与ECHA英文名逐条核对,已核对
103,19,4-(羟乙酰氨基)苯胂酸氢钠,Sodium hydrogen [4-[(hydroxyacetyl)amino]phenyl]arsonate,140-45-4,205-415-2,1,REACH Annex XVII第19项限制对象；Arsenic compounds。具体限制条件见法规条款：Regulation。,Regulation,,https://eur-lex.europa.eu/legal-content/EN/TXT/?uri=uriserv:OJ.L_.2009.164.01.0007.01.ENG&toc=OJ:L:2009:164:TOC,100.004.924,100.239.166,CAS/EC与ECHA英文名逐条核对,已核对
104,19,甲基胂酸二钠,Disodium methylarsonate,144-21-8,205-620-7,1,REACH Annex XVII第19项限制对象；Arsenic compounds。具体限制条件见法规条款：Regulation。,Regulation,,https://eur-lex.europa.eu/legal-content/EN/TXT/?uri=uriserv:OJ.L_.2009.164.01.0007.01.ENG&toc=OJ:L:2009:164:TOC,100.005.110,100.239.166,CAS/EC与ECHA英文名逐条核对,已核对
105,19,4-(羟乙酰氨基)苯胂酸,4-(glycolloylamino)phenylarsonic acid,144-87-6,205-643-2,1,REACH Annex XVII第19项限制对象；Arsenic compounds。具体限制条件见法规条款：Regulation。,Regulation,,https://eur-lex.europa.eu/legal-content/EN/TXT/?uri=uriserv:OJ.L_.2009.164.01.0007.01.ENG&toc=OJ:L:2009:164:TOC,100.005.131,100.239.166,CAS/EC与ECHA英文名逐条核对,已核对
106,19,氧代苯胂,Oxophenarsine,306-12-7,206-178-8,1,REACH Annex XVII第19项限制对象；Arsenic compounds。具体限制条件见法规条款：Regulation。,Regulation,,https://eur-lex.europa.eu/legal-content/EN/TXT/?uri=uriserv:OJ.L_.2009.164.01.0007.01.ENG&toc=OJ:L:2009:164:TOC,100.005.618,100.239.166,CAS/EC与ECHA英文名逐条核对,已核对
107,19,六氟砷酸三苯甲基鎓,Tritylium hexafluoroarsenate,437-15-0,207-111-5,1,REACH Annex XVII第19项限制对象；Arsenic compounds。具体限制条件见法规条款：Regulation。,Regulation,,https://eur-lex.europa.eu/legal-content/EN/TXT/?uri=uriserv:OJ.L_.2009.164.01.0007.01.ENG&toc=OJ:L:2009:164:TOC,100.006.466,100.239.166,CAS/EC与ECHA英文名逐条核对,已核对
108,19,新胂凡纳明,Neoarsphenamine,457-60-3,207-273-7,1,REACH Annex XVII第19项限制对象；Arsenic compounds。具体限制条件见法规条款：Regulation。,Regulation,,https://eur-lex.europa.eu/legal-content/EN/TXT/?uri=uriserv:OJ.L_.2009.164.01.0007.01.ENG&toc=OJ:L:2009:164:TOC,100.006.613,100.239.166,CAS/EC与ECHA英文名逐条核对,已核对
109,19,四甲基二胂,Tetramethyldiarsine,471-35-2,207-440-4,1,REACH Annex XVII第19项限制对象；Arsenic compounds。具体限制条件见法规条款：Regulation。,Regulation,,https://eur-lex.europa.eu/legal-content/EN/TXT/?uri=uriserv:OJ.L_.2009.164.01.0007.01.ENG&toc=OJ:L:2009:164:TOC,100.006.766,100.239.166,CAS/EC与ECHA英文名逐条核对,已核对
110,19,美拉胂醇,Melarsoprol,494-79-1,207-793-4,1,REACH Annex XVII第19项限制对象；Arsenic compounds。具体限制条件见法规条款：Regulation。,Regulation,,https://eur-lex.europa.eu/legal-content/EN/TXT/?uri=uriserv:OJ.L_.2009.164.01.0007.01.ENG&toc=OJ:L:2009:164:TOC,100.007.086,100.239.166,CAS/EC与ECHA英文名逐条核对,已核对
111,19,四苯基砷鎓溴化物,Tetraphenylarsonium bromide,507-27-7,208-069-0,1,REACH Annex XVII第19项限制对象；Arsenic compounds。具体限制条件见法规条款：Regulation。,Regulation,,https://eur-lex.europa.eu/legal-content/EN/TXT/?uri=uriserv:OJ.L_.2009.164.01.0007.01.ENG&toc=OJ:L:2009:164:TOC,100.007.336,100.239.166,CAS/EC与ECHA英文名逐条核对,已核对
112,19,四苯基砷鎓氯化物,Tetraphenylarsonium chloride,507-28-8,208-070-6,1,REACH Annex XVII第19项限制对象；Arsenic compounds。具体限制条件见法规条款：Regulation。,Regulation,,https://eur-lex.europa.eu/legal-content/EN/TXT/?uri=uriserv:OJ.L_.2009.164.01.0007.01.ENG&toc=OJ:L:2009:164:TOC,100.007.337,100.239.166,CAS/EC与ECHA英文名逐条核对,已核对
113,19,二非他胂二钠,Difetarsone disodium,515-76-4,208-209-0,1,REACH Annex XVII第19项限制对象；Arsenic compounds。具体限制条件见法规条款：Regulation。,Regulation,,https://eur-lex.europa.eu/legal-content/EN/TXT/?uri=uriserv:OJ.L_.2009.164.01.0007.01.ENG&toc=OJ:L:2009:164:TOC,100.007.464,100.239.166,CAS/EC与ECHA英文名逐条核对,已核对
114,19,"2-(2-氢胂酸基苯偶氮)-1,8-二羟基萘-3,6-二磺酸三钠","Trisodium 2-(-hydrogen arsonatophenylazo)-1,8-dihydroxynaphthalene-3,6-disulphonate",520-10-5,208-285-5,1,REACH Annex XVII第19项限制对象；Arsenic compounds。具体限制条件见法规条款：Regulation。,Regulation,,https://eur-lex.europa.eu/legal-content/EN/TXT/?uri=uriserv:OJ.L_.2009.164.01.0007.01.ENG&toc=OJ:L:2009:164:TOC,100.007.533,100.239.166,CAS/EC与ECHA英文名逐条核对,已核对
115,19,乙酰胂胺醇-二乙胺（1:1）,Acetarsol-diethylamine (1:1),534-33-8,208-597-1,1,REACH Annex XVII第19项限制对象；Arsenic compounds。具体限制条件见法规条款：Regulation。,Regulation,,https://eur-lex.europa.eu/legal-content/EN/TXT/?uri=uriserv:OJ.L_.2009.164.01.0007.01.ENG&toc=OJ:L:2009:164:TOC,100.007.817,100.239.166,CAS/EC与ECHA英文名逐条核对,已核对
116,19,盐酸氧代苯胂,Oxophenarsine hydrochloride,538-03-4,208-682-3,1,REACH Annex XVII第19项限制对象；Arsenic compounds。具体限制条件见法规条款：Regulation。,Regulation,,https://eur-lex.europa.eu/legal-content/EN/TXT/?uri=uriserv:OJ.L_.2009.164.01.0007.01.ENG&toc=OJ:L:2009:164:TOC,100.007.895,100.239.166,CAS/EC与ECHA英文名逐条核对,已核对
117,19,"三[(8α,9R)-6'-甲氧基辛可南-9-醇]二砷酸盐","Tris[(8α,9R)-6'-methoxycinchonan-9-ol] bis(arsenate)",549-59-7,208-971-4,1,REACH Annex XVII第19项限制对象；Arsenic compounds。具体限制条件见法规条款：Regulation。,Regulation,,https://eur-lex.europa.eu/legal-content/EN/TXT/?uri=uriserv:OJ.L_.2009.164.01.0007.01.ENG&toc=OJ:L:2009:164:TOC,100.008.157,100.239.166,CAS/EC与ECHA英文名逐条核对,已核对
118,19,锥虫胂胺,Tryparsamide,554-72-3,209-070-9,1,REACH Annex XVII第19项限制对象；Arsenic compounds。具体限制条件见法规条款：Regulation。,Regulation,,https://eur-lex.europa.eu/legal-content/EN/TXT/?uri=uriserv:OJ.L_.2009.164.01.0007.01.ENG&toc=OJ:L:2009:164:TOC,100.008.247,100.239.166,CAS/EC与ECHA英文名逐条核对,已核对
119,19,"10-氯-5,10-二氢吩砒嗪","10-chloro-5,10-dihydrophenarsazine",578-94-9,209-433-1,1,REACH Annex XVII第19项限制对象；Arsenic compounds。具体限制条件见法规条款：Regulation。,Regulation,,https://eur-lex.europa.eu/legal-content/EN/TXT/?uri=uriserv:OJ.L_.2009.164.01.0007.01.ENG&toc=OJ:L:2009:164:TOC,100.008.577,100.239.166,CAS/EC与ECHA英文名逐条核对,已核对
120,19,4-乙酰氨基苯胂酸氢钠,Sodium hydrogen [4-(acetamido)phenyl]arsonate,585-54-6,209-558-1,1,REACH Annex XVII第19项限制对象；Arsenic compounds。具体限制条件见法规条款：Regulation。,Regulation,,https://eur-lex.europa.eu/legal-content/EN/TXT/?uri=uriserv:OJ.L_.2009.164.01.0007.01.ENG&toc=OJ:L:2009:164:TOC,100.008.691,100.239.166,CAS/EC与ECHA英文名逐条核对,已核对
121,19,烯丙基胂酸,Allylarsonic acid,590-34-1,209-678-4,1,REACH Annex XVII第19项限制对象；Arsenic compounds。具体限制条件见法规条款：Regulation。,Regulation,,https://eur-lex.europa.eu/legal-content/EN/TXT/?uri=uriserv:OJ.L_.2009.164.01.0007.01.ENG&toc=OJ:L:2009:164:TOC,100.008.800,100.239.166,CAS/EC与ECHA英文名逐条核对,已核对
122,19,甲基氧化胂,Methyloxoarsine,593-58-8,209-799-2,1,REACH Annex XVII第19项限制对象；Arsenic compounds。具体限制条件见法规条款：Regulation。,Regulation,,https://eur-lex.europa.eu/legal-content/EN/TXT/?uri=uriserv:OJ.L_.2009.164.01.0007.01.ENG&toc=OJ:L:2009:164:TOC,100.008.910,100.239.166,CAS/EC与ECHA英文名逐条核对,已核对
123,19,三甲基胂,Trimethylarsine,593-88-4,209-815-8,1,REACH Annex XVII第19项限制对象；Arsenic compounds。具体限制条件见法规条款：Regulation。,Regulation,,https://eur-lex.europa.eu/legal-content/EN/TXT/?uri=uriserv:OJ.L_.2009.164.01.0007.01.ENG&toc=OJ:L:2009:164:TOC,100.008.925,100.239.166,CAS/EC与ECHA英文名逐条核对,已核对
124,19,二氯乙基胂,Dichloro(ethyl)arsine,598-14-1,209-919-3,1,REACH Annex XVII第19项限制对象；Arsenic compounds。具体限制条件见法规条款：Regulation。,Regulation,,https://eur-lex.europa.eu/legal-content/EN/TXT/?uri=uriserv:OJ.L_.2009.164.01.0007.01.ENG&toc=OJ:L:2009:164:TOC,100.009.019,100.239.166,CAS/EC与ECHA英文名逐条核对,已核对
125,19,三苯基胂,Triphenylarsine,603-32-7,210-032-9,1,REACH Annex XVII第19项限制对象；Arsenic compounds。具体限制条件见法规条款：Regulation。,Regulation,,https://eur-lex.europa.eu/legal-content/EN/TXT/?uri=uriserv:OJ.L_.2009.164.01.0007.01.ENG&toc=OJ:L:2009:164:TOC,100.009.121,100.239.166,CAS/EC与ECHA英文名逐条核对,已核对
126,19,三乙基胂,Triethylarsine,617-75-4,210-526-4,1,REACH Annex XVII第19项限制对象；Arsenic compounds。具体限制条件见法规条款：Regulation。,Regulation,,https://eur-lex.europa.eu/legal-content/EN/TXT/?uri=uriserv:OJ.L_.2009.164.01.0007.01.ENG&toc=OJ:L:2009:164:TOC,100.009.571,100.239.166,CAS/EC与ECHA英文名逐条核对,已核对
127,19,4-乙酰氨基苯胂酸,4-acetamidophenylarsonic acid,618-22-4,210-541-6,1,REACH Annex XVII第19项限制对象；Arsenic compounds。具体限制条件见法规条款：Regulation。,Regulation,,https://eur-lex.europa.eu/legal-content/EN/TXT/?uri=uriserv:OJ.L_.2009.164.01.0007.01.ENG&toc=OJ:L:2009:164:TOC,100.009.584,100.239.166,CAS/EC与ECHA英文名逐条核对,已核对
128,19,磺胂凡纳明,Sulfarsphenamine,618-82-6,210-564-1,1,REACH Annex XVII第19项限制对象；Arsenic compounds。具体限制条件见法规条款：Regulation。,Regulation,,https://eur-lex.europa.eu/legal-content/EN/TXT/?uri=uriserv:OJ.L_.2009.164.01.0007.01.ENG&toc=OJ:L:2009:164:TOC,100.009.605,100.239.166,CAS/EC与ECHA英文名逐条核对,已核对
129,19,4-(4-二甲氨基苯偶氮)苯胂酸,4-(4-dimethylaminophenylazo)phenylarsonic acid,622-68-4,210-750-2,1,REACH Annex XVII第19项限制对象；Arsenic compounds。具体限制条件见法规条款：Regulation。,Regulation,,https://eur-lex.europa.eu/legal-content/EN/TXT/?uri=uriserv:OJ.L_.2009.164.01.0007.01.ENG&toc=OJ:L:2009:164:TOC,100.009.774,100.239.166,CAS/EC与ECHA英文名逐条核对,已核对
130,19,氧化苯基胂,Phenylarsine oxide,637-03-6,211-275-3,1,REACH Annex XVII第19项限制对象；Arsenic compounds。具体限制条件见法规条款：Regulation。,Regulation,,https://eur-lex.europa.eu/legal-content/EN/TXT/?uri=uriserv:OJ.L_.2009.164.01.0007.01.ENG&toc=OJ:L:2009:164:TOC,100.010.251,100.239.166,CAS/EC与ECHA英文名逐条核对,已核对
131,19,碘二甲基胂,Iododimethylarsine,676-75-5,211-630-2,1,REACH Annex XVII第19项限制对象；Arsenic compounds。具体限制条件见法规条款：Regulation。,Regulation,,https://eur-lex.europa.eu/legal-content/EN/TXT/?uri=uriserv:OJ.L_.2009.164.01.0007.01.ENG&toc=OJ:L:2009:164:TOC,100.010.574,100.239.166,CAS/EC与ECHA英文名逐条核对,已核对
132,19,二氯苯基胂,Dichloro(phenyl)arsine,696-28-6,211-791-9,1,REACH Annex XVII第19项限制对象；Arsenic compounds。具体限制条件见法规条款：Regulation。,Regulation,,https://eur-lex.europa.eu/legal-content/EN/TXT/?uri=uriserv:OJ.L_.2009.164.01.0007.01.ENG&toc=OJ:L:2009:164:TOC,100.010.721,100.239.166,CAS/EC与ECHA英文名逐条核对,已核对
133,19,氯二苯基胂,Chlorodiphenylarsine,712-48-1,211-921-4,1,REACH Annex XVII第19项限制对象；Arsenic compounds。具体限制条件见法规条款：Regulation。,Regulation,,https://eur-lex.europa.eu/legal-content/EN/TXT/?uri=uriserv:OJ.L_.2009.164.01.0007.01.ENG&toc=OJ:L:2009:164:TOC,100.010.839,100.239.166,CAS/EC与ECHA英文名逐条核对,已核对
134,19,二苯基胂,Diphenylarsine,829-83-4,212-589-3,1,REACH Annex XVII第19项限制对象；Arsenic compounds。具体限制条件见法规条款：Regulation。,Regulation,,https://eur-lex.europa.eu/legal-content/EN/TXT/?uri=uriserv:OJ.L_.2009.164.01.0007.01.ENG&toc=OJ:L:2009:164:TOC,100.011.445,100.239.166,CAS/EC与ECHA英文名逐条核对,已核对
135,19,"1,2,5,6-四氢-1-甲基烟酸甲酯单[(3-乙酰氨基-4-羟基苯基)胂酸盐]","Methyl 1,2,5,6-tetrahydro-1-methylnicotinate, mono[(3-acetamido-4-hydroxyphenyl)arsonate]",900-77-6,212-983-5,1,REACH Annex XVII第19项限制对象；Arsenic compounds。具体限制条件见法规条款：Regulation。,Regulation,,https://eur-lex.europa.eu/legal-content/EN/TXT/?uri=uriserv:OJ.L_.2009.164.01.0007.01.ENG&toc=OJ:L:2009:164:TOC,100.011.803,100.239.166,CAS/EC与ECHA英文名逐条核对,已核对
136,19,甲基二苯基胂,Methyldiphenylarsine,945-48-2,213-414-3,1,REACH Annex XVII第19项限制对象；Arsenic compounds。具体限制条件见法规条款：Regulation。,Regulation,,https://eur-lex.europa.eu/legal-content/EN/TXT/?uri=uriserv:OJ.L_.2009.164.01.0007.01.ENG&toc=OJ:L:2009:164:TOC,100.012.195,100.239.166,CAS/EC与ECHA英文名逐条核对,已核对
137,19,三苯基氧化胂,Triphenylarsine oxide,1153-05-5,214-571-0,1,REACH Annex XVII第19项限制对象；Arsenic compounds。具体限制条件见法规条款：Regulation。,Regulation,,https://eur-lex.europa.eu/legal-content/EN/TXT/?uri=uriserv:OJ.L_.2009.164.01.0007.01.ENG&toc=OJ:L:2009:164:TOC,100.013.246,100.239.166,CAS/EC与ECHA英文名逐条核对,已核对
138,19,砷化镓,Gallium arsenide,1303-00-0,215-114-8,1,REACH Annex XVII第19项限制对象；Arsenic compounds。具体限制条件见法规条款：Regulation。,Regulation,,https://eur-lex.europa.eu/legal-content/EN/TXT/?uri=uriserv:OJ.L_.2009.164.01.0007.01.ENG&toc=OJ:L:2009:164:TOC,100.013.741,100.239.166,CAS/EC与ECHA英文名逐条核对,已核对
139,19,砷化铟,Indium arsenide,1303-11-3,215-115-3,1,REACH Annex XVII第19项限制对象；Arsenic compounds。具体限制条件见法规条款：Regulation。,Regulation,,https://eur-lex.europa.eu/legal-content/EN/TXT/?uri=uriserv:OJ.L_.2009.164.01.0007.01.ENG&toc=OJ:L:2009:164:TOC,100.013.742,100.239.166,CAS/EC与ECHA英文名逐条核对,已核对
140,19,五氧化二砷,Diarsenic pentaoxide,1303-28-2,215-116-9,1,REACH Annex XVII第19项限制对象；Arsenic compounds。具体限制条件见法规条款：Regulation。,Regulation,,https://eur-lex.europa.eu/legal-content/EN/TXT/?uri=uriserv:OJ.L_.2009.164.01.0007.01.ENG&toc=OJ:L:2009:164:TOC,100.013.743,100.239.166,CAS/EC与ECHA英文名逐条核对,已核对
141,19,硫化砷,arsenic sulfide,1303-33-9,215-117-4,1,REACH Annex XVII第19项限制对象；Arsenic compounds。具体限制条件见法规条款：Regulation。,Regulation,,https://eur-lex.europa.eu/legal-content/EN/TXT/?uri=uriserv:OJ.L_.2009.164.01.0007.01.ENG&toc=OJ:L:2009:164:TOC,100.013.744,100.239.166,CAS/EC与ECHA英文名逐条核对,已核对
142,19,三硒化二砷,Diarsenic triselenide,1303-36-2,215-119-5,1,REACH Annex XVII第19项限制对象；Arsenic compounds。具体限制条件见法规条款：Regulation。,Regulation,,https://eur-lex.europa.eu/legal-content/EN/TXT/?uri=uriserv:OJ.L_.2009.164.01.0007.01.ENG&toc=OJ:L:2009:164:TOC,100.013.745,100.239.166,CAS/EC与ECHA英文名逐条核对,已核对
143,19,三氧化二砷,Diarsenic trioxide,1327-53-3,215-481-4,1,REACH Annex XVII第19项限制对象；Arsenic compounds。具体限制条件见法规条款：Regulation。,Regulation,,https://eur-lex.europa.eu/legal-content/EN/TXT/?uri=uriserv:OJ.L_.2009.164.01.0007.01.ENG&toc=OJ:L:2009:164:TOC,100.014.075,100.239.166,CAS/EC与ECHA英文名逐条核对,已核对
144,19,碘化甲基三苯基砷鎓,Methyltriphenylarsonium iodide,1499-33-8,216-108-8,1,REACH Annex XVII第19项限制对象；Arsenic compounds。具体限制条件见法规条款：Regulation。,Regulation,,https://eur-lex.europa.eu/legal-content/EN/TXT/?uri=uriserv:OJ.L_.2009.164.01.0007.01.ENG&toc=OJ:L:2009:164:TOC,100.014.644,100.239.166,CAS/EC与ECHA英文名逐条核对,已核对
145,19,"2,7-双[(2-胂酸基苯基)偶氮]-1,8-二羟基萘-3,6-二磺酸","2,7-(bis(2-arsonophenylazo))-1,8-dihydroxynaphthalene-3,6-disulphonic acid",1668-00-4,216-788-6,1,REACH Annex XVII第19项限制对象；Arsenic compounds。具体限制条件见法规条款：Regulation。,Regulation,,https://eur-lex.europa.eu/legal-content/EN/TXT/?uri=uriserv:OJ.L_.2009.164.01.0007.01.ENG&toc=OJ:L:2009:164:TOC,100.015.263,100.239.166,CAS/EC与ECHA英文名逐条核对,已核对
146,19,邻苯二胂酸,o-phenylenediarsonic acid,1758-48-1,217-154-1,1,REACH Annex XVII第19项限制对象；Arsenic compounds。具体限制条件见法规条款：Regulation。,Regulation,,https://eur-lex.europa.eu/legal-content/EN/TXT/?uri=uriserv:OJ.L_.2009.164.01.0007.01.ENG&toc=OJ:L:2009:164:TOC,100.015.595,100.239.166,CAS/EC与ECHA英文名逐条核对,已核对
147,19,4-[[4-[3-(2-胂酸基-4-硝基苯基)三氮烯-1-基]苯基]偶氮]苯磺酸钠,Sodium p-[[4-[3-(2-arsono-4-nitrophenyl)triazen-1-yl]phenyl]azo]benzenesulphonate,1772-02-7,217-197-6,1,REACH Annex XVII第19项限制对象；Arsenic compounds。具体限制条件见法规条款：Regulation。,Regulation,,https://eur-lex.europa.eu/legal-content/EN/TXT/?uri=uriserv:OJ.L_.2009.164.01.0007.01.ENG&toc=OJ:L:2009:164:TOC,100.015.634,100.239.166,CAS/EC与ECHA英文名逐条核对,已核对
148,19,2-氨基苯胂酸,2-aminophenylarsonic acid,2045-00-3,218-064-5,1,REACH Annex XVII第19项限制对象；Arsenic compounds。具体限制条件见法规条款：Regulation。,Regulation,,https://eur-lex.europa.eu/legal-content/EN/TXT/?uri=uriserv:OJ.L_.2009.164.01.0007.01.ENG&toc=OJ:L:2009:164:TOC,100.016.423,100.239.166,CAS/EC与ECHA英文名逐条核对,已核对
149,19,3-氨基-4-羟基苯胂酸,3-amino-4-hydroxyphenylarsonic acid,2163-77-1,218-494-3,1,REACH Annex XVII第19项限制对象；Arsenic compounds。具体限制条件见法规条款：Regulation。,Regulation,,https://eur-lex.europa.eu/legal-content/EN/TXT/?uri=uriserv:OJ.L_.2009.164.01.0007.01.ENG&toc=OJ:L:2009:164:TOC,100.016.814,100.239.166,CAS/EC与ECHA英文名逐条核对,已核对
150,19,甲基胂酸钠,Sodium methylarsonate,2163-80-6,218-495-9,1,REACH Annex XVII第19项限制对象；Arsenic compounds。具体限制条件见法规条款：Regulation。,Regulation,,https://eur-lex.europa.eu/legal-content/EN/TXT/?uri=uriserv:OJ.L_.2009.164.01.0007.01.ENG&toc=OJ:L:2009:164:TOC,100.016.815,100.239.166,CAS/EC与ECHA英文名逐条核对,已核对
151,19,10-氯-10H-吩砒嗪,10-chloro-10H-phenoxarsine,2865-70-5,220-684-6,1,REACH Annex XVII第19项限制对象；Arsenic compounds。具体限制条件见法规条款：Regulation。,Regulation,,https://eur-lex.europa.eu/legal-content/EN/TXT/?uri=uriserv:OJ.L_.2009.164.01.0007.01.ENG&toc=OJ:L:2009:164:TOC,100.018.804,100.239.166,CAS/EC与ECHA英文名逐条核对,已核对
152,19,三对甲苯基胂,Tri-p-tolylarsine,2896-10-8,220-776-6,1,REACH Annex XVII第19项限制对象；Arsenic compounds。具体限制条件见法规条款：Regulation。,Regulation,,https://eur-lex.europa.eu/legal-content/EN/TXT/?uri=uriserv:OJ.L_.2009.164.01.0007.01.ENG&toc=OJ:L:2009:164:TOC,100.018.888,100.239.166,CAS/EC与ECHA英文名逐条核对,已核对
153,19,亚砷酸三乙酯,Triethyl arsenite,3141-12-6,221-543-1,1,REACH Annex XVII第19项限制对象；Arsenic compounds。具体限制条件见法规条款：Regulation。,Regulation,,https://eur-lex.europa.eu/legal-content/EN/TXT/?uri=uriserv:OJ.L_.2009.164.01.0007.01.ENG&toc=OJ:L:2009:164:TOC,100.019.585,100.239.166,CAS/EC与ECHA英文名逐条核对,已核对
154,19,"3-[(邻胂酸基苯基)偶氮]-4,5-二羟基萘-2,7-二磺酸二钠","Disodium 3-[(o-arsonophenyl)azo]-4,5-dihydroxynaphthalene-2,7-disulphonate",3547-38-4,222-600-3,1,REACH Annex XVII第19项限制对象；Arsenic compounds。具体限制条件见法规条款：Regulation。,Regulation,,https://eur-lex.europa.eu/legal-content/EN/TXT/?uri=uriserv:OJ.L_.2009.164.01.0007.01.ENG&toc=OJ:L:2009:164:TOC,100.020.546,100.239.166,CAS/EC与ECHA英文名逐条核对,已核对
155,19,"[4-[(4,6-二氨基-1,3,5-三嗪-2-基)氨基]苯基]胂酸二钠","Disodium [4-[(4,6-diamino-1,3,5-triazin-2-yl)amino]phenyl]arsonate",3599-28-8,222-749-4,1,REACH Annex XVII第19项限制对象；Arsenic compounds。具体限制条件见法规条款：Regulation。,Regulation,,https://eur-lex.europa.eu/legal-content/EN/TXT/?uri=uriserv:OJ.L_.2009.164.01.0007.01.ENG&toc=OJ:L:2009:164:TOC,100.020.682,100.239.166,CAS/EC与ECHA英文名逐条核对,已核对
156,19,二非他胂,Difetarsone,3639-19-8,222-866-0,1,REACH Annex XVII第19项限制对象；Arsenic compounds。具体限制条件见法规条款：Regulation。,Regulation,,https://eur-lex.europa.eu/legal-content/EN/TXT/?uri=uriserv:OJ.L_.2009.164.01.0007.01.ENG&toc=OJ:L:2009:164:TOC,100.020.788,100.239.166,CAS/EC与ECHA英文名逐条核对,已核对
157,19,砷酸铅,Trilead diarsenate,3687-31-8,222-979-5,1,REACH Annex XVII第19项限制对象；Arsenic compounds。具体限制条件见法规条款：Regulation。,Regulation,,https://eur-lex.europa.eu/legal-content/EN/TXT/?uri=uriserv:OJ.L_.2009.164.01.0007.01.ENG&toc=OJ:L:2009:164:TOC,100.020.890,100.239.166,CAS/EC与ECHA英文名逐条核对,已核对
158,19,"4-[(邻胂酸基苯基)偶氮]-3-羟基萘-2,7-二磺酸二钠","Disodium 4-[(o-arsonophenyl)azo]-3-hydroxynaphthalene-2,7-disulphonate",3688-92-4,222-993-1,1,REACH Annex XVII第19项限制对象；Arsenic compounds。具体限制条件见法规条款：Regulation。,Regulation,,https://eur-lex.europa.eu/legal-content/EN/TXT/?uri=uriserv:OJ.L_.2009.164.01.0007.01.ENG&toc=OJ:L:2009:164:TOC,100.020.903,100.239.166,CAS/EC与ECHA英文名逐条核对,已核对
159,19,"2-[[7-[(2-胂酸基苯基)偶氮]-1,8-二羟基-3,6-二磺酸基-2-萘基]偶氮]苯甲酸","2-[[7-[(2-arsonophenyl)azo]-1,8-dihydroxy-3,6-disulpho-2-naphthyl]azo]benzoic acid",3772-44-9,223-216-9,1,REACH Annex XVII第19项限制对象；Arsenic compounds。具体限制条件见法规条款：Regulation。,Regulation,,https://eur-lex.europa.eu/legal-content/EN/TXT/?uri=uriserv:OJ.L_.2009.164.01.0007.01.ENG&toc=OJ:L:2009:164:TOC,100.021.107,100.239.166,CAS/EC与ECHA英文名逐条核对,已核对
160,19,对甲苯胂酸,p-tolylarsonic acid,3969-54-8,223-588-2,1,REACH Annex XVII第19项限制对象；Arsenic compounds。具体限制条件见法规条款：Regulation。,Regulation,,https://eur-lex.europa.eu/legal-content/EN/TXT/?uri=uriserv:OJ.L_.2009.164.01.0007.01.ENG&toc=OJ:L:2009:164:TOC,100.021.445,100.239.166,CAS/EC与ECHA英文名逐条核对,已核对
161,19,"1,2-双(二苯基胂基)乙烷",Ethylenebis(diphenylarsine),4431-24-7,224-629-7,1,REACH Annex XVII第19项限制对象；Arsenic compounds。具体限制条件见法规条款：Regulation。,Regulation,,https://eur-lex.europa.eu/legal-content/EN/TXT/?uri=uriserv:OJ.L_.2009.164.01.0007.01.ENG&toc=OJ:L:2009:164:TOC,100.022.391,100.239.166,CAS/EC与ECHA英文名逐条核对,已核对
162,19,二苯基二胂酸,Diphenyldiarsenic acid,4519-32-8,224-845-1,1,REACH Annex XVII第19项限制对象；Arsenic compounds。具体限制条件见法规条款：Regulation。,Regulation,,https://eur-lex.europa.eu/legal-content/EN/TXT/?uri=uriserv:OJ.L_.2009.164.01.0007.01.ENG&toc=OJ:L:2009:164:TOC,100.022.588,100.239.166,CAS/EC与ECHA英文名逐条核对,已核对
163,19,"10-[(二甲基硫代氨基甲酰基)硫基]-5,10-二氢吩砒嗪","10-[(dimethylthiocarbamoyl)thio]-5,10-dihydrophenarsazine",4808-24-6,225-368-1,1,REACH Annex XVII第19项限制对象；Arsenic compounds。具体限制条件见法规条款：Regulation。,Regulation,,https://eur-lex.europa.eu/legal-content/EN/TXT/?uri=uriserv:OJ.L_.2009.164.01.0007.01.ENG&toc=OJ:L:2009:164:TOC,100.023.062,100.239.166,CAS/EC与ECHA英文名逐条核对,已核对
164,19,2-硝基苯胂酸,2-nitrophenylarsonic acid,5410-29-7,226-485-0,1,REACH Annex XVII第19项限制对象；Arsenic compounds。具体限制条件见法规条款：Regulation。,Regulation,,https://eur-lex.europa.eu/legal-content/EN/TXT/?uri=uriserv:OJ.L_.2009.164.01.0007.01.ENG&toc=OJ:L:2009:164:TOC,100.024.077,100.239.166,CAS/EC与ECHA英文名逐条核对,已核对
165,19,4-(2-氯乙酰氨基)苯胂酸,4-(2-chloroacetamido)phenylarsonic acid,5425-62-7,226-569-7,1,REACH Annex XVII第19项限制对象；Arsenic compounds。具体限制条件见法规条款：Regulation。,Regulation,,https://eur-lex.europa.eu/legal-content/EN/TXT/?uri=uriserv:OJ.L_.2009.164.01.0007.01.ENG&toc=OJ:L:2009:164:TOC,100.024.154,100.239.166,CAS/EC与ECHA英文名逐条核对,已核对
166,19,4-氯苯胂酸,4-chlorophenylarsonic acid,5440-04-0,226-622-4,1,REACH Annex XVII第19项限制对象；Arsenic compounds。具体限制条件见法规条款：Regulation。,Regulation,,https://eur-lex.europa.eu/legal-content/EN/TXT/?uri=uriserv:OJ.L_.2009.164.01.0007.01.ENG&toc=OJ:L:2009:164:TOC,100.024.202,100.239.166,CAS/EC与ECHA英文名逐条核对,已核对
167,19,双(二甲基胂酸)钙,Calcium bis(dimethylarsinate),5785-43-3,227-311-6,1,REACH Annex XVII第19项限制对象；Arsenic compounds。具体限制条件见法规条款：Regulation。,Regulation,,https://eur-lex.europa.eu/legal-content/EN/TXT/?uri=uriserv:OJ.L_.2009.164.01.0007.01.ENG&toc=OJ:L:2009:164:TOC,100.024.829,100.239.166,CAS/EC与ECHA英文名逐条核对,已核对
168,19,"[4-[(4,6-二氨基-1,3,5-三嗪-2-基)氨基]苯基]胂酸","[4-[(4,6-diamino-1,3,5-triazin-2-yl)amino]phenyl]arsonic acid",5806-89-3,227-365-0,1,REACH Annex XVII第19项限制对象；Arsenic compounds。具体限制条件见法规条款：Regulation。,Regulation,,https://eur-lex.europa.eu/legal-content/EN/TXT/?uri=uriserv:OJ.L_.2009.164.01.0007.01.ENG&toc=OJ:L:2009:164:TOC,100.024.878,100.239.166,CAS/EC与ECHA英文名逐条核对,已核对
169,19,3-乙酰氨基-4-羟基苯胂酸氢钠,Sodium hydrogen (3-acetamido-4-hydroxyphenyl)arsonate,5892-48-8,227-573-1,1,REACH Annex XVII第19项限制对象；Arsenic compounds。具体限制条件见法规条款：Regulation。,Regulation,,https://eur-lex.europa.eu/legal-content/EN/TXT/?uri=uriserv:OJ.L_.2009.164.01.0007.01.ENG&toc=OJ:L:2009:164:TOC,100.025.066,100.239.166,CAS/EC与ECHA英文名逐条核对,已核对
170,19,双(甲基胂酸)钙,Calcium bis(methylarsonate),5902-95-4,227-598-8,1,REACH Annex XVII第19项限制对象；Arsenic compounds。具体限制条件见法规条款：Regulation。,Regulation,,https://eur-lex.europa.eu/legal-content/EN/TXT/?uri=uriserv:OJ.L_.2009.164.01.0007.01.ENG&toc=OJ:L:2009:164:TOC,100.025.089,100.239.166,CAS/EC与ECHA英文名逐条核对,已核对
171,19,三(二甲基胂酸)铁,Iron tris(dimethylarsinate),5968-84-3,227-759-2,1,REACH Annex XVII第19项限制对象；Arsenic compounds。具体限制条件见法规条款：Regulation。,Regulation,,https://eur-lex.europa.eu/legal-content/EN/TXT/?uri=uriserv:OJ.L_.2009.164.01.0007.01.ENG&toc=OJ:L:2009:164:TOC,100.025.236,100.239.166,CAS/EC与ECHA英文名逐条核对,已核对
172,19,二碘苯基胂,Diiodo(phenyl)arsine,6380-34-3,228-965-5,1,REACH Annex XVII第19项限制对象；Arsenic compounds。具体限制条件见法规条款：Regulation。,Regulation,,https://eur-lex.europa.eu/legal-content/EN/TXT/?uri=uriserv:OJ.L_.2009.164.01.0007.01.ENG&toc=OJ:L:2009:164:TOC,100.026.332,100.239.166,CAS/EC与ECHA英文名逐条核对,已核对
173,19,对胂酸基苯磺酸钠,Sodium p-arsonobenzenesulphonate,6634-88-4,229-632-7,1,REACH Annex XVII第19项限制对象；Arsenic compounds。具体限制条件见法规条款：Regulation。,Regulation,,https://eur-lex.europa.eu/legal-content/EN/TXT/?uri=uriserv:OJ.L_.2009.164.01.0007.01.ENG&toc=OJ:L:2009:164:TOC,100.026.939,100.239.166,CAS/EC与ECHA英文名逐条核对,已核对
174,19,4-(4-氨基苯偶氮)苯胂酸,4-(4-aminophenylazo)phenylarsonic acid,6966-64-9,230-176-6,1,REACH Annex XVII第19项限制对象；Arsenic compounds。具体限制条件见法规条款：Regulation。,Regulation,,https://eur-lex.europa.eu/legal-content/EN/TXT/?uri=uriserv:OJ.L_.2009.164.01.0007.01.ENG&toc=OJ:L:2009:164:TOC,100.027.433,100.239.166,CAS/EC与ECHA英文名逐条核对,已核对
175,19,砷酸钠,"Arsenic acid, sodium salt",7631-89-2,231-547-5,1,REACH Annex XVII第19项限制对象；Arsenic compounds。具体限制条件见法规条款：Regulation。,Regulation,,https://eur-lex.europa.eu/legal-content/EN/TXT/?uri=uriserv:OJ.L_.2009.164.01.0007.01.ENG&toc=OJ:L:2009:164:TOC,100.028.679,100.239.166,CAS/EC与ECHA英文名逐条核对,已核对
176,19,4-(羟乙酰氨基)苯胂酸钠,Sodium 4-(glycolloylamino)phenylarsonate,7681-83-6,231-680-9,1,REACH Annex XVII第19项限制对象；Arsenic compounds。具体限制条件见法规条款：Regulation。,Regulation,,https://eur-lex.europa.eu/legal-content/EN/TXT/?uri=uriserv:OJ.L_.2009.164.01.0007.01.ENG&toc=OJ:L:2009:164:TOC,100.028.801,100.239.166,CAS/EC与ECHA英文名逐条核对,已核对
177,19,砷酸,Arsenic acid,7778-39-4,231-901-9,1,REACH Annex XVII第19项限制对象；Arsenic compounds。具体限制条件见法规条款：Regulation。,Regulation,,https://eur-lex.europa.eu/legal-content/EN/TXT/?uri=uriserv:OJ.L_.2009.164.01.0007.01.ENG&toc=OJ:L:2009:164:TOC,100.029.001,100.239.166,CAS/EC与ECHA英文名逐条核对,已核对
178,19,砷酸氢二钠,Disodium hydrogenarsenate,7778-43-0,231-902-4,1,REACH Annex XVII第19项限制对象；Arsenic compounds。具体限制条件见法规条款：Regulation。,Regulation,,https://eur-lex.europa.eu/legal-content/EN/TXT/?uri=uriserv:OJ.L_.2009.164.01.0007.01.ENG&toc=OJ:L:2009:164:TOC,100.029.002,100.239.166,CAS/EC与ECHA英文名逐条核对,已核对
179,19,砷酸钙,Calcium arsenate,7778-44-1,231-904-5,1,REACH Annex XVII第19项限制对象；Arsenic compounds。具体限制条件见法规条款：Regulation。,Regulation,,https://eur-lex.europa.eu/legal-content/EN/TXT/?uri=uriserv:OJ.L_.2009.164.01.0007.01.ENG&toc=OJ:L:2009:164:TOC,100.029.003,100.239.166,CAS/EC与ECHA英文名逐条核对,已核对
180,19,亚砷酸银,Trisilver arsenite,7784-08-9,232-048-5,1,REACH Annex XVII第19项限制对象；Arsenic compounds。具体限制条件见法规条款：Regulation。,Regulation,,https://eur-lex.europa.eu/legal-content/EN/TXT/?uri=uriserv:OJ.L_.2009.164.01.0007.01.ENG&toc=OJ:L:2009:164:TOC,100.029.134,100.239.166,CAS/EC与ECHA英文名逐条核对,已核对
181,19,三溴化砷,Arsenic tribromide,7784-33-0,232-057-4,1,REACH Annex XVII第19项限制对象；Arsenic compounds。具体限制条件见法规条款：Regulation。,Regulation,,https://eur-lex.europa.eu/legal-content/EN/TXT/?uri=uriserv:OJ.L_.2009.164.01.0007.01.ENG&toc=OJ:L:2009:164:TOC,100.029.143,100.239.166,CAS/EC与ECHA英文名逐条核对,已核对
182,19,三氯化砷,Arsenic trichloride,7784-34-1,232-059-5,1,REACH Annex XVII第19项限制对象；Arsenic compounds。具体限制条件见法规条款：Regulation。,Regulation,,https://eur-lex.europa.eu/legal-content/EN/TXT/?uri=uriserv:OJ.L_.2009.164.01.0007.01.ENG&toc=OJ:L:2009:164:TOC,100.029.144,100.239.166,CAS/EC与ECHA英文名逐条核对,已核对
183,19,三氟化砷,Trifluoroarsine,7784-35-2,232-060-0,1,REACH Annex XVII第19项限制对象；Arsenic compounds。具体限制条件见法规条款：Regulation。,Regulation,,https://eur-lex.europa.eu/legal-content/EN/TXT/?uri=uriserv:OJ.L_.2009.164.01.0007.01.ENG&toc=OJ:L:2009:164:TOC,100.029.145,100.239.166,CAS/EC与ECHA英文名逐条核对,已核对
184,19,五氟化砷,Pentafluoroarsorane,7784-36-3,232-061-6,1,REACH Annex XVII第19项限制对象；Arsenic compounds。具体限制条件见法规条款：Regulation。,Regulation,,https://eur-lex.europa.eu/legal-content/EN/TXT/?uri=uriserv:OJ.L_.2009.164.01.0007.01.ENG&toc=OJ:L:2009:164:TOC,100.029.146,100.239.166,CAS/EC与ECHA英文名逐条核对,已核对
185,19,砷酸氢汞,Mercury hydrogenarsenate,7784-37-4,232-062-1,1,REACH Annex XVII第19项限制对象；Arsenic compounds。具体限制条件见法规条款：Regulation。,Regulation,,https://eur-lex.europa.eu/legal-content/EN/TXT/?uri=uriserv:OJ.L_.2009.164.01.0007.01.ENG&toc=OJ:L:2009:164:TOC,100.029.147,100.239.166,CAS/EC与ECHA英文名逐条核对,已核对
186,19,砷酸氢锰,Manganese hydrogenarsenate,7784-38-5,232-063-7,1,REACH Annex XVII第19项限制对象；Arsenic compounds。具体限制条件见法规条款：Regulation。,Regulation,,https://eur-lex.europa.eu/legal-content/EN/TXT/?uri=uriserv:OJ.L_.2009.164.01.0007.01.ENG&toc=OJ:L:2009:164:TOC,100.029.148,100.239.166,CAS/EC与ECHA英文名逐条核对,已核对
187,19,砷酸氢铅,Lead hydrogen arsenate,7784-40-9,232-064-2,1,REACH Annex XVII第19项限制对象；Arsenic compounds。具体限制条件见法规条款：Regulation。,Regulation,,https://eur-lex.europa.eu/legal-content/EN/TXT/?uri=uriserv:OJ.L_.2009.164.01.0007.01.ENG&toc=OJ:L:2009:164:TOC,100.029.149,100.239.166,CAS/EC与ECHA英文名逐条核对,已核对
188,19,砷酸二氢钾,Potassium dihydrogenarsenate,7784-41-0,232-065-8,1,REACH Annex XVII第19项限制对象；Arsenic compounds。具体限制条件见法规条款：Regulation。,Regulation,,https://eur-lex.europa.eu/legal-content/EN/TXT/?uri=uriserv:OJ.L_.2009.164.01.0007.01.ENG&toc=OJ:L:2009:164:TOC,100.029.150,100.239.166,CAS/EC与ECHA英文名逐条核对,已核对
189,19,砷化氢,Arsine,7784-42-1,232-066-3,1,REACH Annex XVII第19项限制对象；Arsenic compounds。具体限制条件见法规条款：Regulation。,Regulation,,https://eur-lex.europa.eu/legal-content/EN/TXT/?uri=uriserv:OJ.L_.2009.164.01.0007.01.ENG&toc=OJ:L:2009:164:TOC,100.029.151,100.239.166,CAS/EC与ECHA英文名逐条核对,已核对
190,19,砷酸氢二铵,Diammonium hydrogenarsenate,7784-44-3,232-067-9,1,REACH Annex XVII第19项限制对象；Arsenic compounds。具体限制条件见法规条款：Regulation。,Regulation,,https://eur-lex.europa.eu/legal-content/EN/TXT/?uri=uriserv:OJ.L_.2009.164.01.0007.01.ENG&toc=OJ:L:2009:164:TOC,100.029.152,100.239.166,CAS/EC与ECHA英文名逐条核对,已核对
191,19,三碘化砷,Arsenic triiodide,7784-45-4,232-068-4,1,REACH Annex XVII第19项限制对象；Arsenic compounds。具体限制条件见法规条款：Regulation。,Regulation,,https://eur-lex.europa.eu/legal-content/EN/TXT/?uri=uriserv:OJ.L_.2009.164.01.0007.01.ENG&toc=OJ:L:2009:164:TOC,100.029.153,100.239.166,CAS/EC与ECHA英文名逐条核对,已核对
192,19,二氧合砷酸钠,Sodium dioxoarsenate,7784-46-5,232-070-5,1,REACH Annex XVII第19项限制对象；Arsenic compounds。具体限制条件见法规条款：Regulation。,Regulation,,https://eur-lex.europa.eu/legal-content/EN/TXT/?uri=uriserv:OJ.L_.2009.164.01.0007.01.ENG&toc=OJ:L:2009:164:TOC,100.029.154,100.239.166,CAS/EC与ECHA英文名逐条核对,已核对
193,19,五羟基砷烷,Pentahydroxyarsorane,7786-36-9,232-096-7,1,REACH Annex XVII第19项限制对象；Arsenic compounds。具体限制条件见法规条款：Regulation。,Regulation,,https://eur-lex.europa.eu/legal-content/EN/TXT/?uri=uriserv:OJ.L_.2009.164.01.0007.01.ENG&toc=OJ:L:2009:164:TOC,100.029.178,100.239.166,CAS/EC与ECHA英文名逐条核对,已核对
194,19,含砷烟尘,"Flue dust, arsenic-contg.",8028-73-7,232-434-3,1,Formed when arsenic and metal oxide particles are driven off during the roasting and converting of copper concentrates and matte in the production of anode copper.,Regulation,,https://eur-lex.europa.eu/legal-content/EN/TXT/?uri=uriserv:OJ.L_.2009.164.01.0007.01.ENG&toc=OJ:L:2009:164:TOC,100.029.481,100.239.166,CAS/EC与ECHA英文名逐条核对,已核对
195,19,亚砷酸铅,Lead arsenite,10031-13-7,233-083-9,1,REACH Annex XVII第19项限制对象；Arsenic compounds。具体限制条件见法规条款：Regulation。,Regulation,,https://eur-lex.europa.eu/legal-content/EN/TXT/?uri=uriserv:OJ.L_.2009.164.01.0007.01.ENG&toc=OJ:L:2009:164:TOC,100.030.064,100.239.166,CAS/EC与ECHA英文名逐条核对,已核对
196,19,砷酸铁,Iron arsenate,10102-49-5,233-274-7,1,REACH Annex XVII第19项限制对象；Arsenic compounds。具体限制条件见法规条款：Regulation。,Regulation,,https://eur-lex.europa.eu/legal-content/EN/TXT/?uri=uriserv:OJ.L_.2009.164.01.0007.01.ENG&toc=OJ:L:2009:164:TOC,100.030.236,100.239.166,CAS/EC与ECHA英文名逐条核对,已核对
197,19,双(砷酸)铁,Iron bis(arsenate),10102-50-8,233-275-2,1,REACH Annex XVII第19项限制对象；Arsenic compounds。具体限制条件见法规条款：Regulation。,Regulation,,https://eur-lex.europa.eu/legal-content/EN/TXT/?uri=uriserv:OJ.L_.2009.164.01.0007.01.ENG&toc=OJ:L:2009:164:TOC,100.030.237,100.239.166,CAS/EC与ECHA英文名逐条核对,已核对
198,19,砷酸镁,"Arsenic acid, magnesium salt",10103-50-1,233-285-7,1,REACH Annex XVII第19项限制对象；Arsenic compounds。具体限制条件见法规条款：Regulation。,Regulation,,https://eur-lex.europa.eu/legal-content/EN/TXT/?uri=uriserv:OJ.L_.2009.164.01.0007.01.ENG&toc=OJ:L:2009:164:TOC,100.030.246,100.239.166,CAS/EC与ECHA英文名逐条核对,已核对
199,19,砷酸铜,"Arsenic acid, copper salt",10103-61-4,233-286-2,1,REACH Annex XVII第19项限制对象；Arsenic compounds。具体限制条件见法规条款：Regulation。,Regulation,,https://eur-lex.europa.eu/legal-content/EN/TXT/?uri=uriserv:OJ.L_.2009.164.01.0007.01.ENG&toc=OJ:L:2009:164:TOC,100.030.247,100.239.166,CAS/EC与ECHA英文名逐条核对,已核对
200,19,砷酸钙,"Arsenic acid, calcium salt",10103-62-5,233-287-8,1,REACH Annex XVII第19项限制对象；Arsenic compounds。具体限制条件见法规条款：Regulation。,Regulation,,https://eur-lex.europa.eu/legal-content/EN/TXT/?uri=uriserv:OJ.L_.2009.164.01.0007.01.ENG&toc=OJ:L:2009:164:TOC,100.030.248,100.239.166,CAS/EC与ECHA英文名逐条核对,已核对
201,19,胂酸钾,Potassium arsonate,10124-50-2,233-337-9,1,REACH Annex XVII第19项限制对象；Arsenic compounds。具体限制条件见法规条款：Regulation。,Regulation,,https://eur-lex.europa.eu/legal-content/EN/TXT/?uri=uriserv:OJ.L_.2009.164.01.0007.01.ENG&toc=OJ:L:2009:164:TOC,100.030.294,100.239.166,CAS/EC与ECHA英文名逐条核对,已核对
202,19,胂酸铜,Copper arsonate,10290-12-7,233-644-8,1,REACH Annex XVII第19项限制对象；Arsenic compounds。具体限制条件见法规条款：Regulation。,Regulation,,https://eur-lex.europa.eu/legal-content/EN/TXT/?uri=uriserv:OJ.L_.2009.164.01.0007.01.ENG&toc=OJ:L:2009:164:TOC,100.030.573,100.239.166,CAS/EC与ECHA英文名逐条核对,已核对
203,19,砷酸士的宁,Strychnine arsenate,10476-82-1,233-970-0,1,REACH Annex XVII第19项限制对象；Arsenic compounds。具体限制条件见法规条款：Regulation。,Regulation,,https://eur-lex.europa.eu/legal-content/EN/TXT/?uri=uriserv:OJ.L_.2009.164.01.0007.01.ENG&toc=OJ:L:2009:164:TOC,100.030.869,100.239.166,CAS/EC与ECHA英文名逐条核对,已核对
204,19,二甲基胂酸士的宁,Strychnine dimethylarsinate,10476-87-6,233-973-7,1,REACH Annex XVII第19项限制对象；Arsenic compounds。具体限制条件见法规条款：Regulation。,Regulation,,https://eur-lex.europa.eu/legal-content/EN/TXT/?uri=uriserv:OJ.L_.2009.164.01.0007.01.ENG&toc=OJ:L:2009:164:TOC,100.030.872,100.239.166,CAS/EC与ECHA英文名逐条核对,已核对
205,19,砷化三铜,Tricopper arsenide,12005-75-3,234-472-6,1,REACH Annex XVII第19项限制对象；Arsenic compounds。具体限制条件见法规条款：Regulation。,Regulation,,https://eur-lex.europa.eu/legal-content/EN/TXT/?uri=uriserv:OJ.L_.2009.164.01.0007.01.ENG&toc=OJ:L:2009:164:TOC,100.031.325,100.239.166,CAS/EC与ECHA英文名逐条核对,已核对
206,19,砷化镝,Dysprosium arsenide,12005-81-1,234-473-1,1,REACH Annex XVII第19项限制对象；Arsenic compounds。具体限制条件见法规条款：Regulation。,Regulation,,https://eur-lex.europa.eu/legal-content/EN/TXT/?uri=uriserv:OJ.L_.2009.164.01.0007.01.ENG&toc=OJ:L:2009:164:TOC,100.031.326,100.239.166,CAS/EC与ECHA英文名逐条核对,已核对
207,19,砷化二铁,Diiron arsenide,12005-88-8,234-474-7,1,REACH Annex XVII第19项限制对象；Arsenic compounds。具体限制条件见法规条款：Regulation。,Regulation,,https://eur-lex.europa.eu/legal-content/EN/TXT/?uri=uriserv:OJ.L_.2009.164.01.0007.01.ENG&toc=OJ:L:2009:164:TOC,100.031.327,100.239.166,CAS/EC与ECHA英文名逐条核对,已核对
208,19,砷化钆,Gadolinium arsenide,12005-89-9,234-475-2,1,REACH Annex XVII第19项限制对象；Arsenic compounds。具体限制条件见法规条款：Regulation。,Regulation,,https://eur-lex.europa.eu/legal-content/EN/TXT/?uri=uriserv:OJ.L_.2009.164.01.0007.01.ENG&toc=OJ:L:2009:164:TOC,100.031.328,100.239.166,CAS/EC与ECHA英文名逐条核对,已核对
209,19,砷化钬,Holmium arsenide,12005-92-4,234-476-8,1,REACH Annex XVII第19项限制对象；Arsenic compounds。具体限制条件见法规条款：Regulation。,Regulation,,https://eur-lex.europa.eu/legal-content/EN/TXT/?uri=uriserv:OJ.L_.2009.164.01.0007.01.ENG&toc=OJ:L:2009:164:TOC,100.031.329,100.239.166,CAS/EC与ECHA英文名逐条核对,已核对
210,19,砷化镥,Lutetium arsenide,12005-94-6,234-477-3,1,REACH Annex XVII第19项限制对象；Arsenic compounds。具体限制条件见法规条款：Regulation。,Regulation,,https://eur-lex.europa.eu/legal-content/EN/TXT/?uri=uriserv:OJ.L_.2009.164.01.0007.01.ENG&toc=OJ:L:2009:164:TOC,100.031.330,100.239.166,CAS/EC与ECHA英文名逐条核对,已核对
211,19,砷化锰,Manganese arsenide,12005-95-7,234-478-9,1,REACH Annex XVII第19项限制对象；Arsenic compounds。具体限制条件见法规条款：Regulation。,Regulation,,https://eur-lex.europa.eu/legal-content/EN/TXT/?uri=uriserv:OJ.L_.2009.164.01.0007.01.ENG&toc=OJ:L:2009:164:TOC,100.031.331,100.239.166,CAS/EC与ECHA英文名逐条核对,已核对
212,19,砷化铽,Terbium arsenide,12006-08-5,234-479-4,1,REACH Annex XVII第19项限制对象；Arsenic compounds。具体限制条件见法规条款：Regulation。,Regulation,,https://eur-lex.europa.eu/legal-content/EN/TXT/?uri=uriserv:OJ.L_.2009.164.01.0007.01.ENG&toc=OJ:L:2009:164:TOC,100.031.332,100.239.166,CAS/EC与ECHA英文名逐条核对,已核对
213,19,砷化铊,Thallium arsenide,12006-09-6,234-481-5,1,REACH Annex XVII第19项限制对象；Arsenic compounds。具体限制条件见法规条款：Regulation。,Regulation,,https://eur-lex.europa.eu/legal-content/EN/TXT/?uri=uriserv:OJ.L_.2009.164.01.0007.01.ENG&toc=OJ:L:2009:164:TOC,100.031.333,100.239.166,CAS/EC与ECHA英文名逐条核对,已核对
214,19,砷化铥,Thulium arsenide,12006-10-9,234-482-0,1,REACH Annex XVII第19项限制对象；Arsenic compounds。具体限制条件见法规条款：Regulation。,Regulation,,https://eur-lex.europa.eu/legal-content/EN/TXT/?uri=uriserv:OJ.L_.2009.164.01.0007.01.ENG&toc=OJ:L:2009:164:TOC,100.031.334,100.239.166,CAS/EC与ECHA英文名逐条核对,已核对
215,19,砷化镱,Ytterbium arsenide,12006-12-1,234-483-6,1,REACH Annex XVII第19项限制对象；Arsenic compounds。具体限制条件见法规条款：Regulation。,Regulation,,https://eur-lex.europa.eu/legal-content/EN/TXT/?uri=uriserv:OJ.L_.2009.164.01.0007.01.ENG&toc=OJ:L:2009:164:TOC,100.031.335,100.239.166,CAS/EC与ECHA英文名逐条核对,已核对
216,19,二砷化三镉,Tricadmium diarsenide,12006-15-4,234-484-1,1,REACH Annex XVII第19项限制对象；Arsenic compounds。具体限制条件见法规条款：Regulation。,Regulation,,https://eur-lex.europa.eu/legal-content/EN/TXT/?uri=uriserv:OJ.L_.2009.164.01.0007.01.ENG&toc=OJ:L:2009:164:TOC,100.031.336,100.239.166,CAS/EC与ECHA英文名逐条核对,已核对
217,19,二砷化铁,Iron diarsenide,12006-21-2,234-485-7,1,REACH Annex XVII第19项限制对象；Arsenic compounds。具体限制条件见法规条款：Regulation。,Regulation,,https://eur-lex.europa.eu/legal-content/EN/TXT/?uri=uriserv:OJ.L_.2009.164.01.0007.01.ENG&toc=OJ:L:2009:164:TOC,100.031.337,100.239.166,CAS/EC与ECHA英文名逐条核对,已核对
218,19,二砷化三锌,Trizinc diarsenide,12006-40-5,234-486-2,1,REACH Annex XVII第19项限制对象；Arsenic compounds。具体限制条件见法规条款：Regulation。,Regulation,,https://eur-lex.europa.eu/legal-content/EN/TXT/?uri=uriserv:OJ.L_.2009.164.01.0007.01.ENG&toc=OJ:L:2009:164:TOC,100.031.338,100.239.166,CAS/EC与ECHA英文名逐条核对,已核对
219,19,砷化铁,Iron arsenide,12044-16-5,234-947-8,1,REACH Annex XVII第19项限制对象；Arsenic compounds。具体限制条件见法规条款：Regulation。,Regulation,,https://eur-lex.europa.eu/legal-content/EN/TXT/?uri=uriserv:OJ.L_.2009.164.01.0007.01.ENG&toc=OJ:L:2009:164:TOC,100.031.758,100.239.166,CAS/EC与ECHA英文名逐条核对,已核对
220,19,砷磷化二镓,Digallium arsenide phosphide,12044-20-1,234-948-3,1,REACH Annex XVII第19项限制对象；Arsenic compounds。具体限制条件见法规条款：Regulation。,Regulation,,https://eur-lex.europa.eu/legal-content/EN/TXT/?uri=uriserv:OJ.L_.2009.164.01.0007.01.ENG&toc=OJ:L:2009:164:TOC,100.031.759,100.239.166,CAS/EC与ECHA英文名逐条核对,已核对
221,19,砷化三钾,Tripotassium arsenide,12044-21-2,234-949-9,1,REACH Annex XVII第19项限制对象；Arsenic compounds。具体限制条件见法规条款：Regulation。,Regulation,,https://eur-lex.europa.eu/legal-content/EN/TXT/?uri=uriserv:OJ.L_.2009.164.01.0007.01.ENG&toc=OJ:L:2009:164:TOC,100.031.760,100.239.166,CAS/EC与ECHA英文名逐条核对,已核对
222,19,砷化三锂,Trilithium arsenide,12044-22-3,234-950-4,1,REACH Annex XVII第19项限制对象；Arsenic compounds。具体限制条件见法规条款：Regulation。,Regulation,,https://eur-lex.europa.eu/legal-content/EN/TXT/?uri=uriserv:OJ.L_.2009.164.01.0007.01.ENG&toc=OJ:L:2009:164:TOC,100.031.761,100.239.166,CAS/EC与ECHA英文名逐条核对,已核对
223,19,砷化三钠,Trisodium arsenide,12044-25-6,234-952-5,1,REACH Annex XVII第19项限制对象；Arsenic compounds。具体限制条件见法规条款：Regulation。,Regulation,,https://eur-lex.europa.eu/legal-content/EN/TXT/?uri=uriserv:OJ.L_.2009.164.01.0007.01.ENG&toc=OJ:L:2009:164:TOC,100.031.762,100.239.166,CAS/EC与ECHA英文名逐条核对,已核对
224,19,砷化镨,Praseodymium arsenide,12044-28-9,234-953-0,1,REACH Annex XVII第19项限制对象；Arsenic compounds。具体限制条件见法规条款：Regulation。,Regulation,,https://eur-lex.europa.eu/legal-content/EN/TXT/?uri=uriserv:OJ.L_.2009.164.01.0007.01.ENG&toc=OJ:L:2009:164:TOC,100.031.763,100.239.166,CAS/EC与ECHA英文名逐条核对,已核对
225,19,二砷化三镁,Trimagnesium diarsenide,12044-49-4,234-954-6,1,REACH Annex XVII第19项限制对象；Arsenic compounds。具体限制条件见法规条款：Regulation。,Regulation,,https://eur-lex.europa.eu/legal-content/EN/TXT/?uri=uriserv:OJ.L_.2009.164.01.0007.01.ENG&toc=OJ:L:2009:164:TOC,100.031.764,100.239.166,CAS/EC与ECHA英文名逐条核对,已核对
226,19,三碲化二砷,Diarsenic tritelluride,12044-54-1,234-955-1,1,REACH Annex XVII第19项限制对象；Arsenic compounds。具体限制条件见法规条款：Regulation。,Regulation,,https://eur-lex.europa.eu/legal-content/EN/TXT/?uri=uriserv:OJ.L_.2009.164.01.0007.01.ENG&toc=OJ:L:2009:164:TOC,100.031.765,100.239.166,CAS/EC与ECHA英文名逐条核对,已核对
227,19,二砷化锌,Zinc diarsenide,12044-55-2,234-956-7,1,REACH Annex XVII第19项限制对象；Arsenic compounds。具体限制条件见法规条款：Regulation。,Regulation,,https://eur-lex.europa.eu/legal-content/EN/TXT/?uri=uriserv:OJ.L_.2009.164.01.0007.01.ENG&toc=OJ:L:2009:164:TOC,100.031.766,100.239.166,CAS/EC与ECHA英文名逐条核对,已核对
228,19,二砷化镍,Nickel diarsenide,12068-61-0,235-103-1,1,REACH Annex XVII第19项限制对象；Arsenic compounds。具体限制条件见法规条款：Regulation。,Regulation,,https://eur-lex.europa.eu/legal-content/EN/TXT/?uri=uriserv:OJ.L_.2009.164.01.0007.01.ENG&toc=OJ:L:2009:164:TOC,100.031.900,100.239.166,CAS/EC与ECHA英文名逐条核对,已核对
229,19,砷化二铬,Dichromium arsenide,12254-85-2,235-499-6,1,REACH Annex XVII第19项限制对象；Arsenic compounds。具体限制条件见法规条款：Regulation。,Regulation,,https://eur-lex.europa.eu/legal-content/EN/TXT/?uri=uriserv:OJ.L_.2009.164.01.0007.01.ENG&toc=OJ:L:2009:164:TOC,100.032.260,100.239.166,CAS/EC与ECHA英文名逐条核对,已核对
230,19,砷化铒,Erbium arsenide,12254-88-5,235-501-5,1,REACH Annex XVII第19项限制对象；Arsenic compounds。具体限制条件见法规条款：Regulation。,Regulation,,https://eur-lex.europa.eu/legal-content/EN/TXT/?uri=uriserv:OJ.L_.2009.164.01.0007.01.ENG&toc=OJ:L:2009:164:TOC,100.032.261,100.239.166,CAS/EC与ECHA英文名逐条核对,已核对
231,19,砷化镧,Lanthanum arsenide,12255-04-8,235-502-0,1,REACH Annex XVII第19项限制对象；Arsenic compounds。具体限制条件见法规条款：Regulation。,Regulation,,https://eur-lex.europa.eu/legal-content/EN/TXT/?uri=uriserv:OJ.L_.2009.164.01.0007.01.ENG&toc=OJ:L:2009:164:TOC,100.032.262,100.239.166,CAS/EC与ECHA英文名逐条核对,已核对
232,19,砷化铌,Niobium arsenide,12255-08-2,235-503-6,1,REACH Annex XVII第19项限制对象；Arsenic compounds。具体限制条件见法规条款：Regulation。,Regulation,,https://eur-lex.europa.eu/legal-content/EN/TXT/?uri=uriserv:OJ.L_.2009.164.01.0007.01.ENG&toc=OJ:L:2009:164:TOC,100.032.263,100.239.166,CAS/EC与ECHA英文名逐条核对,已核对
233,19,砷化钕,Neodymium arsenide,12255-09-3,235-504-1,1,REACH Annex XVII第19项限制对象；Arsenic compounds。具体限制条件见法规条款：Regulation。,Regulation,,https://eur-lex.europa.eu/legal-content/EN/TXT/?uri=uriserv:OJ.L_.2009.164.01.0007.01.ENG&toc=OJ:L:2009:164:TOC,100.032.264,100.239.166,CAS/EC与ECHA英文名逐条核对,已核对
234,19,砷化三锑,Triantimony arsenide,12255-36-6,235-505-7,1,REACH Annex XVII第19项限制对象；Arsenic compounds。具体限制条件见法规条款：Regulation。,Regulation,,https://eur-lex.europa.eu/legal-content/EN/TXT/?uri=uriserv:OJ.L_.2009.164.01.0007.01.ENG&toc=OJ:L:2009:164:TOC,100.032.265,100.239.166,CAS/EC与ECHA英文名逐条核对,已核对
235,19,砷化钐,Samarium arsenide,12255-39-9,235-506-2,1,REACH Annex XVII第19项限制对象；Arsenic compounds。具体限制条件见法规条款：Regulation。,Regulation,,https://eur-lex.europa.eu/legal-content/EN/TXT/?uri=uriserv:OJ.L_.2009.164.01.0007.01.ENG&toc=OJ:L:2009:164:TOC,100.032.266,100.239.166,CAS/EC与ECHA英文名逐条核对,已核对
236,19,砷化钇,Yttrium arsenide,12255-48-0,235-507-8,1,REACH Annex XVII第19项限制对象；Arsenic compounds。具体限制条件见法规条款：Regulation。,Regulation,,https://eur-lex.europa.eu/legal-content/EN/TXT/?uri=uriserv:OJ.L_.2009.164.01.0007.01.ENG&toc=OJ:L:2009:164:TOC,100.032.267,100.239.166,CAS/EC与ECHA英文名逐条核对,已核对
237,19,二砷化三钡,Tribarium diarsenide,12255-50-4,235-508-3,1,REACH Annex XVII第19项限制对象；Arsenic compounds。具体限制条件见法规条款：Regulation。,Regulation,,https://eur-lex.europa.eu/legal-content/EN/TXT/?uri=uriserv:OJ.L_.2009.164.01.0007.01.ENG&toc=OJ:L:2009:164:TOC,100.032.268,100.239.166,CAS/EC与ECHA英文名逐条核对,已核对
238,19,二砷化三钙,Tricalcium diarsenide,12255-53-7,235-509-9,1,REACH Annex XVII第19项限制对象；Arsenic compounds。具体限制条件见法规条款：Regulation。,Regulation,,https://eur-lex.europa.eu/legal-content/EN/TXT/?uri=uriserv:OJ.L_.2009.164.01.0007.01.ENG&toc=OJ:L:2009:164:TOC,100.032.269,100.239.166,CAS/EC与ECHA英文名逐条核对,已核对
239,19,砷化锗,Germanium arsenide,12271-72-6,235-547-6,1,REACH Annex XVII第19项限制对象；Arsenic compounds。具体限制条件见法规条款：Regulation。,Regulation,,https://eur-lex.europa.eu/legal-content/EN/TXT/?uri=uriserv:OJ.L_.2009.164.01.0007.01.ENG&toc=OJ:L:2009:164:TOC,100.032.303,100.239.166,CAS/EC与ECHA英文名逐条核对,已核对
240,19,砷化三银,Trisilver arsenide,12417-99-1,235-652-7,1,REACH Annex XVII第19项限制对象；Arsenic compounds。具体限制条件见法规条款：Regulation。,Regulation,,https://eur-lex.europa.eu/legal-content/EN/TXT/?uri=uriserv:OJ.L_.2009.164.01.0007.01.ENG&toc=OJ:L:2009:164:TOC,100.032.398,100.239.166,CAS/EC与ECHA英文名逐条核对,已核对
241,19,硫化砷,Arsenic sulfide,12612-21-4,235-720-6,1,REACH Annex XVII第19项限制对象；Arsenic compounds。具体限制条件见法规条款：Regulation。,Regulation,,https://eur-lex.europa.eu/legal-content/EN/TXT/?uri=uriserv:OJ.L_.2009.164.01.0007.01.ENG&toc=OJ:L:2009:164:TOC,100.032.460,100.239.166,CAS/EC与ECHA英文名逐条核对,已核对
242,19,邻苯二(二甲基胂),o-phenylenebis(dimethylarsine),13246-32-7,236-227-9,1,REACH Annex XVII第19项限制对象；Arsenic compounds。具体限制条件见法规条款：Regulation。,Regulation,,https://eur-lex.europa.eu/legal-content/EN/TXT/?uri=uriserv:OJ.L_.2009.164.01.0007.01.ENG&toc=OJ:L:2009:164:TOC,100.032.920,100.239.166,CAS/EC与ECHA英文名逐条核对,已核对
243,19,美拉胂酰钾,Melarsonyl potassium,13355-00-5,236-405-6,1,REACH Annex XVII第19项限制对象；Arsenic compounds。具体限制条件见法规条款：Regulation。,Regulation,,https://eur-lex.europa.eu/legal-content/EN/TXT/?uri=uriserv:OJ.L_.2009.164.01.0007.01.ENG&toc=OJ:L:2009:164:TOC,100.033.081,100.239.166,CAS/EC与ECHA英文名逐条核对,已核对
244,19,硫代双(甲基胂)无水硫化物,"Thiobis[methylarsine], anhydrosulphide",13367-92-5,236-436-5,1,REACH Annex XVII第19项限制对象；Arsenic compounds。具体限制条件见法规条款：Regulation。,Regulation,,https://eur-lex.europa.eu/legal-content/EN/TXT/?uri=uriserv:OJ.L_.2009.164.01.0007.01.ENG&toc=OJ:L:2009:164:TOC,100.033.109,100.239.166,CAS/EC与ECHA英文名逐条核对,已核对
245,19,砷酸二氢铵,Ammonium dihydrogenarsenate,13462-93-6,236-667-1,1,REACH Annex XVII第19项限制对象；Arsenic compounds。具体限制条件见法规条款：Regulation。,Regulation,,https://eur-lex.europa.eu/legal-content/EN/TXT/?uri=uriserv:OJ.L_.2009.164.01.0007.01.ENG&toc=OJ:L:2009:164:TOC,100.033.320,100.239.166,CAS/EC与ECHA英文名逐条核对,已核对
246,19,亚砷酸钾,Potassium arsenite,13464-35-2,236-680-2,1,REACH Annex XVII第19项限制对象；Arsenic compounds。具体限制条件见法规条款：Regulation。,Regulation,,https://eur-lex.europa.eu/legal-content/EN/TXT/?uri=uriserv:OJ.L_.2009.164.01.0007.01.ENG&toc=OJ:L:2009:164:TOC,100.033.332,100.239.166,CAS/EC与ECHA英文名逐条核对,已核对
247,19,亚砷酸三钠,Trisodium arsenite,13464-37-4,236-681-8,1,REACH Annex XVII第19项限制对象；Arsenic compounds。具体限制条件见法规条款：Regulation。,Regulation,,https://eur-lex.europa.eu/legal-content/EN/TXT/?uri=uriserv:OJ.L_.2009.164.01.0007.01.ENG&toc=OJ:L:2009:164:TOC,100.033.333,100.239.166,CAS/EC与ECHA英文名逐条核对,已核对
248,19,砷酸三钠,Trisodium arsenate,13464-38-5,236-682-3,1,REACH Annex XVII第19项限制对象；Arsenic compounds。具体限制条件见法规条款：Regulation。,Regulation,,https://eur-lex.europa.eu/legal-content/EN/TXT/?uri=uriserv:OJ.L_.2009.164.01.0007.01.ENG&toc=OJ:L:2009:164:TOC,100.033.334,100.239.166,CAS/EC与ECHA英文名逐条核对,已核对
249,19,砷酸锌,Zinc arsenate,13464-44-3,236-683-9,1,REACH Annex XVII第19项限制对象；Arsenic compounds。具体限制条件见法规条款：Regulation。,Regulation,,https://eur-lex.europa.eu/legal-content/EN/TXT/?uri=uriserv:OJ.L_.2009.164.01.0007.01.ENG&toc=OJ:L:2009:164:TOC,100.033.335,100.239.166,CAS/EC与ECHA英文名逐条核对,已核对
250,19,砷酸锶,Tristrontium diarsenate,13464-68-1,236-684-4,1,REACH Annex XVII第19项限制对象；Arsenic compounds。具体限制条件见法规条款：Regulation。,Regulation,,https://eur-lex.europa.eu/legal-content/EN/TXT/?uri=uriserv:OJ.L_.2009.164.01.0007.01.ENG&toc=OJ:L:2009:164:TOC,100.033.336,100.239.166,CAS/EC与ECHA英文名逐条核对,已核对
251,19,砷酸钡,Tribarium diarsenate,13477-04-8,236-762-8,1,REACH Annex XVII第19项限制对象；Arsenic compounds。具体限制条件见法规条款：Regulation。,Regulation,,https://eur-lex.europa.eu/legal-content/EN/TXT/?uri=uriserv:OJ.L_.2009.164.01.0007.01.ENG&toc=OJ:L:2009:164:TOC,100.033.406,100.239.166,CAS/EC与ECHA英文名逐条核对,已核对
252,19,砷酸镍,Trinickel bis(arsenate),13477-70-8,236-771-7,1,REACH Annex XVII第19项限制对象；Arsenic compounds。具体限制条件见法规条款：Regulation。,Regulation,,https://eur-lex.europa.eu/legal-content/EN/TXT/?uri=uriserv:OJ.L_.2009.164.01.0007.01.ENG&toc=OJ:L:2009:164:TOC,100.033.414,100.239.166,CAS/EC与ECHA英文名逐条核对,已核对
253,19,砷酸三锂,Trilithium arsenate,13478-14-3,236-773-8,1,REACH Annex XVII第19项限制对象；Arsenic compounds。具体限制条件见法规条款：Regulation。,Regulation,,https://eur-lex.europa.eu/legal-content/EN/TXT/?uri=uriserv:OJ.L_.2009.164.01.0007.01.ENG&toc=OJ:L:2009:164:TOC,100.033.416,100.239.166,CAS/EC与ECHA英文名逐条核对,已核对
254,19,砷酸三银,Trisilver arsenate,13510-44-6,236-841-7,1,REACH Annex XVII第19项限制对象；Arsenic compounds。具体限制条件见法规条款：Regulation。,Regulation,,https://eur-lex.europa.eu/legal-content/EN/TXT/?uri=uriserv:OJ.L_.2009.164.01.0007.01.ENG&toc=OJ:L:2009:164:TOC,100.033.477,100.239.166,CAS/EC与ECHA英文名逐条核对,已核对
255,19,"2-[[7-[(2-胂酸基苯基)偶氮]-1,8-二羟基-3,6-二磺酸根合-2-萘基]偶氮]苯甲酸氢二钠","Disodium hydrogen 2-[[7-[(2-arsonophenyl)azo]-1,8-dihydroxy-3,6-disulphonato-2-naphthyl]azo]benzoate",14674-83-0,238-715-7,1,REACH Annex XVII第19项限制对象；Arsenic compounds。具体限制条件见法规条款：Regulation。,Regulation,,https://eur-lex.europa.eu/legal-content/EN/TXT/?uri=uriserv:OJ.L_.2009.164.01.0007.01.ENG&toc=OJ:L:2009:164:TOC,100.035.181,100.239.166,CAS/EC与ECHA英文名逐条核对,已核对
256,19,"2,2'-[乙撑双(氧基)]双[1,3,2-二氧杂胂杂环戊烷]","2,2'-[ethylenebis(oxy)]bis[1,3,2-dioxarsolane]",14849-23-1,238-911-2,1,REACH Annex XVII第19项限制对象；Arsenic compounds。具体限制条件见法规条款：Regulation。,Regulation,,https://eur-lex.europa.eu/legal-content/EN/TXT/?uri=uriserv:OJ.L_.2009.164.01.0007.01.ENG&toc=OJ:L:2009:164:TOC,100.035.359,100.239.166,CAS/EC与ECHA英文名逐条核对,已核对
257,19,氯三(三苯基胂)合铑,Chlorotris(triphenylarsine)rhodium,14973-92-3,239-051-0,1,REACH Annex XVII第19项限制对象；Arsenic compounds。具体限制条件见法规条款：Regulation。,Regulation,,https://eur-lex.europa.eu/legal-content/EN/TXT/?uri=uriserv:OJ.L_.2009.164.01.0007.01.ENG&toc=OJ:L:2009:164:TOC,100.035.486,100.239.166,CAS/EC与ECHA英文名逐条核对,已核对
258,19,偏砷酸钠,Sodium metaarsenate,15120-17-9,239-171-3,1,REACH Annex XVII第19项限制对象；Arsenic compounds。具体限制条件见法规条款：Regulation。,Regulation,,https://eur-lex.europa.eu/legal-content/EN/TXT/?uri=uriserv:OJ.L_.2009.164.01.0007.01.ENG&toc=OJ:L:2009:164:TOC,100.035.596,100.239.166,CAS/EC与ECHA英文名逐条核对,已核对
259,19,淡红银矿,Proustite (Ag3(AsS3)),15122-58-4,239-179-7,1,REACH Annex XVII第19项限制对象；Arsenic compounds。具体限制条件见法规条款：Regulation。,Regulation,,https://eur-lex.europa.eu/legal-content/EN/TXT/?uri=uriserv:OJ.L_.2009.164.01.0007.01.ENG&toc=OJ:L:2009:164:TOC,100.035.603,100.239.166,CAS/EC与ECHA英文名逐条核对,已核对
260,19,二亚砷酸铜,Copper diarsenite,16509-22-1,240-574-1,1,REACH Annex XVII第19项限制对象；Arsenic compounds。具体限制条件见法规条款：Regulation。,Regulation,,https://eur-lex.europa.eu/legal-content/EN/TXT/?uri=uriserv:OJ.L_.2009.164.01.0007.01.ENG&toc=OJ:L:2009:164:TOC,100.036.870,100.239.166,CAS/EC与ECHA英文名逐条核对,已核对
261,19,六氟砷酸钾,Potassium hexafluoroarsenate,17029-22-0,241-102-7,1,REACH Annex XVII第19项限制对象；Arsenic compounds。具体限制条件见法规条款：Regulation。,Regulation,,https://eur-lex.europa.eu/legal-content/EN/TXT/?uri=uriserv:OJ.L_.2009.164.01.0007.01.ENG&toc=OJ:L:2009:164:TOC,100.037.351,100.239.166,CAS/EC与ECHA英文名逐条核对,已核对
262,19,六氟砷酸,Hydrogen hexafluoroarsenate,17068-85-8,241-128-9,1,REACH Annex XVII第19项限制对象；Arsenic compounds。具体限制条件见法规条款：Regulation。,Regulation,,https://eur-lex.europa.eu/legal-content/EN/TXT/?uri=uriserv:OJ.L_.2009.164.01.0007.01.ENG&toc=OJ:L:2009:164:TOC,100.037.375,100.239.166,CAS/EC与ECHA英文名逐条核对,已核对
263,19,四苯基砷鎓氢二氯化物,Tetraphenylarsonium (hydrogen dichloride),21006-73-5,244-144-4,1,REACH Annex XVII第19项限制对象；Arsenic compounds。具体限制条件见法规条款：Regulation。,Regulation,,https://eur-lex.europa.eu/legal-content/EN/TXT/?uri=uriserv:OJ.L_.2009.164.01.0007.01.ENG&toc=OJ:L:2009:164:TOC,100.040.116,100.239.166,CAS/EC与ECHA英文名逐条核对,已核对
264,19,"N-(对胂亚硝基苯基)-1,3,5-三嗪-2,4,6-三胺","N-(p-arsenosophenyl)-1,3,5-triazine-2,4,6-triamine",21840-08-4,244-612-8,1,REACH Annex XVII第19项限制对象；Arsenic compounds。具体限制条件见法规条款：Regulation。,Regulation,,https://eur-lex.europa.eu/legal-content/EN/TXT/?uri=uriserv:OJ.L_.2009.164.01.0007.01.ENG&toc=OJ:L:2009:164:TOC,100.040.542,100.239.166,CAS/EC与ECHA英文名逐条核对,已核对
265,19,双(二苯基胂)甲烷,Methylenebis(diphenylarsine),21892-63-7,244-639-5,1,REACH Annex XVII第19项限制对象；Arsenic compounds。具体限制条件见法规条款：Regulation。,Regulation,,https://eur-lex.europa.eu/legal-content/EN/TXT/?uri=uriserv:OJ.L_.2009.164.01.0007.01.ENG&toc=OJ:L:2009:164:TOC,100.040.566,100.239.166,CAS/EC与ECHA英文名逐条核对,已核对
266,19,砷化铝,Aluminium arsenide,22831-42-1,245-255-0,1,REACH Annex XVII第19项限制对象；Arsenic compounds。具体限制条件见法规条款：Regulation。,Regulation,,https://eur-lex.europa.eu/legal-content/EN/TXT/?uri=uriserv:OJ.L_.2009.164.01.0007.01.ENG&toc=OJ:L:2009:164:TOC,100.041.126,100.239.166,CAS/EC与ECHA英文名逐条核对,已核对
267,19,二苯基胂甲腈,Diphenylarsinecarbonitrile,23525-22-6,245-716-6,1,REACH Annex XVII第19项限制对象；Arsenic compounds。具体限制条件见法规条款：Regulation。,Regulation,,https://eur-lex.europa.eu/legal-content/EN/TXT/?uri=uriserv:OJ.L_.2009.164.01.0007.01.ENG&toc=OJ:L:2009:164:TOC,100.041.545,100.239.166,CAS/EC与ECHA英文名逐条核对,已核对
268,19,双[(2-二苯基胂基乙基)苯基]膦,Bis[(2-diphenylarsinoethyl)phenyl]phosphine,23582-05-0,245-756-4,1,REACH Annex XVII第19项限制对象；Arsenic compounds。具体限制条件见法规条款：Regulation。,Regulation,,https://eur-lex.europa.eu/legal-content/EN/TXT/?uri=uriserv:OJ.L_.2009.164.01.0007.01.ENG&toc=OJ:L:2009:164:TOC,100.041.582,100.239.166,CAS/EC与ECHA英文名逐条核对,已核对
269,19,[2-(二苯基胂基)乙基]二苯基膦,[2-(diphenylarsino)ethyl]diphenylphosphine,23582-06-1,245-758-5,1,REACH Annex XVII第19项限制对象；Arsenic compounds。具体限制条件见法规条款：Regulation。,Regulation,,https://eur-lex.europa.eu/legal-content/EN/TXT/?uri=uriserv:OJ.L_.2009.164.01.0007.01.ENG&toc=OJ:L:2009:164:TOC,100.041.583,100.239.166,CAS/EC与ECHA英文名逐条核对,已核对
270,19,砷酸三铵,Triammonium arsenate,24719-13-9,246-428-3,1,REACH Annex XVII第19项限制对象；Arsenic compounds。具体限制条件见法规条款：Regulation。,Regulation,,https://eur-lex.europa.eu/legal-content/EN/TXT/?uri=uriserv:OJ.L_.2009.164.01.0007.01.ENG&toc=OJ:L:2009:164:TOC,100.042.193,100.239.166,CAS/EC与ECHA英文名逐条核对,已核对
271,19,砷酸钴,Tricobalt diarsenate,24719-19-5,246-429-9,1,REACH Annex XVII第19项限制对象；Arsenic compounds。具体限制条件见法规条款：Regulation。,Regulation,,https://eur-lex.europa.eu/legal-content/EN/TXT/?uri=uriserv:OJ.L_.2009.164.01.0007.01.ENG&toc=OJ:L:2009:164:TOC,100.042.194,100.239.166,CAS/EC与ECHA英文名逐条核对,已核对
272,19,砷化钴,Cobalt arsenide,27016-73-5,248-168-6,1,REACH Annex XVII第19项限制对象；Arsenic compounds。具体限制条件见法规条款：Regulation。,Regulation,,https://eur-lex.europa.eu/legal-content/EN/TXT/?uri=uriserv:OJ.L_.2009.164.01.0007.01.ENG&toc=OJ:L:2009:164:TOC,100.043.775,100.239.166,CAS/EC与ECHA英文名逐条核对,已核对
273,19,砷化镍,Nickel arsenide,27016-75-7,248-169-1,1,REACH Annex XVII第19项限制对象；Arsenic compounds。具体限制条件见法规条款：Regulation。,Regulation,,https://eur-lex.europa.eu/legal-content/EN/TXT/?uri=uriserv:OJ.L_.2009.164.01.0007.01.ENG&toc=OJ:L:2009:164:TOC,100.043.776,100.239.166,CAS/EC与ECHA英文名逐条核对,已核对
274,19,亚砷酸钙,Tricalcium diarsenite,27152-57-4,248-266-9,1,REACH Annex XVII第19项限制对象；Arsenic compounds。具体限制条件见法规条款：Regulation。,Regulation,,https://eur-lex.europa.eu/legal-content/EN/TXT/?uri=uriserv:OJ.L_.2009.164.01.0007.01.ENG&toc=OJ:L:2009:164:TOC,100.043.864,100.239.166,CAS/EC与ECHA英文名逐条核对,已核对
275,19,3-甲基-4-(1-吡咯烷基)苯重氮六氟砷酸盐,3-methyl-4-(pyrrolidin-1-yl)benzenediazonium hexafluoroarsenate,27569-09-1,248-532-4,1,REACH Annex XVII第19项限制对象；Arsenic compounds。具体限制条件见法规条款：Regulation。,Regulation,,https://eur-lex.europa.eu/legal-content/EN/TXT/?uri=uriserv:OJ.L_.2009.164.01.0007.01.ENG&toc=OJ:L:2009:164:TOC,100.044.106,100.239.166,CAS/EC与ECHA英文名逐条核对,已核对
276,19,砷酸锑,Antimony arsenate,28980-47-4,249-347-1,1,REACH Annex XVII第19项限制对象；Arsenic compounds。具体限制条件见法规条款：Regulation。,Regulation,,https://eur-lex.europa.eu/legal-content/EN/TXT/?uri=uriserv:OJ.L_.2009.164.01.0007.01.ENG&toc=OJ:L:2009:164:TOC,100.044.847,100.239.166,CAS/EC与ECHA英文名逐条核对,已核对
277,19,砷酸铜,"Arsenic acid, copper(2+) salt",29871-13-4,249-916-4,1,REACH Annex XVII第19项限制对象；Arsenic compounds。具体限制条件见法规条款：Regulation。,Regulation,,https://eur-lex.europa.eu/legal-content/EN/TXT/?uri=uriserv:OJ.L_.2009.164.01.0007.01.ENG&toc=OJ:L:2009:164:TOC,100.045.364,100.239.166,CAS/EC与ECHA英文名逐条核对,已核对
278,19,六氟砷酸锂,Lithium hexafluoroarsenate,29935-35-1,249-963-0,1,REACH Annex XVII第19项限制对象；Arsenic compounds。具体限制条件见法规条款：Regulation。,Regulation,,https://eur-lex.europa.eu/legal-content/EN/TXT/?uri=uriserv:OJ.L_.2009.164.01.0007.01.ENG&toc=OJ:L:2009:164:TOC,100.045.406,100.239.166,CAS/EC与ECHA英文名逐条核对,已核对
279,19,砷酸铜铵,Ammonium copper arsenate,32680-29-8,251-151-6,1,REACH Annex XVII第19项限制对象；Arsenic compounds。具体限制条件见法规条款：Regulation。,Regulation,,https://eur-lex.europa.eu/legal-content/EN/TXT/?uri=uriserv:OJ.L_.2009.164.01.0007.01.ENG&toc=OJ:L:2009:164:TOC,100.046.486,100.239.166,CAS/EC与ECHA英文名逐条核对,已核对
280,19,砷化铕,Europium arsenide,32775-46-5,251-206-4,1,REACH Annex XVII第19项限制对象；Arsenic compounds。具体限制条件见法规条款：Regulation。,Regulation,,https://eur-lex.europa.eu/legal-content/EN/TXT/?uri=uriserv:OJ.L_.2009.164.01.0007.01.ENG&toc=OJ:L:2009:164:TOC,100.046.537,100.239.166,CAS/EC与ECHA英文名逐条核对,已核对
281,19,二砷化三锶,Tristrontium diarsenide,39297-24-0,254-407-5,1,REACH Annex XVII第19项限制对象；Arsenic compounds。具体限制条件见法规条款：Regulation。,Regulation,,https://eur-lex.europa.eu/legal-content/EN/TXT/?uri=uriserv:OJ.L_.2009.164.01.0007.01.ENG&toc=OJ:L:2009:164:TOC,100.049.443,100.239.166,CAS/EC与ECHA英文名逐条核对,已核对
282,19,亚砷酸钙,Calcium arsenite,52740-16-6,258-147-3,1,REACH Annex XVII第19项限制对象；Arsenic compounds。具体限制条件见法规条款：Regulation。,Regulation,,https://eur-lex.europa.eu/legal-content/EN/TXT/?uri=uriserv:OJ.L_.2009.164.01.0007.01.ENG&toc=OJ:L:2009:164:TOC,100.052.844,100.239.166,CAS/EC与ECHA英文名逐条核对,已核对
283,19,"4-[(邻胂酸基苯基)偶氮]-3-氧代萘-2,7-二磺酸三钠","Trisodium 4-[(o-arsonophenyl)azo]-3-oxidonaphthalene-2,7-disulphonate",53669-45-7,258-693-2,1,REACH Annex XVII第19项限制对象；Arsenic compounds。具体限制条件见法规条款：Regulation。,Regulation,,https://eur-lex.europa.eu/legal-content/EN/TXT/?uri=uriserv:OJ.L_.2009.164.01.0007.01.ENG&toc=OJ:L:2009:164:TOC,100.053.340,100.239.166,CAS/EC与ECHA英文名逐条核对,已核对
284,19,乙酰胂胺醇钠,Acetarsol sodium,55588-51-7,259-714-8,1,REACH Annex XVII第19项限制对象；Arsenic compounds。具体限制条件见法规条款：Regulation。,Regulation,,https://eur-lex.europa.eu/legal-content/EN/TXT/?uri=uriserv:OJ.L_.2009.164.01.0007.01.ENG&toc=OJ:L:2009:164:TOC,100.054.268,100.239.166,CAS/EC与ECHA英文名逐条核对,已核对
285,19,六氟砷酸三苯基硫鎓,Triphenylsulphonium hexafluoroarsenate(1-),57900-42-2,261-009-5,1,REACH Annex XVII第19项限制对象；Arsenic compounds。具体限制条件见法规条款：Regulation。,Regulation,,https://eur-lex.europa.eu/legal-content/EN/TXT/?uri=uriserv:OJ.L_.2009.164.01.0007.01.ENG&toc=OJ:L:2009:164:TOC,100.055.445,100.239.166,CAS/EC与ECHA英文名逐条核对,已核对
286,19,3-甲酰氨基-4-羟基苯胂酸,3-formamido-4-hydroxyphenylarsonic acid,60154-16-7,262-085-2,1,REACH Annex XVII第19项限制对象；Arsenic compounds。具体限制条件见法规条款：Regulation。,Regulation,,https://eur-lex.europa.eu/legal-content/EN/TXT/?uri=uriserv:OJ.L_.2009.164.01.0007.01.ENG&toc=OJ:L:2009:164:TOC,100.056.423,100.239.166,CAS/EC与ECHA英文名逐条核对,已核对
287,19,砷化锆,Zirconium arsenide,60909-47-9,262-524-8,1,REACH Annex XVII第19项限制对象；Arsenic compounds。具体限制条件见法规条款：Regulation。,Regulation,,https://eur-lex.europa.eu/legal-content/EN/TXT/?uri=uriserv:OJ.L_.2009.164.01.0007.01.ENG&toc=OJ:L:2009:164:TOC,100.056.822,100.239.166,CAS/EC与ECHA英文名逐条核对,已核对
288,19,砷化三锰,Trimanganese arsenide,61219-26-9,262-667-6,1,REACH Annex XVII第19项限制对象；Arsenic compounds。具体限制条件见法规条款：Regulation。,Regulation,,https://eur-lex.europa.eu/legal-content/EN/TXT/?uri=uriserv:OJ.L_.2009.164.01.0007.01.ENG&toc=OJ:L:2009:164:TOC,100.056.952,100.239.166,CAS/EC与ECHA英文名逐条核对,已核对
289,19,"3,6-双[(邻胂酸基苯基)偶氮]-4,5-二羟基萘-2,7-二磺酸二钠","Disodium 3,6-bis[(o-arsonophenyl)azo]-4,5-dihydroxynaphthalene-2,7-disulphonate",62337-00-2,263-516-7,1,REACH Annex XVII第19项限制对象；Arsenic compounds。具体限制条件见法规条款：Regulation。,Regulation,,https://eur-lex.europa.eu/legal-content/EN/TXT/?uri=uriserv:OJ.L_.2009.164.01.0007.01.ENG&toc=OJ:L:2009:164:TOC,100.057.724,100.239.166,CAS/EC与ECHA英文名逐条核对,已核对
290,19,六氟砷酸二苯基碘鎓,Diphenyliodonium hexafluoroarsenate,62613-15-4,263-638-0,1,REACH Annex XVII第19项限制对象；Arsenic compounds。具体限制条件见法规条款：Regulation。,Regulation,,https://eur-lex.europa.eu/legal-content/EN/TXT/?uri=uriserv:OJ.L_.2009.164.01.0007.01.ENG&toc=OJ:L:2009:164:TOC,100.057.834,100.239.166,CAS/EC与ECHA英文名逐条核对,已核对
291,19,4-(乙氨基)-2-甲基苯重氮六氟砷酸盐,4-(ethylamino)-2-methylbenzenediazonium hexafluoroarsenate,63217-32-3,264-026-6,1,REACH Annex XVII第19项限制对象；Arsenic compounds。具体限制条件见法规条款：Regulation。,Regulation,,https://eur-lex.europa.eu/legal-content/EN/TXT/?uri=uriserv:OJ.L_.2009.164.01.0007.01.ENG&toc=OJ:L:2009:164:TOC,100.058.187,100.239.166,CAS/EC与ECHA英文名逐条核对,已核对
292,19,4-(二乙氨基)-2-乙氧基苯重氮六氟砷酸盐,4-(diethylamino)-2-ethoxybenzenediazonium hexafluoroarsenate,63217-33-4,264-027-1,1,REACH Annex XVII第19项限制对象；Arsenic compounds。具体限制条件见法规条款：Regulation。,Regulation,,https://eur-lex.europa.eu/legal-content/EN/TXT/?uri=uriserv:OJ.L_.2009.164.01.0007.01.ENG&toc=OJ:L:2009:164:TOC,100.058.188,100.239.166,CAS/EC与ECHA英文名逐条核对,已核对
293,19,溴(羟基四苯基砷烷合)镁,Bromo(hydroxytetraphenylarsoranato)magnesium,63468-73-5,264-254-6,1,REACH Annex XVII第19项限制对象；Arsenic compounds。具体限制条件见法规条款：Regulation。,Regulation,,https://eur-lex.europa.eu/legal-content/EN/TXT/?uri=uriserv:OJ.L_.2009.164.01.0007.01.ENG&toc=OJ:L:2009:164:TOC,100.058.395,100.239.166,CAS/EC与ECHA英文名逐条核对,已核对
294,19,砷锑氧化物,Antimony arsenic oxide,64475-90-7,264-904-9,1,REACH Annex XVII第19项限制对象；Arsenic compounds。具体限制条件见法规条款：Regulation。,Regulation,,https://eur-lex.europa.eu/legal-content/EN/TXT/?uri=uriserv:OJ.L_.2009.164.01.0007.01.ENG&toc=OJ:L:2009:164:TOC,100.058.986,100.239.166,CAS/EC与ECHA英文名逐条核对,已核对
295,19,溴化砷,Arsenic bromide,64973-06-4,265-296-8,1,REACH Annex XVII第19项限制对象；Arsenic compounds。具体限制条件见法规条款：Regulation。,Regulation,,https://eur-lex.europa.eu/legal-content/EN/TXT/?uri=uriserv:OJ.L_.2009.164.01.0007.01.ENG&toc=OJ:L:2009:164:TOC,100.059.342,100.239.166,CAS/EC与ECHA英文名逐条核对,已核对
296,19,砷化钴,Cobalt arsenide,65453-05-6,265-784-0,1,REACH Annex XVII第19项限制对象；Arsenic compounds。具体限制条件见法规条款：Regulation。,Regulation,,https://eur-lex.europa.eu/legal-content/EN/TXT/?uri=uriserv:OJ.L_.2009.164.01.0007.01.ENG&toc=OJ:L:2009:164:TOC,100.059.786,100.239.166,CAS/EC与ECHA英文名逐条核对,已核对
297,19,"3-[(邻胂酸根合苯基)偶氮]-4,5-二羟基萘-2,7-二磺酸三钠","Trisodium 3-[(o-arsonatophenyl)azo]-4,5-dihydroxynaphthalene-2,7-disulphonate",66019-20-3,266-069-6,1,REACH Annex XVII第19项限制对象；Arsenic compounds。具体限制条件见法规条款：Regulation。,Regulation,,https://eur-lex.europa.eu/legal-content/EN/TXT/?uri=uriserv:OJ.L_.2009.164.01.0007.01.ENG&toc=OJ:L:2009:164:TOC,100.060.044,100.239.166,CAS/EC与ECHA英文名逐条核对,已核对
298,19,"六氟砷酸三(2,4-戊二酮合)硅","Tris(pentane-2,4-dionato-O,O')silicon hexafluoroarsenate",67251-38-1,266-621-6,1,REACH Annex XVII第19项限制对象；Arsenic compounds。具体限制条件见法规条款：Regulation。,Regulation,,https://eur-lex.europa.eu/legal-content/EN/TXT/?uri=uriserv:OJ.L_.2009.164.01.0007.01.ENG&toc=OJ:L:2009:164:TOC,100.060.546,100.239.166,CAS/EC与ECHA英文名逐条核对,已核对
299,19,砷和锰掺杂硅酸锌,"Silicic acid (H4SiO4), zinc salt (1:2), arsenic and manganese-doped",68611-46-1,271-895-5,1,REACH Annex XVII第19项限制对象；Arsenic compounds。具体限制条件见法规条款：Regulation。,Regulation,,https://eur-lex.europa.eu/legal-content/EN/TXT/?uri=uriserv:OJ.L_.2009.164.01.0007.01.ENG&toc=OJ:L:2009:164:TOC,100.065.339,100.239.166,CAS/EC与ECHA英文名逐条核对,已核对
300,19,"六氟砷酸双(2,4-戊二酮合)硼鎓","Bis(pentane-2,4-dionato-O,O')boron(1+) hexafluoroarsenate(1-)",68892-01-3,272-591-5,1,REACH Annex XVII第19项限制对象；Arsenic compounds。具体限制条件见法规条款：Regulation。,Regulation,,https://eur-lex.europa.eu/legal-content/EN/TXT/?uri=uriserv:OJ.L_.2009.164.01.0007.01.ENG&toc=OJ:L:2009:164:TOC,100.065.972,100.239.166,CAS/EC与ECHA英文名逐条核对,已核对
301,19,三氧化二锑与三氧化二砷混合物,"Antimony oxide (Sb2O3), mixed with arsenic oxide (As2O3)",68951-38-2,273-156-2,1,REACH Annex XVII第19项限制对象；Arsenic compounds。具体限制条件见法规条款：Regulation。,Regulation,,https://eur-lex.europa.eu/legal-content/EN/TXT/?uri=uriserv:OJ.L_.2009.164.01.0007.01.ENG&toc=OJ:L:2009:164:TOC,100.066.486,100.239.166,CAS/EC与ECHA英文名逐条核对,已核对
302,19,铅基合金浮渣,"Lead alloy, base, dross",69011-59-2,273-700-9,1,"A scum formed on the surface of molten lead-base alloys. Includes those cases in which aluminum is used to remove arsenic, nickel and antimony.",Regulation,,https://eur-lex.europa.eu/legal-content/EN/TXT/?uri=uriserv:OJ.L_.2009.164.01.0007.01.ENG&toc=OJ:L:2009:164:TOC,100.066.981,100.239.166,CAS/EC与ECHA英文名逐条核对,已核对
303,19,锑铅合金浮渣,"Lead, antimonial, dross",69029-51-2,273-795-7,1,A scum formed on the surface of antimonial lead. Consists primarily of sodium arsenate and sodium antimonate with some lead oxide and free caustic soda.,Regulation,,https://eur-lex.europa.eu/legal-content/EN/TXT/?uri=uriserv:OJ.L_.2009.164.01.0007.01.ENG&toc=OJ:L:2009:164:TOC,100.067.067,100.239.166,CAS/EC与ECHA英文名逐条核对,已核对
304,19,铅精炼烟尘,"Flue dust, lead-refining",69029-67-0,273-809-1,1,By-product of refining lead ores obtained from baghouse and electro-static precipitator and as slurry from scrubbers.,Regulation,,https://eur-lex.europa.eu/legal-content/EN/TXT/?uri=uriserv:OJ.L_.2009.164.01.0007.01.ENG&toc=OJ:L:2009:164:TOC,100.067.080,100.239.166,CAS/EC与ECHA英文名逐条核对,已核对
305,19,砷化二银,Disilver arsenide,70333-07-2,274-573-2,1,REACH Annex XVII第19项限制对象；Arsenic compounds。具体限制条件见法规条款：Regulation。,Regulation,,https://eur-lex.europa.eu/legal-content/EN/TXT/?uri=uriserv:OJ.L_.2009.164.01.0007.01.ENG&toc=OJ:L:2009:164:TOC,100.067.772,100.239.166,CAS/EC与ECHA英文名逐条核对,已核对
306,19,四苯基砷鎓氯化物盐酸盐（1:1）,"Tetraphenylarsonium chloride, compound with hydrochloric acid (1:1)",73003-83-5,277-208-5,1,REACH Annex XVII第19项限制对象；Arsenic compounds。具体限制条件见法规条款：Regulation。,Regulation,,https://eur-lex.europa.eu/legal-content/EN/TXT/?uri=uriserv:OJ.L_.2009.164.01.0007.01.ENG&toc=OJ:L:2009:164:TOC,100.070.168,100.239.166,CAS/EC与ECHA英文名逐条核对,已核对
307,19,士的宁酮甲基胂酸盐（1:1）,"Strychnidin-10-one, compd. with methylarsonate (1:1)",80879-64-7,279-614-8,1,REACH Annex XVII第19项限制对象；Arsenic compounds。具体限制条件见法规条款：Regulation。,Regulation,,https://eur-lex.europa.eu/legal-content/EN/TXT/?uri=uriserv:OJ.L_.2009.164.01.0007.01.ENG&toc=OJ:L:2009:164:TOC,100.072.355,100.239.166,CAS/EC与ECHA英文名逐条核对,已核对
308,19,17α-羟基育亨宾烷-16α-羧酸甲酯甲基胂酸盐（1:1）,"Methyl 17α-hydroxyyohimban-16α-carboxylate, methylarsonate (1:1)",80925-03-7,279-628-4,1,REACH Annex XVII第19项限制对象；Arsenic compounds。具体限制条件见法规条款：Regulation。,Regulation,,https://eur-lex.europa.eu/legal-content/EN/TXT/?uri=uriserv:OJ.L_.2009.164.01.0007.01.ENG&toc=OJ:L:2009:164:TOC,100.072.368,100.239.166,CAS/EC与ECHA英文名逐条核对,已核对
309,19,三砷化铊,Thallium triarsenide,84057-85-2,281-902-3,1,REACH Annex XVII第19项限制对象；Arsenic compounds。具体限制条件见法规条款：Regulation。,Regulation,,https://eur-lex.europa.eu/legal-content/EN/TXT/?uri=uriserv:OJ.L_.2009.164.01.0007.01.ENG&toc=OJ:L:2009:164:TOC,100.074.433,100.239.166,CAS/EC与ECHA英文名逐条核对,已核对
310,19,"3,6-双[[2-[(二羟基胂基)氧基]苯基]偶氮]-4,5-二羟基萘-2,7-二磺酸二钠","Disodium 3,6-bis[[2-[(dihydroxyarsino)oxy]phenyl]azo]-4,5-dihydroxynaphthalene-2,7-disulphonate",84215-47-4,282-453-6,1,REACH Annex XVII第19项限制对象；Arsenic compounds。具体限制条件见法规条款：Regulation。,Regulation,,https://eur-lex.europa.eu/legal-content/EN/TXT/?uri=uriserv:OJ.L_.2009.164.01.0007.01.ENG&toc=OJ:L:2009:164:TOC,100.074.933,100.239.166,CAS/EC与ECHA英文名逐条核对,已核对
311,19,"3-[[2-[(二羟基胂基)氧基]苯基]偶氮]-4,5-二羟基萘-2,7-二磺酸二钠","Disodium 3-[[2-[(dihydroxyarsino)oxy]phenyl]azo]-4,5-dihydroxynaphthalene-2,7-disulphonate",84215-48-5,282-454-1,1,REACH Annex XVII第19项限制对象；Arsenic compounds。具体限制条件见法规条款：Regulation。,Regulation,,https://eur-lex.europa.eu/legal-content/EN/TXT/?uri=uriserv:OJ.L_.2009.164.01.0007.01.ENG&toc=OJ:L:2009:164:TOC,100.074.934,100.239.166,CAS/EC与ECHA英文名逐条核对,已核对
312,19,"六氟砷酸2,6-二甲基-4-(1-萘基)吡喃鎓","2,6-dimethyl-4-(1-naphthyl)pyrylium hexafluoroarsenate",84282-36-0,282-682-1,1,REACH Annex XVII第19项限制对象；Arsenic compounds。具体限制条件见法规条款：Regulation。,Regulation,,https://eur-lex.europa.eu/legal-content/EN/TXT/?uri=uriserv:OJ.L_.2009.164.01.0007.01.ENG&toc=OJ:L:2009:164:TOC,100.075.141,100.239.166,CAS/EC与ECHA英文名逐条核对,已核对
313,19,"六氟砷酸2,6-二甲基-4-苯基吡喃鎓","2,6-dimethyl-4-phenylpyrylium hexafluoroarsenate",84304-15-4,282-700-8,1,REACH Annex XVII第19项限制对象；Arsenic compounds。具体限制条件见法规条款：Regulation。,Regulation,,https://eur-lex.europa.eu/legal-content/EN/TXT/?uri=uriserv:OJ.L_.2009.164.01.0007.01.ENG&toc=OJ:L:2009:164:TOC,100.075.158,100.239.166,CAS/EC与ECHA英文名逐条核对,已核对
314,19,"六氟砷酸4-环己基-2,6-二甲基吡喃鎓","4-cyclohexyl-2,6-dimethylpyrylium hexafluoroarsenate",84304-16-5,282-701-3,1,REACH Annex XVII第19项限制对象；Arsenic compounds。具体限制条件见法规条款：Regulation。,Regulation,,https://eur-lex.europa.eu/legal-content/EN/TXT/?uri=uriserv:OJ.L_.2009.164.01.0007.01.ENG&toc=OJ:L:2009:164:TOC,100.075.159,100.239.166,CAS/EC与ECHA英文名逐条核对,已核对
315,19,三(甲基胂酸)二铋,Dibismuth tris(methylarsonate),85237-42-9,286-401-3,1,REACH Annex XVII第19项限制对象；Arsenic compounds。具体限制条件见法规条款：Regulation。,Regulation,,https://eur-lex.europa.eu/legal-content/EN/TXT/?uri=uriserv:OJ.L_.2009.164.01.0007.01.ENG&toc=OJ:L:2009:164:TOC,100.078.519,100.239.166,CAS/EC与ECHA英文名逐条核对,已核对
316,19,"白霉素V 9-O-[5-(二甲氨基)四氢-6-甲基-2H-吡喃-2-基]衍生物与[1,2-乙二基双(亚氨基-4,1-亚苯基)]双胂酸盐（1:1）","Leucomycin V, 9-O-[5-(dimethylamino)tetrahydro-6-methyl-2H-pyran-2-yl]-, [9(5S,6R)]-, [1,2-ethanediylbis(imino-4,1-phenylene)]bis[arsonate] (1:1) (salt)",93841-79-3,299-051-1,1,REACH Annex XVII第19项限制对象；Arsenic compounds。具体限制条件见法规条款：Regulation。,Regulation,,https://eur-lex.europa.eu/legal-content/EN/TXT/?uri=uriserv:OJ.L_.2009.164.01.0007.01.ENG&toc=OJ:L:2009:164:TOC,100.090.003,100.239.166,CAS/EC与ECHA英文名逐条核对,已核对
317,19,(二苯基胂基)二甲基镓,(diphenylarsino)dimethylgallium,94113-53-8,302-587-1,1,REACH Annex XVII第19项限制对象；Arsenic compounds。具体限制条件见法规条款：Regulation。,Regulation,,https://eur-lex.europa.eu/legal-content/EN/TXT/?uri=uriserv:OJ.L_.2009.164.01.0007.01.ENG&toc=OJ:L:2009:164:TOC,100.093.218,100.239.166,CAS/EC与ECHA英文名逐条核对,已核对
318,19,三[(8α)-6'-甲氧基辛可南-9(R)-醇]亚砷酸盐,Tris[(8α)-6'-methoxycinchonan-9(R)-ol] arsenite,94138-87-1,303-002-2,1,REACH Annex XVII第19项限制对象；Arsenic compounds。具体限制条件见法规条款：Regulation。,Regulation,,https://eur-lex.europa.eu/legal-content/EN/TXT/?uri=uriserv:OJ.L_.2009.164.01.0007.01.ENG&toc=OJ:L:2009:164:TOC,100.093.596,100.239.166,CAS/EC与ECHA英文名逐条核对,已核对
319,19,对氨基苯胂酸哌嗪盐（1:1）,"(4-aminophenyl)arsonic acid, compound with piperazine (1:1)",94232-26-5,303-952-8,1,REACH Annex XVII第19项限制对象；Arsenic compounds。具体限制条件见法规条款：Regulation。,Regulation,,https://eur-lex.europa.eu/legal-content/EN/TXT/?uri=uriserv:OJ.L_.2009.164.01.0007.01.ENG&toc=OJ:L:2009:164:TOC,100.094.459,100.239.166,CAS/EC与ECHA英文名逐条核对,已核对
320,19,烯丙基胂酸氢钠,Sodium hydrogen allylarsonate,94278-22-5,304-710-4,1,REACH Annex XVII第19项限制对象；Arsenic compounds。具体限制条件见法规条款：Regulation。,Regulation,,https://eur-lex.europa.eu/legal-content/EN/TXT/?uri=uriserv:OJ.L_.2009.164.01.0007.01.ENG&toc=OJ:L:2009:164:TOC,100.095.149,100.239.166,CAS/EC与ECHA英文名逐条核对,已核对
321,19,对甲苯胂酸二钠,Disodium p-tolylarsonate,94313-58-3,304-956-2,1,REACH Annex XVII第19项限制对象；Arsenic compounds。具体限制条件见法规条款：Regulation。,Regulation,,https://eur-lex.europa.eu/legal-content/EN/TXT/?uri=uriserv:OJ.L_.2009.164.01.0007.01.ENG&toc=OJ:L:2009:164:TOC,100.095.372,100.239.166,CAS/EC与ECHA英文名逐条核对,已核对
322,19,三砷化镓锌,Gallium zinc triarsenide,98106-56-0,308-577-3,1,REACH Annex XVII第19项限制对象；Arsenic compounds。具体限制条件见法规条款：Regulation。,Regulation,,https://eur-lex.europa.eu/legal-content/EN/TXT/?uri=uriserv:OJ.L_.2009.164.01.0007.01.ENG&toc=OJ:L:2009:164:TOC,100.098.654,100.239.166,CAS/EC与ECHA英文名逐条核对,已核对
323,19,二砷酸钒(IV),Vanadium(4+) diarsenate (1:1),99035-51-5,308-917-0,1,REACH Annex XVII第19项限制对象；Arsenic compounds。具体限制条件见法规条款：Regulation。,Regulation,,https://eur-lex.europa.eu/legal-content/EN/TXT/?uri=uriserv:OJ.L_.2009.164.01.0007.01.ENG&toc=OJ:L:2009:164:TOC,100.098.961,100.239.166,CAS/EC与ECHA英文名逐条核对,已核对
324,19,士的宁酮亚砷酸盐（1:1）,"Strychnidin-10-one, arsenite (1:1)",100258-44-4,309-388-9,1,REACH Annex XVII第19项限制对象；Arsenic compounds。具体限制条件见法规条款：Regulation。,Regulation,,https://eur-lex.europa.eu/legal-content/EN/TXT/?uri=uriserv:OJ.L_.2009.164.01.0007.01.ENG&toc=OJ:L:2009:164:TOC,100.099.379,100.239.166,CAS/EC与ECHA英文名逐条核对,已核对
325,19,铜电解精炼脱铜富砷泥渣,"Slimes and Sludges, copper electrolytic refining, decopperized, arsenic-rich",100995-81-1,309-772-6,1,Product obtained by centrifuging the slime discharged at the bases of cells for decopperization of electrolytic copper solutions. Composed primarily of a copper powder rich in arsenic.,Regulation,,https://eur-lex.europa.eu/legal-content/EN/TXT/?uri=uriserv:OJ.L_.2009.164.01.0007.01.ENG&toc=OJ:L:2009:164:TOC,100.099.727,100.239.166,CAS/EC与ECHA英文名逐条核对,已核对
326,19,锰掺杂砷酸镁,"Arsenic acid (H3AsO4), magnesium salt, manganese-doped",102110-21-4,310-019-9,1,REACH Annex XVII第19项限制对象；Arsenic compounds。具体限制条件见法规条款：Regulation。,Regulation,,https://eur-lex.europa.eu/legal-content/EN/TXT/?uri=uriserv:OJ.L_.2009.164.01.0007.01.ENG&toc=OJ:L:2009:164:TOC,100.099.951,100.239.166,CAS/EC与ECHA英文名逐条核对,已核对
327,19,含砷铜铅矿焙烧尾气洗涤泥渣,"Slimes and Sludges, copper-lead ore roasting off gas scrubbing, arsenic-contg.",102110-62-3,310-063-9,1,The product obtained by the purification of copper-lead ore concentrate roasting offgas. Composed primarily of arsenic oxide (As2O3).,Regulation,,https://eur-lex.europa.eu/legal-content/EN/TXT/?uri=uriserv:OJ.L_.2009.164.01.0007.01.ENG&toc=OJ:L:2009:164:TOC,100.099.991,100.239.166,CAS/EC与ECHA英文名逐条核对,已核对
328,19,乙酰亚砷酸铜,Copper acetoarsenite,12002-03-8,601-658-7,1,REACH Annex XVII第19项限制对象；Arsenic compounds。具体限制条件见法规条款：Regulation。,Regulation,,https://eur-lex.europa.eu/legal-content/EN/TXT/?uri=uriserv:OJ.L_.2009.164.01.0007.01.ENG&toc=OJ:L:2009:164:TOC,100.125.242,100.239.166,CAS/EC与ECHA英文名逐条核对,已核对
329,19,[4-[[4-(二甲氨基)苯基]偶氮]苯基]胂酸一盐酸盐,"Arsonic acid, [4-[[4-(dimethylamino)phenyl]azo]phenyl]-, monohydrochloride",73688-85-4,620-678-7,1,REACH Annex XVII第19项限制对象；Arsenic compounds。具体限制条件见法规条款：Regulation。,Regulation,,https://eur-lex.europa.eu/legal-content/EN/TXT/?uri=uriserv:OJ.L_.2009.164.01.0007.01.ENG&toc=OJ:L:2009:164:TOC,100.149.599,100.239.166,CAS/EC与ECHA英文名逐条核对,已核对
330,19,四苯基砷鎓氯化物盐酸盐水合物,Tetraphenylarsonium Chloride Hydrochloride Hydrate,123334-18-9,621-302-4,1,REACH Annex XVII第19项限制对象；Arsenic compounds。具体限制条件见法规条款：Regulation。,Regulation,,https://eur-lex.europa.eu/legal-content/EN/TXT/?uri=uriserv:OJ.L_.2009.164.01.0007.01.ENG&toc=OJ:L:2009:164:TOC,100.150.167,100.239.166,CAS/EC与ECHA英文名逐条核对,已核对
331,19,六氟砷酸钠(V),Sodium hexafluoroarsenate(V),12005-86-6,624-772-9,1,REACH Annex XVII第19项限制对象；Arsenic compounds。具体限制条件见法规条款：Regulation。,Regulation,,https://eur-lex.europa.eu/legal-content/EN/TXT/?uri=uriserv:OJ.L_.2009.164.01.0007.01.ENG&toc=OJ:L:2009:164:TOC,100.153.333,100.239.166,CAS/EC与ECHA英文名逐条核对,已核对
332,19,六氟砷酸银,Silver hexafluoroarsenate,12005-82-2,624-776-0,1,REACH Annex XVII第19项限制对象；Arsenic compounds。具体限制条件见法规条款：Regulation。,Regulation,,https://eur-lex.europa.eu/legal-content/EN/TXT/?uri=uriserv:OJ.L_.2009.164.01.0007.01.ENG&toc=OJ:L:2009:164:TOC,100.153.336,100.239.166,CAS/EC与ECHA英文名逐条核对,已核对
333,19,硫化砷(II),Arsenic(II) sulfide,12044-79-0,627-949-9,1,REACH Annex XVII第19项限制对象；Arsenic compounds。具体限制条件见法规条款：Regulation。,Regulation,,https://eur-lex.europa.eu/legal-content/EN/TXT/?uri=uriserv:OJ.L_.2009.164.01.0007.01.ENG&toc=OJ:L:2009:164:TOC,100.156.264,100.239.166,CAS/EC与ECHA英文名逐条核对,已核对
334,19,五氧化二砷水合物,ARSENIC(V) OXIDE HYDRATE,12044-50-7,629-626-8,1,REACH Annex XVII第19项限制对象；Arsenic compounds。具体限制条件见法规条款：Regulation。,Regulation,,https://eur-lex.europa.eu/legal-content/EN/TXT/?uri=uriserv:OJ.L_.2009.164.01.0007.01.ENG&toc=OJ:L:2009:164:TOC,100.157.792,100.239.166,CAS/EC与ECHA英文名逐条核对,已核对
335,19,砷酸氢钙,"Calcium arsenate (CaHAsO4) (6CI,7CI)",15195-00-3,672-782-7,1,REACH Annex XVII第19项限制对象；Arsenic compounds。具体限制条件见法规条款：Regulation。,Regulation,,https://eur-lex.europa.eu/legal-content/EN/TXT/?uri=uriserv:OJ.L_.2009.164.01.0007.01.ENG&toc=OJ:L:2009:164:TOC,100.198.309,100.239.166,CAS/EC与ECHA英文名逐条核对,已核对
336,19,砷酸二氢铯,"Arsenic acid (H3AsO4), monocesium salt",16331-85-4,677-899-7,1,REACH Annex XVII第19项限制对象；Arsenic compounds。具体限制条件见法规条款：Regulation。,Regulation,,https://eur-lex.europa.eu/legal-content/EN/TXT/?uri=uriserv:OJ.L_.2009.164.01.0007.01.ENG&toc=OJ:L:2009:164:TOC,100.203.000,100.239.166,CAS/EC与ECHA英文名逐条核对,已核对
337,19,砷酸氢二钠七水合物,Sodium arsenate dibasic heptahydrate,10048-95-0,677-900-0,1,REACH Annex XVII第19项限制对象；Arsenic compounds。具体限制条件见法规条款：Regulation。,Regulation,,https://eur-lex.europa.eu/legal-content/EN/TXT/?uri=uriserv:OJ.L_.2009.164.01.0007.01.ENG&toc=OJ:L:2009:164:TOC,100.203.001,100.239.166,CAS/EC与ECHA英文名逐条核对,已核对
338,19,砷化铝镓,Aluminium gallium arsenide,37382-15-3,680-872-2,1,REACH Annex XVII第19项限制对象；Arsenic compounds。具体限制条件见法规条款：Regulation。,Regulation,,https://eur-lex.europa.eu/legal-content/EN/TXT/?uri=uriserv:OJ.L_.2009.164.01.0007.01.ENG&toc=OJ:L:2009:164:TOC,100.206.013,100.239.166,CAS/EC与ECHA英文名逐条核对,已核对
339,19,二甲基胂酸钠三水合物,Sodium cacodylate trihydrate,6131-99-3,682-793-9,1,REACH Annex XVII第19项限制对象；Arsenic compounds。具体限制条件见法规条款：Regulation。,Regulation,,https://eur-lex.europa.eu/legal-content/EN/TXT/?uri=uriserv:OJ.L_.2009.164.01.0007.01.ENG&toc=OJ:L:2009:164:TOC,100.208.285,100.239.166,CAS/EC与ECHA英文名逐条核对,已核对
340,19,二氯甲基胂,"Arsine, dichloromethyl-",593-89-5,695-189-5,1,REACH Annex XVII第19项限制对象；Arsenic compounds。具体限制条件见法规条款：Regulation。,Regulation,,https://eur-lex.europa.eu/legal-content/EN/TXT/?uri=uriserv:OJ.L_.2009.164.01.0007.01.ENG&toc=OJ:L:2009:164:TOC,100.223.668,100.239.166,CAS/EC与ECHA英文名逐条核对,已核对
341,19,福美胂,"3-[(dimethylcarbamothioyl)thio]-N,N,6-trimethyl-1,5-bis(thioxo)-2,4-dithia-6-aza-3-arsaheptan-1-amine; asomate",3586-60-5,803-606-0,1,REACH Annex XVII第19项限制对象；Arsenic compounds。具体限制条件见法规条款：Regulation。,Regulation,,https://eur-lex.europa.eu/legal-content/EN/TXT/?uri=uriserv:OJ.L_.2009.164.01.0007.01.ENG&toc=OJ:L:2009:164:TOC,100.230.393,100.239.166,CAS/EC与ECHA英文名逐条核对,已核对
342,19,"2,4,6,8,9,10-六氧杂-1,3,5,7-四砷杂三环[3.3.1.1³,⁷]癸烷","2,4,6,8,9,10-Hexaoxa-1,3,5,7-tetraarsatricyclo[3.3.1.13,7]decane",12505-67-8,法规组级：无单一CAS/EC,1,REACH Annex XVII第19项限制对象；Arsenic compounds。具体限制条件见法规条款：Regulation。,Regulation,,https://eur-lex.europa.eu/legal-content/EN/TXT/?uri=uriserv:OJ.L_.2009.164.01.0007.01.ENG&toc=OJ:L:2009:164:TOC,100.247.198,100.239.166,CAS/EC与ECHA英文名逐条核对,已核对
343,19,三(三甲基硅基)胂,tris(trimethylsilyl)arsine,17729-30-5,821-113-9,1,REACH Annex XVII第19项限制对象；Arsenic compounds。具体限制条件见法规条款：Regulation。,Regulation,,https://eur-lex.europa.eu/legal-content/EN/TXT/?uri=uriserv:OJ.L_.2009.164.01.0007.01.ENG&toc=OJ:L:2009:164:TOC,100.255.641,100.239.166,CAS/EC与ECHA英文名逐条核对,已核对
344,19,砷酸铜四水合物,"Arsenic acid (H3AsO4), copper(2+) salt (2:3), tetrahydrate",13478-34-7,法规组级：无单一CAS/EC,1,REACH Annex XVII第19项限制对象；Arsenic compounds。具体限制条件见法规条款：Regulation。,Regulation,,https://eur-lex.europa.eu/legal-content/EN/TXT/?uri=uriserv:OJ.L_.2009.164.01.0007.01.ENG&toc=OJ:L:2009:164:TOC,100.282.018,100.239.166,CAS/EC与ECHA英文名逐条核对,已核对
345,19,偏砷酸,Arsenenic acid,10102-53-1,法规组级：无单一CAS/EC,1,REACH Annex XVII第19项限制对象；Arsenic compounds。具体限制条件见法规条款：Regulation。,Regulation,,https://eur-lex.europa.eu/legal-content/EN/TXT/?uri=uriserv:OJ.L_.2009.164.01.0007.01.ENG&toc=OJ:L:2009:164:TOC,100.282.019,100.239.166,CAS/EC与ECHA英文名逐条核对,已核对
346,19,砷酸二氢钠,"Arsenic acid (H3AsO4), monosodium salt",10103-60-3,法规组级：无单一CAS/EC,1,REACH Annex XVII第19项限制对象；Arsenic compounds。具体限制条件见法规条款：Regulation。,Regulation,,https://eur-lex.europa.eu/legal-content/EN/TXT/?uri=uriserv:OJ.L_.2009.164.01.0007.01.ENG&toc=OJ:L:2009:164:TOC,100.282.020,100.239.166,CAS/EC与ECHA英文名逐条核对,已核对
347,19,焦砷酸钠,"Diarsenic acid, sodium salt",13464-42-1,法规组级：无单一CAS/EC,1,REACH Annex XVII第19项限制对象；Arsenic compounds。具体限制条件见法规条款：Regulation。,Regulation,,https://eur-lex.europa.eu/legal-content/EN/TXT/?uri=uriserv:OJ.L_.2009.164.01.0007.01.ENG&toc=OJ:L:2009:164:TOC,100.282.021,100.239.166,CAS/EC与ECHA英文名逐条核对,已核对
348,19,砷酸氢锌,"Arsenic acid (H3AsO4), zinc salt (1:1)",13464-33-0,法规组级：无单一CAS/EC,1,REACH Annex XVII第19项限制对象；Arsenic compounds。具体限制条件见法规条款：Regulation。,Regulation,,https://eur-lex.europa.eu/legal-content/EN/TXT/?uri=uriserv:OJ.L_.2009.164.01.0007.01.ENG&toc=OJ:L:2009:164:TOC,100.282.022,100.239.166,CAS/EC与ECHA英文名逐条核对,已核对
349,19,亚砷酸锌,"Arsenenous acid, zinc salt",10326-24-6,法规组级：无单一CAS/EC,1,REACH Annex XVII第19项限制对象；Arsenic compounds。具体限制条件见法规条款：Regulation。,Regulation,,https://eur-lex.europa.eu/legal-content/EN/TXT/?uri=uriserv:OJ.L_.2009.164.01.0007.01.ENG&toc=OJ:L:2009:164:TOC,100.282.023,100.239.166,CAS/EC与ECHA英文名逐条核对,已核对
350,19,亚砷酸铅(II),"Arsenous acid, lead(2+) salt (1:1)",100822-74-0,法规组级：无单一CAS/EC,1,REACH Annex XVII第19项限制对象；Arsenic compounds。具体限制条件见法规条款：Regulation。,Regulation,,https://eur-lex.europa.eu/legal-content/EN/TXT/?uri=uriserv:OJ.L_.2009.164.01.0007.01.ENG&toc=OJ:L:2009:164:TOC,100.288.897,100.239.166,CAS/EC与ECHA英文名逐条核对,已核对
351,19,4-氨基苯基氧化胂,4-Aminophenylarsenoxide,1122-90-3,法规组级：无单一CAS/EC,1,REACH Annex XVII第19项限制对象；Arsenic compounds。具体限制条件见法规条款：Regulation。,Regulation,,https://eur-lex.europa.eu/legal-content/EN/TXT/?uri=uriserv:OJ.L_.2009.164.01.0007.01.ENG&toc=OJ:L:2009:164:TOC,100.289.397,100.239.166,CAS/EC与ECHA英文名逐条核对,已核对
352,19,砷酸镁十水合物,"Magnesium arsenate, decahydrate",117746-50-6,法规组级：无单一CAS/EC,1,REACH Annex XVII第19项限制对象；Arsenic compounds。具体限制条件见法规条款：Regulation。,Regulation,,https://eur-lex.europa.eu/legal-content/EN/TXT/?uri=uriserv:OJ.L_.2009.164.01.0007.01.ENG&toc=OJ:L:2009:164:TOC,100.289.519,100.239.166,CAS/EC与ECHA英文名逐条核对,已核对
353,19,砷化二锰,Manganese arsenide (Mn2As),12005-96-8,法规组级：无单一CAS/EC,1,REACH Annex XVII第19项限制对象；Arsenic compounds。具体限制条件见法规条款：Regulation。,Regulation,,https://eur-lex.europa.eu/legal-content/EN/TXT/?uri=uriserv:OJ.L_.2009.164.01.0007.01.ENG&toc=OJ:L:2009:164:TOC,100.289.573,100.239.166,CAS/EC与ECHA英文名逐条核对,已核对
354,19,砷化锡,Tin arsenide (SnAs),12044-32-5,法规组级：无单一CAS/EC,1,REACH Annex XVII第19项限制对象；Arsenic compounds。具体限制条件见法规条款：Regulation。,Regulation,,https://eur-lex.europa.eu/legal-content/EN/TXT/?uri=uriserv:OJ.L_.2009.164.01.0007.01.ENG&toc=OJ:L:2009:164:TOC,100.289.594,100.239.166,CAS/EC与ECHA英文名逐条核对,已核对
355,19,二砷化钴,Cobalt arsenide (CoAs2),12044-42-7,法规组级：无单一CAS/EC,1,REACH Annex XVII第19项限制对象；Arsenic compounds。具体限制条件见法规条款：Regulation。,Regulation,,https://eur-lex.europa.eu/legal-content/EN/TXT/?uri=uriserv:OJ.L_.2009.164.01.0007.01.ENG&toc=OJ:L:2009:164:TOC,100.289.595,100.239.166,CAS/EC与ECHA英文名逐条核对,已核对
356,19,二砷化铂,Platinum arsenide (PtAs2),12044-52-9,法规组级：无单一CAS/EC,1,REACH Annex XVII第19项限制对象；Arsenic compounds。具体限制条件见法规条款：Regulation。,Regulation,,https://eur-lex.europa.eu/legal-content/EN/TXT/?uri=uriserv:OJ.L_.2009.164.01.0007.01.ENG&toc=OJ:L:2009:164:TOC,100.289.596,100.239.166,CAS/EC与ECHA英文名逐条核对,已核对
357,19,三砷化钴,Cobalt arsenide (CoAs3),12256-04-1,法规组级：无单一CAS/EC,1,REACH Annex XVII第19项限制对象；Arsenic compounds。具体限制条件见法规条款：Regulation。,Regulation,,https://eur-lex.europa.eu/legal-content/EN/TXT/?uri=uriserv:OJ.L_.2009.164.01.0007.01.ENG&toc=OJ:L:2009:164:TOC,100.289.677,100.239.166,CAS/EC与ECHA英文名逐条核对,已核对
358,19,四硫化二砷,Arsenic sulfide (As2S4),12344-68-2,法规组级：无单一CAS/EC,1,REACH Annex XVII第19项限制对象；Arsenic compounds。具体限制条件见法规条款：Regulation。,Regulation,,https://eur-lex.europa.eu/legal-content/EN/TXT/?uri=uriserv:OJ.L_.2009.164.01.0007.01.ENG&toc=OJ:L:2009:164:TOC,100.289.702,100.239.166,CAS/EC与ECHA英文名逐条核对,已核对
359,19,含钴毒砂,"Arsenopyrite, cobaltoan",12414-94-7,法规组级：无单一CAS/EC,1,REACH Annex XVII第19项限制对象；Arsenic compounds。具体限制条件见法规条款：Regulation。,Regulation,,https://eur-lex.europa.eu/legal-content/EN/TXT/?uri=uriserv:OJ.L_.2009.164.01.0007.01.ENG&toc=OJ:L:2009:164:TOC,100.289.722,100.239.166,CAS/EC与ECHA英文名逐条核对,已核对
360,19,亚砷酸锑(III),"Arsenous acid, antimony(3+) salt (1:1)",12523-20-5,法规组级：无单一CAS/EC,1,REACH Annex XVII第19项限制对象；Arsenic compounds。具体限制条件见法规条款：Regulation。,Regulation,,https://eur-lex.europa.eu/legal-content/EN/TXT/?uri=uriserv:OJ.L_.2009.164.01.0007.01.ENG&toc=OJ:L:2009:164:TOC,100.289.802,100.239.166,CAS/EC与ECHA英文名逐条核对,已核对
361,19,氧化砷,Arsenic oxide,12777-38-7,法规组级：无单一CAS/EC,1,REACH Annex XVII第19项限制对象；Arsenic compounds。具体限制条件见法规条款：Regulation。,Regulation,,https://eur-lex.europa.eu/legal-content/EN/TXT/?uri=uriserv:OJ.L_.2009.164.01.0007.01.ENG&toc=OJ:L:2009:164:TOC,100.289.929,100.239.166,CAS/EC与ECHA英文名逐条核对,已核对
362,19,砷酸铵,"Arsenic acid (H3AsO4), ammonium salt (2:1)",127795-79-3,法规组级：无单一CAS/EC,1,REACH Annex XVII第19项限制对象；Arsenic compounds。具体限制条件见法规条款：Regulation。,Regulation,,https://eur-lex.europa.eu/legal-content/EN/TXT/?uri=uriserv:OJ.L_.2009.164.01.0007.01.ENG&toc=OJ:L:2009:164:TOC,100.289.930,100.239.166,CAS/EC与ECHA英文名逐条核对,已核对
363,19,砷化镍,Nickel arsenide,12795-30-1,法规组级：无单一CAS/EC,1,REACH Annex XVII第19项限制对象；Arsenic compounds。具体限制条件见法规条款：Regulation。,Regulation,,https://eur-lex.europa.eu/legal-content/EN/TXT/?uri=uriserv:OJ.L_.2009.164.01.0007.01.ENG&toc=OJ:L:2009:164:TOC,100.289.933,100.239.166,CAS/EC与ECHA英文名逐条核对,已核对
364,19,斜方砷镍矿,Rammelsbergite (NiAs2),1303-22-6,法规组级：无单一CAS/EC,1,REACH Annex XVII第19项限制对象；Arsenic compounds。具体限制条件见法规条款：Regulation。,Regulation,,https://eur-lex.europa.eu/legal-content/EN/TXT/?uri=uriserv:OJ.L_.2009.164.01.0007.01.ENG&toc=OJ:L:2009:164:TOC,100.289.978,100.239.166,CAS/EC与ECHA英文名逐条核对,已核对
365,19,氧代亚砷酸锌四水合物,"Zinc arsenenate oxide (Zn5(AsO3)4O3), tetrahydrate",1303-39-5,法规组级：无单一CAS/EC,1,REACH Annex XVII第19项限制对象；Arsenic compounds。具体限制条件见法规条款：Regulation。,Regulation,,https://eur-lex.europa.eu/legal-content/EN/TXT/?uri=uriserv:OJ.L_.2009.164.01.0007.01.ENG&toc=OJ:L:2009:164:TOC,100.289.979,100.239.166,CAS/EC与ECHA英文名逐条核对,已核对
366,19,焦砷酸,Diarsenic acid,13453-15-1,法规组级：无单一CAS/EC,1,REACH Annex XVII第19项限制对象；Arsenic compounds。具体限制条件见法规条款：Regulation。,Regulation,,https://eur-lex.europa.eu/legal-content/EN/TXT/?uri=uriserv:OJ.L_.2009.164.01.0007.01.ENG&toc=OJ:L:2009:164:TOC,100.290.144,100.239.166,CAS/EC与ECHA英文名逐条核对,已核对
367,19,砷酸铜(II),"Arsenic acid (H3AsO4), copper(2+) salt (1:1)",13464-31-8,法规组级：无单一CAS/EC,1,REACH Annex XVII第19项限制对象；Arsenic compounds。具体限制条件见法规条款：Regulation。,Regulation,,https://eur-lex.europa.eu/legal-content/EN/TXT/?uri=uriserv:OJ.L_.2009.164.01.0007.01.ENG&toc=OJ:L:2009:164:TOC,100.290.151,100.239.166,CAS/EC与ECHA英文名逐条核对,已核对
368,19,砷酸氢钙,"Arsenic acid, calcium salt (1:2)",13464-39-6,法规组级：无单一CAS/EC,1,REACH Annex XVII第19项限制对象；Arsenic compounds。具体限制条件见法规条款：Regulation。,Regulation,,https://eur-lex.europa.eu/legal-content/EN/TXT/?uri=uriserv:OJ.L_.2009.164.01.0007.01.ENG&toc=OJ:L:2009:164:TOC,100.290.153,100.239.166,CAS/EC与ECHA英文名逐条核对,已核对
369,19,胂酸二钠,"Arsonic acid, disodium salt",13466-06-3,法规组级：无单一CAS/EC,1,REACH Annex XVII第19项限制对象；Arsenic compounds。具体限制条件见法规条款：Regulation。,Regulation,,https://eur-lex.europa.eu/legal-content/EN/TXT/?uri=uriserv:OJ.L_.2009.164.01.0007.01.ENG&toc=OJ:L:2009:164:TOC,100.290.159,100.239.166,CAS/EC与ECHA英文名逐条核对,已核对
370,19,砷酸硼,Boron arsenate,13510-31-1,法规组级：无单一CAS/EC,1,REACH Annex XVII第19项限制对象；Arsenic compounds。具体限制条件见法规条款：Regulation。,Regulation,,https://eur-lex.europa.eu/legal-content/EN/TXT/?uri=uriserv:OJ.L_.2009.164.01.0007.01.ENG&toc=OJ:L:2009:164:TOC,100.290.185,100.239.166,CAS/EC与ECHA英文名逐条核对,已核对
371,19,砷酸锌八水合物,"Zinc arsenate, octahydrate",13510-72-0,法规组级：无单一CAS/EC,1,REACH Annex XVII第19项限制对象；Arsenic compounds。具体限制条件见法规条款：Regulation。,Regulation,,https://eur-lex.europa.eu/legal-content/EN/TXT/?uri=uriserv:OJ.L_.2009.164.01.0007.01.ENG&toc=OJ:L:2009:164:TOC,100.290.186,100.239.166,CAS/EC与ECHA英文名逐条核对,已核对
372,19,一氯化砷,Arsenic chloride (AsCl),17522-78-0,法规组级：无单一CAS/EC,1,REACH Annex XVII第19项限制对象；Arsenic compounds。具体限制条件见法规条款：Regulation。,Regulation,,https://eur-lex.europa.eu/legal-content/EN/TXT/?uri=uriserv:OJ.L_.2009.164.01.0007.01.ENG&toc=OJ:L:2009:164:TOC,100.290.896,100.239.166,CAS/EC与ECHA英文名逐条核对,已核对
373,19,亚砷酸镓,"Arsenous acid, gallium salt (1:1)",24343-41-7,法规组级：无单一CAS/EC,1,REACH Annex XVII第19项限制对象；Arsenic compounds。具体限制条件见法规条款：Regulation。,Regulation,,https://eur-lex.europa.eu/legal-content/EN/TXT/?uri=uriserv:OJ.L_.2009.164.01.0007.01.ENG&toc=OJ:L:2009:164:TOC,100.291.415,100.239.166,CAS/EC与ECHA英文名逐条核对,已核对
374,19,砷酸锰,Manganese arsenate,27526-45-0,法规组级：无单一CAS/EC,1,REACH Annex XVII第19项限制对象；Arsenic compounds。具体限制条件见法规条款：Regulation。,Regulation,,https://eur-lex.europa.eu/legal-content/EN/TXT/?uri=uriserv:OJ.L_.2009.164.01.0007.01.ENG&toc=OJ:L:2009:164:TOC,100.291.712,100.239.166,CAS/EC与ECHA英文名逐条核对,已核对
375,19,砷酸钴(II),"Arsenic acid (H3AsO4), cobalt(2+) salt",29871-10-1,法规组级：无单一CAS/EC,1,REACH Annex XVII第19项限制对象；Arsenic compounds。具体限制条件见法规条款：Regulation。,Regulation,,https://eur-lex.europa.eu/legal-content/EN/TXT/?uri=uriserv:OJ.L_.2009.164.01.0007.01.ENG&toc=OJ:L:2009:164:TOC,100.291.874,100.239.166,CAS/EC与ECHA英文名逐条核对,已核对
376,19,砷酸钙二水合物,"arsenic acid (H3AsO4), calcium salt(2:3), dihydrate",30621-31-9,法规组级：无单一CAS/EC,1,REACH Annex XVII第19项限制对象；Arsenic compounds。具体限制条件见法规条款：Regulation。,Regulation,,https://eur-lex.europa.eu/legal-content/EN/TXT/?uri=uriserv:OJ.L_.2009.164.01.0007.01.ENG&toc=OJ:L:2009:164:TOC,100.291.909,100.239.166,CAS/EC与ECHA英文名逐条核对,已核对
377,19,亚砷酸亚铜,"Arsenous acid, tricopper(1+) salt",33382-64-8,法规组级：无单一CAS/EC,1,REACH Annex XVII第19项限制对象；Arsenic compounds。具体限制条件见法规条款：Regulation。,Regulation,,https://eur-lex.europa.eu/legal-content/EN/TXT/?uri=uriserv:OJ.L_.2009.164.01.0007.01.ENG&toc=OJ:L:2009:164:TOC,100.292.069,100.239.166,CAS/EC与ECHA英文名逐条核对,已核对
378,19,甲基胂酸铁,"Arsonic acid, methyl-, iron salt (9CI)",33972-75-7,法规组级：无单一CAS/EC,1,REACH Annex XVII第19项限制对象；Arsenic compounds。具体限制条件见法规条款：Regulation。,Regulation,,https://eur-lex.europa.eu/legal-content/EN/TXT/?uri=uriserv:OJ.L_.2009.164.01.0007.01.ENG&toc=OJ:L:2009:164:TOC,100.292.107,100.239.166,CAS/EC与ECHA英文名逐条核对,已核对
379,19,亚砷酸镍(II),"Arsenenous acid, nickel(2+) salt",33992-49-3,法规组级：无单一CAS/EC,1,REACH Annex XVII第19项限制对象；Arsenic compounds。具体限制条件见法规条款：Regulation。,Regulation,,https://eur-lex.europa.eu/legal-content/EN/TXT/?uri=uriserv:OJ.L_.2009.164.01.0007.01.ENG&toc=OJ:L:2009:164:TOC,100.292.110,100.239.166,CAS/EC与ECHA英文名逐条核对,已核对
380,19,氯化砷,Arsenic chloride,37226-49-6,法规组级：无单一CAS/EC,1,REACH Annex XVII第19项限制对象；Arsenic compounds。具体限制条件见法规条款：Regulation。,Regulation,,https://eur-lex.europa.eu/legal-content/EN/TXT/?uri=uriserv:OJ.L_.2009.164.01.0007.01.ENG&toc=OJ:L:2009:164:TOC,100.292.257,100.239.166,CAS/EC与ECHA英文名逐条核对,已核对
381,19,砷化铁,Iron arsenide,39310-41-3,法规组级：无单一CAS/EC,1,REACH Annex XVII第19项限制对象；Arsenic compounds。具体限制条件见法规条款：Regulation。,Regulation,,https://eur-lex.europa.eu/legal-content/EN/TXT/?uri=uriserv:OJ.L_.2009.164.01.0007.01.ENG&toc=OJ:L:2009:164:TOC,100.292.362,100.239.166,CAS/EC与ECHA英文名逐条核对,已核对
382,19,二氯化砷,Arsenic chloride (AsCl2),41996-37-6,法规组级：无单一CAS/EC,1,REACH Annex XVII第19项限制对象；Arsenic compounds。具体限制条件见法规条款：Regulation。,Regulation,,https://eur-lex.europa.eu/legal-content/EN/TXT/?uri=uriserv:OJ.L_.2009.164.01.0007.01.ENG&toc=OJ:L:2009:164:TOC,100.292.471,100.239.166,CAS/EC与ECHA英文名逐条核对,已核对
383,19,二氯(2-氯乙烯基)胂,(2-Chloroethenyl)arsonous dichloride,541-25-3,法规组级：无单一CAS/EC,1,REACH Annex XVII第19项限制对象；Arsenic compounds。具体限制条件见法规条款：Regulation。,Regulation,,https://eur-lex.europa.eu/legal-content/EN/TXT/?uri=uriserv:OJ.L_.2009.164.01.0007.01.ENG&toc=OJ:L:2009:164:TOC,100.293.053,100.239.166,CAS/EC与ECHA英文名逐条核对,已核对
384,19,氧代亚胂酸钠,Sodium oxidoarsonous acid,60189-99-3,法规组级：无单一CAS/EC,1,REACH Annex XVII第19项限制对象；Arsenic compounds。具体限制条件见法规条款：Regulation。,Regulation,,https://eur-lex.europa.eu/legal-content/EN/TXT/?uri=uriserv:OJ.L_.2009.164.01.0007.01.ENG&toc=OJ:L:2009:164:TOC,100.293.655,100.239.166,CAS/EC与ECHA英文名逐条核对,已核对
385,19,4-[(2-氨基-2-氧代乙基)氨基]苯胂酸,(4-((2-Amino-2-oxoethyl)amino)phenyl)arsonic acid,618-25-7,法规组级：无单一CAS/EC,1,REACH Annex XVII第19项限制对象；Arsenic compounds。具体限制条件见法规条款：Regulation。,Regulation,,https://eur-lex.europa.eu/legal-content/EN/TXT/?uri=uriserv:OJ.L_.2009.164.01.0007.01.ENG&toc=OJ:L:2009:164:TOC,100.293.822,100.239.166,CAS/EC与ECHA英文名逐条核对,已核对
386,19,砷和铅掺杂硅酸镁锰锌,"Silicic acid (H4SiO4), magnesium manganese(2+) zinc salt, arsenic and lead-doped",68784-76-9,法规组级：无单一CAS/EC,1,REACH Annex XVII第19项限制对象；Arsenic compounds。具体限制条件见法规条款：Regulation。,Regulation,,https://eur-lex.europa.eu/legal-content/EN/TXT/?uri=uriserv:OJ.L_.2009.164.01.0007.01.ENG&toc=OJ:L:2009:164:TOC,100.294.886,100.239.166,CAS/EC与ECHA英文名逐条核对,已核对
387,19,硅酸四乙酯与三氧化二砷的聚合物,"Silicic acid (H4SiO4), tetraethyl ester, polymer with arsenic oxide (As2O3)",68957-75-5,法规组级：无单一CAS/EC,1,REACH Annex XVII第19项限制对象；Arsenic compounds。具体限制条件见法规条款：Regulation。,Regulation,,https://eur-lex.europa.eu/legal-content/EN/TXT/?uri=uriserv:OJ.L_.2009.164.01.0007.01.ENG&toc=OJ:L:2009:164:TOC,100.294.980,100.239.166,CAS/EC与ECHA英文名逐条核对,已核对
388,19,亚砷酸银(I),"Arsenenous acid, silver(1+) salt",69507-43-3,法规组级：无单一CAS/EC,1,REACH Annex XVII第19项限制对象；Arsenic compounds。具体限制条件见法规条款：Regulation。,Regulation,,https://eur-lex.europa.eu/legal-content/EN/TXT/?uri=uriserv:OJ.L_.2009.164.01.0007.01.ENG&toc=OJ:L:2009:164:TOC,100.295.103,100.239.166,CAS/EC与ECHA英文名逐条核对,已核对
389,19,4-亚胂酰苯磺酸,"Benzenesulfonic acid, 4-arsenoso-",71130-51-3,法规组级：无单一CAS/EC,1,REACH Annex XVII第19项限制对象；Arsenic compounds。具体限制条件见法规条款：Regulation。,Regulation,,https://eur-lex.europa.eu/legal-content/EN/TXT/?uri=uriserv:OJ.L_.2009.164.01.0007.01.ENG&toc=OJ:L:2009:164:TOC,100.295.335,100.239.166,CAS/EC与ECHA英文名逐条核对,已核对
390,19,亚砷酸锂,"Arsenenous acid, lithium salt",72845-34-2,法规组级：无单一CAS/EC,1,REACH Annex XVII第19项限制对象；Arsenic compounds。具体限制条件见法规条款：Regulation。,Regulation,,https://eur-lex.europa.eu/legal-content/EN/TXT/?uri=uriserv:OJ.L_.2009.164.01.0007.01.ENG&toc=OJ:L:2009:164:TOC,100.295.671,100.239.166,CAS/EC与ECHA英文名逐条核对,已核对
391,19,亚砷酸钕(III),"Arsenenous acid, neodymium(3+) salt",76871-63-1,法规组级：无单一CAS/EC,1,REACH Annex XVII第19项限制对象；Arsenic compounds。具体限制条件见法规条款：Regulation。,Regulation,,https://eur-lex.europa.eu/legal-content/EN/TXT/?uri=uriserv:OJ.L_.2009.164.01.0007.01.ENG&toc=OJ:L:2009:164:TOC,100.296.213,100.239.166,CAS/EC与ECHA英文名逐条核对,已核对
392,19,亚砷酸镥(III),"Arsenenous acid, lutetium(3+) salt",76871-65-3,法规组级：无单一CAS/EC,1,REACH Annex XVII第19项限制对象；Arsenic compounds。具体限制条件见法规条款：Regulation。,Regulation,,https://eur-lex.europa.eu/legal-content/EN/TXT/?uri=uriserv:OJ.L_.2009.164.01.0007.01.ENG&toc=OJ:L:2009:164:TOC,100.296.214,100.239.166,CAS/EC与ECHA英文名逐条核对,已核对
393,19,亚砷酸镉钕(III),"Arsenenous acid, cadmium neodymium(3+) salt (5:1:1)",76871-66-4,法规组级：无单一CAS/EC,1,REACH Annex XVII第19项限制对象；Arsenic compounds。具体限制条件见法规条款：Regulation。,Regulation,,https://eur-lex.europa.eu/legal-content/EN/TXT/?uri=uriserv:OJ.L_.2009.164.01.0007.01.ENG&toc=OJ:L:2009:164:TOC,100.296.215,100.239.166,CAS/EC与ECHA英文名逐条核对,已核对
394,19,砷酸铜(II),"Arsenic acid (H3AsO4), copper(2+) salt (2:3)",76407-89-1,法规组级：无单一CAS/EC,1,REACH Annex XVII第19项限制对象；Arsenic compounds。具体限制条件见法规条款：Regulation。,Regulation,,https://eur-lex.europa.eu/legal-content/EN/TXT/?uri=uriserv:OJ.L_.2009.164.01.0007.01.ENG&toc=OJ:L:2009:164:TOC,100.296.239,100.239.166,CAS/EC与ECHA英文名逐条核对,已核对
395,19,亚砷酸铯,"Arsenenous acid, cesium salt",82005-78-5,法规组级：无单一CAS/EC,1,REACH Annex XVII第19项限制对象；Arsenic compounds。具体限制条件见法规条款：Regulation。,Regulation,,https://eur-lex.europa.eu/legal-content/EN/TXT/?uri=uriserv:OJ.L_.2009.164.01.0007.01.ENG&toc=OJ:L:2009:164:TOC,100.296.505,100.239.166,CAS/EC与ECHA英文名逐条核对,已核对
396,19,亚砷酸汞(II),"Arsenenous acid, mercury(2+) salt",82980-40-3,法规组级：无单一CAS/EC,1,REACH Annex XVII第19项限制对象；Arsenic compounds。具体限制条件见法规条款：Regulation。,Regulation,,https://eur-lex.europa.eu/legal-content/EN/TXT/?uri=uriserv:OJ.L_.2009.164.01.0007.01.ENG&toc=OJ:L:2009:164:TOC,100.296.588,100.239.166,CAS/EC与ECHA英文名逐条核对,已核对
397,19,亚砷酸锑(III),"Arsenenous acid, antimony(3+) salt",83877-96-7,法规组级：无单一CAS/EC,1,REACH Annex XVII第19项限制对象；Arsenic compounds。具体限制条件见法规条款：Regulation。,Regulation,,https://eur-lex.europa.eu/legal-content/EN/TXT/?uri=uriserv:OJ.L_.2009.164.01.0007.01.ENG&toc=OJ:L:2009:164:TOC,100.296.663,100.239.166,CAS/EC与ECHA英文名逐条核对,已核对
398,19,亚砷酸镉,"Arsenenous acid, cadmium salt",84953-43-5,法规组级：无单一CAS/EC,1,REACH Annex XVII第19项限制对象；Arsenic compounds。具体限制条件见法规条款：Regulation。,Regulation,,https://eur-lex.europa.eu/legal-content/EN/TXT/?uri=uriserv:OJ.L_.2009.164.01.0007.01.ENG&toc=OJ:L:2009:164:TOC,100.296.695,100.239.166,CAS/EC与ECHA英文名逐条核对,已核对
399,19,亚砷酸钴(II),"Arsenenous acid, cobalt(2+) salt",85561-28-0,法规组级：无单一CAS/EC,1,REACH Annex XVII第19项限制对象；Arsenic compounds。具体限制条件见法规条款：Regulation。,Regulation,,https://eur-lex.europa.eu/legal-content/EN/TXT/?uri=uriserv:OJ.L_.2009.164.01.0007.01.ENG&toc=OJ:L:2009:164:TOC,100.296.715,100.239.166,CAS/EC与ECHA英文名逐条核对,已核对
400,19,亚砷酸锰(II),"Arsenenous acid, manganese(2+) salt",85561-29-1,法规组级：无单一CAS/EC,1,REACH Annex XVII第19项限制对象；Arsenic compounds。具体限制条件见法规条款：Regulation。,Regulation,,https://eur-lex.europa.eu/legal-content/EN/TXT/?uri=uriserv:OJ.L_.2009.164.01.0007.01.ENG&toc=OJ:L:2009:164:TOC,100.296.716,100.239.166,CAS/EC与ECHA英文名逐条核对,已核对
401,19,亚砷酸铷,"Arsenenous acid, rubidium salt",85906-44-1,法规组级：无单一CAS/EC,1,REACH Annex XVII第19项限制对象；Arsenic compounds。具体限制条件见法规条款：Regulation。,Regulation,,https://eur-lex.europa.eu/legal-content/EN/TXT/?uri=uriserv:OJ.L_.2009.164.01.0007.01.ENG&toc=OJ:L:2009:164:TOC,100.296.738,100.239.166,CAS/EC与ECHA英文名逐条核对,已核对
402,19,砷酸钙,"Arsenic acid (H3AsO4), calcium salt (7:10)",85949-61-7,法规组级：无单一CAS/EC,1,REACH Annex XVII第19项限制对象；Arsenic compounds。具体限制条件见法规条款：Regulation。,Regulation,,https://eur-lex.europa.eu/legal-content/EN/TXT/?uri=uriserv:OJ.L_.2009.164.01.0007.01.ENG&toc=OJ:L:2009:164:TOC,100.296.745,100.239.166,CAS/EC与ECHA英文名逐条核对,已核对
403,19,亚砷酸镨(III),"Arsenenous acid, praseodymium(3+) salt",86859-92-9,法规组级：无单一CAS/EC,1,REACH Annex XVII第19项限制对象；Arsenic compounds。具体限制条件见法规条款：Regulation。,Regulation,,https://eur-lex.europa.eu/legal-content/EN/TXT/?uri=uriserv:OJ.L_.2009.164.01.0007.01.ENG&toc=OJ:L:2009:164:TOC,100.296.792,100.239.166,CAS/EC与ECHA英文名逐条核对,已核对
404,19,亚砷酸铈(III),"Arsenenous acid, cerium(3+) salt",86859-93-0,法规组级：无单一CAS/EC,1,REACH Annex XVII第19项限制对象；Arsenic compounds。具体限制条件见法规条款：Regulation。,Regulation,,https://eur-lex.europa.eu/legal-content/EN/TXT/?uri=uriserv:OJ.L_.2009.164.01.0007.01.ENG&toc=OJ:L:2009:164:TOC,100.296.793,100.239.166,CAS/EC与ECHA英文名逐条核对,已核对
405,19,砷酸铜(II)倍半水合物,"Arsenic acid (H3AsO4), copper(2+) salt (1:1), sesquihydrate",88442-64-2,法规组级：无单一CAS/EC,1,REACH Annex XVII第19项限制对象；Arsenic compounds。具体限制条件见法规条款：Regulation。,Regulation,,https://eur-lex.europa.eu/legal-content/EN/TXT/?uri=uriserv:OJ.L_.2009.164.01.0007.01.ENG&toc=OJ:L:2009:164:TOC,100.296.890,100.239.166,CAS/EC与ECHA英文名逐条核对,已核对
406,19,砷酸铜(II),"Arsenic acid (H3AsO4), copper(2+) salt (4:5)",89054-01-3,法规组级：无单一CAS/EC,1,REACH Annex XVII第19项限制对象；Arsenic compounds。具体限制条件见法规条款：Regulation。,Regulation,,https://eur-lex.europa.eu/legal-content/EN/TXT/?uri=uriserv:OJ.L_.2009.164.01.0007.01.ENG&toc=OJ:L:2009:164:TOC,100.296.945,100.239.166,CAS/EC与ECHA英文名逐条核对,已核对
407,19,砷酸钙,"Arsenic acid (H3AsO4), calcium salt (4:5)",89067-81-2,法规组级：无单一CAS/EC,1,REACH Annex XVII第19项限制对象；Arsenic compounds。具体限制条件见法规条款：Regulation。,Regulation,,https://eur-lex.europa.eu/legal-content/EN/TXT/?uri=uriserv:OJ.L_.2009.164.01.0007.01.ENG&toc=OJ:L:2009:164:TOC,100.296.948,100.239.166,CAS/EC与ECHA英文名逐条核对,已核对
408,19,亚砷酸钛,"Arsenous acid, titanium salt",92278-94-9,法规组级：无单一CAS/EC,1,REACH Annex XVII第19项限制对象；Arsenic compounds。具体限制条件见法规条款：Regulation。,Regulation,,https://eur-lex.europa.eu/legal-content/EN/TXT/?uri=uriserv:OJ.L_.2009.164.01.0007.01.ENG&toc=OJ:L:2009:164:TOC,100.297.068,100.239.166,CAS/EC与ECHA英文名逐条核对,已核对
409,19,胂酸锡,"Arsonic acid, tin salt",93080-00-3,法规组级：无单一CAS/EC,1,REACH Annex XVII第19项限制对象；Arsenic compounds。具体限制条件见法规条款：Regulation。,Regulation,,https://eur-lex.europa.eu/legal-content/EN/TXT/?uri=uriserv:OJ.L_.2009.164.01.0007.01.ENG&toc=OJ:L:2009:164:TOC,100.297.121,100.239.166,CAS/EC与ECHA英文名逐条核对,已核对
410,19,亚砷酸铵铜,"Arsenenous acid, ammonium copper salt",94854-78-1,法规组级：无单一CAS/EC,1,REACH Annex XVII第19项限制对象；Arsenic compounds。具体限制条件见法规条款：Regulation。,Regulation,,https://eur-lex.europa.eu/legal-content/EN/TXT/?uri=uriserv:OJ.L_.2009.164.01.0007.01.ENG&toc=OJ:L:2009:164:TOC,100.297.182,100.239.166,CAS/EC与ECHA英文名逐条核对,已核对
411,19,亚砷酸铵锌,"Arsenenous acid, ammonium zinc salt",94854-80-5,法规组级：无单一CAS/EC,1,REACH Annex XVII第19项限制对象；Arsenic compounds。具体限制条件见法规条款：Regulation。,Regulation,,https://eur-lex.europa.eu/legal-content/EN/TXT/?uri=uriserv:OJ.L_.2009.164.01.0007.01.ENG&toc=OJ:L:2009:164:TOC,100.297.183,100.239.166,CAS/EC与ECHA英文名逐条核对,已核对
412,19,砷酸二氢钾五分之一水合物,"Arsenic acid (H3AsO4), monopotassium salt, 1/5hydrate",164170-84-7,法规组级：无单一CAS/EC,1,REACH Annex XVII第19项限制对象；Arsenic compounds。具体限制条件见法规条款：Regulation。,Regulation,,https://eur-lex.europa.eu/legal-content/EN/TXT/?uri=uriserv:OJ.L_.2009.164.01.0007.01.ENG&toc=OJ:L:2009:164:TOC,100.298.561,100.239.166,CAS/EC与ECHA英文名逐条核对,已核对
413,19,砷酸三钾三分之二水合物,Tripotassium arsenate 3/2hydrate,62702-52-7,法规组级：无单一CAS/EC,1,REACH Annex XVII第19项限制对象；Arsenic compounds。具体限制条件见法规条款：Regulation。,Regulation,,https://eur-lex.europa.eu/legal-content/EN/TXT/?uri=uriserv:OJ.L_.2009.164.01.0007.01.ENG&toc=OJ:L:2009:164:TOC,100.298.636,100.239.166,CAS/EC与ECHA英文名逐条核对,已核对
414,19,三砷化四锡,Tin arsenide (Sn4As3),12397-66-9,法规组级：无单一CAS/EC,1,REACH Annex XVII第19项限制对象；Arsenic compounds。具体限制条件见法规条款：Regulation。,Regulation,,https://eur-lex.europa.eu/legal-content/EN/TXT/?uri=uriserv:OJ.L_.2009.164.01.0007.01.ENG&toc=OJ:L:2009:164:TOC,100.312.656,100.239.166,CAS/EC与ECHA英文名逐条核对,已核对
415,19,二甲基胂酸钾,potassium dimethylarsinate,21416-85-3,881-273-0,1,REACH Annex XVII第19项限制对象；Arsenic compounds。具体限制条件见法规条款：Regulation。,Regulation,,https://eur-lex.europa.eu/legal-content/EN/TXT/?uri=uriserv:OJ.L_.2009.164.01.0007.01.ENG&toc=OJ:L:2009:164:TOC,100.355.875,100.239.166,CAS/EC与ECHA英文名逐条核对,已核对
416,19,砷硒化铊,thallium arsenic selenide,16142-89-5,法规组级：无单一CAS/EC,1,REACH Annex XVII第19项限制对象；Arsenic compounds。具体限制条件见法规条款：Regulation。,Regulation,,https://eur-lex.europa.eu/legal-content/EN/TXT/?uri=uriserv:OJ.L_.2009.164.01.0007.01.ENG&toc=OJ:L:2009:164:TOC,100.356.110,100.239.166,CAS/EC与ECHA英文名逐条核对,已核对
56,20,有机锡化合物,Organostannic compounds,法规组级：无单一CAS/EC,法规组级：无单一CAS/EC,0,REACH Annex XVII第20项限制对象；Organostannic compounds。具体限制条件见法规条款：Regulation。,Regulation,,https://eur-lex.europa.eu/legal-content/EN/TXT/?uri=uriserv:OJ.L_.2010.086.01.0007.01.ENG&toc=OJ:L:2010:086:TOC,100.239.201,100.239.201,共享核验表 + ECHA官方限制清单,已核对
32,21,二丁基锡氢硼酸盐,Di-μ-oxo-di-n-butylstanniohydroxyborane / Dibutyltin hydrogen borate C8H19BO3Sn (DBB),75113-37-0,401-040-5,0,DBB,Regulation,,https://eur-lex.europa.eu/legal-content/EN/TXT/?uri=uriserv:OJ.L_.2009.164.01.0007.01.ENG&toc=OJ:L:2009:164:TOC,100.100.300,100.100.300,共享核验表 + ECHA官方限制清单,已核对
40,23,镉及其化合物,Cadmium and its compounds,法规组级：无单一CAS/EC,法规组级：无单一CAS/EC,0,REACH Annex XVII第23项限制对象；Cadmium and its compounds。具体限制条件见法规条款：Regulation。,Regulation,,https://eur-lex.europa.eu/legal-content/EN/TXT/?uri=uriserv:OJ.L_.2016.040.01.0005.01.ENG&toc=OJ:L:2016:040:TOC,100.239.172,100.239.172,共享核验表 + ECHA官方限制清单,已核对
428,23,丁二酸镉,Cadmium succinate,141-00-4,205-446-1,1,REACH Annex XVII第23项限制对象；Cadmium and its compounds。具体限制条件见法规条款：Regulation。,Regulation,,https://eur-lex.europa.eu/legal-content/EN/TXT/?uri=uriserv:OJ.L_.2016.040.01.0005.01.ENG&toc=OJ:L:2016:040:TOC,100.004.952,100.239.172,CAS/EC与ECHA英文名逐条核对,已核对
429,23,二甲基镉,Dimethylcadmium,506-82-1,208-055-4,1,REACH Annex XVII第23项限制对象；Cadmium and its compounds。具体限制条件见法规条款：Regulation。,Regulation,,https://eur-lex.europa.eu/legal-content/EN/TXT/?uri=uriserv:OJ.L_.2016.040.01.0005.01.ENG&toc=OJ:L:2016:040:TOC,100.007.324,100.239.172,CAS/EC与ECHA英文名逐条核对,已核对
430,23,碳酸镉,Cadmium carbonate,513-78-0,208-168-9,1,REACH Annex XVII第23项限制对象；Cadmium and its compounds。具体限制条件见法规条款：Regulation。,Regulation,,https://eur-lex.europa.eu/legal-content/EN/TXT/?uri=uriserv:OJ.L_.2016.040.01.0005.01.ENG&toc=OJ:L:2016:040:TOC,100.007.427,100.239.172,CAS/EC与ECHA英文名逐条核对,已核对
431,23,氰化镉,Cadmium cyanide,542-83-6,208-829-1,1,REACH Annex XVII第23项限制对象；Cadmium and its compounds。具体限制条件见法规条款：Regulation。,Regulation,,https://eur-lex.europa.eu/legal-content/EN/TXT/?uri=uriserv:OJ.L_.2016.040.01.0005.01.ENG&toc=OJ:L:2016:040:TOC,100.008.027,100.239.172,CAS/EC与ECHA英文名逐条核对,已核对
432,23,乙酸镉,Cadmium di(acetate),543-90-8,208-853-2,1,REACH Annex XVII第23项限制对象；Cadmium and its compounds。具体限制条件见法规条款：Regulation。,Regulation,,https://eur-lex.europa.eu/legal-content/EN/TXT/?uri=uriserv:OJ.L_.2016.040.01.0005.01.ENG&toc=OJ:L:2016:040:TOC,100.008.049,100.239.172,CAS/EC与ECHA英文名逐条核对,已核对
433,23,草酸镉,Cadmium oxalate,814-88-0,212-408-8,1,REACH Annex XVII第23项限制对象；Cadmium and its compounds。具体限制条件见法规条款：Regulation。,Regulation,,https://eur-lex.europa.eu/legal-content/EN/TXT/?uri=uriserv:OJ.L_.2016.040.01.0005.01.ENG&toc=OJ:L:2016:040:TOC,100.011.280,100.239.172,CAS/EC与ECHA英文名逐条核对,已核对
434,23,硫氰酸镉,Cadmium dithiocyanate,865-38-3,212-738-2,1,REACH Annex XVII第23项限制对象；Cadmium and its compounds。具体限制条件见法规条款：Regulation。,Regulation,,https://eur-lex.europa.eu/legal-content/EN/TXT/?uri=uriserv:OJ.L_.2016.040.01.0005.01.ENG&toc=OJ:L:2016:040:TOC,100.011.581,100.239.172,CAS/EC与ECHA英文名逐条核对,已核对
435,23,四硬脂酸钡镉,Barium cadmium tetrastearate,1191-79-3,214-740-9,1,REACH Annex XVII第23项限制对象；Cadmium and its compounds。具体限制条件见法规条款：Regulation。,Regulation,,https://eur-lex.europa.eu/legal-content/EN/TXT/?uri=uriserv:OJ.L_.2016.040.01.0005.01.ENG&toc=OJ:L:2016:040:TOC,100.013.401,100.239.172,CAS/EC与ECHA英文名逐条核对,已核对
436,23,氧化镉,Cadmium oxide,1306-19-0,215-146-2,1,REACH Annex XVII第23项限制对象；Cadmium and its compounds。具体限制条件见法规条款：Regulation。,Regulation,,https://eur-lex.europa.eu/legal-content/EN/TXT/?uri=uriserv:OJ.L_.2016.040.01.0005.01.ENG&toc=OJ:L:2016:040:TOC,100.013.770,100.239.172,CAS/EC与ECHA英文名逐条核对,已核对
437,23,硫化镉,Cadmium sulphide,1306-23-6,215-147-8,1,REACH Annex XVII第23项限制对象；Cadmium and its compounds。具体限制条件见法规条款：Regulation。,Regulation,,https://eur-lex.europa.eu/legal-content/EN/TXT/?uri=uriserv:OJ.L_.2016.040.01.0005.01.ENG&toc=OJ:L:2016:040:TOC,100.013.771,100.239.172,CAS/EC与ECHA英文名逐条核对,已核对
438,23,硒化镉,Cadmium selenide,1306-24-7,215-148-3,1,REACH Annex XVII第23项限制对象；Cadmium and its compounds。具体限制条件见法规条款：Regulation。,Regulation,,https://eur-lex.europa.eu/legal-content/EN/TXT/?uri=uriserv:OJ.L_.2016.040.01.0005.01.ENG&toc=OJ:L:2016:040:TOC,100.013.772,100.239.172,CAS/EC与ECHA英文名逐条核对,已核对
439,23,碲化镉,Cadmium telluride,1306-25-8,215-149-9,1,REACH Annex XVII第23项限制对象；Cadmium and its compounds。具体限制条件见法规条款：Regulation。,Regulation,,https://eur-lex.europa.eu/legal-content/EN/TXT/?uri=uriserv:OJ.L_.2016.040.01.0005.01.ENG&toc=OJ:L:2016:040:TOC,100.013.773,100.239.172,CAS/EC与ECHA英文名逐条核对,已核对
440,23,硫化镉汞,Cadmium mercury sulfide,1345-09-1,215-717-6,1,REACH Annex XVII第23项限制对象；Cadmium and its compounds。具体限制条件见法规条款：Regulation。,Regulation,,https://eur-lex.europa.eu/legal-content/EN/TXT/?uri=uriserv:OJ.L_.2016.040.01.0005.01.ENG&toc=OJ:L:2016:040:TOC,100.014.288,100.239.172,CAS/EC与ECHA英文名逐条核对,已核对
441,23,辛酸镉,Cadmium di(octanoate),2191-10-8,218-585-8,1,REACH Annex XVII第23项限制对象；Cadmium and its compounds。具体限制条件见法规条款：Regulation。,Regulation,,https://eur-lex.europa.eu/legal-content/EN/TXT/?uri=uriserv:OJ.L_.2016.040.01.0005.01.ENG&toc=OJ:L:2016:040:TOC,100.016.896,100.239.172,CAS/EC与ECHA英文名逐条核对,已核对
442,23,硬脂酸镉,Cadmium distearate,2223-93-0,218-743-6,1,REACH Annex XVII第23项限制对象；Cadmium and its compounds。具体限制条件见法规条款：Regulation。,Regulation,,https://eur-lex.europa.eu/legal-content/EN/TXT/?uri=uriserv:OJ.L_.2016.040.01.0005.01.ENG&toc=OJ:L:2016:040:TOC,100.017.040,100.239.172,CAS/EC与ECHA英文名逐条核对,已核对
443,23,对甲苯甲酸镉,Cadmium p-toluate,2420-97-5,219-345-5,1,REACH Annex XVII第23项限制对象；Cadmium and its compounds。具体限制条件见法规条款：Regulation。,Regulation,,https://eur-lex.europa.eu/legal-content/EN/TXT/?uri=uriserv:OJ.L_.2016.040.01.0005.01.ENG&toc=OJ:L:2016:040:TOC,100.017.587,100.239.172,CAS/EC与ECHA英文名逐条核对,已核对
444,23,双(2-乙基己酸)镉,Cadmium bis(2-ethylhexanoate),2420-98-6,219-346-0,1,REACH Annex XVII第23项限制对象；Cadmium and its compounds。具体限制条件见法规条款：Regulation。,Regulation,,https://eur-lex.europa.eu/legal-content/EN/TXT/?uri=uriserv:OJ.L_.2016.040.01.0005.01.ENG&toc=OJ:L:2016:040:TOC,100.017.588,100.239.172,CAS/EC与ECHA英文名逐条核对,已核对
445,23,月桂酸镉,Cadmium dilaurate,2605-44-9,220-017-9,1,REACH Annex XVII第23项限制对象；Cadmium and its compounds。具体限制条件见法规条款：Regulation。,Regulation,,https://eur-lex.europa.eu/legal-content/EN/TXT/?uri=uriserv:OJ.L_.2016.040.01.0005.01.ENG&toc=OJ:L:2016:040:TOC,100.018.199,100.239.172,CAS/EC与ECHA英文名逐条核对,已核对
446,23,癸酸镉,Cadmium didecanoate,2847-16-7,220-650-0,1,REACH Annex XVII第23项限制对象；Cadmium and its compounds。具体限制条件见法规条款：Regulation。,Regulation,,https://eur-lex.europa.eu/legal-content/EN/TXT/?uri=uriserv:OJ.L_.2016.040.01.0005.01.ENG&toc=OJ:L:2016:040:TOC,100.018.773,100.239.172,CAS/EC与ECHA英文名逐条核对,已核对
447,23,苯甲酸镉,Cadmium bis[benzoate],3026-22-0,221-187-7,1,REACH Annex XVII第23项限制对象；Cadmium and its compounds。具体限制条件见法规条款：Regulation。,Regulation,,https://eur-lex.europa.eu/legal-content/EN/TXT/?uri=uriserv:OJ.L_.2016.040.01.0005.01.ENG&toc=OJ:L:2016:040:TOC,100.019.262,100.239.172,CAS/EC与ECHA英文名逐条核对,已核对
448,23,4-叔丁基苯甲酸镉,"Cadmium 4-(1,1-dimethylethyl)benzoate",4167-05-9,224-022-7,1,REACH Annex XVII第23项限制对象；Cadmium and its compounds。具体限制条件见法规条款：Regulation。,Regulation,,https://eur-lex.europa.eu/legal-content/EN/TXT/?uri=uriserv:OJ.L_.2016.040.01.0005.01.ENG&toc=OJ:L:2016:040:TOC,100.021.839,100.239.172,CAS/EC与ECHA英文名逐条核对,已核对
449,23,肉桂酸镉,Cadmium cinnamate,4390-97-0,224-509-4,1,REACH Annex XVII第23项限制对象；Cadmium and its compounds。具体限制条件见法规条款：Regulation。,Regulation,,https://eur-lex.europa.eu/legal-content/EN/TXT/?uri=uriserv:OJ.L_.2016.040.01.0005.01.ENG&toc=OJ:L:2016:040:TOC,100.022.283,100.239.172,CAS/EC与ECHA英文名逐条核对,已核对
450,23,甲酸镉,Cadmium diformate,4464-23-7,224-729-0,1,REACH Annex XVII第23项限制对象；Cadmium and its compounds。具体限制条件见法规条款：Regulation。,Regulation,,https://eur-lex.europa.eu/legal-content/EN/TXT/?uri=uriserv:OJ.L_.2016.040.01.0005.01.ENG&toc=OJ:L:2016:040:TOC,100.022.482,100.239.172,CAS/EC与ECHA英文名逐条核对,已核对
451,23,癸二酸镉,Cadmium sebacate,4476-04-4,224-754-7,1,REACH Annex XVII第23项限制对象；Cadmium and its compounds。具体限制条件见法规条款：Regulation。,Regulation,,https://eur-lex.europa.eu/legal-content/EN/TXT/?uri=uriserv:OJ.L_.2016.040.01.0005.01.ENG&toc=OJ:L:2016:040:TOC,100.022.505,100.239.172,CAS/EC与ECHA英文名逐条核对,已核对
452,23,壬酸镉,Cadmium nonan-1-oate,5112-16-3,225-839-1,1,REACH Annex XVII第23项限制对象；Cadmium and its compounds。具体限制条件见法规条款：Regulation。,Regulation,,https://eur-lex.europa.eu/legal-content/EN/TXT/?uri=uriserv:OJ.L_.2016.040.01.0005.01.ENG&toc=OJ:L:2016:040:TOC,100.023.490,100.239.172,CAS/EC与ECHA英文名逐条核对,已核对
453,23,棕榈酸镉,Cadmium dipalmitate,6427-86-7,229-199-4,1,REACH Annex XVII第23项限制对象；Cadmium and its compounds。具体限制条件见法规条款：Regulation。,Regulation,,https://eur-lex.europa.eu/legal-content/EN/TXT/?uri=uriserv:OJ.L_.2016.040.01.0005.01.ENG&toc=OJ:L:2016:040:TOC,100.026.545,100.239.172,CAS/EC与ECHA英文名逐条核对,已核对
454,23,邻氨基苯甲酸镉,Cadmium dianthranilate,7058-55-1,230-343-3,1,REACH Annex XVII第23项限制对象；Cadmium and its compounds。具体限制条件见法规条款：Regulation。,Regulation,,https://eur-lex.europa.eu/legal-content/EN/TXT/?uri=uriserv:OJ.L_.2016.040.01.0005.01.ENG&toc=OJ:L:2016:040:TOC,100.027.585,100.239.172,CAS/EC与ECHA英文名逐条核对,已核对
455,23,镉,Cadmium,7440-43-9,231-152-8,1,REACH Annex XVII第23项限制对象；Cadmium and its compounds。具体限制条件见法规条款：Regulation。,Regulation,,https://eur-lex.europa.eu/legal-content/EN/TXT/?uri=uriserv:OJ.L_.2016.040.01.0005.01.ENG&toc=OJ:L:2016:040:TOC,100.028.320,100.239.172,ECHA法规条目与条目组级核对,已核对
456,23,溴化镉,Cadmium bromide,7789-42-6,232-165-1,1,REACH Annex XVII第23项限制对象；Cadmium and its compounds。具体限制条件见法规条款：Regulation。,Regulation,,https://eur-lex.europa.eu/legal-content/EN/TXT/?uri=uriserv:OJ.L_.2016.040.01.0005.01.ENG&toc=OJ:L:2016:040:TOC,100.029.241,100.239.172,CAS/EC与ECHA英文名逐条核对,已核对
457,23,氟化镉,Cadmium fluoride,7790-79-6,232-222-0,1,REACH Annex XVII第23项限制对象；Cadmium and its compounds。具体限制条件见法规条款：Regulation。,Regulation,,https://eur-lex.europa.eu/legal-content/EN/TXT/?uri=uriserv:OJ.L_.2016.040.01.0005.01.ENG&toc=OJ:L:2016:040:TOC,100.029.293,100.239.172,CAS/EC与ECHA英文名逐条核对,已核对
458,23,碘化镉,Cadmium iodide,7790-80-9,232-223-6,1,REACH Annex XVII第23项限制对象；Cadmium and its compounds。具体限制条件见法规条款：Regulation。,Regulation,,https://eur-lex.europa.eu/legal-content/EN/TXT/?uri=uriserv:OJ.L_.2016.040.01.0005.01.ENG&toc=OJ:L:2016:040:TOC,100.029.294,100.239.172,CAS/EC与ECHA英文名逐条核对,已核对
459,23,碘酸镉,Cadmium iodate,7790-81-0,232-224-1,1,REACH Annex XVII第23项限制对象；Cadmium and its compounds。具体限制条件见法规条款：Regulation。,Regulation,,https://eur-lex.europa.eu/legal-content/EN/TXT/?uri=uriserv:OJ.L_.2016.040.01.0005.01.ENG&toc=OJ:L:2016:040:TOC,100.029.295,100.239.172,CAS/EC与ECHA英文名逐条核对,已核对
460,23,亚硝酸镉,Cadmium dinitrite,7790-83-2,232-225-7,1,REACH Annex XVII第23项限制对象；Cadmium and its compounds。具体限制条件见法规条款：Regulation。,Regulation,,https://eur-lex.europa.eu/legal-content/EN/TXT/?uri=uriserv:OJ.L_.2016.040.01.0005.01.ENG&toc=OJ:L:2016:040:TOC,100.029.296,100.239.172,CAS/EC与ECHA英文名逐条核对,已核对
461,23,钨酸镉,Cadmium wolframate,7790-85-4,232-226-2,1,REACH Annex XVII第23项限制对象；Cadmium and its compounds。具体限制条件见法规条款：Regulation。,Regulation,,https://eur-lex.europa.eu/legal-content/EN/TXT/?uri=uriserv:OJ.L_.2016.040.01.0005.01.ENG&toc=OJ:L:2016:040:TOC,100.029.297,100.239.172,CAS/EC与ECHA英文名逐条核对,已核对
462,23,硫化镉锌黄,Cadmium zinc sulfide yellow,8048-07-5,232-466-8,1,"This substance is identified in the Colour Index by Colour Index Constitution Number, C.I. 77205.",Regulation,,https://eur-lex.europa.eu/legal-content/EN/TXT/?uri=uriserv:OJ.L_.2016.040.01.0005.01.ENG&toc=OJ:L:2016:040:TOC,100.029.510,100.239.172,CAS/EC与ECHA英文名逐条核对,已核对
463,23,氯化镉,Cadmium chloride,10108-64-2,233-296-7,1,REACH Annex XVII第23项限制对象；Cadmium and its compounds。具体限制条件见法规条款：Regulation。,Regulation,,https://eur-lex.europa.eu/legal-content/EN/TXT/?uri=uriserv:OJ.L_.2016.040.01.0005.01.ENG&toc=OJ:L:2016:040:TOC,100.030.256,100.239.172,CAS/EC与ECHA英文名逐条核对,已核对
464,23,硫酸镉,Cadmium sulphate,10124-36-4,233-331-6,1,REACH Annex XVII第23项限制对象；Cadmium and its compounds。具体限制条件见法规条款：Regulation。,Regulation,,https://eur-lex.europa.eu/legal-content/EN/TXT/?uri=uriserv:OJ.L_.2016.040.01.0005.01.ENG&toc=OJ:L:2016:040:TOC,100.030.288,100.239.172,CAS/EC与ECHA英文名逐条核对,已核对
465,23,肉豆蔻酸镉,Cadmium myristate,10196-67-5,233-489-6,1,REACH Annex XVII第23项限制对象；Cadmium and its compounds。具体限制条件见法规条款：Regulation。,Regulation,,https://eur-lex.europa.eu/legal-content/EN/TXT/?uri=uriserv:OJ.L_.2016.040.01.0005.01.ENG&toc=OJ:L:2016:040:TOC,100.030.432,100.239.172,CAS/EC与ECHA英文名逐条核对,已核对
466,23,硝酸镉,Cadmium nitrate,10325-94-7,233-710-6,1,REACH Annex XVII第23项限制对象；Cadmium and its compounds。具体限制条件见法规条款：Regulation。,Regulation,,https://eur-lex.europa.eu/legal-content/EN/TXT/?uri=uriserv:OJ.L_.2016.040.01.0005.01.ENG&toc=OJ:L:2016:040:TOC,100.030.633,100.239.172,CAS/EC与ECHA英文名逐条核对,已核对
467,23,油酸镉,Cadmium dioleate,10468-30-1,233-954-3,1,REACH Annex XVII第23项限制对象；Cadmium and its compounds。具体限制条件见法规条款：Regulation。,Regulation,,https://eur-lex.europa.eu/legal-content/EN/TXT/?uri=uriserv:OJ.L_.2016.040.01.0005.01.ENG&toc=OJ:L:2016:040:TOC,100.030.855,100.239.172,CAS/EC与ECHA英文名逐条核对,已核对
468,23,硒硫化镉,Cadmium selenide sulphide,11112-63-3,234-342-9,1,REACH Annex XVII第23项限制对象；Cadmium and its compounds。具体限制条件见法规条款：Regulation。,Regulation,,https://eur-lex.europa.eu/legal-content/EN/TXT/?uri=uriserv:OJ.L_.2016.040.01.0005.01.ENG&toc=OJ:L:2016:040:TOC,100.031.208,100.239.172,CAS/EC与ECHA英文名逐条核对,已核对
469,23,硫化镉锌,Cadmium zinc sulfide,11129-14-9,234-372-2,1,REACH Annex XVII第23项限制对象；Cadmium and its compounds。具体限制条件见法规条款：Regulation。,Regulation,,https://eur-lex.europa.eu/legal-content/EN/TXT/?uri=uriserv:OJ.L_.2016.040.01.0005.01.ENG&toc=OJ:L:2016:040:TOC,100.031.235,100.239.172,CAS/EC与ECHA英文名逐条核对,已核对
470,23,二砷化三镉,Tricadmium diarsenide,12006-15-4,234-484-1,1,REACH Annex XVII第23项限制对象；Cadmium and its compounds。具体限制条件见法规条款：Regulation。,Regulation,,https://eur-lex.europa.eu/legal-content/EN/TXT/?uri=uriserv:OJ.L_.2016.040.01.0005.01.ENG&toc=OJ:L:2016:040:TOC,100.031.336,100.239.172,CAS/EC与ECHA英文名逐条核对,已核对
471,23,三氧化钛镉,Cadmium titanium trioxide,12014-14-1,234-593-4,1,REACH Annex XVII第23项限制对象；Cadmium and its compounds。具体限制条件见法规条款：Regulation。,Regulation,,https://eur-lex.europa.eu/legal-content/EN/TXT/?uri=uriserv:OJ.L_.2016.040.01.0005.01.ENG&toc=OJ:L:2016:040:TOC,100.031.436,100.239.172,CAS/EC与ECHA英文名逐条核对,已核对
472,23,二磷化三镉,Tricadmium diphosphide,12014-28-7,234-595-5,1,REACH Annex XVII第23项限制对象；Cadmium and its compounds。具体限制条件见法规条款：Regulation。,Regulation,,https://eur-lex.europa.eu/legal-content/EN/TXT/?uri=uriserv:OJ.L_.2016.040.01.0005.01.ENG&toc=OJ:L:2016:040:TOC,100.031.437,100.239.172,CAS/EC与ECHA英文名逐条核对,已核对
473,23,锑化镉（2:3）,"Antimony, compound with cadmium (2:3)",12014-29-8,234-596-0,1,REACH Annex XVII第23项限制对象；Cadmium and its compounds。具体限制条件见法规条款：Regulation。,Regulation,,https://eur-lex.europa.eu/legal-content/EN/TXT/?uri=uriserv:OJ.L_.2016.040.01.0005.01.ENG&toc=OJ:L:2016:040:TOC,100.031.438,100.239.172,CAS/EC与ECHA英文名逐条核对,已核对
474,23,三氧化锆镉,Cadmium zirconium trioxide,12139-23-0,235-251-7,1,REACH Annex XVII第23项限制对象；Cadmium and its compounds。具体限制条件见法规条款：Regulation。,Regulation,,https://eur-lex.europa.eu/legal-content/EN/TXT/?uri=uriserv:OJ.L_.2016.040.01.0005.01.ENG&toc=OJ:L:2016:040:TOC,100.032.034,100.239.172,CAS/EC与ECHA英文名逐条核对,已核对
475,23,氯化五镉三磷酸盐,Pentacadmium chloridetriphosphate,12185-64-7,235-353-1,1,REACH Annex XVII第23项限制对象；Cadmium and its compounds。具体限制条件见法规条款：Regulation。,Regulation,,https://eur-lex.europa.eu/legal-content/EN/TXT/?uri=uriserv:OJ.L_.2016.040.01.0005.01.ENG&toc=OJ:L:2016:040:TOC,100.032.127,100.239.172,CAS/EC与ECHA英文名逐条核对,已核对
476,23,铌酸二镉,Dicadmium niobate,12187-14-3,235-357-3,1,REACH Annex XVII第23项限制对象；Cadmium and its compounds。具体限制条件见法规条款：Regulation。,Regulation,,https://eur-lex.europa.eu/legal-content/EN/TXT/?uri=uriserv:OJ.L_.2016.040.01.0005.01.ENG&toc=OJ:L:2016:040:TOC,100.032.131,100.239.172,CAS/EC与ECHA英文名逐条核对,已核对
477,23,硒硫化二镉,Dicadmium selenide sulphide,12214-12-9,235-392-4,1,REACH Annex XVII第23项限制对象；Cadmium and its compounds。具体限制条件见法规条款：Regulation。,Regulation,,https://eur-lex.europa.eu/legal-content/EN/TXT/?uri=uriserv:OJ.L_.2016.040.01.0005.01.ENG&toc=OJ:L:2016:040:TOC,100.032.163,100.239.172,CAS/EC与ECHA英文名逐条核对,已核对
478,23,六氧化二钽镉,Cadmium ditantalum hexaoxide,12292-07-8,235-561-2,1,REACH Annex XVII第23项限制对象；Cadmium and its compounds。具体限制条件见法规条款：Regulation。,Regulation,,https://eur-lex.europa.eu/legal-content/EN/TXT/?uri=uriserv:OJ.L_.2016.040.01.0005.01.ENG&toc=OJ:L:2016:040:TOC,100.032.316,100.239.172,CAS/EC与ECHA英文名逐条核对,已核对
479,23,硫化镉锌,Cadmium zinc sulphide,12442-27-2,235-672-6,1,REACH Annex XVII第23项限制对象；Cadmium and its compounds。具体限制条件见法规条款：Regulation。,Regulation,,https://eur-lex.europa.eu/legal-content/EN/TXT/?uri=uriserv:OJ.L_.2016.040.01.0005.01.ENG&toc=OJ:L:2016:040:TOC,100.032.416,100.239.172,CAS/EC与ECHA英文名逐条核对,已核对
480,23,硒硫化镉,Cadmium selenide sulfide,12626-36-7,235-724-8,1,REACH Annex XVII第23项限制对象；Cadmium and its compounds。具体限制条件见法规条款：Regulation。,Regulation,,https://eur-lex.europa.eu/legal-content/EN/TXT/?uri=uriserv:OJ.L_.2016.040.01.0005.01.ENG&toc=OJ:L:2016:040:TOC,100.032.464,100.239.172,CAS/EC与ECHA英文名逐条核对,已核对
481,23,硫硒化镉橙,Cadmium sulfoselenide orange,12656-57-4,235-758-3,1,"This substance is identified in the Colour Index by Colour Index Constitution Number, C.I. 77202.",Regulation,,https://eur-lex.europa.eu/legal-content/EN/TXT/?uri=uriserv:OJ.L_.2016.040.01.0005.01.ENG&toc=OJ:L:2016:040:TOC,100.032.495,100.239.172,CAS/EC与ECHA英文名逐条核对,已核对
482,23,磷酸镉,Tricadmium bis(phosphate),13477-17-3,236-764-9,1,REACH Annex XVII第23项限制对象；Cadmium and its compounds。具体限制条件见法规条款：Regulation。,Regulation,,https://eur-lex.europa.eu/legal-content/EN/TXT/?uri=uriserv:OJ.L_.2016.040.01.0005.01.ENG&toc=OJ:L:2016:040:TOC,100.033.408,100.239.172,CAS/EC与ECHA英文名逐条核对,已核对
483,23,硅酸镉,Cadmium silicate,13477-19-5,236-765-4,1,REACH Annex XVII第23项限制对象；Cadmium and its compounds。具体限制条件见法规条款：Regulation。,Regulation,,https://eur-lex.europa.eu/legal-content/EN/TXT/?uri=uriserv:OJ.L_.2016.040.01.0005.01.ENG&toc=OJ:L:2016:040:TOC,100.033.409,100.239.172,CAS/EC与ECHA英文名逐条核对,已核对
484,23,亚硫酸镉,Cadmium sulphite,13477-23-1,236-767-5,1,REACH Annex XVII第23项限制对象；Cadmium and its compounds。具体限制条件见法规条款：Regulation。,Regulation,,https://eur-lex.europa.eu/legal-content/EN/TXT/?uri=uriserv:OJ.L_.2016.040.01.0005.01.ENG&toc=OJ:L:2016:040:TOC,100.033.410,100.239.172,CAS/EC与ECHA英文名逐条核对,已核对
485,23,六氧化二硼三镉,Diboron tricadmium hexaoxide,13701-66-1,237-225-0,1,REACH Annex XVII第23项限制对象；Cadmium and its compounds。具体限制条件见法规条款：Regulation。,Regulation,,https://eur-lex.europa.eu/legal-content/EN/TXT/?uri=uriserv:OJ.L_.2016.040.01.0005.01.ENG&toc=OJ:L:2016:040:TOC,100.033.826,100.239.172,CAS/EC与ECHA英文名逐条核对,已核对
486,23,六氰合铁酸二镉,Dicadmium hexakis(cyano-C)ferrate(4-),13755-33-4,237-341-1,1,REACH Annex XVII第23项限制对象；Cadmium and its compounds。具体限制条件见法规条款：Regulation。,Regulation,,https://eur-lex.europa.eu/legal-content/EN/TXT/?uri=uriserv:OJ.L_.2016.040.01.0005.01.ENG&toc=OJ:L:2016:040:TOC,100.033.932,100.239.172,CAS/EC与ECHA英文名逐条核对,已核对
487,23,亚硒酸镉,Cadmium selenite,13814-59-0,237-480-8,1,REACH Annex XVII第23项限制对象；Cadmium and its compounds。具体限制条件见法规条款：Regulation。,Regulation,,https://eur-lex.europa.eu/legal-content/EN/TXT/?uri=uriserv:OJ.L_.2016.040.01.0005.01.ENG&toc=OJ:L:2016:040:TOC,100.034.059,100.239.172,CAS/EC与ECHA英文名逐条核对,已核对
488,23,硒酸镉,Cadmium selenate,13814-62-5,237-481-3,1,REACH Annex XVII第23项限制对象；Cadmium and its compounds。具体限制条件见法规条款：Regulation。,Regulation,,https://eur-lex.europa.eu/legal-content/EN/TXT/?uri=uriserv:OJ.L_.2016.040.01.0005.01.ENG&toc=OJ:L:2016:040:TOC,100.034.060,100.239.172,CAS/EC与ECHA英文名逐条核对,已核对
489,23,蓖麻油酸镉,Cadmium diricinoleate,13832-25-2,237-544-5,1,REACH Annex XVII第23项限制对象；Cadmium and its compounds。具体限制条件见法规条款：Regulation。,Regulation,,https://eur-lex.europa.eu/legal-content/EN/TXT/?uri=uriserv:OJ.L_.2016.040.01.0005.01.ENG&toc=OJ:L:2016:040:TOC,100.034.117,100.239.172,CAS/EC与ECHA英文名逐条核对,已核对
490,23,正磷酸镉,Cadmium orthophosphate,13847-17-1,237-581-7,1,REACH Annex XVII第23项限制对象；Cadmium and its compounds。具体限制条件见法规条款：Regulation。,Regulation,,https://eur-lex.europa.eu/legal-content/EN/TXT/?uri=uriserv:OJ.L_.2016.040.01.0005.01.ENG&toc=OJ:L:2016:040:TOC,100.034.151,100.239.172,CAS/EC与ECHA英文名逐条核对,已核对
491,23,钼酸镉,Cadmium molybdenum tetroxide,13972-68-4,237-752-6,1,REACH Annex XVII第23项限制对象；Cadmium and its compounds。具体限制条件见法规条款：Regulation。,Regulation,,https://eur-lex.europa.eu/legal-content/EN/TXT/?uri=uriserv:OJ.L_.2016.040.01.0005.01.ENG&toc=OJ:L:2016:040:TOC,100.034.306,100.239.172,CAS/EC与ECHA英文名逐条核对,已核对
492,23,氨基磺酸镉,Cadmium disulphamate,14017-36-8,237-832-0,1,REACH Annex XVII第23项限制对象；Cadmium and its compounds。具体限制条件见法规条款：Regulation。,Regulation,,https://eur-lex.europa.eu/legal-content/EN/TXT/?uri=uriserv:OJ.L_.2016.040.01.0005.01.ENG&toc=OJ:L:2016:040:TOC,100.034.379,100.239.172,CAS/EC与ECHA英文名逐条核对,已核对
493,23,磷酸氢镉,Cadmium hydrogen phosphate,14067-62-0,237-920-9,1,REACH Annex XVII第23项限制对象；Cadmium and its compounds。具体限制条件见法规条款：Regulation。,Regulation,,https://eur-lex.europa.eu/legal-content/EN/TXT/?uri=uriserv:OJ.L_.2016.040.01.0005.01.ENG&toc=OJ:L:2016:040:TOC,100.034.459,100.239.172,CAS/EC与ECHA英文名逐条核对,已核对
494,23,双(二乙基二硫代氨基甲酸)镉,Cadmium bis(diethyldithiocarbamate),14239-68-0,238-113-4,1,REACH Annex XVII第23项限制对象；Cadmium and its compounds。具体限制条件见法规条款：Regulation。,Regulation,,https://eur-lex.europa.eu/legal-content/EN/TXT/?uri=uriserv:OJ.L_.2016.040.01.0005.01.ENG&toc=OJ:L:2016:040:TOC,100.034.633,100.239.172,CAS/EC与ECHA英文名逐条核对,已核对
495,23,铬酸镉,Cadmium chromate,14312-00-6,238-252-0,1,REACH Annex XVII第23项限制对象；Cadmium and its compounds。具体限制条件见法规条款：Regulation。,Regulation,,https://eur-lex.europa.eu/legal-content/EN/TXT/?uri=uriserv:OJ.L_.2016.040.01.0005.01.ENG&toc=OJ:L:2016:040:TOC,100.034.759,100.239.172,CAS/EC与ECHA英文名逐条核对,已核对
496,23,四氰合镉酸二钾,Cadmium dipotassium tetracyanide,14402-75-6,238-371-8,1,REACH Annex XVII第23项限制对象；Cadmium and its compounds。具体限制条件见法规条款：Regulation。,Regulation,,https://eur-lex.europa.eu/legal-content/EN/TXT/?uri=uriserv:OJ.L_.2016.040.01.0005.01.ENG&toc=OJ:L:2016:040:TOC,100.034.868,100.239.172,CAS/EC与ECHA英文名逐条核对,已核对
497,23,四氟硼酸镉,Cadmium tetrafluoroborate,14486-19-2,238-490-5,1,REACH Annex XVII第23项限制对象；Cadmium and its compounds。具体限制条件见法规条款：Regulation。,Regulation,,https://eur-lex.europa.eu/legal-content/EN/TXT/?uri=uriserv:OJ.L_.2016.040.01.0005.01.ENG&toc=OJ:L:2016:040:TOC,100.034.975,100.239.172,CAS/EC与ECHA英文名逐条核对,已核对
498,23,双(二丁基二硫代氨基甲酸)镉,"Bis(dibutyldithiocarbamato-S,S')cadmium",14566-86-0,238-609-0,1,REACH Annex XVII第23项限制对象；Cadmium and its compounds。具体限制条件见法规条款：Regulation。,Regulation,,https://eur-lex.europa.eu/legal-content/EN/TXT/?uri=uriserv:OJ.L_.2016.040.01.0005.01.ENG&toc=OJ:L:2016:040:TOC,100.035.084,100.239.172,CAS/EC与ECHA英文名逐条核对,已核对
499,23,"双(2,4-戊二酮合)镉","Bis(pentane-2,4-dionato-O,O')cadmium",14689-45-3,238-730-9,1,REACH Annex XVII第23项限制对象；Cadmium and its compounds。具体限制条件见法规条款：Regulation。,Regulation,,https://eur-lex.europa.eu/legal-content/EN/TXT/?uri=uriserv:OJ.L_.2016.040.01.0005.01.ENG&toc=OJ:L:2016:040:TOC,100.035.195,100.239.172,CAS/EC与ECHA英文名逐条核对,已核对
500,23,三(乙二胺)镉二氢氧化物,Tris(ethylenediamine)cadmium dihydroxide,14874-24-9,238-945-8,1,REACH Annex XVII第23项限制对象；Cadmium and its compounds。具体限制条件见法规条款：Regulation。,Regulation,,https://eur-lex.europa.eu/legal-content/EN/TXT/?uri=uriserv:OJ.L_.2016.040.01.0005.01.ENG&toc=OJ:L:2016:040:TOC,100.035.390,100.239.172,CAS/EC与ECHA英文名逐条核对,已核对
501,23,二十烷酸镉,Cadmium diicosanoate,14923-81-0,238-994-5,1,REACH Annex XVII第23项限制对象；Cadmium and its compounds。具体限制条件见法规条款：Regulation。,Regulation,,https://eur-lex.europa.eu/legal-content/EN/TXT/?uri=uriserv:OJ.L_.2016.040.01.0005.01.ENG&toc=OJ:L:2016:040:TOC,100.035.434,100.239.172,CAS/EC与ECHA英文名逐条核对,已核对
502,23,双(哌啶-1-二硫代甲酸)镉,Cadmium bis(piperidine-1-carbodithioate),14949-59-8,239-025-9,1,REACH Annex XVII第23项限制对象；Cadmium and its compounds。具体限制条件见法规条款：Regulation。,Regulation,,https://eur-lex.europa.eu/legal-content/EN/TXT/?uri=uriserv:OJ.L_.2016.040.01.0005.01.ENG&toc=OJ:L:2016:040:TOC,100.035.463,100.239.172,CAS/EC与ECHA英文名逐条核对,已核对
503,23,双(二甲基二硫代氨基甲酸)镉,"Bis(dimethyldithiocarbamato-S,S')cadmium",14949-60-1,239-026-4,1,REACH Annex XVII第23项限制对象；Cadmium and its compounds。具体限制条件见法规条款：Regulation。,Regulation,,https://eur-lex.europa.eu/legal-content/EN/TXT/?uri=uriserv:OJ.L_.2016.040.01.0005.01.ENG&toc=OJ:L:2016:040:TOC,100.035.464,100.239.172,CAS/EC与ECHA英文名逐条核对,已核对
504,23,月桂酸钡镉盐,"Lauric acid, barium cadmium salt",15337-60-7,239-371-0,1,REACH Annex XVII第23项限制对象；Cadmium and its compounds。具体限制条件见法规条款：Regulation。,Regulation,,https://eur-lex.europa.eu/legal-content/EN/TXT/?uri=uriserv:OJ.L_.2016.040.01.0005.01.ENG&toc=OJ:L:2016:040:TOC,100.035.776,100.239.172,CAS/EC与ECHA英文名逐条核对,已核对
505,23,四氰合镉酸二钠,Disodium tetrakis(cyano-C)cadmate(2-),15682-87-8,239-765-2,1,REACH Annex XVII第23项限制对象；Cadmium and its compounds。具体限制条件见法规条款：Regulation。,Regulation,,https://eur-lex.europa.eu/legal-content/EN/TXT/?uri=uriserv:OJ.L_.2016.040.01.0005.01.ENG&toc=OJ:L:2016:040:TOC,100.036.135,100.239.172,CAS/EC与ECHA英文名逐条核对,已核对
506,23,乙二胺四乙酸镉二钾,"Dipotassium [[N,N'-ethylenebis[N-(carboxymethyl)glycinato]](4-)-N,N',O,O',ON,ON']cadmate(2-)",15708-29-9,239-801-7,1,REACH Annex XVII第23项限制对象；Cadmium and its compounds。具体限制条件见法规条款：Regulation。,Regulation,,https://eur-lex.europa.eu/legal-content/EN/TXT/?uri=uriserv:OJ.L_.2016.040.01.0005.01.ENG&toc=OJ:L:2016:040:TOC,100.036.168,100.239.172,CAS/EC与ECHA英文名逐条核对,已核对
507,23,丙烯酸镉,Cadmium acrylate,15743-19-8,239-835-2,1,REACH Annex XVII第23项限制对象；Cadmium and its compounds。具体限制条件见法规条款：Regulation。,Regulation,,https://eur-lex.europa.eu/legal-content/EN/TXT/?uri=uriserv:OJ.L_.2016.040.01.0005.01.ENG&toc=OJ:L:2016:040:TOC,100.036.199,100.239.172,CAS/EC与ECHA英文名逐条核对,已核对
508,23,亚碲酸镉,Cadmium tellurium trioxide,15851-44-2,239-963-9,1,REACH Annex XVII第23项限制对象；Cadmium and its compounds。具体限制条件见法规条款：Regulation。,Regulation,,https://eur-lex.europa.eu/legal-content/EN/TXT/?uri=uriserv:OJ.L_.2016.040.01.0005.01.ENG&toc=OJ:L:2016:040:TOC,100.036.316,100.239.172,CAS/EC与ECHA英文名逐条核对,已核对
509,23,碲酸镉,Cadmium tellurium tetraoxide,15852-14-9,239-973-3,1,REACH Annex XVII第23项限制对象；Cadmium and its compounds。具体限制条件见法规条款：Regulation。,Regulation,,https://eur-lex.europa.eu/legal-content/EN/TXT/?uri=uriserv:OJ.L_.2016.040.01.0005.01.ENG&toc=OJ:L:2016:040:TOC,100.036.325,100.239.172,CAS/EC与ECHA英文名逐条核对,已核对
510,23,乳酸镉,Cadmium dilactate,16039-55-7,240-181-5,1,REACH Annex XVII第23项限制对象；Cadmium and its compounds。具体限制条件见法规条款：Regulation。,Regulation,,https://eur-lex.europa.eu/legal-content/EN/TXT/?uri=uriserv:OJ.L_.2016.040.01.0005.01.ENG&toc=OJ:L:2016:040:TOC,100.036.512,100.239.172,CAS/EC与ECHA英文名逐条核对,已核对
511,23,六氧化二钒镉,Cadmium divanadium hexoxide,16056-72-7,240-203-3,1,REACH Annex XVII第23项限制对象；Cadmium and its compounds。具体限制条件见法规条款：Regulation。,Regulation,,https://eur-lex.europa.eu/legal-content/EN/TXT/?uri=uriserv:OJ.L_.2016.040.01.0005.01.ENG&toc=OJ:L:2016:040:TOC,100.036.533,100.239.172,CAS/EC与ECHA英文名逐条核对,已核对
512,23,5-氧代-L-脯氨酸镉盐,"5-oxo-L-proline, cadmium salt",16105-06-9,240-269-3,1,REACH Annex XVII第23项限制对象；Cadmium and its compounds。具体限制条件见法规条款：Regulation。,Regulation,,https://eur-lex.europa.eu/legal-content/EN/TXT/?uri=uriserv:OJ.L_.2016.040.01.0005.01.ENG&toc=OJ:L:2016:040:TOC,100.036.593,100.239.172,CAS/EC与ECHA英文名逐条核对,已核对
513,23,丙酸镉,Cadmium propionate,16986-83-7,241-066-2,1,REACH Annex XVII第23项限制对象；Cadmium and its compounds。具体限制条件见法规条款：Regulation。,Regulation,,https://eur-lex.europa.eu/legal-content/EN/TXT/?uri=uriserv:OJ.L_.2016.040.01.0005.01.ENG&toc=OJ:L:2016:040:TOC,100.037.318,100.239.172,CAS/EC与ECHA英文名逐条核对,已核对
514,23,六氟硅酸镉,Cadmium hexafluorosilicate(2-),17010-21-8,241-084-0,1,REACH Annex XVII第23项限制对象；Cadmium and its compounds。具体限制条件见法规条款：Regulation。,Regulation,,https://eur-lex.europa.eu/legal-content/EN/TXT/?uri=uriserv:OJ.L_.2016.040.01.0005.01.ENG&toc=OJ:L:2016:040:TOC,100.037.334,100.239.172,CAS/EC与ECHA英文名逐条核对,已核对
515,23,双(乙二胺)镉双(二氰合金酸盐),Bis(ethylenediamine)cadmium(2+) bis[dicyanoaurate(1-)],18974-20-4,242-708-4,1,REACH Annex XVII第23项限制对象；Cadmium and its compounds。具体限制条件见法规条款：Regulation。,Regulation,,https://eur-lex.europa.eu/legal-content/EN/TXT/?uri=uriserv:OJ.L_.2016.040.01.0005.01.ENG&toc=OJ:L:2016:040:TOC,100.038.811,100.239.172,CAS/EC与ECHA英文名逐条核对,已核对
516,23,苯酚镉盐,Cadmium diphenolate,18991-05-4,242-727-8,1,REACH Annex XVII第23项限制对象；Cadmium and its compounds。具体限制条件见法规条款：Regulation。,Regulation,,https://eur-lex.europa.eu/legal-content/EN/TXT/?uri=uriserv:OJ.L_.2016.040.01.0005.01.ENG&toc=OJ:L:2016:040:TOC,100.038.828,100.239.172,CAS/EC与ECHA英文名逐条核对,已核对
517,23,双(二戊基二硫代氨基甲酸)镉,Cadmium bis(dipentyldithiocarbamate),19010-65-2,242-747-7,1,REACH Annex XVII第23项限制对象；Cadmium and its compounds。具体限制条件见法规条款：Regulation。,Regulation,,https://eur-lex.europa.eu/legal-content/EN/TXT/?uri=uriserv:OJ.L_.2016.040.01.0005.01.ENG&toc=OJ:L:2016:040:TOC,100.038.846,100.239.172,CAS/EC与ECHA英文名逐条核对,已核对
518,23,水杨酸镉,Cadmium disalicylate,19010-79-8,242-749-8,1,REACH Annex XVII第23项限制对象；Cadmium and its compounds。具体限制条件见法规条款：Regulation。,Regulation,,https://eur-lex.europa.eu/legal-content/EN/TXT/?uri=uriserv:OJ.L_.2016.040.01.0005.01.ENG&toc=OJ:L:2016:040:TOC,100.038.848,100.239.172,CAS/EC与ECHA英文名逐条核对,已核对
519,23,四氯合镉酸二钾,Dipotassium tetrachlorocadmate(2-),20648-91-3,243-938-8,1,REACH Annex XVII第23项限制对象；Cadmium and its compounds。具体限制条件见法规条款：Regulation。,Regulation,,https://eur-lex.europa.eu/legal-content/EN/TXT/?uri=uriserv:OJ.L_.2016.040.01.0005.01.ENG&toc=OJ:L:2016:040:TOC,100.039.929,100.239.172,CAS/EC与ECHA英文名逐条核对,已核对
520,23,氢氧化镉,Cadmium hydroxide,21041-95-2,244-168-5,1,REACH Annex XVII第23项限制对象；Cadmium and its compounds。具体限制条件见法规条款：Regulation。,Regulation,,https://eur-lex.europa.eu/legal-content/EN/TXT/?uri=uriserv:OJ.L_.2016.040.01.0005.01.ENG&toc=OJ:L:2016:040:TOC,100.040.137,100.239.172,CAS/EC与ECHA英文名逐条核对,已核对
521,23,甲基丙烯酸镉,Cadmium methacrylate,24345-60-6,246-183-2,1,REACH Annex XVII第23项限制对象；Cadmium and its compounds。具体限制条件见法规条款：Regulation。,Regulation,,https://eur-lex.europa.eu/legal-content/EN/TXT/?uri=uriserv:OJ.L_.2016.040.01.0005.01.ENG&toc=OJ:L:2016:040:TOC,100.041.970,100.239.172,CAS/EC与ECHA英文名逐条核对,已核对
522,23,环氧十八烷酸镉,Cadmium epoxyoctadecanoate,26264-48-2,247-560-4,1,REACH Annex XVII第23项限制对象；Cadmium and its compounds。具体限制条件见法规条款：Regulation。,Regulation,,https://eur-lex.europa.eu/legal-content/EN/TXT/?uri=uriserv:OJ.L_.2016.040.01.0005.01.ENG&toc=OJ:L:2016:040:TOC,100.043.222,100.239.172,CAS/EC与ECHA英文名逐条核对,已核对
523,23,甲苯甲酸镉,Cadmium toluate,27476-27-3,248-480-2,1,REACH Annex XVII第23项限制对象；Cadmium and its compounds。具体限制条件见法规条款：Regulation。,Regulation,,https://eur-lex.europa.eu/legal-content/EN/TXT/?uri=uriserv:OJ.L_.2016.040.01.0005.01.ENG&toc=OJ:L:2016:040:TOC,100.044.059,100.239.172,CAS/EC与ECHA英文名逐条核对,已核对
524,23,碲化镉汞,Cadmium mercury telluride,29870-72-2,249-914-3,1,REACH Annex XVII第23项限制对象；Cadmium and its compounds。具体限制条件见法规条款：Regulation。,Regulation,,https://eur-lex.europa.eu/legal-content/EN/TXT/?uri=uriserv:OJ.L_.2016.040.01.0005.01.ENG&toc=OJ:L:2016:040:TOC,100.045.362,100.239.172,CAS/EC与ECHA英文名逐条核对,已核对
525,23,双甘氨酸乙二胺合镉,"[[N,N'-ethylenebis[glycinato]](2-)-N,N',O,O']cadmium",29977-13-7,249-987-1,1,REACH Annex XVII第23项限制对象；Cadmium and its compounds。具体限制条件见法规条款：Regulation。,Regulation,,https://eur-lex.europa.eu/legal-content/EN/TXT/?uri=uriserv:OJ.L_.2016.040.01.0005.01.ENG&toc=OJ:L:2016:040:TOC,100.045.428,100.239.172,CAS/EC与ECHA英文名逐条核对,已核对
526,23,异辛酸镉,Cadmium isooctanoate,30304-32-6,250-118-3,1,REACH Annex XVII第23项限制对象；Cadmium and its compounds。具体限制条件见法规条款：Regulation。,Regulation,,https://eur-lex.europa.eu/legal-content/EN/TXT/?uri=uriserv:OJ.L_.2016.040.01.0005.01.ENG&toc=OJ:L:2016:040:TOC,100.045.548,100.239.172,CAS/EC与ECHA英文名逐条核对,已核对
527,23,十二烷基苯磺酸镉,Cadmium dodecylbenzenesulphonate,31017-44-4,250-433-6,1,REACH Annex XVII第23项限制对象；Cadmium and its compounds。具体限制条件见法规条款：Regulation。,Regulation,,https://eur-lex.europa.eu/legal-content/EN/TXT/?uri=uriserv:OJ.L_.2016.040.01.0005.01.ENG&toc=OJ:L:2016:040:TOC,100.045.834,100.239.172,CAS/EC与ECHA英文名逐条核对,已核对
528,23,叔丁基苯甲酸镉,"Cadmium (1,1-dimethylethyl)benzoate",31215-94-8,250-515-1,1,REACH Annex XVII第23项限制对象；Cadmium and its compounds。具体限制条件见法规条款：Regulation。,Regulation,,https://eur-lex.europa.eu/legal-content/EN/TXT/?uri=uriserv:OJ.L_.2016.040.01.0005.01.ENG&toc=OJ:L:2016:040:TOC,100.045.908,100.239.172,CAS/EC与ECHA英文名逐条核对,已核对
529,23,"[R-(R*,R*)]-酒石酸镉","Cadmium [R-(R*,R*)]-tartrate",34100-40-8,251-827-0,1,REACH Annex XVII第23项限制对象；Cadmium and its compounds。具体限制条件见法规条款：Regulation。,Regulation,,https://eur-lex.europa.eu/legal-content/EN/TXT/?uri=uriserv:OJ.L_.2016.040.01.0005.01.ENG&toc=OJ:L:2016:040:TOC,100.047.100,100.239.172,CAS/EC与ECHA英文名逐条核对,已核对
530,23,二十二烷酸镉,Cadmium didocosanoate,34303-23-6,251-927-4,1,REACH Annex XVII第23项限制对象；Cadmium and its compounds。具体限制条件见法规条款：Regulation。,Regulation,,https://eur-lex.europa.eu/legal-content/EN/TXT/?uri=uriserv:OJ.L_.2016.040.01.0005.01.ENG&toc=OJ:L:2016:040:TOC,100.047.192,100.239.172,CAS/EC与ECHA英文名逐条核对,已核对
531,23,乙二胺四乙酸合镉酸二钠,"Disodium [[N,N'-ethylenebis[N-(carboxymethyl)glycinato]](4-)-N,N',O,O',ON,ON']cadmate(2-)",35803-35-1,252-736-9,1,REACH Annex XVII第23项限制对象；Cadmium and its compounds。具体限制条件见法规条款：Regulation。,Regulation,,https://eur-lex.europa.eu/legal-content/EN/TXT/?uri=uriserv:OJ.L_.2016.040.01.0005.01.ENG&toc=OJ:L:2016:040:TOC,100.047.928,100.239.172,CAS/EC与ECHA英文名逐条核对,已核对
532,23,"3,5,5-三甲基己酸镉","Cadmium 3,5,5-trimethylhexanoate",36211-44-6,252-918-8,1,REACH Annex XVII第23项限制对象；Cadmium and its compounds。具体限制条件见法规条款：Regulation。,Regulation,,https://eur-lex.europa.eu/legal-content/EN/TXT/?uri=uriserv:OJ.L_.2016.040.01.0005.01.ENG&toc=OJ:L:2016:040:TOC,100.048.093,100.239.172,CAS/EC与ECHA英文名逐条核对,已核对
533,23,(R)-12-羟基十八烷酸镉,Cadmium(2+) (R)-12-hydroxyoctadecanoate,38517-19-0,253-979-3,1,REACH Annex XVII第23项限制对象；Cadmium and its compounds。具体限制条件见法规条款：Regulation。,Regulation,,https://eur-lex.europa.eu/legal-content/EN/TXT/?uri=uriserv:OJ.L_.2016.040.01.0005.01.ENG&toc=OJ:L:2016:040:TOC,100.049.055,100.239.172,CAS/EC与ECHA英文名逐条核对,已核对
534,23,次氮基三乙酸合镉酸钾,"Potassium [N,N-bis(carboxymethyl)glycinato(3-)-N,O,O',O'']cadmate(1-)",49784-42-1,256-488-2,1,REACH Annex XVII第23项限制对象；Cadmium and its compounds。具体限制条件见法规条款：Regulation。,Regulation,,https://eur-lex.europa.eu/legal-content/EN/TXT/?uri=uriserv:OJ.L_.2016.040.01.0005.01.ENG&toc=OJ:L:2016:040:TOC,100.051.336,100.239.172,CAS/EC与ECHA英文名逐条核对,已核对
535,23,氢次氮基三乙酸合镉,"Hydrogen [N,N-bis(carboxymethyl)glycinato(3-)-N,O,O',O'']cadmate",49784-44-3,256-489-8,1,REACH Annex XVII第23项限制对象；Cadmium and its compounds。具体限制条件见法规条款：Regulation。,Regulation,,https://eur-lex.europa.eu/legal-content/EN/TXT/?uri=uriserv:OJ.L_.2016.040.01.0005.01.ENG&toc=OJ:L:2016:040:TOC,100.051.337,100.239.172,CAS/EC与ECHA英文名逐条核对,已核对
536,23,双(次氮基三乙酸合)三镉,"Bis[N,N-bis(carboxymethyl)glycinato(3-)]tricadmium",50648-02-7,256-679-0,1,REACH Annex XVII第23项限制对象；Cadmium and its compounds。具体限制条件见法规条款：Regulation。,Regulation,,https://eur-lex.europa.eu/legal-content/EN/TXT/?uri=uriserv:OJ.L_.2016.040.01.0005.01.ENG&toc=OJ:L:2016:040:TOC,100.051.509,100.239.172,CAS/EC与ECHA英文名逐条核对,已核对
537,23,硼酸镉,"Boric acid, cadmium salt",51222-60-7,257-067-6,1,REACH Annex XVII第23项限制对象；Cadmium and its compounds。具体限制条件见法规条款：Regulation。,Regulation,,https://eur-lex.europa.eu/legal-content/EN/TXT/?uri=uriserv:OJ.L_.2016.040.01.0005.01.ENG&toc=OJ:L:2016:040:TOC,100.051.862,100.239.172,CAS/EC与ECHA英文名逐条核对,已核对
538,23,邻甲苯甲酸镉,Cadmium o-toluate,52337-78-7,257-860-7,1,REACH Annex XVII第23项限制对象；Cadmium and its compounds。具体限制条件见法规条款：Regulation。,Regulation,,https://eur-lex.europa.eu/legal-content/EN/TXT/?uri=uriserv:OJ.L_.2016.040.01.0005.01.ENG&toc=OJ:L:2016:040:TOC,100.052.583,100.239.172,CAS/EC与ECHA英文名逐条核对,已核对
539,23,双(4-环己基丁酸)镉,Cadmium bis(4-cyclohexylbutyrate),55700-14-6,259-767-7,1,REACH Annex XVII第23项限制对象；Cadmium and its compounds。具体限制条件见法规条款：Regulation。,Regulation,,https://eur-lex.europa.eu/legal-content/EN/TXT/?uri=uriserv:OJ.L_.2016.040.01.0005.01.ENG&toc=OJ:L:2016:040:TOC,100.054.316,100.239.172,CAS/EC与ECHA英文名逐条核对,已核对
540,23,戊酸镉,Cadmium divalerate,56982-42-4,260-498-2,1,REACH Annex XVII第23项限制对象；Cadmium and its compounds。具体限制条件见法规条款：Regulation。,Regulation,,https://eur-lex.europa.eu/legal-content/EN/TXT/?uri=uriserv:OJ.L_.2016.040.01.0005.01.ENG&toc=OJ:L:2016:040:TOC,100.054.981,100.239.172,CAS/EC与ECHA英文名逐条核对,已核对
541,23,硫硒化镉红,Cadmium sulfoselenide red,58339-34-7,261-218-1,1,"This substance is identified in the Colour Index by Colour Index Constitution Number, C.I. 77202.",Regulation,,https://eur-lex.europa.eu/legal-content/EN/TXT/?uri=uriserv:OJ.L_.2016.040.01.0005.01.ENG&toc=OJ:L:2016:040:TOC,100.055.634,100.239.172,CAS/EC与ECHA英文名逐条核对,已核对
542,23,二-μ-氯四氯合二镉酸钡,Barium di-μ-chlorotetrachlorodicadmate(2-),61129-40-6,262-618-9,1,REACH Annex XVII第23项限制对象；Cadmium and its compounds。具体限制条件见法规条款：Regulation。,Regulation,,https://eur-lex.europa.eu/legal-content/EN/TXT/?uri=uriserv:OJ.L_.2016.040.01.0005.01.ENG&toc=OJ:L:2016:040:TOC,100.056.908,100.239.172,CAS/EC与ECHA英文名逐条核对,已核对
543,23,环烷酸镉盐,"Naphthenic acids, cadmium salts",61789-34-2,263-053-0,1,REACH Annex XVII第23项限制对象；Cadmium and its compounds。具体限制条件见法规条款：Regulation。,Regulation,,https://eur-lex.europa.eu/legal-content/EN/TXT/?uri=uriserv:OJ.L_.2016.040.01.0005.01.ENG&toc=OJ:L:2016:040:TOC,100.057.303,100.239.172,CAS/EC与ECHA英文名逐条核对,已核对
544,23,新癸酸镉,Cadmium neodecanoate,61951-96-0,263-352-6,1,REACH Annex XVII第23项限制对象；Cadmium and its compounds。具体限制条件见法规条款：Regulation。,Regulation,,https://eur-lex.europa.eu/legal-content/EN/TXT/?uri=uriserv:OJ.L_.2016.040.01.0005.01.ENG&toc=OJ:L:2016:040:TOC,100.057.575,100.239.172,CAS/EC与ECHA英文名逐条核对,已核对
545,23,十七烷酸镉,Cadmium bis(heptadecanoate),62149-56-8,263-434-1,1,REACH Annex XVII第23项限制对象；Cadmium and its compounds。具体限制条件见法规条款：Regulation。,Regulation,,https://eur-lex.europa.eu/legal-content/EN/TXT/?uri=uriserv:OJ.L_.2016.040.01.0005.01.ENG&toc=OJ:L:2016:040:TOC,100.057.650,100.239.172,CAS/EC与ECHA英文名逐条核对,已核对
546,23,十五烷酸镉,Cadmium pentadecanoate,63400-09-9,264-124-9,1,REACH Annex XVII第23项限制对象；Cadmium and its compounds。具体限制条件见法规条款：Regulation。,Regulation,,https://eur-lex.europa.eu/legal-content/EN/TXT/?uri=uriserv:OJ.L_.2016.040.01.0005.01.ENG&toc=OJ:L:2016:040:TOC,100.058.277,100.239.172,CAS/EC与ECHA英文名逐条核对,已核对
547,23,"(S)-二氯[2-[[(2,3-二羟基丙氧基)羟基膦酰基]氧基]三乙基甲基铵合]镉","(S)-dichloro[2-[[(2,3-dihydroxypropoxy)hydroxyphosphinyl]oxy]triethylmethylammoniumato]cadmium",64681-08-9,265-010-1,1,REACH Annex XVII第23项限制对象；Cadmium and its compounds。具体限制条件见法规条款：Regulation。,Regulation,,https://eur-lex.europa.eu/legal-content/EN/TXT/?uri=uriserv:OJ.L_.2016.040.01.0005.01.ENG&toc=OJ:L:2016:040:TOC,100.059.082,100.239.172,CAS/EC与ECHA英文名逐条核对,已核对
548,23,"双(1,2-丙二胺)镉双[二氰合金酸盐]","Bis(propane-1,2-diyldiamine-N,N')cadmium(2+) bis[bis(cyano-C)aurate(1-)]",67906-19-8,267-692-6,1,REACH Annex XVII第23项限制对象；Cadmium and its compounds。具体限制条件见法规条款：Regulation。,Regulation,,https://eur-lex.europa.eu/legal-content/EN/TXT/?uri=uriserv:OJ.L_.2016.040.01.0005.01.ENG&toc=OJ:L:2016:040:TOC,100.061.519,100.239.172,CAS/EC与ECHA英文名逐条核对,已核对
549,23,亚油酸镉,Cadmium dilinoleate,67939-62-2,267-845-7,1,REACH Annex XVII第23项限制对象；Cadmium and its compounds。具体限制条件见法规条款：Regulation。,Regulation,,https://eur-lex.europa.eu/legal-content/EN/TXT/?uri=uriserv:OJ.L_.2016.040.01.0005.01.ENG&toc=OJ:L:2016:040:TOC,100.061.659,100.239.172,CAS/EC与ECHA英文名逐条核对,已核对
550,23,[[次氮基三(亚甲基)]三膦酸合]镉酸四钾,"Tetrapotassium [[[nitrilotris(methylene)]tris[phosphonato]](6-)-N,O,O'',O'''']cadmate(6-)",67989-93-9,268-020-4,1,REACH Annex XVII第23项限制对象；Cadmium and its compounds。具体限制条件见法规条款：Regulation。,Regulation,,https://eur-lex.europa.eu/legal-content/EN/TXT/?uri=uriserv:OJ.L_.2016.040.01.0005.01.ENG&toc=OJ:L:2016:040:TOC,100.061.819,100.239.172,CAS/EC与ECHA英文名逐条核对,已核对
551,23,间甲苯甲酸镉,Cadmium m-toluate,68092-45-5,268-458-6,1,REACH Annex XVII第23项限制对象；Cadmium and its compounds。具体限制条件见法规条款：Regulation。,Regulation,,https://eur-lex.europa.eu/legal-content/EN/TXT/?uri=uriserv:OJ.L_.2016.040.01.0005.01.ENG&toc=OJ:L:2016:040:TOC,100.062.216,100.239.172,CAS/EC与ECHA英文名逐条核对,已核对
552,23,C10-18脂肪酸镉盐,"Fatty acids, C10-18, cadmium salts",68131-58-8,268-620-6,1,REACH Annex XVII第23项限制对象；Cadmium and its compounds。具体限制条件见法规条款：Regulation。,Regulation,,https://eur-lex.europa.eu/legal-content/EN/TXT/?uri=uriserv:OJ.L_.2016.040.01.0005.01.ENG&toc=OJ:L:2016:040:TOC,100.062.363,100.239.172,CAS/EC与ECHA英文名逐条核对,已核对
553,23,C12-18脂肪酸镉盐,"Fatty acids, C12-18, cadmium salts",68131-59-9,268-621-1,1,REACH Annex XVII第23项限制对象；Cadmium and its compounds。具体限制条件见法规条款：Regulation。,Regulation,,https://eur-lex.europa.eu/legal-content/EN/TXT/?uri=uriserv:OJ.L_.2016.040.01.0005.01.ENG&toc=OJ:L:2016:040:TOC,100.062.364,100.239.172,CAS/EC与ECHA英文名逐条核对,已核对
554,23,四氯合镉酸苄基三苯基鏻,Benzyltriphenylphosphonium tetrachlorocadmate,68214-25-5,269-289-0,1,REACH Annex XVII第23项限制对象；Cadmium and its compounds。具体限制条件见法规条款：Regulation。,Regulation,,https://eur-lex.europa.eu/legal-content/EN/TXT/?uri=uriserv:OJ.L_.2016.040.01.0005.01.ENG&toc=OJ:L:2016:040:TOC,100.062.971,100.239.172,CAS/EC与ECHA英文名逐条核对,已核对
555,23,氢[乙二胺四(亚甲基膦酸)合]镉酸五钾,Pentapotassium hydrogen [[[ethylenebis[nitrilobis(methylene)]]tetrakis[phosphonato]](8-)]cadmate(6-),68309-98-8,269-685-3,1,REACH Annex XVII第23项限制对象；Cadmium and its compounds。具体限制条件见法规条款：Regulation。,Regulation,,https://eur-lex.europa.eu/legal-content/EN/TXT/?uri=uriserv:OJ.L_.2016.040.01.0005.01.ENG&toc=OJ:L:2016:040:TOC,100.063.331,100.239.172,CAS/EC与ECHA英文名逐条核对,已核对
556,23,硫化镉-硫化锌固溶体（铜、铅掺杂）,"Cadmium sulfide (CdS), solid soln. with zinc sulfide, copper and lead-doped",68332-81-0,269-773-1,1,REACH Annex XVII第23项限制对象；Cadmium and its compounds。具体限制条件见法规条款：Regulation。,Regulation,,https://eur-lex.europa.eu/legal-content/EN/TXT/?uri=uriserv:OJ.L_.2016.040.01.0005.01.ENG&toc=OJ:L:2016:040:TOC,100.063.410,100.239.172,CAS/EC与ECHA英文名逐条核对,已核对
557,23,C14-18脂肪酸镉盐,"Fatty acids, C14-18, cadmium salts",68409-82-5,270-067-0,1,REACH Annex XVII第23项限制对象；Cadmium and its compounds。具体限制条件见法规条款：Regulation。,Regulation,,https://eur-lex.europa.eu/legal-content/EN/TXT/?uri=uriserv:OJ.L_.2016.040.01.0005.01.ENG&toc=OJ:L:2016:040:TOC,100.063.678,100.239.172,CAS/EC与ECHA英文名逐条核对,已核对
558,23,镉苯甲酸盐-对叔丁基苯甲酸盐配合物,"Cadmium, benzoate p-tert-butylbenzoate complexes",68478-53-5,270-824-5,1,REACH Annex XVII第23项限制对象；Cadmium and its compounds。具体限制条件见法规条款：Regulation。,Regulation,,https://eur-lex.europa.eu/legal-content/EN/TXT/?uri=uriserv:OJ.L_.2016.040.01.0005.01.ENG&toc=OJ:L:2016:040:TOC,100.064.365,100.239.172,CAS/EC与ECHA英文名逐条核对,已核对
559,23,铋镉钌烧绿石,"Pyrochlore, bismuth cadmium ruthenium",68479-13-0,270-855-4,1,"An inorganic pigment that is the reaction product of high temperature calcination in which bismuth oxide, cadmium oxide, and ruthenium oxide in varying amounts are homogeneously and ionically interdiffused to form a crystalline matrix of pyrochlore.",Regulation,,https://eur-lex.europa.eu/legal-content/EN/TXT/?uri=uriserv:OJ.L_.2016.040.01.0005.01.ENG&toc=OJ:L:2016:040:TOC,100.064.394,100.239.172,CAS/EC与ECHA英文名逐条核对,已核对
560,23,硫化镉-硫化锌固溶体（氯化铜掺杂）,"Cadmium sulfide (CdS), solid soln. with zinc sulfide, copper chloride-doped",68512-49-2,270-977-8,1,REACH Annex XVII第23项限制对象；Cadmium and its compounds。具体限制条件见法规条款：Regulation。,Regulation,,https://eur-lex.europa.eu/legal-content/EN/TXT/?uri=uriserv:OJ.L_.2016.040.01.0005.01.ENG&toc=OJ:L:2016:040:TOC,100.064.505,100.239.172,CAS/EC与ECHA英文名逐条核对,已核对
561,23,硫化镉-硫化锌固溶体（铜、锰掺杂）,"Cadmium sulfide (CdS), solid soln. with zinc sulfide, copper and manganese-doped",68512-50-5,270-978-3,1,REACH Annex XVII第23项限制对象；Cadmium and its compounds。具体限制条件见法规条款：Regulation。,Regulation,,https://eur-lex.europa.eu/legal-content/EN/TXT/?uri=uriserv:OJ.L_.2016.040.01.0005.01.ENG&toc=OJ:L:2016:040:TOC,100.064.506,100.239.172,CAS/EC与ECHA英文名逐条核对,已核对
562,23,硫化镉-硫化锌固溶体（铝、铜掺杂）,"Cadmium sulfide (CdS), solid soln. with zinc sulfide, aluminum and copper-doped",68512-51-6,270-979-9,1,REACH Annex XVII第23项限制对象；Cadmium and its compounds。具体限制条件见法规条款：Regulation。,Regulation,,https://eur-lex.europa.eu/legal-content/EN/TXT/?uri=uriserv:OJ.L_.2016.040.01.0005.01.ENG&toc=OJ:L:2016:040:TOC,100.064.507,100.239.172,CAS/EC与ECHA英文名逐条核对,已核对
563,23,硫化镉-硫化锌固溶体（铜、银掺杂）,"Cadmium sulfide (CdS), solid soln. with zinc sulfide, copper and silver-doped",68583-43-7,271-511-6,1,REACH Annex XVII第23项限制对象；Cadmium and its compounds。具体限制条件见法规条款：Regulation。,Regulation,,https://eur-lex.europa.eu/legal-content/EN/TXT/?uri=uriserv:OJ.L_.2016.040.01.0005.01.ENG&toc=OJ:L:2016:040:TOC,100.064.991,100.239.172,CAS/EC与ECHA英文名逐条核对,已核对
564,23,硫化镉-硫化锌固溶体（镍、银掺杂）,"Cadmium sulfide (CdS), solid soln. with zinc sulfide, nickel and silver-doped",68583-44-8,271-512-1,1,REACH Annex XVII第23项限制对象；Cadmium and its compounds。具体限制条件见法规条款：Regulation。,Regulation,,https://eur-lex.europa.eu/legal-content/EN/TXT/?uri=uriserv:OJ.L_.2016.040.01.0005.01.ENG&toc=OJ:L:2016:040:TOC,100.064.992,100.239.172,CAS/EC与ECHA英文名逐条核对,已核对
565,23,硫化镉-硫化锌固溶体（氯化银掺杂）,"Cadmium sulfide (CdS), solid soln. with zinc sulfide, silver chloride-doped",68583-45-9,271-513-7,1,REACH Annex XVII第23项限制对象；Cadmium and its compounds。具体限制条件见法规条款：Regulation。,Regulation,,https://eur-lex.europa.eu/legal-content/EN/TXT/?uri=uriserv:OJ.L_.2016.040.01.0005.01.ENG&toc=OJ:L:2016:040:TOC,100.064.993,100.239.172,CAS/EC与ECHA英文名逐条核对,已核对
566,23,硫化镉-硫化锌固溶体（铝、银掺杂）,"Cadmium sulfide (CdS), solid soln. with zinc sulfide, aluminum and silver-doped",68584-41-8,271-538-3,1,REACH Annex XVII第23项限制对象；Cadmium and its compounds。具体限制条件见法规条款：Regulation。,Regulation,,https://eur-lex.europa.eu/legal-content/EN/TXT/?uri=uriserv:OJ.L_.2016.040.01.0005.01.ENG&toc=OJ:L:2016:040:TOC,100.065.016,100.239.172,CAS/EC与ECHA英文名逐条核对,已核对
567,23,硫化镉-硫化锌固溶体（铜、镍掺杂）,"Cadmium sulfide (CdS), solid soln. with zinc sulfide, copper and nickel-doped",68584-42-9,271-539-9,1,REACH Annex XVII第23项限制对象；Cadmium and its compounds。具体限制条件见法规条款：Regulation。,Regulation,,https://eur-lex.europa.eu/legal-content/EN/TXT/?uri=uriserv:OJ.L_.2016.040.01.0005.01.ENG&toc=OJ:L:2016:040:TOC,100.065.017,100.239.172,CAS/EC与ECHA英文名逐条核对,已核对
568,23,硫化镉-硫化锌固溶体（铝、钴、铜、银掺杂）,"Cadmium sulfide (CdS), solid soln. with zinc sulfide, aluminum and cobalt and copper and silver-doped",68784-10-1,272-220-7,1,REACH Annex XVII第23项限制对象；Cadmium and its compounds。具体限制条件见法规条款：Regulation。,Regulation,,https://eur-lex.europa.eu/legal-content/EN/TXT/?uri=uriserv:OJ.L_.2016.040.01.0005.01.ENG&toc=OJ:L:2016:040:TOC,100.065.635,100.239.172,CAS/EC与ECHA英文名逐条核对,已核对
569,23,钡镉钙氯氟磷酸盐（锑、锰掺杂）,"Barium cadmium calcium chloride fluoride phosphate, antimony and manganese-doped",68784-55-4,272-257-9,1,REACH Annex XVII第23项限制对象；Cadmium and its compounds。具体限制条件见法规条款：Regulation。,Regulation,,https://eur-lex.europa.eu/legal-content/EN/TXT/?uri=uriserv:OJ.L_.2016.040.01.0005.01.ENG&toc=OJ:L:2016:040:TOC,100.065.669,100.239.172,CAS/EC与ECHA英文名逐条核对,已核对
570,23,妥尔油脂肪酸镉盐,"Fatty acids, tall-oil, cadmium salts",68855-80-1,272-499-5,1,REACH Annex XVII第23项限制对象；Cadmium and its compounds。具体限制条件见法规条款：Regulation。,Regulation,,https://eur-lex.europa.eu/legal-content/EN/TXT/?uri=uriserv:OJ.L_.2016.040.01.0005.01.ENG&toc=OJ:L:2016:040:TOC,100.065.889,100.239.172,CAS/EC与ECHA英文名逐条核对,已核对
571,23,C8-18及C18不饱和脂肪酸镉盐,"Fatty acids, C8-18 and C18-unsatd., cadmium salts",68876-84-6,272-529-7,1,REACH Annex XVII第23项限制对象；Cadmium and its compounds。具体限制条件见法规条款：Regulation。,Regulation,,https://eur-lex.europa.eu/legal-content/EN/TXT/?uri=uriserv:OJ.L_.2016.040.01.0005.01.ENG&toc=OJ:L:2016:040:TOC,100.065.916,100.239.172,CAS/EC与ECHA英文名逐条核对,已核对
572,23,硫化镉（铝、铜掺杂）,"Cadmium sulfide (CdS), aluminum and copper-doped",68876-98-2,272-539-1,1,REACH Annex XVII第23项限制对象；Cadmium and its compounds。具体限制条件见法规条款：Regulation。,Regulation,,https://eur-lex.europa.eu/legal-content/EN/TXT/?uri=uriserv:OJ.L_.2016.040.01.0005.01.ENG&toc=OJ:L:2016:040:TOC,100.065.925,100.239.172,CAS/EC与ECHA英文名逐条核对,已核对
573,23,硫化镉（铝、银掺杂）,"Cadmium sulfide (CdS), aluminum and silver-doped",68876-99-3,272-540-7,1,REACH Annex XVII第23项限制对象；Cadmium and its compounds。具体限制条件见法规条款：Regulation。,Regulation,,https://eur-lex.europa.eu/legal-content/EN/TXT/?uri=uriserv:OJ.L_.2016.040.01.0005.01.ENG&toc=OJ:L:2016:040:TOC,100.065.926,100.239.172,CAS/EC与ECHA英文名逐条核对,已核对
574,23,硫化镉（氯化铜掺杂）,"Cadmium sulfide (CdS), copper chloride-doped",68877-00-9,272-541-2,1,REACH Annex XVII第23项限制对象；Cadmium and its compounds。具体限制条件见法规条款：Regulation。,Regulation,,https://eur-lex.europa.eu/legal-content/EN/TXT/?uri=uriserv:OJ.L_.2016.040.01.0005.01.ENG&toc=OJ:L:2016:040:TOC,100.065.927,100.239.172,CAS/EC与ECHA英文名逐条核对,已核对
575,23,硫化镉（氯化银掺杂）,"Cadmium sulfide (CdS), silver chloride-doped",68877-01-0,272-542-8,1,REACH Annex XVII第23项限制对象；Cadmium and its compounds。具体限制条件见法规条款：Regulation。,Regulation,,https://eur-lex.europa.eu/legal-content/EN/TXT/?uri=uriserv:OJ.L_.2016.040.01.0005.01.ENG&toc=OJ:L:2016:040:TOC,100.065.928,100.239.172,CAS/EC与ECHA英文名逐条核对,已核对
576,23,硫化镉（铜、铅掺杂）,"Cadmium sulfide (CdS), copper and lead-doped",68891-87-2,272-581-0,1,REACH Annex XVII第23项限制对象；Cadmium and its compounds。具体限制条件见法规条款：Regulation。,Regulation,,https://eur-lex.europa.eu/legal-content/EN/TXT/?uri=uriserv:OJ.L_.2016.040.01.0005.01.ENG&toc=OJ:L:2016:040:TOC,100.065.963,100.239.172,CAS/EC与ECHA英文名逐条核对,已核对
577,23,氢化牛脂脂肪酸镉盐,"Fatty acids, tallow, hydrogenated, cadmium salts",68953-39-9,273-203-7,1,REACH Annex XVII第23项限制对象；Cadmium and its compounds。具体限制条件见法规条款：Regulation。,Regulation,,https://eur-lex.europa.eu/legal-content/EN/TXT/?uri=uriserv:OJ.L_.2016.040.01.0005.01.ENG&toc=OJ:L:2016:040:TOC,100.066.529,100.239.172,CAS/EC与ECHA英文名逐条核对,已核对
578,23,树脂酸和松香酸镉盐,"Resin acids and Rosin acids, cadmium salts",68956-81-0,273-320-3,1,REACH Annex XVII第23项限制对象；Cadmium and its compounds。具体限制条件见法规条款：Regulation。,Regulation,,https://eur-lex.europa.eu/legal-content/EN/TXT/?uri=uriserv:OJ.L_.2016.040.01.0005.01.ENG&toc=OJ:L:2016:040:TOC,100.066.635,100.239.172,CAS/EC与ECHA英文名逐条核对,已核对
579,23,氢[4-[(5-氯-4-甲基-2-磺基苯基)偶氮]-3-羟基萘-2-羧酸根合]镉酸盐,Hydrogen [4-[(5-chloro-4-methyl-2-sulphophenyl)azo]-3-hydroxynaphthalene-2-carboxylato(3-)]cadmate(1-),68966-97-2,273-461-0,1,REACH Annex XVII第23项限制对象；Cadmium and its compounds。具体限制条件见法规条款：Regulation。,Regulation,,https://eur-lex.europa.eu/legal-content/EN/TXT/?uri=uriserv:OJ.L_.2016.040.01.0005.01.ENG&toc=OJ:L:2016:040:TOC,100.066.763,100.239.172,CAS/EC与ECHA英文名逐条核对,已核对
580,23,镉浮渣,"Cadmium, dross",69011-69-4,273-707-7,1,A scum formed on the surface of molten cadmium.,Regulation,,https://eur-lex.europa.eu/legal-content/EN/TXT/?uri=uriserv:OJ.L_.2016.040.01.0005.01.ENG&toc=OJ:L:2016:040:TOC,100.066.987,100.239.172,CAS/EC与ECHA英文名逐条核对,已核对
581,23,硫酸镉电解酸性废水,"Wastewater, cadmium sulfate electrolytic, acid",69012-21-1,273-721-3,1,Electrolytic solution from electrolysis of cadmium sulfate consisting primarily of cadmium sulfate and sulfuric acid.,Regulation,,https://eur-lex.europa.eu/legal-content/EN/TXT/?uri=uriserv:OJ.L_.2016.040.01.0005.01.ENG&toc=OJ:L:2016:040:TOC,100.067.000,100.239.172,CAS/EC与ECHA英文名逐条核对,已核对
582,23,镉精炼烟尘,"Flue dust, cadmium-refining",69012-57-3,273-754-3,1,"By-product of refining of cadmium consisting primarily of oxides and chlorides of cadmium, lead, arsenic and zinc.",Regulation,,https://eur-lex.europa.eu/legal-content/EN/TXT/?uri=uriserv:OJ.L_.2016.040.01.0005.01.ENG&toc=OJ:L:2016:040:TOC,100.067.030,100.239.172,CAS/EC与ECHA英文名逐条核对,已核对
583,23,镉残渣焙烧物,"Calcines, cadmium residue",69029-63-6,273-806-5,1,Product of the roasting of cadmium-enriched lead smelting dusts to remove cadmium. Consists primarily of oxides and sulfates of lead and zinc.,Regulation,,https://eur-lex.europa.eu/legal-content/EN/TXT/?uri=uriserv:OJ.L_.2016.040.01.0005.01.ENG&toc=OJ:L:2016:040:TOC,100.067.077,100.239.172,CAS/EC与ECHA英文名逐条核对,已核对
584,23,镉精炼浸出残渣,"Leach residues, cadmium-refining",69029-70-5,273-811-2,1,Product of leaching calcine and sump tank mud from lead ore refining with sulfuric acid. Consists primarily of lead sulfate and cadmium arsenate.,Regulation,,https://eur-lex.europa.eu/legal-content/EN/TXT/?uri=uriserv:OJ.L_.2016.040.01.0005.01.ENG&toc=OJ:L:2016:040:TOC,100.067.082,100.239.172,CAS/EC与ECHA英文名逐条核对,已核对
585,23,镉精炼残渣,"Residues, cadmium-refining",69029-77-2,273-819-6,1,Product from the washing of sweeps and cleanings from a cadmium plant. Consists primarily of metallic cadmium and iron.,Regulation,,https://eur-lex.europa.eu/legal-content/EN/TXT/?uri=uriserv:OJ.L_.2016.040.01.0005.01.ENG&toc=OJ:L:2016:040:TOC,100.067.089,100.239.172,CAS/EC与ECHA英文名逐条核对,已核对
586,23,镉精炼氧化泥渣,"Slimes and Sludges, cadmium-refining, oxidized",69029-90-9,273-831-1,1,"Product of adding oxidizer to solution in the cadmium plant. Consists primarily of hydroxides of cadmium, thallium and indium and cadmium arsenate.",Regulation,,https://eur-lex.europa.eu/legal-content/EN/TXT/?uri=uriserv:OJ.L_.2016.040.01.0005.01.ENG&toc=OJ:L:2016:040:TOC,100.067.100,100.239.172,CAS/EC与ECHA英文名逐条核对,已核对
587,23,镉集液槽泥渣,"Slimes and Sludges, cadmium sump tank",69029-91-0,273-832-7,1,Product of adding sodium carbonate to solutions in the cadmium plant. Consists primarily of cadmium carbonate with lesser amounts of carbonates and hydroxides of other nonferrous metals.,Regulation,,https://eur-lex.europa.eu/legal-content/EN/TXT/?uri=uriserv:OJ.L_.2016.040.01.0005.01.ENG&toc=OJ:L:2016:040:TOC,100.067.101,100.239.172,CAS/EC与ECHA英文名逐条核对,已核对
588,23,12-羟基十八烷酸镉,Cadmium(2+) 12-hydroxyoctadecanoate,69121-20-6,273-881-4,1,REACH Annex XVII第23项限制对象；Cadmium and its compounds。具体限制条件见法规条款：Regulation。,Regulation,,https://eur-lex.europa.eu/legal-content/EN/TXT/?uri=uriserv:OJ.L_.2016.040.01.0005.01.ENG&toc=OJ:L:2016:040:TOC,100.067.146,100.239.172,CAS/EC与ECHA英文名逐条核对,已核对
589,23,1-羟基亚乙基二膦酸镉钾盐（1:2:1）,Cadmium potassium 1-(hydroxyethylidene)bisphosphonate(1:2:1),69190-99-4,273-906-9,1,REACH Annex XVII第23项限制对象；Cadmium and its compounds。具体限制条件见法规条款：Regulation。,Regulation,,https://eur-lex.europa.eu/legal-content/EN/TXT/?uri=uriserv:OJ.L_.2016.040.01.0005.01.ENG&toc=OJ:L:2016:040:TOC,100.067.169,100.239.172,CAS/EC与ECHA英文名逐条核对,已核对
590,23,C12-18脂肪酸钡镉盐,"Fatty acids, C12-18, barium cadmium salts",70084-75-2,274-304-9,1,REACH Annex XVII第23项限制对象；Cadmium and its compounds。具体限制条件见法规条款：Regulation。,Regulation,,https://eur-lex.europa.eu/legal-content/EN/TXT/?uri=uriserv:OJ.L_.2016.040.01.0005.01.ENG&toc=OJ:L:2016:040:TOC,100.067.528,100.239.172,CAS/EC与ECHA英文名逐条核对,已核对
591,23,硒化镉-硫化镉固溶体,"Cadmium selenide (CdSe), solid soln. with cadmium sulfide",71243-75-9,275-290-7,1,REACH Annex XVII第23项限制对象；Cadmium and its compounds。具体限制条件见法规条款：Regulation。,Regulation,,https://eur-lex.europa.eu/legal-content/EN/TXT/?uri=uriserv:OJ.L_.2016.040.01.0005.01.ENG&toc=OJ:L:2016:040:TOC,100.068.425,100.239.172,CAS/EC与ECHA英文名逐条核对,已核对
592,23,(R)-12-羟基油酸钡镉盐,"(R)-12-hydroxyoleic acid, barium cadmium salt",71411-66-0,275-370-1,1,REACH Annex XVII第23项限制对象；Cadmium and its compounds。具体限制条件见法规条款：Regulation。,Regulation,,https://eur-lex.europa.eu/legal-content/EN/TXT/?uri=uriserv:OJ.L_.2016.040.01.0005.01.ENG&toc=OJ:L:2016:040:TOC,100.068.497,100.239.172,CAS/EC与ECHA英文名逐条核对,已核对
593,23,二氢双(羟基琥珀酸根合)镉酸盐,"Dihydrogen bis[hydroxysuccinato(2-)-O1,O2,O4]cadmate(2-)",71436-99-2,275-459-5,1,REACH Annex XVII第23项限制对象；Cadmium and its compounds。具体限制条件见法规条款：Regulation。,Regulation,,https://eur-lex.europa.eu/legal-content/EN/TXT/?uri=uriserv:OJ.L_.2016.040.01.0005.01.ENG&toc=OJ:L:2016:040:TOC,100.068.577,100.239.172,CAS/EC与ECHA英文名逐条核对,已核对
594,23,"四-μ-氯二氯双[2-[[(2,3-二羟基丙氧基)羟基膦酰基]氧基]三乙基甲基铵合]三镉立体异构体","Tetra-μ-chlorodichlorobis[2-[[(2,3-dihydroxypropoxy)hydroxyphosphinyl]oxy]triethylmethylammoniumato]tricadmium, stereoisomer",71861-27-3,276-100-5,1,REACH Annex XVII第23项限制对象；Cadmium and its compounds。具体限制条件见法规条款：Regulation。,Regulation,,https://eur-lex.europa.eu/legal-content/EN/TXT/?uri=uriserv:OJ.L_.2016.040.01.0005.01.ENG&toc=OJ:L:2016:040:TOC,100.069.161,100.239.172,CAS/EC与ECHA英文名逐条核对,已核对
595,23,椰子油脂肪酸镉盐,"Fatty acids, coco, cadmium salts",72869-63-7,276-952-8,1,REACH Annex XVII第23项限制对象；Cadmium and its compounds。具体限制条件见法规条款：Regulation。,Regulation,,https://eur-lex.europa.eu/legal-content/EN/TXT/?uri=uriserv:OJ.L_.2016.040.01.0005.01.ENG&toc=OJ:L:2016:040:TOC,100.069.935,100.239.172,CAS/EC与ECHA英文名逐条核对,已核对
596,23,锆英石镉黄,"Zircon, cadmium yellow",72968-34-4,277-135-9,1,REACH Annex XVII第23项限制对象；Cadmium and its compounds。具体限制条件见法规条款：Regulation。,Regulation,,https://eur-lex.europa.eu/legal-content/EN/TXT/?uri=uriserv:OJ.L_.2016.040.01.0005.01.ENG&toc=OJ:L:2016:040:TOC,100.070.102,100.239.172,CAS/EC与ECHA英文名逐条核对,已核对
597,23,异壬酸镉,Cadmium isononanoate,84696-56-0,283-660-4,1,REACH Annex XVII第23项限制对象；Cadmium and its compounds。具体限制条件见法规条款：Regulation。,Regulation,,https://eur-lex.europa.eu/legal-content/EN/TXT/?uri=uriserv:OJ.L_.2016.040.01.0005.01.ENG&toc=OJ:L:2016:040:TOC,100.076.027,100.239.172,CAS/EC与ECHA英文名逐条核对,已核对
598,23,异十八烷酸镉,Cadmium isooctadecanoate,84878-36-4,284-428-5,1,REACH Annex XVII第23项限制对象；Cadmium and its compounds。具体限制条件见法规条款：Regulation。,Regulation,,https://eur-lex.europa.eu/legal-content/EN/TXT/?uri=uriserv:OJ.L_.2016.040.01.0005.01.ENG&toc=OJ:L:2016:040:TOC,100.076.725,100.239.172,CAS/EC与ECHA英文名逐条核对,已核对
599,23,叔癸酸镉,Cadmium tert-decanoate,84878-37-5,284-429-0,1,REACH Annex XVII第23项限制对象；Cadmium and its compounds。具体限制条件见法规条款：Regulation。,Regulation,,https://eur-lex.europa.eu/legal-content/EN/TXT/?uri=uriserv:OJ.L_.2016.040.01.0005.01.ENG&toc=OJ:L:2016:040:TOC,100.076.726,100.239.172,CAS/EC与ECHA英文名逐条核对,已核对
600,23,双(壬基苯酚盐)镉,Cadmium bis(nonylphenolate),84878-48-8,284-441-6,1,REACH Annex XVII第23项限制对象；Cadmium and its compounds。具体限制条件见法规条款：Regulation。,Regulation,,https://eur-lex.europa.eu/legal-content/EN/TXT/?uri=uriserv:OJ.L_.2016.040.01.0005.01.ENG&toc=OJ:L:2016:040:TOC,100.076.737,100.239.172,CAS/EC与ECHA英文名逐条核对,已核对
601,23,双(辛基苯酚盐)镉,Cadmium bis(octylphenolate),84878-51-3,284-444-2,1,REACH Annex XVII第23项限制对象；Cadmium and its compounds。具体限制条件见法规条款：Regulation。,Regulation,,https://eur-lex.europa.eu/legal-content/EN/TXT/?uri=uriserv:OJ.L_.2016.040.01.0005.01.ENG&toc=OJ:L:2016:040:TOC,100.076.740,100.239.172,CAS/EC与ECHA英文名逐条核对,已核对
602,23,铅制造富镉烟尘,"Flue dust, lead-manufg., cadmium-rich",85117-02-8,285-554-3,1,"Residue obtained in the metallurgical treatment of lead concentrate in a lead blast furnace. The substance is composed of cadmium oxides, lead oxides, and impurities containing compounds of arsenic, chlorine, indium and tellurium.",Regulation,,https://eur-lex.europa.eu/legal-content/EN/TXT/?uri=uriserv:OJ.L_.2016.040.01.0005.01.ENG&toc=OJ:L:2016:040:TOC,100.077.749,100.239.172,CAS/EC与ECHA英文名逐条核对,已核对
603,23,镉电解富铊废固体,"Waste solids, cadmium-electrolysis, thallium-rich",85117-20-0,285-572-1,1,"Residue obtained in the electrolysis of cadmium, composed primarily of thallium chromate. Other non-ferrous metals or metal compounds may also be present.",Regulation,,https://eur-lex.europa.eu/legal-content/EN/TXT/?uri=uriserv:OJ.L_.2016.040.01.0005.01.ENG&toc=OJ:L:2016:040:TOC,100.077.765,100.239.172,CAS/EC与ECHA英文名逐条核对,已核对
604,23,C9-11支链脂肪酸镉盐,"Fatty acids, C9-11-branched, cadmium salts",85586-15-8,287-817-8,1,REACH Annex XVII第23项限制对象；Cadmium and its compounds。具体限制条件见法规条款：Regulation。,Regulation,,https://eur-lex.europa.eu/legal-content/EN/TXT/?uri=uriserv:OJ.L_.2016.040.01.0005.01.ENG&toc=OJ:L:2016:040:TOC,100.079.807,100.239.172,CAS/EC与ECHA英文名逐条核对,已核对
605,23,双(5-氧代-L-脯氨酸根)镉,"Bis(5-oxo-L-prolinato-N1,O2)cadmium",85958-86-7,288-974-5,1,REACH Annex XVII第23项限制对象；Cadmium and its compounds。具体限制条件见法规条款：Regulation。,Regulation,,https://eur-lex.europa.eu/legal-content/EN/TXT/?uri=uriserv:OJ.L_.2016.040.01.0005.01.ENG&toc=OJ:L:2016:040:TOC,100.080.856,100.239.172,CAS/EC与ECHA英文名逐条核对,已核对
606,23,双(5-氧代-DL-脯氨酸根)镉,"Bis(5-oxo-DL-prolinato-N1,O2)cadmium",85994-31-6,289-081-3,1,REACH Annex XVII第23项限制对象；Cadmium and its compounds。具体限制条件见法规条款：Regulation。,Regulation,,https://eur-lex.europa.eu/legal-content/EN/TXT/?uri=uriserv:OJ.L_.2016.040.01.0005.01.ENG&toc=OJ:L:2016:040:TOC,100.080.954,100.239.172,CAS/EC与ECHA英文名逐条核对,已核对
607,23,单-C10-13-烷基苯磺酸镉盐,"Benzenesulfonic acid, mono-C10-13-alkyl derivs., cadmium salts",90194-35-7,290-645-6,1,REACH Annex XVII第23项限制对象；Cadmium and its compounds。具体限制条件见法规条款：Regulation。,Regulation,,https://eur-lex.europa.eu/legal-content/EN/TXT/?uri=uriserv:OJ.L_.2016.040.01.0005.01.ENG&toc=OJ:L:2016:040:TOC,100.082.373,100.239.172,CAS/EC与ECHA英文名逐条核对,已核对
608,23,碱式苯甲酸镉,"Benzoic acid, cadmium salt, basic",90218-85-2,290-764-3,1,REACH Annex XVII第23项限制对象；Cadmium and its compounds。具体限制条件见法规条款：Regulation。,Regulation,,https://eur-lex.europa.eu/legal-content/EN/TXT/?uri=uriserv:OJ.L_.2016.040.01.0005.01.ENG&toc=OJ:L:2016:040:TOC,100.082.481,100.239.172,CAS/EC与ECHA英文名逐条核对,已核对
609,23,支链癸酸镉盐,"Decanoic acid, branched, cadmium salts",90342-19-1,291-155-5,1,REACH Annex XVII第23项限制对象；Cadmium and its compounds。具体限制条件见法规条款：Regulation。,Regulation,,https://eur-lex.europa.eu/legal-content/EN/TXT/?uri=uriserv:OJ.L_.2016.040.01.0005.01.ENG&toc=OJ:L:2016:040:TOC,100.082.837,100.239.172,CAS/EC与ECHA英文名逐条核对,已核对
610,23,碱式2-乙基己酸镉,"Hexanoic acid, 2-ethyl-, cadmium salt, basic",90411-62-4,291-438-3,1,REACH Annex XVII第23项限制对象；Cadmium and its compounds。具体限制条件见法规条款：Regulation。,Regulation,,https://eur-lex.europa.eu/legal-content/EN/TXT/?uri=uriserv:OJ.L_.2016.040.01.0005.01.ENG&toc=OJ:L:2016:040:TOC,100.083.095,100.239.172,CAS/EC与ECHA英文名逐条核对,已核对
611,23,碱式丙酸镉,"Propanoic acid, cadmium salt, basic",90529-78-5,292-013-5,1,REACH Annex XVII第23项限制对象；Cadmium and its compounds。具体限制条件见法规条款：Regulation。,Regulation,,https://eur-lex.europa.eu/legal-content/EN/TXT/?uri=uriserv:OJ.L_.2016.040.01.0005.01.ENG&toc=OJ:L:2016:040:TOC,100.083.616,100.239.172,CAS/EC与ECHA英文名逐条核对,已核对
612,23,镉锌立德粉黄,Cadmium zinc lithopone yellow,90604-89-0,292-385-9,1,"This substance is identified in the Colour Index by Colour Index Constitution Number, C.I. 77205:1.",Regulation,,https://eur-lex.europa.eu/legal-content/EN/TXT/?uri=uriserv:OJ.L_.2016.040.01.0005.01.ENG&toc=OJ:L:2016:040:TOC,100.083.956,100.239.172,CAS/EC与ECHA英文名逐条核对,已核对
613,23,镉立德粉黄,Cadmium lithopone yellow,90604-90-3,292-386-4,1,"This substance is identified in the Colour Index by Colour Index Constitution Number, C.I. 77199:1.",Regulation,,https://eur-lex.europa.eu/legal-content/EN/TXT/?uri=uriserv:OJ.L_.2016.040.01.0005.01.ENG&toc=OJ:L:2016:040:TOC,100.083.957,100.239.172,CAS/EC与ECHA英文名逐条核对,已核对
614,23,镉滤饼浸出残渣,"Leach residues, cadmium cake",91053-44-0,293-309-7,1,Residues obtained by cementation of cadmium by iron dust out of cadmium sulfate solutions. Composed primarily of metallic cadmium and zinc.,Regulation,,https://eur-lex.europa.eu/legal-content/EN/TXT/?uri=uriserv:OJ.L_.2016.040.01.0005.01.ENG&toc=OJ:L:2016:040:TOC,100.084.795,100.239.172,CAS/EC与ECHA英文名逐条核对,已核对
615,23,锌矿焙烧物浸出残渣，镉铜沉淀物,"Leach residues, zinc ore-calcine, cadmium-copper ppt.",91053-46-2,293-311-8,1,"Insoluble material precipitated by hydrolysis during hydrometallurgical treatment of crude zinc sulfate solution. Consists primarily of cadmium, cobalt, copper, lead, manganese, nickel, thallium, tin and zinc.",Regulation,,https://eur-lex.europa.eu/legal-content/EN/TXT/?uri=uriserv:OJ.L_.2016.040.01.0005.01.ENG&toc=OJ:L:2016:040:TOC,100.084.797,100.239.172,CAS/EC与ECHA英文名逐条核对,已核对
616,23,氢化蓖麻油脂肪酸镉盐,"Fatty acids, castor-oil, hydrogenated, cadmium salts",91697-35-7,294-296-0,1,REACH Annex XVII第23项限制对象；Cadmium and its compounds。具体限制条件见法规条款：Regulation。,Regulation,,https://eur-lex.europa.eu/legal-content/EN/TXT/?uri=uriserv:OJ.L_.2016.040.01.0005.01.ENG&toc=OJ:L:2016:040:TOC,100.085.688,100.239.172,CAS/EC与ECHA英文名逐条核对,已核对
617,23,C8-10支链脂肪酸镉盐,"Fatty acids, C8-10-branched, cadmium salts",92257-06-2,296-092-7,1,REACH Annex XVII第23项限制对象；Cadmium and its compounds。具体限制条件见法规条款：Regulation。,Regulation,,https://eur-lex.europa.eu/legal-content/EN/TXT/?uri=uriserv:OJ.L_.2016.040.01.0005.01.ENG&toc=OJ:L:2016:040:TOC,100.087.317,100.239.172,CAS/EC与ECHA英文名逐条核对,已核对
618,23,锌精炼烟尘浸出残渣，镉铊沉淀物,"Leach residues, zinc refining flue dust, cadmium-thallium ppt.",92257-11-9,296-097-4,1,Sponge produced by leaching and precipitating cadmium and thallium fumes and flue dusts from lead/zinc smelting operations.,Regulation,,https://eur-lex.europa.eu/legal-content/EN/TXT/?uri=uriserv:OJ.L_.2016.040.01.0005.01.ENG&toc=OJ:L:2016:040:TOC,100.087.322,100.239.172,CAS/EC与ECHA英文名逐条核对,已核对
619,23,C9-13新酸镉盐,"Fatty acids, C9-13-neo-, cadmium salts",92704-12-6,296-441-3,1,REACH Annex XVII第23项限制对象；Cadmium and its compounds。具体限制条件见法规条款：Regulation。,Regulation,,https://eur-lex.europa.eu/legal-content/EN/TXT/?uri=uriserv:OJ.L_.2016.040.01.0005.01.ENG&toc=OJ:L:2016:040:TOC,100.087.634,100.239.172,CAS/EC与ECHA英文名逐条核对,已核对
620,23,橄榄油脂肪酸镉盐,"Fatty acids, olive-oil, cadmium salts",92704-15-9,296-445-5,1,REACH Annex XVII第23项限制对象；Cadmium and its compounds。具体限制条件见法规条款：Regulation。,Regulation,,https://eur-lex.europa.eu/legal-content/EN/TXT/?uri=uriserv:OJ.L_.2016.040.01.0005.01.ENG&toc=OJ:L:2016:040:TOC,100.087.637,100.239.172,CAS/EC与ECHA英文名逐条核对,已核对
621,23,花生油脂肪酸镉盐,"Fatty acids, peanut-oil, cadmium salts",92704-19-3,296-449-7,1,REACH Annex XVII第23项限制对象；Cadmium and its compounds。具体限制条件见法规条款：Regulation。,Regulation,,https://eur-lex.europa.eu/legal-content/EN/TXT/?uri=uriserv:OJ.L_.2016.040.01.0005.01.ENG&toc=OJ:L:2016:040:TOC,100.087.641,100.239.172,CAS/EC与ECHA英文名逐条核对,已核对
622,23,菜籽油脂肪酸镉盐,"Fatty acids, rape-oil, cadmium salts",92704-24-0,296-454-4,1,REACH Annex XVII第23项限制对象；Cadmium and its compounds。具体限制条件见法规条款：Regulation。,Regulation,,https://eur-lex.europa.eu/legal-content/EN/TXT/?uri=uriserv:OJ.L_.2016.040.01.0005.01.ENG&toc=OJ:L:2016:040:TOC,100.087.646,100.239.172,CAS/EC与ECHA英文名逐条核对,已核对
623,23,C14-18及C18不饱和支链和直链氢化脂肪酸镉盐,"Fatty acids, C14-18 and C18-unsatd., branched and linear, hydrogenated, cadmium salts",92797-28-9,296-564-2,1,REACH Annex XVII第23项限制对象；Cadmium and its compounds。具体限制条件见法规条款：Regulation。,Regulation,,https://eur-lex.europa.eu/legal-content/EN/TXT/?uri=uriserv:OJ.L_.2016.040.01.0005.01.ENG&toc=OJ:L:2016:040:TOC,100.087.745,100.239.172,CAS/EC与ECHA英文名逐条核对,已核对
624,23,支链壬酸镉,"Nonanoic acid, branched, cadmium salt",93686-40-9,297-692-1,1,REACH Annex XVII第23项限制对象；Cadmium and its compounds。具体限制条件见法规条款：Regulation。,Regulation,,https://eur-lex.europa.eu/legal-content/EN/TXT/?uri=uriserv:OJ.L_.2016.040.01.0005.01.ENG&toc=OJ:L:2016:040:TOC,100.088.769,100.239.172,CAS/EC与ECHA英文名逐条核对,已核对
625,23,碳酸镉,"Carbonic acid, cadmium salt",93820-02-1,298-586-8,1,REACH Annex XVII第23项限制对象；Cadmium and its compounds。具体限制条件见法规条款：Regulation。,Regulation,,https://eur-lex.europa.eu/legal-content/EN/TXT/?uri=uriserv:OJ.L_.2016.040.01.0005.01.ENG&toc=OJ:L:2016:040:TOC,100.089.581,100.239.172,CAS/EC与ECHA英文名逐条核对,已核对
626,23,"双(2-乙基己基巯基乙酸根-O,S)镉","Bis(2-ethylhexyl mercaptoacetato -O',S)cadmium",93858-50-5,299-281-2,1,REACH Annex XVII第23项限制对象；Cadmium and its compounds。具体限制条件见法规条款：Regulation。,Regulation,,https://eur-lex.europa.eu/legal-content/EN/TXT/?uri=uriserv:OJ.L_.2016.040.01.0005.01.ENG&toc=OJ:L:2016:040:TOC,100.090.213,100.239.172,CAS/EC与ECHA英文名逐条核对,已核对
627,23,双(邻壬基苯酚盐)镉,Cadmium bis(o-nonylphenolate),93894-07-6,299-701-4,1,REACH Annex XVII第23项限制对象；Cadmium and its compounds。具体限制条件见法规条款：Regulation。,Regulation,,https://eur-lex.europa.eu/legal-content/EN/TXT/?uri=uriserv:OJ.L_.2016.040.01.0005.01.ENG&toc=OJ:L:2016:040:TOC,100.090.595,100.239.172,CAS/EC与ECHA英文名逐条核对,已核对
628,23,双(对壬基苯酚盐)镉,Cadmium bis(p-nonylphenolate),93894-08-7,299-703-5,1,REACH Annex XVII第23项限制对象；Cadmium and its compounds。具体限制条件见法规条款：Regulation。,Regulation,,https://eur-lex.europa.eu/legal-content/EN/TXT/?uri=uriserv:OJ.L_.2016.040.01.0005.01.ENG&toc=OJ:L:2016:040:TOC,100.090.596,100.239.172,CAS/EC与ECHA英文名逐条核对,已核对
629,23,"双[对-(1,1,3,3-四甲基丁基)苯酚盐]镉","Cadmium bis[p-(1,1,3,3-tetramethylbutyl)phenolate]",93894-09-8,299-704-0,1,REACH Annex XVII第23项限制对象；Cadmium and its compounds。具体限制条件见法规条款：Regulation。,Regulation,,https://eur-lex.europa.eu/legal-content/EN/TXT/?uri=uriserv:OJ.L_.2016.040.01.0005.01.ENG&toc=OJ:L:2016:040:TOC,100.090.597,100.239.172,CAS/EC与ECHA英文名逐条核对,已核对
630,23,(Z)-9-十六烯酸镉,Cadmium (Z)-hexadec-9-enoate,93894-10-1,299-705-6,1,REACH Annex XVII第23项限制对象；Cadmium and its compounds。具体限制条件见法规条款：Regulation。,Regulation,,https://eur-lex.europa.eu/legal-content/EN/TXT/?uri=uriserv:OJ.L_.2016.040.01.0005.01.ENG&toc=OJ:L:2016:040:TOC,100.090.598,100.239.172,CAS/EC与ECHA英文名逐条核对,已核对
631,23,异癸酸镉,Cadmium isodecanoate,93965-24-3,300-973-4,1,REACH Annex XVII第23项限制对象；Cadmium and its compounds。具体限制条件见法规条款：Regulation。,Regulation,,https://eur-lex.europa.eu/legal-content/EN/TXT/?uri=uriserv:OJ.L_.2016.040.01.0005.01.ENG&toc=OJ:L:2016:040:TOC,100.091.753,100.239.172,CAS/EC与ECHA英文名逐条核对,已核对
632,23,双(异十一烷酸)镉,Cadmium bis(isoundecanoate),93965-30-1,300-980-2,1,REACH Annex XVII第23项限制对象；Cadmium and its compounds。具体限制条件见法规条款：Regulation。,Regulation,,https://eur-lex.europa.eu/legal-content/EN/TXT/?uri=uriserv:OJ.L_.2016.040.01.0005.01.ENG&toc=OJ:L:2016:040:TOC,100.091.759,100.239.172,CAS/EC与ECHA英文名逐条核对,已核对
633,23,二甲基己酸镉,Cadmium dimethylhexanoate,93983-65-4,301-320-6,1,REACH Annex XVII第23项限制对象；Cadmium and its compounds。具体限制条件见法规条款：Regulation。,Regulation,,https://eur-lex.europa.eu/legal-content/EN/TXT/?uri=uriserv:OJ.L_.2016.040.01.0005.01.ENG&toc=OJ:L:2016:040:TOC,100.092.067,100.239.172,CAS/EC与ECHA英文名逐条核对,已核对
634,23,双(磷酸四戊酯)镉,Cadmium tetrapentyl bis(phosphate),94232-49-2,303-977-4,1,REACH Annex XVII第23项限制对象；Cadmium and its compounds。具体限制条件见法规条款：Regulation。,Regulation,,https://eur-lex.europa.eu/legal-content/EN/TXT/?uri=uriserv:OJ.L_.2016.040.01.0005.01.ENG&toc=OJ:L:2016:040:TOC,100.094.482,100.239.172,CAS/EC与ECHA英文名逐条核对,已核对
635,23,邻苯二甲酸异辛酯镉盐（1:2:2）,Cadmium isooctyl phthalate (1:2:2),94247-16-2,304-193-5,1,REACH Annex XVII第23项限制对象；Cadmium and its compounds。具体限制条件见法规条款：Regulation。,Regulation,,https://eur-lex.europa.eu/legal-content/EN/TXT/?uri=uriserv:OJ.L_.2016.040.01.0005.01.ENG&toc=OJ:L:2016:040:TOC,100.094.678,100.239.172,CAS/EC与ECHA英文名逐条核对,已核对
636,23,邻苯二甲酸(1-乙基己基)酯镉盐（1:2:2）,Cadmium (1-ethylhexyl) phthalate (1:2:2),94275-93-1,304-482-6,1,REACH Annex XVII第23项限制对象；Cadmium and its compounds。具体限制条件见法规条款：Regulation。,Regulation,,https://eur-lex.europa.eu/legal-content/EN/TXT/?uri=uriserv:OJ.L_.2016.040.01.0005.01.ENG&toc=OJ:L:2016:040:TOC,100.094.941,100.239.172,CAS/EC与ECHA英文名逐条核对,已核对
637,23,邻苯二甲酸辛酯镉盐（1:2:2）,Cadmium octyl phthalate (1:2:2),94275-94-2,304-483-1,1,REACH Annex XVII第23项限制对象；Cadmium and its compounds。具体限制条件见法规条款：Regulation。,Regulation,,https://eur-lex.europa.eu/legal-content/EN/TXT/?uri=uriserv:OJ.L_.2016.040.01.0005.01.ENG&toc=OJ:L:2016:040:TOC,100.094.942,100.239.172,CAS/EC与ECHA英文名逐条核对,已核对
638,23,含镉烟尘浸出残渣,"Leach residues, cadmium-contg. flue dust",94551-70-9,305-417-4,1,"The substance formed during oxidative leaching of cadmium containing flue dust. Consists primarily of cadmium, lead and zinc compounds with chlorine, oxygen and sulfur and contains other nonferrous metal compounds.",Regulation,,https://eur-lex.europa.eu/legal-content/EN/TXT/?uri=uriserv:OJ.L_.2016.040.01.0005.01.ENG&toc=OJ:L:2016:040:TOC,100.095.792,100.239.172,CAS/EC与ECHA英文名逐条核对,已核对
639,23,异十六烷酸镉,Cadmium isohexadecanoate,95892-12-9,306-072-2,1,REACH Annex XVII第23项限制对象；Cadmium and its compounds。具体限制条件见法规条款：Regulation。,Regulation,,https://eur-lex.europa.eu/legal-content/EN/TXT/?uri=uriserv:OJ.L_.2016.040.01.0005.01.ENG&toc=OJ:L:2016:040:TOC,100.096.383,100.239.172,CAS/EC与ECHA英文名逐条核对,已核对
640,23,二异丁基二马来酸镉,Cadmium diisobutyl dimaleate,97259-82-0,306-446-5,1,REACH Annex XVII第23项限制对象；Cadmium and its compounds。具体限制条件见法规条款：Regulation。,Regulation,,https://eur-lex.europa.eu/legal-content/EN/TXT/?uri=uriserv:OJ.L_.2016.040.01.0005.01.ENG&toc=OJ:L:2016:040:TOC,100.096.722,100.239.172,CAS/EC与ECHA英文名逐条核对,已核对
641,23,四氯合镉酸钡,Barium tetrachlorocadmate(2-),99587-10-7,308-988-8,1,REACH Annex XVII第23项限制对象；Cadmium and its compounds。具体限制条件见法规条款：Regulation。,Regulation,,https://eur-lex.europa.eu/legal-content/EN/TXT/?uri=uriserv:OJ.L_.2016.040.01.0005.01.ENG&toc=OJ:L:2016:040:TOC,100.099.026,100.239.172,CAS/EC与ECHA英文名逐条核对,已核对
642,23,锆英石镉橙,"Zircon, cadmium orange",99749-34-5,309-029-6,1,REACH Annex XVII第23项限制对象；Cadmium and its compounds。具体限制条件见法规条款：Regulation。,Regulation,,https://eur-lex.europa.eu/legal-content/EN/TXT/?uri=uriserv:OJ.L_.2016.040.01.0005.01.ENG&toc=OJ:L:2016:040:TOC,100.099.060,100.239.172,CAS/EC与ECHA英文名逐条核对,已核对
643,23,氯磷酸镉（锰掺杂）,"Cadmium chloride phosphate (Cd5Cl(PO4)3), manganese-doped",100402-53-7,309-489-8,1,REACH Annex XVII第23项限制对象；Cadmium and its compounds。具体限制条件见法规条款：Regulation。,Regulation,,https://eur-lex.europa.eu/legal-content/EN/TXT/?uri=uriserv:OJ.L_.2016.040.01.0005.01.ENG&toc=OJ:L:2016:040:TOC,100.099.471,100.239.172,CAS/EC与ECHA英文名逐条核对,已核对
644,23,铜铅鼓风炉富镉铟烟尘,"Flue dust, copper-lead blast furnace, cadmium-indium-enriched",100656-55-1,309-645-5,1,"A cadmium-indium-enriched product obtained from the recirculation of copper-lead blast furnace flue dusts. Composed primarily of cadmium, indium and lead.",Regulation,,https://eur-lex.europa.eu/legal-content/EN/TXT/?uri=uriserv:OJ.L_.2016.040.01.0005.01.ENG&toc=OJ:L:2016:040:TOC,100.099.612,100.239.172,CAS/EC与ECHA英文名逐条核对,已核对
645,23,碱式十二烷酸镉,"Dodecanoic acid, cadmium salt, basic",101012-89-9,309-789-9,1,REACH Annex XVII第23项限制对象；Cadmium and its compounds。具体限制条件见法规条款：Regulation。,Regulation,,https://eur-lex.europa.eu/legal-content/EN/TXT/?uri=uriserv:OJ.L_.2016.040.01.0005.01.ENG&toc=OJ:L:2016:040:TOC,100.099.743,100.239.172,CAS/EC与ECHA英文名逐条核对,已核对
646,23,碱式十八烷酸镉,"Octadecanoic acid, cadmium salt, basic",101012-93-5,309-794-6,1,REACH Annex XVII第23项限制对象；Cadmium and its compounds。具体限制条件见法规条款：Regulation。,Regulation,,https://eur-lex.europa.eu/legal-content/EN/TXT/?uri=uriserv:OJ.L_.2016.040.01.0005.01.ENG&toc=OJ:L:2016:040:TOC,100.099.747,100.239.172,CAS/EC与ECHA英文名逐条核对,已核对
647,23,碱式12-羟基十八烷酸镉,"Octadecanoic acid, 12-hydroxy-, cadmium salt, basic",101012-94-6,309-795-1,1,REACH Annex XVII第23项限制对象；Cadmium and its compounds。具体限制条件见法规条款：Regulation。,Regulation,,https://eur-lex.europa.eu/legal-content/EN/TXT/?uri=uriserv:OJ.L_.2016.040.01.0005.01.ENG&toc=OJ:L:2016:040:TOC,100.099.748,100.239.172,CAS/EC与ECHA英文名逐条核对,已核对
648,23,氧化镉-氧化钙-二氧化钛固溶体（镨掺杂）,"Cadmium oxide (CdO), solid soln. with calcium oxide and titanium oxide (TiO2), praseodymium-doped",101356-99-4,309-896-0,1,REACH Annex XVII第23项限制对象；Cadmium and its compounds。具体限制条件见法规条款：Regulation。,Regulation,,https://eur-lex.europa.eu/legal-content/EN/TXT/?uri=uriserv:OJ.L_.2016.040.01.0005.01.ENG&toc=OJ:L:2016:040:TOC,100.099.838,100.239.172,CAS/EC与ECHA英文名逐条核对,已核对
649,23,硒化镉-硫化镉-硒化锌-硫化锌固溶体（铝、铜掺杂）,"Cadmium selenide (CdSe), solid soln. with cadmium sulfide, zinc selenide and zinc sulfide, aluminum and copper-doped",101357-00-0,309-897-6,1,REACH Annex XVII第23项限制对象；Cadmium and its compounds。具体限制条件见法规条款：Regulation。,Regulation,,https://eur-lex.europa.eu/legal-content/EN/TXT/?uri=uriserv:OJ.L_.2016.040.01.0005.01.ENG&toc=OJ:L:2016:040:TOC,100.099.839,100.239.172,CAS/EC与ECHA英文名逐条核对,已核对
650,23,硒化镉-硫化镉-硒化锌-硫化锌固溶体（铜、锰掺杂）,"Cadmium selenide (CdSe), solid soln. with cadmium sulfide, zinc selenide and zinc sulfide, copper and manganese-doped",101357-01-1,309-898-1,1,REACH Annex XVII第23项限制对象；Cadmium and its compounds。具体限制条件见法规条款：Regulation。,Regulation,,https://eur-lex.europa.eu/legal-content/EN/TXT/?uri=uriserv:OJ.L_.2016.040.01.0005.01.ENG&toc=OJ:L:2016:040:TOC,100.099.840,100.239.172,CAS/EC与ECHA英文名逐条核对,已核对
651,23,硒化镉-硫化镉-硒化锌-硫化锌固溶体（铕掺杂）,"Cadmium selenide (CdSe), solid soln. with cadmium sulfide, zinc selenide and zinc sulfide, europium-doped",101357-02-2,309-899-7,1,REACH Annex XVII第23项限制对象；Cadmium and its compounds。具体限制条件见法规条款：Regulation。,Regulation,,https://eur-lex.europa.eu/legal-content/EN/TXT/?uri=uriserv:OJ.L_.2016.040.01.0005.01.ENG&toc=OJ:L:2016:040:TOC,100.099.841,100.239.172,CAS/EC与ECHA英文名逐条核对,已核对
652,23,硒化镉-硫化镉-硒化锌-硫化锌固溶体（金、锰掺杂）,"Cadmium selenide (CdSe), solid soln. with cadmium sulfide, zinc selenide and zinc sulfide, gold and manganese-doped",101357-03-3,309-900-0,1,REACH Annex XVII第23项限制对象；Cadmium and its compounds。具体限制条件见法规条款：Regulation。,Regulation,,https://eur-lex.europa.eu/legal-content/EN/TXT/?uri=uriserv:OJ.L_.2016.040.01.0005.01.ENG&toc=OJ:L:2016:040:TOC,100.099.842,100.239.172,CAS/EC与ECHA英文名逐条核对,已核对
653,23,硒化镉-硫化镉-硒化锌-硫化锌固溶体（锰、银掺杂）,"Cadmium selenide (CdSe), solid soln. with cadmium sulfide, zinc selenide and zinc sulfide, manganese and silver-doped",101357-04-4,309-901-6,1,REACH Annex XVII第23项限制对象；Cadmium and its compounds。具体限制条件见法规条款：Regulation。,Regulation,,https://eur-lex.europa.eu/legal-content/EN/TXT/?uri=uriserv:OJ.L_.2016.040.01.0005.01.ENG&toc=OJ:L:2016:040:TOC,100.099.843,100.239.172,CAS/EC与ECHA英文名逐条核对,已核对
654,23,氧化镉-氧化镁-三氧化钨-氧化锌固溶体,"Cadmium oxide (CdO), solid soln. with magnesium oxide, tungsten oxide (WO3) and zinc oxide",102110-30-5,310-029-3,1,REACH Annex XVII第23项限制对象；Cadmium and its compounds。具体限制条件见法规条款：Regulation。,Regulation,,https://eur-lex.europa.eu/legal-content/EN/TXT/?uri=uriserv:OJ.L_.2016.040.01.0005.01.ENG&toc=OJ:L:2016:040:TOC,100.099.960,100.239.172,CAS/EC与ECHA英文名逐条核对,已核对
655,23,硅酸锆盐（镉颜料包覆）,"Silicic acid, zirconium salt, cadmium pigment-encapsulated",102184-95-2,310-077-5,1,REACH Annex XVII第23项限制对象；Cadmium and its compounds。具体限制条件见法规条款：Regulation。,Regulation,,https://eur-lex.europa.eu/legal-content/EN/TXT/?uri=uriserv:OJ.L_.2016.040.01.0005.01.ENG&toc=OJ:L:2016:040:TOC,100.100.003,100.239.172,CAS/EC与ECHA英文名逐条核对,已核对
656,23,乙酸镉二水合物,"Cadmium di(acetate), dihydrate",5743-04-4,611-525-5,1,REACH Annex XVII第23项限制对象；Cadmium and its compounds。具体限制条件见法规条款：Regulation。,Regulation,,https://eur-lex.europa.eu/legal-content/EN/TXT/?uri=uriserv:OJ.L_.2016.040.01.0005.01.ENG&toc=OJ:L:2016:040:TOC,100.118.427,100.239.172,CAS/EC与ECHA英文名逐条核对,已核对
657,23,硫酸镉水合物（3:3:8）,"Sulfuric acid, cadmium salt, hydrate (3:3:8)",7790-84-3,616-572-5,1,REACH Annex XVII第23项限制对象；Cadmium and its compounds。具体限制条件见法规条款：Regulation。,Regulation,,https://eur-lex.europa.eu/legal-content/EN/TXT/?uri=uriserv:OJ.L_.2016.040.01.0005.01.ENG&toc=OJ:L:2016:040:TOC,100.130.541,100.239.172,CAS/EC与ECHA英文名逐条核对,已核对
658,23,氯化镉一水合物,Cadmium (II) chloride monohydrate,35658-65-2,621-024-3,1,REACH Annex XVII第23项限制对象；Cadmium and its compounds。具体限制条件见法规条款：Regulation。,Regulation,,https://eur-lex.europa.eu/legal-content/EN/TXT/?uri=uriserv:OJ.L_.2016.040.01.0005.01.ENG&toc=OJ:L:2016:040:TOC,100.149.915,100.239.172,CAS/EC与ECHA英文名逐条核对,已核对
659,23,硫酸镉水合物,"Sulfuric acid, cadmium salt (1:1), hydrate",15244-35-6,626-360-4,1,REACH Annex XVII第23项限制对象；Cadmium and its compounds。具体限制条件见法规条款：Regulation。,Regulation,,https://eur-lex.europa.eu/legal-content/EN/TXT/?uri=uriserv:OJ.L_.2016.040.01.0005.01.ENG&toc=OJ:L:2016:040:TOC,100.154.769,100.239.172,CAS/EC与ECHA英文名逐条核对,已核对
660,23,乙酸镉水合物,Cadmium acetate hydrate,89759-80-8,628-590-0,1,REACH Annex XVII第23项限制对象；Cadmium and its compounds。具体限制条件见法规条款：Regulation。,Regulation,,https://eur-lex.europa.eu/legal-content/EN/TXT/?uri=uriserv:OJ.L_.2016.040.01.0005.01.ENG&toc=OJ:L:2016:040:TOC,100.156.848,100.239.172,CAS/EC与ECHA英文名逐条核对,已核对
661,23,高氯酸镉六水合物,Cadmium perchlorate hexahydrate,10326-28-0,629-339-8,1,REACH Annex XVII第23项限制对象；Cadmium and its compounds。具体限制条件见法规条款：Regulation。,Regulation,,https://eur-lex.europa.eu/legal-content/EN/TXT/?uri=uriserv:OJ.L_.2016.040.01.0005.01.ENG&toc=OJ:L:2016:040:TOC,100.157.529,100.239.172,CAS/EC与ECHA英文名逐条核对,已核对
662,23,氯化镉水合物,Cadmium chloride hydrate,654054-66-7,629-592-4,1,REACH Annex XVII第23项限制对象；Cadmium and its compounds。具体限制条件见法规条款：Regulation。,Regulation,,https://eur-lex.europa.eu/legal-content/EN/TXT/?uri=uriserv:OJ.L_.2016.040.01.0005.01.ENG&toc=OJ:L:2016:040:TOC,100.157.761,100.239.172,CAS/EC与ECHA英文名逐条核对,已核对
663,23,溴化镉四水合物,Cadmium bromide tetrahydrate,13464-92-1,629-623-1,1,REACH Annex XVII第23项限制对象；Cadmium and its compounds。具体限制条件见法规条款：Regulation。,Regulation,,https://eur-lex.europa.eu/legal-content/EN/TXT/?uri=uriserv:OJ.L_.2016.040.01.0005.01.ENG&toc=OJ:L:2016:040:TOC,100.157.789,100.239.172,CAS/EC与ECHA英文名逐条核对,已核对
664,23,硝酸镉四水合物,cadmium nitrate tetrahydrate,10022-68-1,638-751-7,1,REACH Annex XVII第23项限制对象；Cadmium and its compounds。具体限制条件见法规条款：Regulation。,Regulation,,https://eur-lex.europa.eu/legal-content/EN/TXT/?uri=uriserv:OJ.L_.2016.040.01.0005.01.ENG&toc=OJ:L:2016:040:TOC,100.166.363,100.239.172,CAS/EC与ECHA英文名逐条核对,已核对
665,23,氯化镉水合物（2:5）,"cadmium chloride (CdCl2), hydrate (2:5)",7790-78-5,640-998-0,1,REACH Annex XVII第23项限制对象；Cadmium and its compounds。具体限制条件见法规条款：Regulation。,Regulation,,https://eur-lex.europa.eu/legal-content/EN/TXT/?uri=uriserv:OJ.L_.2016.040.01.0005.01.ENG&toc=OJ:L:2016:040:TOC,100.168.753,100.239.172,CAS/EC与ECHA英文名逐条核对,已核对
666,23,锆英石镉红,"Zircon, cadmium red",72828-62-7,691-407-8,1,REACH Annex XVII第23项限制对象；Cadmium and its compounds。具体限制条件见法规条款：Regulation。,Regulation,,https://eur-lex.europa.eu/legal-content/EN/TXT/?uri=uriserv:OJ.L_.2016.040.01.0005.01.ENG&toc=OJ:L:2016:040:TOC,100.219.059,100.239.172,CAS/EC与ECHA英文名逐条核对,已核对
667,23,二乙基镉,"Cadmium, diethyl-",592-02-9,804-213-7,1,REACH Annex XVII第23项限制对象；Cadmium and its compounds。具体限制条件见法规条款：Regulation。,Regulation,,https://eur-lex.europa.eu/legal-content/EN/TXT/?uri=uriserv:OJ.L_.2016.040.01.0005.01.ENG&toc=OJ:L:2016:040:TOC,100.230.949,100.239.172,CAS/EC与ECHA英文名逐条核对,已核对
668,23,镉化合物,Cadmium compounds,法规组级：无单一CAS/EC,法规组级：无单一CAS/EC,1,REACH Annex XVII第23项限制对象；Cadmium and its compounds。具体限制条件见法规条款：Regulation。,Regulation,,https://eur-lex.europa.eu/legal-content/EN/TXT/?uri=uriserv:OJ.L_.2016.040.01.0005.01.ENG&toc=OJ:L:2016:040:TOC,100.239.173,100.239.172,CAS/EC与ECHA英文名逐条核对,已核对
669,23,三碘合镉酸钾,"Cadmate(1-), triiodo-, potassium",14429-88-0,法规组级：无单一CAS/EC,1,REACH Annex XVII第23项限制对象；Cadmium and its compounds。具体限制条件见法规条款：Regulation。,Regulation,,https://eur-lex.europa.eu/legal-content/EN/TXT/?uri=uriserv:OJ.L_.2016.040.01.0005.01.ENG&toc=OJ:L:2016:040:TOC,100.282.034,100.239.172,CAS/EC与ECHA英文名逐条核对,已核对
670,23,过氧化镉,Cadmium peroxide,12139-22-9,法规组级：无单一CAS/EC,1,REACH Annex XVII第23项限制对象；Cadmium and its compounds。具体限制条件见法规条款：Regulation。,Regulation,,https://eur-lex.europa.eu/legal-content/EN/TXT/?uri=uriserv:OJ.L_.2016.040.01.0005.01.ENG&toc=OJ:L:2016:040:TOC,100.289.635,100.239.172,CAS/EC与ECHA英文名逐条核对,已核对
671,23,硒硫化二镉,"Cadmium selenide sulfide, (Cd2SeS)",12213-70-6,法规组级：无单一CAS/EC,1,REACH Annex XVII第23项限制对象；Cadmium and its compounds。具体限制条件见法规条款：Regulation。,Regulation,,https://eur-lex.europa.eu/legal-content/EN/TXT/?uri=uriserv:OJ.L_.2016.040.01.0005.01.ENG&toc=OJ:L:2016:040:TOC,100.289.661,100.239.172,CAS/EC与ECHA英文名逐条核对,已核对
672,23,硫酸镉四水合物,"Cadmium sulfate, tetrahydrate",13477-21-9,法规组级：无单一CAS/EC,1,REACH Annex XVII第23项限制对象；Cadmium and its compounds。具体限制条件见法规条款：Regulation。,Regulation,,https://eur-lex.europa.eu/legal-content/EN/TXT/?uri=uriserv:OJ.L_.2016.040.01.0005.01.ENG&toc=OJ:L:2016:040:TOC,100.290.175,100.239.172,CAS/EC与ECHA英文名逐条核对,已核对
673,23,磷酸铵镉,"Phosphoric acid, ammonium cadmium salt (1:1:1)",14520-70-8,法规组级：无单一CAS/EC,1,REACH Annex XVII第23项限制对象；Cadmium and its compounds。具体限制条件见法规条款：Regulation。,Regulation,,https://eur-lex.europa.eu/legal-content/EN/TXT/?uri=uriserv:OJ.L_.2016.040.01.0005.01.ENG&toc=OJ:L:2016:040:TOC,100.290.404,100.239.172,CAS/EC与ECHA英文名逐条核对,已核对
674,23,硬脂酸钡镉盐,"Octadecanoic acid, barium cadmium salt",17033-07-7,法规组级：无单一CAS/EC,1,REACH Annex XVII第23项限制对象；Cadmium and its compounds。具体限制条件见法规条款：Regulation。,Regulation,,https://eur-lex.europa.eu/legal-content/EN/TXT/?uri=uriserv:OJ.L_.2016.040.01.0005.01.ENG&toc=OJ:L:2016:040:TOC,100.290.775,100.239.172,CAS/EC与ECHA英文名逐条核对,已核对
675,23,三氯合镉酸铵,Ammonium cadmium chloride (Ammonium cadmium trichloride),18532-52-0,法规组级：无单一CAS/EC,1,REACH Annex XVII第23项限制对象；Cadmium and its compounds。具体限制条件见法规条款：Regulation。,Regulation,,https://eur-lex.europa.eu/legal-content/EN/TXT/?uri=uriserv:OJ.L_.2016.040.01.0005.01.ENG&toc=OJ:L:2016:040:TOC,100.290.992,100.239.172,CAS/EC与ECHA英文名逐条核对,已核对
676,23,焦磷酸镉,Cadmium pyrophosphate,19262-93-2,法规组级：无单一CAS/EC,1,REACH Annex XVII第23项限制对象；Cadmium and its compounds。具体限制条件见法规条款：Regulation。,Regulation,,https://eur-lex.europa.eu/legal-content/EN/TXT/?uri=uriserv:OJ.L_.2016.040.01.0005.01.ENG&toc=OJ:L:2016:040:TOC,100.291.061,100.239.172,CAS/EC与ECHA英文名逐条核对,已核对
677,23,硫酸镉八水合物,Cadmium sulfate octahydrate,22465-18-5,法规组级：无单一CAS/EC,1,REACH Annex XVII第23项限制对象；Cadmium and its compounds。具体限制条件见法规条款：Regulation。,Regulation,,https://eur-lex.europa.eu/legal-content/EN/TXT/?uri=uriserv:OJ.L_.2016.040.01.0005.01.ENG&toc=OJ:L:2016:040:TOC,100.291.299,100.239.172,CAS/EC与ECHA英文名逐条核对,已核对
678,23,"氯(1,10-菲咯啉-2-羧酸根合)镉聚合物","Cadmium, chloro(1,10-phenanthroline-2-carboxylato)-, polymers",25685-75-0,法规组级：无单一CAS/EC,1,REACH Annex XVII第23项限制对象；Cadmium and its compounds。具体限制条件见法规条款：Regulation。,Regulation,,https://eur-lex.europa.eu/legal-content/EN/TXT/?uri=uriserv:OJ.L_.2016.040.01.0005.01.ENG&toc=OJ:L:2016:040:TOC,100.291.575,100.239.172,CAS/EC与ECHA英文名逐条核对,已核对
679,23,乙二胺四乙酸镉二钠,Disodium ethylenediaminetetraacetate cadmium,30363-28-1,法规组级：无单一CAS/EC,1,REACH Annex XVII第23项限制对象；Cadmium and its compounds。具体限制条件见法规条款：Regulation。,Regulation,,https://eur-lex.europa.eu/legal-content/EN/TXT/?uri=uriserv:OJ.L_.2016.040.01.0005.01.ENG&toc=OJ:L:2016:040:TOC,100.291.896,100.239.172,CAS/EC与ECHA英文名逐条核对,已核对
680,23,4-(苯氨基)苯重氮硫酸盐-甲醛聚合物氯化镉配合物,"Benzenediazonium, 4-(phenylamino)-, sulfate (1:1), polymer with formaldehyde, cadmium chloride complexes",68441-39-4,法规组级：无单一CAS/EC,1,REACH Annex XVII第23项限制对象；Cadmium and its compounds。具体限制条件见法规条款：Regulation。,Regulation,,https://eur-lex.europa.eu/legal-content/EN/TXT/?uri=uriserv:OJ.L_.2016.040.01.0005.01.ENG&toc=OJ:L:2016:040:TOC,100.294.737,100.239.172,CAS/EC与ECHA英文名逐条核对,已核对
681,23,硼酸镉氧化物（锰掺杂）,"Cadmium borate oxide (Cd3(BO2)4O), manganese-doped",68784-58-7,法规组级：无单一CAS/EC,1,REACH Annex XVII第23项限制对象；Cadmium and its compounds。具体限制条件见法规条款：Regulation。,Regulation,,https://eur-lex.europa.eu/legal-content/EN/TXT/?uri=uriserv:OJ.L_.2016.040.01.0005.01.ENG&toc=OJ:L:2016:040:TOC,100.294.884,100.239.172,CAS/EC与ECHA英文名逐条核对,已核对
682,23,硫化钡镉锌（锰掺杂）,"Barium cadmium zinc sulfide (Ba2(Cd,Zn)S3), manganese-doped",68876-90-4,法规组级：无单一CAS/EC,1,REACH Annex XVII第23项限制对象；Cadmium and its compounds。具体限制条件见法规条款：Regulation。,Regulation,,https://eur-lex.europa.eu/legal-content/EN/TXT/?uri=uriserv:OJ.L_.2016.040.01.0005.01.ENG&toc=OJ:L:2016:040:TOC,100.294.902,100.239.172,CAS/EC与ECHA英文名逐条核对,已核对
683,23,月桂酸镉、棕榈酸镉和硬脂酸镉混合物,"Cadmium laurate, palmitate, stearate",68954-18-7,法规组级：无单一CAS/EC,1,REACH Annex XVII第23项限制对象；Cadmium and its compounds。具体限制条件见法规条款：Regulation。,Regulation,,https://eur-lex.europa.eu/legal-content/EN/TXT/?uri=uriserv:OJ.L_.2016.040.01.0005.01.ENG&toc=OJ:L:2016:040:TOC,100.294.968,100.239.172,CAS/EC与ECHA英文名逐条核对,已核对
684,23,海绵镉,Cadmium sponge,69011-70-7,法规组级：无单一CAS/EC,1,REACH Annex XVII第23项限制对象；Cadmium and its compounds。具体限制条件见法规条款：Regulation。,Regulation,,https://eur-lex.europa.eu/legal-content/EN/TXT/?uri=uriserv:OJ.L_.2016.040.01.0005.01.ENG&toc=OJ:L:2016:040:TOC,100.295.029,100.239.172,CAS/EC与ECHA英文名逐条核对,已核对
685,23,镉电解泥渣,"Slimes and Sludges, cadmium electrolytic",69029-89-6,法规组级：无单一CAS/EC,1,REACH Annex XVII第23项限制对象；Cadmium and its compounds。具体限制条件见法规条款：Regulation。,Regulation,,https://eur-lex.europa.eu/legal-content/EN/TXT/?uri=uriserv:OJ.L_.2016.040.01.0005.01.ENG&toc=OJ:L:2016:040:TOC,100.295.047,100.239.172,CAS/EC与ECHA英文名逐条核对,已核对
686,23,二氯四(1H-咪唑-N3)合镉,"Cadmium, dichlorotetrakis(1H-imidazole-kappaN3)-",72275-93-5,法规组级：无单一CAS/EC,1,REACH Annex XVII第23项限制对象；Cadmium and its compounds。具体限制条件见法规条款：Regulation。,Regulation,,https://eur-lex.europa.eu/legal-content/EN/TXT/?uri=uriserv:OJ.L_.2016.040.01.0005.01.ENG&toc=OJ:L:2016:040:TOC,100.295.569,100.239.172,CAS/EC与ECHA英文名逐条核对,已核对
687,23,硫化镉锌（钴、铜掺杂）,"Cadmium zinc sulfide ((Cd,Zn)S), cobalt and copper-doped",72869-26-2,法规组级：无单一CAS/EC,1,REACH Annex XVII第23项限制对象；Cadmium and its compounds。具体限制条件见法规条款：Regulation。,Regulation,,https://eur-lex.europa.eu/legal-content/EN/TXT/?uri=uriserv:OJ.L_.2016.040.01.0005.01.ENG&toc=OJ:L:2016:040:TOC,100.295.712,100.239.172,CAS/EC与ECHA英文名逐条核对,已核对
688,23,硒酸镉二水合物,"Selenic acid, cadmium salt (1:1), dihydrate",10060-09-0,法规组级：无单一CAS/EC,1,REACH Annex XVII第23项限制对象；Cadmium and its compounds。具体限制条件见法规条款：Regulation。,Regulation,,https://eur-lex.europa.eu/legal-content/EN/TXT/?uri=uriserv:OJ.L_.2016.040.01.0005.01.ENG&toc=OJ:L:2016:040:TOC,100.298.503,100.239.172,CAS/EC与ECHA英文名逐条核对,已核对
689,23,四碘合镉酸二铵,Tetraiodide diammonium cadmium,105034-60-4,法规组级：无单一CAS/EC,1,REACH Annex XVII第23项限制对象；Cadmium and its compounds。具体限制条件见法规条款：Regulation。,Regulation,,https://eur-lex.europa.eu/legal-content/EN/TXT/?uri=uriserv:OJ.L_.2016.040.01.0005.01.ENG&toc=OJ:L:2016:040:TOC,100.300.080,100.239.172,CAS/EC与ECHA英文名逐条核对,已核对
690,23,三氯合镉酸钾,Cadmium trichloride monopotassium,14429-85-7,法规组级：无单一CAS/EC,1,REACH Annex XVII第23项限制对象；Cadmium and its compounds。具体限制条件见法规条款：Regulation。,Regulation,,https://eur-lex.europa.eu/legal-content/EN/TXT/?uri=uriserv:OJ.L_.2016.040.01.0005.01.ENG&toc=OJ:L:2016:040:TOC,100.300.082,100.239.172,CAS/EC与ECHA英文名逐条核对,已核对
691,23,六氯合镉酸钾,Cadmium potassium hexachloride,15276-40-1,法规组级：无单一CAS/EC,1,REACH Annex XVII第23项限制对象；Cadmium and its compounds。具体限制条件见法规条款：Regulation。,Regulation,,https://eur-lex.europa.eu/legal-content/EN/TXT/?uri=uriserv:OJ.L_.2016.040.01.0005.01.ENG&toc=OJ:L:2016:040:TOC,100.300.083,100.239.172,CAS/EC与ECHA英文名逐条核对,已核对
692,23,溴化镉铷,Cadmium bromide rubidium,16593-57-0,法规组级：无单一CAS/EC,1,REACH Annex XVII第23项限制对象；Cadmium and its compounds。具体限制条件见法规条款：Regulation。,Regulation,,https://eur-lex.europa.eu/legal-content/EN/TXT/?uri=uriserv:OJ.L_.2016.040.01.0005.01.ENG&toc=OJ:L:2016:040:TOC,100.300.084,100.239.172,CAS/EC与ECHA英文名逐条核对,已核对
693,23,氯化镉铷,Cadmium chloride rubidium,18532-58-6,法规组级：无单一CAS/EC,1,REACH Annex XVII第23项限制对象；Cadmium and its compounds。具体限制条件见法规条款：Regulation。,Regulation,,https://eur-lex.europa.eu/legal-content/EN/TXT/?uri=uriserv:OJ.L_.2016.040.01.0005.01.ENG&toc=OJ:L:2016:040:TOC,100.300.085,100.239.172,CAS/EC与ECHA英文名逐条核对,已核对
694,23,四氯合镉酸钠,Cadmium sodium tetrachloride,21360-94-1,法规组级：无单一CAS/EC,1,REACH Annex XVII第23项限制对象；Cadmium and its compounds。具体限制条件见法规条款：Regulation。,Regulation,,https://eur-lex.europa.eu/legal-content/EN/TXT/?uri=uriserv:OJ.L_.2016.040.01.0005.01.ENG&toc=OJ:L:2016:040:TOC,100.300.086,100.239.172,CAS/EC与ECHA英文名逐条核对,已核对
695,23,硫酸铯镉,Cesium sulfate cadmium,28041-77-2,法规组级：无单一CAS/EC,1,REACH Annex XVII第23项限制对象；Cadmium and its compounds。具体限制条件见法规条款：Regulation。,Regulation,,https://eur-lex.europa.eu/legal-content/EN/TXT/?uri=uriserv:OJ.L_.2016.040.01.0005.01.ENG&toc=OJ:L:2016:040:TOC,100.300.087,100.239.172,CAS/EC与ECHA英文名逐条核对,已核对
696,23,氯化镉钾水合物,Cadmium chloride potassium hydrate,28302-54-7,法规组级：无单一CAS/EC,1,REACH Annex XVII第23项限制对象；Cadmium and its compounds。具体限制条件见法规条款：Regulation。,Regulation,,https://eur-lex.europa.eu/legal-content/EN/TXT/?uri=uriserv:OJ.L_.2016.040.01.0005.01.ENG&toc=OJ:L:2016:040:TOC,100.300.088,100.239.172,CAS/EC与ECHA英文名逐条核对,已核对
697,23,硫酸钾镉六水合物,Potassium sulfate cadmium hexahydrate,30623-04-2,法规组级：无单一CAS/EC,1,REACH Annex XVII第23项限制对象；Cadmium and its compounds。具体限制条件见法规条款：Regulation。,Regulation,,https://eur-lex.europa.eu/legal-content/EN/TXT/?uri=uriserv:OJ.L_.2016.040.01.0005.01.ENG&toc=OJ:L:2016:040:TOC,100.300.089,100.239.172,CAS/EC与ECHA英文名逐条核对,已核对
698,23,三氯合镉酸钠,Cadmium trichloride 1 sodium,55425-74-6,法规组级：无单一CAS/EC,1,REACH Annex XVII第23项限制对象；Cadmium and its compounds。具体限制条件见法规条款：Regulation。,Regulation,,https://eur-lex.europa.eu/legal-content/EN/TXT/?uri=uriserv:OJ.L_.2016.040.01.0005.01.ENG&toc=OJ:L:2016:040:TOC,100.300.091,100.239.172,CAS/EC与ECHA英文名逐条核对,已核对
699,23,硫酸镉钠,Cadmium sulfate sodium,28038-18-8,法规组级：无单一CAS/EC,1,REACH Annex XVII第23项限制对象；Cadmium and its compounds。具体限制条件见法规条款：Regulation。,Regulation,,https://eur-lex.europa.eu/legal-content/EN/TXT/?uri=uriserv:OJ.L_.2016.040.01.0005.01.ENG&toc=OJ:L:2016:040:TOC,100.300.092,100.239.172,CAS/EC与ECHA英文名逐条核对,已核对
700,23,硫酸钾镉,Potassium sulfate cadmium,28038-25-7,法规组级：无单一CAS/EC,1,REACH Annex XVII第23项限制对象；Cadmium and its compounds。具体限制条件见法规条款：Regulation。,Regulation,,https://eur-lex.europa.eu/legal-content/EN/TXT/?uri=uriserv:OJ.L_.2016.040.01.0005.01.ENG&toc=OJ:L:2016:040:TOC,100.300.093,100.239.172,CAS/EC与ECHA英文名逐条核对,已核对
701,23,三碘合镉酸铵,Monoammonium cadmium triiodide,32593-99-0,法规组级：无单一CAS/EC,1,REACH Annex XVII第23项限制对象；Cadmium and its compounds。具体限制条件见法规条款：Regulation。,Regulation,,https://eur-lex.europa.eu/legal-content/EN/TXT/?uri=uriserv:OJ.L_.2016.040.01.0005.01.ENG&toc=OJ:L:2016:040:TOC,100.300.094,100.239.172,CAS/EC与ECHA英文名逐条核对,已核对
702,23,硫酸铯镉六水合物,Cadmium sulfate caesium hexahydrate,34345-39-6,法规组级：无单一CAS/EC,1,REACH Annex XVII第23项限制对象；Cadmium and its compounds。具体限制条件见法规条款：Regulation。,Regulation,,https://eur-lex.europa.eu/legal-content/EN/TXT/?uri=uriserv:OJ.L_.2016.040.01.0005.01.ENG&toc=OJ:L:2016:040:TOC,100.300.095,100.239.172,CAS/EC与ECHA英文名逐条核对,已核对
703,23,硫酸钾镉二水合物,Potassium sulfate cadmium dihydrate,38386-25-3,法规组级：无单一CAS/EC,1,REACH Annex XVII第23项限制对象；Cadmium and its compounds。具体限制条件见法规条款：Regulation。,Regulation,,https://eur-lex.europa.eu/legal-content/EN/TXT/?uri=uriserv:OJ.L_.2016.040.01.0005.01.ENG&toc=OJ:L:2016:040:TOC,100.300.096,100.239.172,CAS/EC与ECHA英文名逐条核对,已核对
704,23,氯化镉镁十二水合物,Cadmium chloride magnesium dodecahydrate,77289-75-9,法规组级：无单一CAS/EC,1,REACH Annex XVII第23项限制对象；Cadmium and its compounds。具体限制条件见法规条款：Regulation。,Regulation,,https://eur-lex.europa.eu/legal-content/EN/TXT/?uri=uriserv:OJ.L_.2016.040.01.0005.01.ENG&toc=OJ:L:2016:040:TOC,100.300.097,100.239.172,CAS/EC与ECHA英文名逐条核对,已核对
705,23,碲化镉锌,cadmium zinc telluride,303114-50-3,法规组级：无单一CAS/EC,1,REACH Annex XVII第23项限制对象；Cadmium and its compounds。具体限制条件见法规条款：Regulation。,Regulation,,https://eur-lex.europa.eu/legal-content/EN/TXT/?uri=uriserv:OJ.L_.2016.040.01.0005.01.ENG&toc=OJ:L:2016:040:TOC,100.312.570,100.239.172,CAS/EC与ECHA英文名逐条核对,已核对
31,24,单甲基四氯二苯基甲烷,Monomethyl — tetrachlorodiphenyl methane Trade name: Ugilec 141,76253-60-6,法规数据库未提供EC号,0,REACH Annex XVII第24项限制对象；Monomethyl — tetrachlorodiphenyl methane Trade name: Ugilec 141。具体限制条件见法规条款：Regulation。,Regulation,,https://eur-lex.europa.eu/legal-content/EN/TXT/?uri=uriserv:OJ.L_.2009.164.01.0007.01.ENG&toc=OJ:L:2009:164:TOC,100.071.256,100.071.256,共享核验表 + ECHA官方限制清单,已核对
53,25,单甲基二氯二苯基甲烷,"Monomethyl-dichloro-diphenyl methane Trade name: Ugilec 121, Ugilec 21",法规组级：无单一CAS/EC,法规组级：无单一CAS/EC,0,"REACH Annex XVII第25项限制对象；Monomethyl-dichloro-diphenyl methane Trade name: Ugilec 121, Ugilec 21。具体限制条件见法规条款：Regulation。",Regulation,,https://eur-lex.europa.eu/legal-content/EN/TXT/?uri=uriserv:OJ.L_.2009.164.01.0007.01.ENG&toc=OJ:L:2009:164:TOC,100.239.195,100.239.195,共享核验表 + ECHA官方限制清单,已核对
33,26,单甲基二溴二苯基甲烷/溴苄基溴甲苯异构体混合物,"Monomethyl-dibromo-diphenyl methane bromobenzylbromotoluene, mixture of isomers",99688-47-8,402-210-1,0,DBBT,Regulation,,https://eur-lex.europa.eu/legal-content/EN/TXT/?uri=uriserv:OJ.L_.2009.164.01.0007.01.ENG&toc=OJ:L:2009:164:TOC,100.100.405,100.100.405,共享核验表 + ECHA官方限制清单,已核对
54,27,镍及其化合物,Nickel and its compounds,法规组级：无单一CAS/EC,法规组级：无单一CAS/EC,0,REACH Annex XVII第27项限制对象；Nickel and its compounds。具体限制条件见法规条款：Regulation。,Regulation,,https://eur-lex.europa.eu/legal-content/EN/TXT/?uri=uriserv:OJ.L_.2009.164.01.0007.01.ENG&toc=OJ:L:2009:164:TOC,100.239.198,100.239.198,共享核验表 + ECHA官方限制清单,已核对
1257,27,乙酸镍,Nickel di(acetate),373-02-4,206-761-7,1,REACH Annex XVII第27项限制对象；Nickel and its compounds。具体限制条件见法规条款：Regulation。,Regulation,,https://eur-lex.europa.eu/legal-content/EN/TXT/?uri=uriserv:OJ.L_.2009.164.01.0007.01.ENG&toc=OJ:L:2009:164:TOC,100.006.147,100.239.198,CAS/EC与ECHA英文名逐条核对,已核对
1258,27,草酸镍,Nickel oxalate,547-67-1,208-933-7,1,REACH Annex XVII第27项限制对象；Nickel and its compounds。具体限制条件见法规条款：Regulation。,Regulation,,https://eur-lex.europa.eu/legal-content/EN/TXT/?uri=uriserv:OJ.L_.2009.164.01.0007.01.ENG&toc=OJ:L:2009:164:TOC,100.008.122,100.239.198,CAS/EC与ECHA英文名逐条核对,已核对
1259,27,苯甲酸镍,Nickel dibenzoate,553-71-9,209-046-8,1,REACH Annex XVII第27项限制对象；Nickel and its compounds。具体限制条件见法规条款：Regulation。,Regulation,,https://eur-lex.europa.eu/legal-content/EN/TXT/?uri=uriserv:OJ.L_.2009.164.01.0007.01.ENG&toc=OJ:L:2009:164:TOC,100.008.225,100.239.198,CAS/EC与ECHA英文名逐条核对,已核对
1260,27,氰化镍,Nickel dicyanide,557-19-7,209-160-8,1,REACH Annex XVII第27项限制对象；Nickel and its compounds。具体限制条件见法规条款：Regulation。,Regulation,,https://eur-lex.europa.eu/legal-content/EN/TXT/?uri=uriserv:OJ.L_.2009.164.01.0007.01.ENG&toc=OJ:L:2009:164:TOC,100.008.329,100.239.198,CAS/EC与ECHA英文名逐条核对,已核对
1261,27,二茂镍,"Bis(η5-2,4-cyclopentadien-1-yl)nickel",1271-28-9,215-039-0,1,REACH Annex XVII第27项限制对象；Nickel and its compounds。具体限制条件见法规条款：Regulation。,Regulation,,https://eur-lex.europa.eu/legal-content/EN/TXT/?uri=uriserv:OJ.L_.2009.164.01.0007.01.ENG&toc=OJ:L:2009:164:TOC,100.013.672,100.239.198,CAS/EC与ECHA英文名逐条核对,已核对
1262,27,"双(1,5-环辛二烯)镍","Bis(1,5-cyclooctadiene)nickel",1295-35-8,215-072-0,1,REACH Annex XVII第27项限制对象；Nickel and its compounds。具体限制条件见法规条款：Regulation。,Regulation,,https://eur-lex.europa.eu/legal-content/EN/TXT/?uri=uriserv:OJ.L_.2009.164.01.0007.01.ENG&toc=OJ:L:2009:164:TOC,100.013.702,100.239.198,CAS/EC与ECHA英文名逐条核对,已核对
1263,27,一氧化镍,Nickel monoxide,1313-99-1,215-215-7,1,REACH Annex XVII第27项限制对象；Nickel and its compounds。具体限制条件见法规条款：Regulation。,Regulation,,https://eur-lex.europa.eu/legal-content/EN/TXT/?uri=uriserv:OJ.L_.2009.164.01.0007.01.ENG&toc=OJ:L:2009:164:TOC,100.013.833,100.239.198,CAS/EC与ECHA英文名逐条核对,已核对
1264,27,硒化镍,Nickel selenide,1314-05-2,215-216-2,1,REACH Annex XVII第27项限制对象；Nickel and its compounds。具体限制条件见法规条款：Regulation。,Regulation,,https://eur-lex.europa.eu/legal-content/EN/TXT/?uri=uriserv:OJ.L_.2009.164.01.0007.01.ENG&toc=OJ:L:2009:164:TOC,100.013.834,100.239.198,CAS/EC与ECHA英文名逐条核对,已核对
1265,27,三氧化二镍,Dinickel trioxide,1314-06-3,215-217-8,1,REACH Annex XVII第27项限制对象；Nickel and its compounds。具体限制条件见法规条款：Regulation。,Regulation,,https://eur-lex.europa.eu/legal-content/EN/TXT/?uri=uriserv:OJ.L_.2009.164.01.0007.01.ENG&toc=OJ:L:2009:164:TOC,100.013.835,100.239.198,CAS/EC与ECHA英文名逐条核对,已核对
1266,27,硬脂酸镍(II),Nickel(2+) stearate,2223-95-2,218-744-1,1,REACH Annex XVII第27项限制对象；Nickel and its compounds。具体限制条件见法规条款：Regulation。,Regulation,,https://eur-lex.europa.eu/legal-content/EN/TXT/?uri=uriserv:OJ.L_.2009.164.01.0007.01.ENG&toc=OJ:L:2009:164:TOC,100.017.041,100.239.198,CAS/EC与ECHA英文名逐条核对,已核对
1267,27,"双(2,4-戊二酮合)镍","Bis(pentane-2,4-dionato-O,O')nickel",3264-82-2,221-875-7,1,REACH Annex XVII第27项限制对象；Nickel and its compounds。具体限制条件见法规条款：Regulation。,Regulation,,https://eur-lex.europa.eu/legal-content/EN/TXT/?uri=uriserv:OJ.L_.2009.164.01.0007.01.ENG&toc=OJ:L:2009:164:TOC,100.019.887,100.239.198,CAS/EC与ECHA英文名逐条核对,已核对
1268,27,碳酸镍,Nickel carbonate,3333-67-3,222-068-2,1,REACH Annex XVII第27项限制对象；Nickel and its compounds。具体限制条件见法规条款：Regulation。,Regulation,,https://eur-lex.europa.eu/legal-content/EN/TXT/?uri=uriserv:OJ.L_.2009.164.01.0007.01.ENG&toc=OJ:L:2009:164:TOC,100.020.063,100.239.198,CAS/EC与ECHA英文名逐条核对,已核对
1269,27,甲酸镍,Nickel diformate,3349-06-2,222-101-0,1,REACH Annex XVII第27项限制对象；Nickel and its compounds。具体限制条件见法规条款：Regulation。,Regulation,,https://eur-lex.europa.eu/legal-content/EN/TXT/?uri=uriserv:OJ.L_.2009.164.01.0007.01.ENG&toc=OJ:L:2009:164:TOC,100.020.093,100.239.198,CAS/EC与ECHA英文名逐条核对,已核对
1270,27,丙酸镍(II),Nickel(2+) propionate,3349-08-4,222-102-6,1,REACH Annex XVII第27项限制对象；Nickel and its compounds。具体限制条件见法规条款：Regulation。,Regulation,,https://eur-lex.europa.eu/legal-content/EN/TXT/?uri=uriserv:OJ.L_.2009.164.01.0007.01.ENG&toc=OJ:L:2009:164:TOC,100.020.094,100.239.198,CAS/EC与ECHA英文名逐条核对,已核对
1271,27,双(4-环己基丁酸)镍,Nickel bis(4-cyclohexylbutyrate),3906-55-6,223-463-2,1,REACH Annex XVII第27项限制对象；Nickel and its compounds。具体限制条件见法规条款：Regulation。,Regulation,,https://eur-lex.europa.eu/legal-content/EN/TXT/?uri=uriserv:OJ.L_.2009.164.01.0007.01.ENG&toc=OJ:L:2009:164:TOC,100.021.331,100.239.198,CAS/EC与ECHA英文名逐条核对,已核对
1272,27,双(2-乙基己酸)镍,Nickel bis(2-ethylhexanoate),4454-16-4,224-699-9,1,REACH Annex XVII第27项限制对象；Nickel and its compounds。具体限制条件见法规条款：Regulation。,Regulation,,https://eur-lex.europa.eu/legal-content/EN/TXT/?uri=uriserv:OJ.L_.2009.164.01.0007.01.ENG&toc=OJ:L:2009:164:TOC,100.022.455,100.239.198,CAS/EC与ECHA英文名逐条核对,已核对
1273,27,辛酸镍(II),Nickel(2+) octanoate,4995-91-9,225-656-7,1,REACH Annex XVII第27项限制对象；Nickel and its compounds。具体限制条件见法规条款：Regulation。,Regulation,,https://eur-lex.europa.eu/legal-content/EN/TXT/?uri=uriserv:OJ.L_.2009.164.01.0007.01.ENG&toc=OJ:L:2009:164:TOC,100.023.324,100.239.198,CAS/EC与ECHA英文名逐条核对,已核对
1274,27,柠檬酸三镍,Trinickel dicitrate,6018-92-4,227-873-2,1,REACH Annex XVII第27项限制对象；Nickel and its compounds。具体限制条件见法规条款：Regulation。,Regulation,,https://eur-lex.europa.eu/legal-content/EN/TXT/?uri=uriserv:OJ.L_.2009.164.01.0007.01.ENG&toc=OJ:L:2009:164:TOC,100.025.339,100.239.198,CAS/EC与ECHA英文名逐条核对,已核对
1275,27,富马酸镍(II),Nickel(II) fumarate,6283-67-6,228-501-1,1,REACH Annex XVII第27项限制对象；Nickel and its compounds。具体限制条件见法规条款：Regulation。,Regulation,,https://eur-lex.europa.eu/legal-content/EN/TXT/?uri=uriserv:OJ.L_.2009.164.01.0007.01.ENG&toc=OJ:L:2009:164:TOC,100.025.911,100.239.198,CAS/EC与ECHA英文名逐条核对,已核对
1276,27,镍,Nickel,7440-02-0,231-111-4,1,REACH Annex XVII第27项限制对象；Nickel and its compounds。具体限制条件见法规条款：Regulation。,Regulation,,https://eur-lex.europa.eu/legal-content/EN/TXT/?uri=uriserv:OJ.L_.2009.164.01.0007.01.ENG&toc=OJ:L:2009:164:TOC,100.028.283,100.239.198,ECHA法规条目与条目组级核对,已核对
1277,27,2-乙基己酸镍,"2-ethylhexanoic acid, nickel salt",7580-31-6,231-480-1,1,REACH Annex XVII第27项限制对象；Nickel and its compounds。具体限制条件见法规条款：Regulation。,Regulation,,https://eur-lex.europa.eu/legal-content/EN/TXT/?uri=uriserv:OJ.L_.2009.164.01.0007.01.ENG&toc=OJ:L:2009:164:TOC,100.028.619,100.239.198,CAS/EC与ECHA英文名逐条核对,已核对
1278,27,二氯化镍,Nickel dichloride,7718-54-9,231-743-0,1,REACH Annex XVII第27项限制对象；Nickel and its compounds。具体限制条件见法规条款：Regulation。,Regulation,,https://eur-lex.europa.eu/legal-content/EN/TXT/?uri=uriserv:OJ.L_.2009.164.01.0007.01.ENG&toc=OJ:L:2009:164:TOC,100.028.858,100.239.198,CAS/EC与ECHA英文名逐条核对,已核对
1279,27,亚硫酸镍(II),Nickel(2+) sulphite,7757-95-1,231-827-7,1,REACH Annex XVII第27项限制对象；Nickel and its compounds。具体限制条件见法规条款：Regulation。,Regulation,,https://eur-lex.europa.eu/legal-content/EN/TXT/?uri=uriserv:OJ.L_.2009.164.01.0007.01.ENG&toc=OJ:L:2009:164:TOC,100.028.934,100.239.198,CAS/EC与ECHA英文名逐条核对,已核对
1280,27,硫酸镍,Nickel sulphate,7786-81-4,232-104-9,1,REACH Annex XVII第27项限制对象；Nickel and its compounds。具体限制条件见法规条款：Regulation。,Regulation,,https://eur-lex.europa.eu/legal-content/EN/TXT/?uri=uriserv:OJ.L_.2009.164.01.0007.01.ENG&toc=OJ:L:2009:164:TOC,100.029.186,100.239.198,CAS/EC与ECHA英文名逐条核对,已核对
1281,27,锑镍钛氧化物黄,Antimony nickel titanium oxide yellow,8007-18-9,232-353-3,1,"This substance is identified in the Colour Index by Colour Index Constitution Number, C.I. 77788.",Regulation,,https://eur-lex.europa.eu/legal-content/EN/TXT/?uri=uriserv:OJ.L_.2009.164.01.0007.01.ENG&toc=OJ:L:2009:164:TOC,100.029.410,100.239.198,CAS/EC与ECHA英文名逐条核对,已核对
1282,27,二氟化镍,Nickel difluoride,10028-18-9,233-071-3,1,REACH Annex XVII第27项限制对象；Nickel and its compounds。具体限制条件见法规条款：Regulation。,Regulation,,https://eur-lex.europa.eu/legal-content/EN/TXT/?uri=uriserv:OJ.L_.2009.164.01.0007.01.ENG&toc=OJ:L:2009:164:TOC,100.030.053,100.239.198,CAS/EC与ECHA英文名逐条核对,已核对
1283,27,亚硒酸镍(II),Nickel(2+) selenite,10101-96-9,233-263-7,1,REACH Annex XVII第27项限制对象；Nickel and its compounds。具体限制条件见法规条款：Regulation。,Regulation,,https://eur-lex.europa.eu/legal-content/EN/TXT/?uri=uriserv:OJ.L_.2009.164.01.0007.01.ENG&toc=OJ:L:2009:164:TOC,100.030.226,100.239.198,CAS/EC与ECHA英文名逐条核对,已核对
1284,27,磷酸镍,Trinickel bis(orthophosphate),10381-36-9,233-844-5,1,REACH Annex XVII第27项限制对象；Nickel and its compounds。具体限制条件见法规条款：Regulation。,Regulation,,https://eur-lex.europa.eu/legal-content/EN/TXT/?uri=uriserv:OJ.L_.2009.164.01.0007.01.ENG&toc=OJ:L:2009:164:TOC,100.030.755,100.239.198,CAS/EC与ECHA英文名逐条核对,已核对
1285,27,铝镍化合物（1:1）,"Aluminium, compound with nickel (1:1)",12003-78-0,234-439-6,1,REACH Annex XVII第27项限制对象；Nickel and its compounds。具体限制条件见法规条款：Regulation。,Regulation,,https://eur-lex.europa.eu/legal-content/EN/TXT/?uri=uriserv:OJ.L_.2009.164.01.0007.01.ENG&toc=OJ:L:2009:164:TOC,100.031.295,100.239.198,CAS/EC与ECHA英文名逐条核对,已核对
1286,27,四氧化二铝镍,Dialuminium nickel tetraoxide,12004-35-2,234-454-8,1,REACH Annex XVII第27项限制对象；Nickel and its compounds。具体限制条件见法规条款：Regulation。,Regulation,,https://eur-lex.europa.eu/legal-content/EN/TXT/?uri=uriserv:OJ.L_.2009.164.01.0007.01.ENG&toc=OJ:L:2009:164:TOC,100.031.309,100.239.198,CAS/EC与ECHA英文名逐条核对,已核对
1287,27,硼化镍,Nickel boride,12007-00-0,234-493-0,1,REACH Annex XVII第27项限制对象；Nickel and its compounds。具体限制条件见法规条款：Regulation。,Regulation,,https://eur-lex.europa.eu/legal-content/EN/TXT/?uri=uriserv:OJ.L_.2009.164.01.0007.01.ENG&toc=OJ:L:2009:164:TOC,100.031.344,100.239.198,CAS/EC与ECHA英文名逐条核对,已核对
1288,27,硼化二镍,Dinickel boride,12007-01-1,234-494-6,1,REACH Annex XVII第27项限制对象；Nickel and its compounds。具体限制条件见法规条款：Regulation。,Regulation,,https://eur-lex.europa.eu/legal-content/EN/TXT/?uri=uriserv:OJ.L_.2009.164.01.0007.01.ENG&toc=OJ:L:2009:164:TOC,100.031.345,100.239.198,CAS/EC与ECHA英文名逐条核对,已核对
1289,27,硼化三镍,Trinickel boride,12007-02-2,234-495-1,1,REACH Annex XVII第27项限制对象；Nickel and its compounds。具体限制条件见法规条款：Regulation。,Regulation,,https://eur-lex.europa.eu/legal-content/EN/TXT/?uri=uriserv:OJ.L_.2009.164.01.0007.01.ENG&toc=OJ:L:2009:164:TOC,100.031.346,100.239.198,CAS/EC与ECHA英文名逐条核对,已核对
1290,27,四氧化二铬镍,Dichromium nickel tetraoxide,12018-18-7,234-636-7,1,REACH Annex XVII第27项限制对象；Nickel and its compounds。具体限制条件见法规条款：Regulation。,Regulation,,https://eur-lex.europa.eu/legal-content/EN/TXT/?uri=uriserv:OJ.L_.2009.164.01.0007.01.ENG&toc=OJ:L:2009:164:TOC,100.031.475,100.239.198,CAS/EC与ECHA英文名逐条核对,已核对
1291,27,镍铌化合物（1:1）,"Nickel, compound with niobium (1:1)",12034-55-8,234-807-6,1,REACH Annex XVII第27项限制对象；Nickel and its compounds。具体限制条件见法规条款：Regulation。,Regulation,,https://eur-lex.europa.eu/legal-content/EN/TXT/?uri=uriserv:OJ.L_.2009.164.01.0007.01.ENG&toc=OJ:L:2009:164:TOC,100.031.630,100.239.198,CAS/EC与ECHA英文名逐条核对,已核对
1292,27,二氧化镍,Nickel dioxide,12035-36-8,234-823-3,1,REACH Annex XVII第27项限制对象；Nickel and its compounds。具体限制条件见法规条款：Regulation。,Regulation,,https://eur-lex.europa.eu/legal-content/EN/TXT/?uri=uriserv:OJ.L_.2009.164.01.0007.01.ENG&toc=OJ:L:2009:164:TOC,100.031.645,100.239.198,CAS/EC与ECHA英文名逐条核对,已核对
1293,27,三氧化锡镍,Nickel tin trioxide,12035-38-0,234-824-9,1,REACH Annex XVII第27项限制对象；Nickel and its compounds。具体限制条件见法规条款：Regulation。,Regulation,,https://eur-lex.europa.eu/legal-content/EN/TXT/?uri=uriserv:OJ.L_.2009.164.01.0007.01.ENG&toc=OJ:L:2009:164:TOC,100.031.646,100.239.198,CAS/EC与ECHA英文名逐条核对,已核对
1294,27,钛酸镍,Nickel titanium trioxide,12035-39-1,234-825-4,1,REACH Annex XVII第27项限制对象；Nickel and its compounds。具体限制条件见法规条款：Regulation。,Regulation,,https://eur-lex.europa.eu/legal-content/EN/TXT/?uri=uriserv:OJ.L_.2009.164.01.0007.01.ENG&toc=OJ:L:2009:164:TOC,100.031.647,100.239.198,CAS/EC与ECHA英文名逐条核对,已核对
1295,27,锑镍化合物（1:1）,"Antimony, compound with nickel (1:1)",12035-52-8,234-827-5,1,REACH Annex XVII第27项限制对象；Nickel and its compounds。具体限制条件见法规条款：Regulation。,Regulation,,https://eur-lex.europa.eu/legal-content/EN/TXT/?uri=uriserv:OJ.L_.2009.164.01.0007.01.ENG&toc=OJ:L:2009:164:TOC,100.031.648,100.239.198,CAS/EC与ECHA英文名逐条核对,已核对
1296,27,磷化二镍,Dinickel phosphide,12035-64-2,234-828-0,1,REACH Annex XVII第27项限制对象；Nickel and its compounds。具体限制条件见法规条款：Regulation。,Regulation,,https://eur-lex.europa.eu/legal-content/EN/TXT/?uri=uriserv:OJ.L_.2009.164.01.0007.01.ENG&toc=OJ:L:2009:164:TOC,100.031.649,100.239.198,CAS/EC与ECHA英文名逐条核对,已核对
1297,27,二硫化三镍,Trinickel disulphide,12035-72-2,234-829-6,1,REACH Annex XVII第27项限制对象；Nickel and its compounds。具体限制条件见法规条款：Regulation。,Regulation,,https://eur-lex.europa.eu/legal-content/EN/TXT/?uri=uriserv:OJ.L_.2009.164.01.0007.01.ENG&toc=OJ:L:2009:164:TOC,100.031.650,100.239.198,CAS/EC与ECHA英文名逐条核对,已核对
1298,27,氢氧化镍,Nickel dihydroxide,12054-48-7,235-008-5,1,REACH Annex XVII第27项限制对象；Nickel and its compounds。具体限制条件见法规条款：Regulation。,Regulation,,https://eur-lex.europa.eu/legal-content/EN/TXT/?uri=uriserv:OJ.L_.2009.164.01.0007.01.ENG&toc=OJ:L:2009:164:TOC,100.031.813,100.239.198,CAS/EC与ECHA英文名逐条核对,已核对
1299,27,硅化二镍,Dinickel silicide,12059-14-2,235-033-1,1,REACH Annex XVII第27项限制对象；Nickel and its compounds。具体限制条件见法规条款：Regulation。,Regulation,,https://eur-lex.europa.eu/legal-content/EN/TXT/?uri=uriserv:OJ.L_.2009.164.01.0007.01.ENG&toc=OJ:L:2009:164:TOC,100.031.836,100.239.198,CAS/EC与ECHA英文名逐条核对,已核对
1300,27,镍锡化合物（3:1）,"Nickel, compound with tin (3:1)",12059-23-3,235-034-7,1,REACH Annex XVII第27项限制对象；Nickel and its compounds。具体限制条件见法规条款：Regulation。,Regulation,,https://eur-lex.europa.eu/legal-content/EN/TXT/?uri=uriserv:OJ.L_.2009.164.01.0007.01.ENG&toc=OJ:L:2009:164:TOC,100.031.837,100.239.198,CAS/EC与ECHA英文名逐条核对,已核对
1301,27,二砷化镍,Nickel diarsenide,12068-61-0,235-103-1,1,REACH Annex XVII第27项限制对象；Nickel and its compounds。具体限制条件见法规条款：Regulation。,Regulation,,https://eur-lex.europa.eu/legal-content/EN/TXT/?uri=uriserv:OJ.L_.2009.164.01.0007.01.ENG&toc=OJ:L:2009:164:TOC,100.031.900,100.239.198,CAS/EC与ECHA英文名逐条核对,已核对
1302,27,碲化镍,Nickel telluride,12142-88-0,235-260-6,1,REACH Annex XVII第27项限制对象；Nickel and its compounds。具体限制条件见法规条款：Regulation。,Regulation,,https://eur-lex.europa.eu/legal-content/EN/TXT/?uri=uriserv:OJ.L_.2009.164.01.0007.01.ENG&toc=OJ:L:2009:164:TOC,100.032.042,100.239.198,CAS/EC与ECHA英文名逐条核对,已核对
1303,27,镍锆化合物（1:2）,"Nickel, compound with zirconium (1:2)",12142-92-6,235-261-1,1,REACH Annex XVII第27项限制对象；Nickel and its compounds。具体限制条件见法规条款：Regulation。,Regulation,,https://eur-lex.europa.eu/legal-content/EN/TXT/?uri=uriserv:OJ.L_.2009.164.01.0007.01.ENG&toc=OJ:L:2009:164:TOC,100.032.043,100.239.198,CAS/EC与ECHA英文名逐条核对,已核对
1304,27,四氧化二铁镍,Diiron nickel tetraoxide,12168-54-6,235-335-3,1,REACH Annex XVII第27项限制对象；Nickel and its compounds。具体限制条件见法规条款：Regulation。,Regulation,,https://eur-lex.europa.eu/legal-content/EN/TXT/?uri=uriserv:OJ.L_.2009.164.01.0007.01.ENG&toc=OJ:L:2009:164:TOC,100.032.111,100.239.198,CAS/EC与ECHA英文名逐条核对,已核对
1305,27,二-μ-羰基双(η5-环戊二烯基)二镍,"Di-μ-carbonylbis(η5-2,4-cyclopentadien-1-yl)dinickel",12170-92-2,235-339-5,1,REACH Annex XVII第27项限制对象；Nickel and its compounds。具体限制条件见法规条款：Regulation。,Regulation,,https://eur-lex.europa.eu/legal-content/EN/TXT/?uri=uriserv:OJ.L_.2009.164.01.0007.01.ENG&toc=OJ:L:2009:164:TOC,100.032.114,100.239.198,CAS/EC与ECHA英文名逐条核对,已核对
1306,27,镝镍化合物（1:2）,"Dysprosium, compound with nickel (1:2)",12175-27-8,235-341-6,1,REACH Annex XVII第27项限制对象；Nickel and its compounds。具体限制条件见法规条款：Regulation。,Regulation,,https://eur-lex.europa.eu/legal-content/EN/TXT/?uri=uriserv:OJ.L_.2009.164.01.0007.01.ENG&toc=OJ:L:2009:164:TOC,100.032.116,100.239.198,CAS/EC与ECHA英文名逐条核对,已核对
1307,27,镧镍化合物（1:5）,"Lanthanum, compound with nickel (1:5)",12196-72-4,235-372-5,1,REACH Annex XVII第27项限制对象；Nickel and its compounds。具体限制条件见法规条款：Regulation。,Regulation,,https://eur-lex.europa.eu/legal-content/EN/TXT/?uri=uriserv:OJ.L_.2009.164.01.0007.01.ENG&toc=OJ:L:2009:164:TOC,100.032.144,100.239.198,CAS/EC与ECHA英文名逐条核对,已核对
1308,27,二硅化镍,Nickel disilicide,12201-89-7,235-379-3,1,REACH Annex XVII第27项限制对象；Nickel and its compounds。具体限制条件见法规条款：Regulation。,Regulation,,https://eur-lex.europa.eu/legal-content/EN/TXT/?uri=uriserv:OJ.L_.2009.164.01.0007.01.ENG&toc=OJ:L:2009:164:TOC,100.032.151,100.239.198,CAS/EC与ECHA英文名逐条核对,已核对
1309,27,三镍双[磷钼酸盐],Trinickel bis[tetracosa-μ-oxododecaoxo[μ12-[phosphato(3-)-O:O:O:O':O':O':O'':O'':O'':O''':O''':O''']]dodecamolybdate(3-)],12263-13-7,235-531-9,1,REACH Annex XVII第27项限制对象；Nickel and its compounds。具体限制条件见法规条款：Regulation。,Regulation,,https://eur-lex.europa.eu/legal-content/EN/TXT/?uri=uriserv:OJ.L_.2009.164.01.0007.01.ENG&toc=OJ:L:2009:164:TOC,100.032.289,100.239.198,CAS/EC与ECHA英文名逐条核对,已核对
1310,27,锑镍化合物（1:3）,"Antimony, compound with nickel (1:3)",12503-49-0,235-676-8,1,REACH Annex XVII第27项限制对象；Nickel and its compounds。具体限制条件见法规条款：Regulation。,Regulation,,https://eur-lex.europa.eu/legal-content/EN/TXT/?uri=uriserv:OJ.L_.2009.164.01.0007.01.ENG&toc=OJ:L:2009:164:TOC,100.032.420,100.239.198,CAS/EC与ECHA英文名逐条核对,已核对
1311,27,三氢羟基双(正硅酸根)三镍酸盐,Trihydrogen hydroxybis[orthosilicato(4-)]trinickelate(3-),12519-85-6,235-688-3,1,REACH Annex XVII第27项限制对象；Nickel and its compounds。具体限制条件见法规条款：Regulation。,Regulation,,https://eur-lex.europa.eu/legal-content/EN/TXT/?uri=uriserv:OJ.L_.2009.164.01.0007.01.ENG&toc=OJ:L:2009:164:TOC,100.032.431,100.239.198,CAS/EC与ECHA英文名逐条核对,已核对
1312,27,碳酸根四羟基三镍,[carbonato(2-)]tetrahydroxytrinickel,12607-70-4,235-715-9,1,REACH Annex XVII第27项限制对象；Nickel and its compounds。具体限制条件见法规条款：Regulation。,Regulation,,https://eur-lex.europa.eu/legal-content/EN/TXT/?uri=uriserv:OJ.L_.2009.164.01.0007.01.ENG&toc=OJ:L:2009:164:TOC,100.032.456,100.239.198,CAS/EC与ECHA英文名逐条核对,已核对
1313,27,镍钛氧化物,Nickel titanium oxide,12653-76-8,235-752-0,1,REACH Annex XVII第27项限制对象；Nickel and its compounds。具体限制条件见法规条款：Regulation。,Regulation,,https://eur-lex.europa.eu/legal-content/EN/TXT/?uri=uriserv:OJ.L_.2009.164.01.0007.01.ENG&toc=OJ:L:2009:164:TOC,100.032.489,100.239.198,CAS/EC与ECHA英文名逐条核对,已核对
1314,27,铋镍化合物（1:1）,"Bismuth, compound with nickel (1:1)",12688-64-1,235-773-5,1,REACH Annex XVII第27项限制对象；Nickel and its compounds。具体限制条件见法规条款：Regulation。,Regulation,,https://eur-lex.europa.eu/legal-content/EN/TXT/?uri=uriserv:OJ.L_.2009.164.01.0007.01.ENG&toc=OJ:L:2009:164:TOC,100.032.508,100.239.198,CAS/EC与ECHA英文名逐条核对,已核对
1315,27,双(1-亚硝基-2-萘酚根)镍,Bis(1-nitroso-2-naphtholato)nickel,12794-26-2,235-829-9,1,REACH Annex XVII第27项限制对象；Nickel and its compounds。具体限制条件见法规条款：Regulation。,Regulation,,https://eur-lex.europa.eu/legal-content/EN/TXT/?uri=uriserv:OJ.L_.2009.164.01.0007.01.ENG&toc=OJ:L:2009:164:TOC,100.032.558,100.239.198,CAS/EC与ECHA英文名逐条核对,已核对
1316,27,油酸镍(II),Nickel(2+) oleate,13001-15-5,235-832-5,1,REACH Annex XVII第27项限制对象；Nickel and its compounds。具体限制条件见法规条款：Regulation。,Regulation,,https://eur-lex.europa.eu/legal-content/EN/TXT/?uri=uriserv:OJ.L_.2009.164.01.0007.01.ENG&toc=OJ:L:2009:164:TOC,100.032.560,100.239.198,CAS/EC与ECHA英文名逐条核对,已核对
1317,27,二羰基双(三苯基膦)镍,Dicarbonylbis(triphenylphosphine)nickel,13007-90-4,235-851-9,1,REACH Annex XVII第27项限制对象；Nickel and its compounds。具体限制条件见法规条款：Regulation。,Regulation,,https://eur-lex.europa.eu/legal-content/EN/TXT/?uri=uriserv:OJ.L_.2009.164.01.0007.01.ENG&toc=OJ:L:2009:164:TOC,100.032.578,100.239.198,CAS/EC与ECHA英文名逐条核对,已核对
1318,27,硝酸镍,Nickel dinitrate,13138-45-9,236-068-5,1,REACH Annex XVII第27项限制对象；Nickel and its compounds。具体限制条件见法规条款：Regulation。,Regulation,,https://eur-lex.europa.eu/legal-content/EN/TXT/?uri=uriserv:OJ.L_.2009.164.01.0007.01.ENG&toc=OJ:L:2009:164:TOC,100.032.774,100.239.198,CAS/EC与ECHA英文名逐条核对,已核对
1319,27,二溴化镍,Nickel dibromide,13462-88-9,236-665-0,1,REACH Annex XVII第27项限制对象；Nickel and its compounds。具体限制条件见法规条款：Regulation。,Regulation,,https://eur-lex.europa.eu/legal-content/EN/TXT/?uri=uriserv:OJ.L_.2009.164.01.0007.01.ENG&toc=OJ:L:2009:164:TOC,100.033.318,100.239.198,CAS/EC与ECHA英文名逐条核对,已核对
1320,27,二碘化镍,Nickel diiodide,13462-90-3,236-666-6,1,REACH Annex XVII第27项限制对象；Nickel and its compounds。具体限制条件见法规条款：Regulation。,Regulation,,https://eur-lex.europa.eu/legal-content/EN/TXT/?uri=uriserv:OJ.L_.2009.164.01.0007.01.ENG&toc=OJ:L:2009:164:TOC,100.033.319,100.239.198,CAS/EC与ECHA英文名逐条核对,已核对
1321,27,四羰基镍,Tetracarbonylnickel,13463-39-3,236-669-2,1,REACH Annex XVII第27项限制对象；Nickel and its compounds。具体限制条件见法规条款：Regulation。,Regulation,,https://eur-lex.europa.eu/legal-content/EN/TXT/?uri=uriserv:OJ.L_.2009.164.01.0007.01.ENG&toc=OJ:L:2009:164:TOC,100.033.322,100.239.198,CAS/EC与ECHA英文名逐条核对,已核对
1322,27,砷酸镍,Trinickel bis(arsenate),13477-70-8,236-771-7,1,REACH Annex XVII第27项限制对象；Nickel and its compounds。具体限制条件见法规条款：Regulation。,Regulation,,https://eur-lex.europa.eu/legal-content/EN/TXT/?uri=uriserv:OJ.L_.2009.164.01.0007.01.ENG&toc=OJ:L:2009:164:TOC,100.033.414,100.239.198,CAS/EC与ECHA英文名逐条核对,已核对
1323,27,双(丁二酮肟)镍,Bis(butanedione dioximato)nickel,13478-93-8,236-782-7,1,REACH Annex XVII第27项限制对象；Nickel and its compounds。具体限制条件见法规条款：Regulation。,Regulation,,https://eur-lex.europa.eu/legal-content/EN/TXT/?uri=uriserv:OJ.L_.2009.164.01.0007.01.ENG&toc=OJ:L:2009:164:TOC,100.033.424,100.239.198,CAS/EC与ECHA英文名逐条核对,已核对
1324,27,高氯酸镍,Nickel diperchlorate,13637-71-3,237-124-1,1,REACH Annex XVII第27项限制对象；Nickel and its compounds。具体限制条件见法规条款：Regulation。,Regulation,,https://eur-lex.europa.eu/legal-content/EN/TXT/?uri=uriserv:OJ.L_.2009.164.01.0007.01.ENG&toc=OJ:L:2009:164:TOC,100.033.735,100.239.198,CAS/EC与ECHA英文名逐条核对,已核对
1325,27,棕榈酸镍(II),Nickel(2+) palmitate,13654-40-5,237-138-8,1,REACH Annex XVII第27项限制对象；Nickel and its compounds。具体限制条件见法规条款：Regulation。,Regulation,,https://eur-lex.europa.eu/legal-content/EN/TXT/?uri=uriserv:OJ.L_.2009.164.01.0007.01.ENG&toc=OJ:L:2009:164:TOC,100.033.748,100.239.198,CAS/EC与ECHA英文名逐条核对,已核对
1326,27,硫氰酸镍,Nickel dithiocyanate,13689-92-4,237-205-1,1,REACH Annex XVII第27项限制对象；Nickel and its compounds。具体限制条件见法规条款：Regulation。,Regulation,,https://eur-lex.europa.eu/legal-content/EN/TXT/?uri=uriserv:OJ.L_.2009.164.01.0007.01.ENG&toc=OJ:L:2009:164:TOC,100.033.808,100.239.198,CAS/EC与ECHA英文名逐条核对,已核对
1327,27,氨基磺酸镍,Nickel bis(sulphamidate),13770-89-3,237-396-1,1,REACH Annex XVII第27项限制对象；Nickel and its compounds。具体限制条件见法规条款：Regulation。,Regulation,,https://eur-lex.europa.eu/legal-content/EN/TXT/?uri=uriserv:OJ.L_.2009.164.01.0007.01.ENG&toc=OJ:L:2009:164:TOC,100.033.982,100.239.198,CAS/EC与ECHA英文名逐条核对,已核对
1328,27,正硅酸二镍,Dinickel orthosilicate,13775-54-7,237-411-1,1,REACH Annex XVII第27项限制对象；Nickel and its compounds。具体限制条件见法规条款：Regulation。,Regulation,,https://eur-lex.europa.eu/legal-content/EN/TXT/?uri=uriserv:OJ.L_.2009.164.01.0007.01.ENG&toc=OJ:L:2009:164:TOC,100.033.996,100.239.198,CAS/EC与ECHA英文名逐条核对,已核对
1329,27,硫酸镍钾,Nickel dipotassium bis(sulphate),13842-46-1,237-563-9,1,REACH Annex XVII第27项限制对象；Nickel and its compounds。具体限制条件见法规条款：Regulation。,Regulation,,https://eur-lex.europa.eu/legal-content/EN/TXT/?uri=uriserv:OJ.L_.2009.164.01.0007.01.ENG&toc=OJ:L:2009:164:TOC,100.034.135,100.239.198,CAS/EC与ECHA英文名逐条核对,已核对
1330,27,四氟合镍酸二钾,Dipotassium tetrafluoronickelate(2-),13859-60-4,237-595-3,1,REACH Annex XVII第27项限制对象；Nickel and its compounds。具体限制条件见法规条款：Regulation。,Regulation,,https://eur-lex.europa.eu/legal-content/EN/TXT/?uri=uriserv:OJ.L_.2009.164.01.0007.01.ENG&toc=OJ:L:2009:164:TOC,100.034.164,100.239.198,CAS/EC与ECHA英文名逐条核对,已核对
1331,27,四(三氟膦)合镍,Tetrakis(trifluorophosphine)nickel,13859-65-9,237-597-4,1,REACH Annex XVII第27项限制对象；Nickel and its compounds。具体限制条件见法规条款：Regulation。,Regulation,,https://eur-lex.europa.eu/legal-content/EN/TXT/?uri=uriserv:OJ.L_.2009.164.01.0007.01.ENG&toc=OJ:L:2009:164:TOC,100.034.166,100.239.198,CAS/EC与ECHA英文名逐条核对,已核对
1332,27,亚氨基二乙酸合镍,"[N-(carboxymethyl)glycinato(2-)-N,O,ON]nickel",13869-33-5,237-618-7,1,REACH Annex XVII第27项限制对象；Nickel and its compounds。具体限制条件见法规条款：Regulation。,Regulation,,https://eur-lex.europa.eu/legal-content/EN/TXT/?uri=uriserv:OJ.L_.2009.164.01.0007.01.ENG&toc=OJ:L:2009:164:TOC,100.034.184,100.239.198,CAS/EC与ECHA英文名逐条核对,已核对
1333,27,六氨合镍(II)双(四氟硼酸盐),Hexaamminenickel(2+) bis[tetrafluoroborate(1-)],13877-20-8,237-638-6,1,REACH Annex XVII第27项限制对象；Nickel and its compounds。具体限制条件见法规条款：Regulation。,Regulation,,https://eur-lex.europa.eu/legal-content/EN/TXT/?uri=uriserv:OJ.L_.2009.164.01.0007.01.ENG&toc=OJ:L:2009:164:TOC,100.034.202,100.239.198,CAS/EC与ECHA英文名逐条核对,已核对
1334,27,双(二丁基二硫代氨基甲酸)镍,Nickel bis(dibutyldithiocarbamate),13927-77-0,237-696-2,1,REACH Annex XVII第27项限制对象；Nickel and its compounds。具体限制条件见法规条款：Regulation。,Regulation,,https://eur-lex.europa.eu/legal-content/EN/TXT/?uri=uriserv:OJ.L_.2009.164.01.0007.01.ENG&toc=OJ:L:2009:164:TOC,100.034.255,100.239.198,CAS/EC与ECHA英文名逐条核对,已核对
1335,27,四氰合镍酸二钠,Disodium tetracyanonickelate(2-),14038-85-8,237-877-6,1,REACH Annex XVII第27项限制对象；Nickel and its compounds。具体限制条件见法规条款：Regulation。,Regulation,,https://eur-lex.europa.eu/legal-content/EN/TXT/?uri=uriserv:OJ.L_.2009.164.01.0007.01.ENG&toc=OJ:L:2009:164:TOC,100.034.420,100.239.198,CAS/EC与ECHA英文名逐条核对,已核对
1336,27,酞菁镍,"[29H,31H-phthalocyaninato(2-)-N29,N30,N31,N32]nickel",14055-02-8,237-893-3,1,REACH Annex XVII第27项限制对象；Nickel and its compounds。具体限制条件见法规条款：Regulation。,Regulation,,https://eur-lex.europa.eu/legal-content/EN/TXT/?uri=uriserv:OJ.L_.2009.164.01.0007.01.ENG&toc=OJ:L:2009:164:TOC,100.034.435,100.239.198,CAS/EC与ECHA英文名逐条核对,已核对
1337,27,双(8-羟基喹啉)镍,"Bis(quinolin-8-olato-N1,O8)nickel",14100-15-3,237-950-2,1,REACH Annex XVII第27项限制对象；Nickel and its compounds。具体限制条件见法规条款：Regulation。,Regulation,,https://eur-lex.europa.eu/legal-content/EN/TXT/?uri=uriserv:OJ.L_.2009.164.01.0007.01.ENG&toc=OJ:L:2009:164:TOC,100.034.486,100.239.198,CAS/EC与ECHA英文名逐条核对,已核对
1338,27,钨酸镍,Nickel tungsten tetraoxide,14177-51-6,238-032-4,1,REACH Annex XVII第27项限制对象；Nickel and its compounds。具体限制条件见法规条款：Regulation。,Regulation,,https://eur-lex.europa.eu/legal-content/EN/TXT/?uri=uriserv:OJ.L_.2009.164.01.0007.01.ENG&toc=OJ:L:2009:164:TOC,100.034.560,100.239.198,CAS/EC与ECHA英文名逐条核对,已核对
1339,27,钼酸镍,Molybdenum nickel tetraoxide,14177-55-0,238-034-5,1,REACH Annex XVII第27项限制对象；Nickel and its compounds。具体限制条件见法规条款：Regulation。,Regulation,,https://eur-lex.europa.eu/legal-content/EN/TXT/?uri=uriserv:OJ.L_.2009.164.01.0007.01.ENG&toc=OJ:L:2009:164:TOC,100.034.561,100.239.198,CAS/EC与ECHA英文名逐条核对,已核对
1340,27,硝酸镍,"Nitric acid, nickel salt",14216-75-2,238-076-4,1,REACH Annex XVII第27项限制对象；Nickel and its compounds。具体限制条件见法规条款：Regulation。,Regulation,,https://eur-lex.europa.eu/legal-content/EN/TXT/?uri=uriserv:OJ.L_.2009.164.01.0007.01.ENG&toc=OJ:L:2009:164:TOC,100.034.600,100.239.198,CAS/EC与ECHA英文名逐条核对,已核对
1341,27,四氰合镍酸二钾,Dipotassium tetracyanoniccolate,14220-17-8,238-082-7,1,REACH Annex XVII第27项限制对象；Nickel and its compounds。具体限制条件见法规条款：Regulation。,Regulation,,https://eur-lex.europa.eu/legal-content/EN/TXT/?uri=uriserv:OJ.L_.2009.164.01.0007.01.ENG&toc=OJ:L:2009:164:TOC,100.034.605,100.239.198,CAS/EC与ECHA英文名逐条核对,已核对
1342,27,二氯双(三苯基膦)镍(II),Bis(triphenylphosphine)nickel(II) chloride,14264-16-5,238-154-8,1,REACH Annex XVII第27项限制对象；Nickel and its compounds。具体限制条件见法规条款：Regulation。,Regulation,,https://eur-lex.europa.eu/legal-content/EN/TXT/?uri=uriserv:OJ.L_.2009.164.01.0007.01.ENG&toc=OJ:L:2009:164:TOC,100.034.670,100.239.198,CAS/EC与ECHA英文名逐条核对,已核对
1343,27,双(二乙基二硫代氨基甲酸)镍,"Bis(diethyldithiocarbamato-S,S')nickel",14267-17-5,238-157-4,1,REACH Annex XVII第27项限制对象；Nickel and its compounds。具体限制条件见法规条款：Regulation。,Regulation,,https://eur-lex.europa.eu/legal-content/EN/TXT/?uri=uriserv:OJ.L_.2009.164.01.0007.01.ENG&toc=OJ:L:2009:164:TOC,100.034.673,100.239.198,CAS/EC与ECHA英文名逐条核对,已核对
1344,27,磷酸氢镍,Nickel hydrogen phosphate,14332-34-4,238-278-2,1,REACH Annex XVII第27项限制对象；Nickel and its compounds。具体限制条件见法规条款：Regulation。,Regulation,,https://eur-lex.europa.eu/legal-content/EN/TXT/?uri=uriserv:OJ.L_.2009.164.01.0007.01.ENG&toc=OJ:L:2009:164:TOC,100.034.783,100.239.198,CAS/EC与ECHA英文名逐条核对,已核对
1345,27,双(1-亚硝基-2-萘酚根)镍,"Bis(1-nitrosonaphthalen-2-olato-N1,O2)nickel",14406-66-7,238-380-7,1,REACH Annex XVII第27项限制对象；Nickel and its compounds。具体限制条件见法规条款：Regulation。,Regulation,,https://eur-lex.europa.eu/legal-content/EN/TXT/?uri=uriserv:OJ.L_.2009.164.01.0007.01.ENG&toc=OJ:L:2009:164:TOC,100.034.876,100.239.198,CAS/EC与ECHA英文名逐条核对,已核对
1346,27,双[双(2-乙基己基)二硫代氨基甲酸]镍,"Bis[bis(2-ethylhexyl)dithiocarbamato-S,S']nickel",14428-08-1,238-400-4,1,REACH Annex XVII第27项限制对象；Nickel and its compounds。具体限制条件见法规条款：Regulation。,Regulation,,https://eur-lex.europa.eu/legal-content/EN/TXT/?uri=uriserv:OJ.L_.2009.164.01.0007.01.ENG&toc=OJ:L:2009:164:TOC,100.034.894,100.239.198,CAS/EC与ECHA英文名逐条核对,已核对
1347,27,焦磷酸二镍,Dinickel diphosphate,14448-18-1,238-426-6,1,REACH Annex XVII第27项限制对象；Nickel and its compounds。具体限制条件见法规条款：Regulation。,Regulation,,https://eur-lex.europa.eu/legal-content/EN/TXT/?uri=uriserv:OJ.L_.2009.164.01.0007.01.ENG&toc=OJ:L:2009:164:TOC,100.034.917,100.239.198,CAS/EC与ECHA英文名逐条核对,已核对
1348,27,次膦酸镍,Nickel bis(phosphinate),14507-36-9,238-511-8,1,REACH Annex XVII第27项限制对象；Nickel and its compounds。具体限制条件见法规条款：Regulation。,Regulation,,https://eur-lex.europa.eu/legal-content/EN/TXT/?uri=uriserv:OJ.L_.2009.164.01.0007.01.ENG&toc=OJ:L:2009:164:TOC,100.034.995,100.239.198,CAS/EC与ECHA英文名逐条核对,已核对
1349,27,"丁胺[2,2'-硫代双[4-(1,1,3,3-四甲基丁基)苯酚根]]合镍","(butylamine)[[2,2'-thiobis[4-(1,1,3,3-tetramethylbutyl)phenolato]](2-)-O,O',S]nickel",14516-71-3,238-523-3,1,REACH Annex XVII第27项限制对象；Nickel and its compounds。具体限制条件见法规条款：Regulation。,Regulation,,https://eur-lex.europa.eu/legal-content/EN/TXT/?uri=uriserv:OJ.L_.2009.164.01.0007.01.ENG&toc=OJ:L:2009:164:TOC,100.035.006,100.239.198,CAS/EC与ECHA英文名逐条核对,已核对
1350,27,"双(6-甲基-2,4-庚二酮合)镍","Bis(6-methylheptane-2,4-dionato-O,O')nickel",14522-99-7,238-536-4,1,REACH Annex XVII第27项限制对象；Nickel and its compounds。具体限制条件见法规条款：Regulation。,Regulation,,https://eur-lex.europa.eu/legal-content/EN/TXT/?uri=uriserv:OJ.L_.2009.164.01.0007.01.ENG&toc=OJ:L:2009:164:TOC,100.035.018,100.239.198,CAS/EC与ECHA英文名逐条核对,已核对
1351,27,溴酸镍,Nickel dibromate,14550-87-9,238-596-1,1,REACH Annex XVII第27项限制对象；Nickel and its compounds。具体限制条件见法规条款：Regulation。,Regulation,,https://eur-lex.europa.eu/legal-content/EN/TXT/?uri=uriserv:OJ.L_.2009.164.01.0007.01.ENG&toc=OJ:L:2009:164:TOC,100.035.072,100.239.198,CAS/EC与ECHA英文名逐条核对,已核对
1352,27,双(四氟硼酸)镍,Nickel bis(tetrafluoroborate),14708-14-6,238-753-4,1,REACH Annex XVII第27项限制对象；Nickel and its compounds。具体限制条件见法规条款：Regulation。,Regulation,,https://eur-lex.europa.eu/legal-content/EN/TXT/?uri=uriserv:OJ.L_.2009.164.01.0007.01.ENG&toc=OJ:L:2009:164:TOC,100.035.216,100.239.198,CAS/EC与ECHA英文名逐条核对,已核对
1353,27,铬酸镍,Nickel chromate,14721-18-7,238-766-5,1,REACH Annex XVII第27项限制对象；Nickel and its compounds。具体限制条件见法规条款：Regulation。,Regulation,,https://eur-lex.europa.eu/legal-content/EN/TXT/?uri=uriserv:OJ.L_.2009.164.01.0007.01.ENG&toc=OJ:L:2009:164:TOC,100.035.227,100.239.198,CAS/EC与ECHA英文名逐条核对,已核对
1354,27,六氰合铁酸二镍,Dinickel hexacyanoferrate,14874-78-3,238-946-3,1,REACH Annex XVII第27项限制对象；Nickel and its compounds。具体限制条件见法规条款：Regulation。,Regulation,,https://eur-lex.europa.eu/legal-content/EN/TXT/?uri=uriserv:OJ.L_.2009.164.01.0007.01.ENG&toc=OJ:L:2009:164:TOC,100.035.391,100.239.198,CAS/EC与ECHA英文名逐条核对,已核对
1355,27,"双(1,1,1,5,5,5-六氟-2,4-戊二酮合)镍","Bis(1,1,1,5,5,5-hexafluoropentane-2,4-dionato-O,O')nickel",14949-69-0,239-028-5,1,REACH Annex XVII第27项限制对象；Nickel and its compounds。具体限制条件见法规条款：Regulation。,Regulation,,https://eur-lex.europa.eu/legal-content/EN/TXT/?uri=uriserv:OJ.L_.2009.164.01.0007.01.ENG&toc=OJ:L:2009:164:TOC,100.035.465,100.239.198,CAS/EC与ECHA英文名逐条核对,已核对
1356,27,乙酸镍,Nickel acetate,14998-37-9,239-086-1,1,REACH Annex XVII第27项限制对象；Nickel and its compounds。具体限制条件见法规条款：Regulation。,Regulation,,https://eur-lex.europa.eu/legal-content/EN/TXT/?uri=uriserv:OJ.L_.2009.164.01.0007.01.ENG&toc=OJ:L:2009:164:TOC,100.035.518,100.239.198,CAS/EC与ECHA英文名逐条核对,已核对
1357,27,硒酸镍,Nickel selenate,15060-62-5,239-125-2,1,REACH Annex XVII第27项限制对象；Nickel and its compounds。具体限制条件见法规条款：Regulation。,Regulation,,https://eur-lex.europa.eu/legal-content/EN/TXT/?uri=uriserv:OJ.L_.2009.164.01.0007.01.ENG&toc=OJ:L:2009:164:TOC,100.035.554,100.239.198,CAS/EC与ECHA英文名逐条核对,已核对
1358,27,双(二异丁基二硫代氨基甲酸)镍,Bis(diisobutyldithiocarbamato)nickel,15317-78-9,239-354-8,1,REACH Annex XVII第27项限制对象；Nickel and its compounds。具体限制条件见法规条款：Regulation。,Regulation,,https://eur-lex.europa.eu/legal-content/EN/TXT/?uri=uriserv:OJ.L_.2009.164.01.0007.01.ENG&toc=OJ:L:2009:164:TOC,100.035.761,100.239.198,CAS/EC与ECHA英文名逐条核对,已核对
1359,27,双(二甲基二硫代氨基甲酸)镍,Nickel bis(dimethyldithiocarbamate),15521-65-0,239-560-8,1,REACH Annex XVII第27项限制对象；Nickel and its compounds。具体限制条件见法规条款：Regulation。,Regulation,,https://eur-lex.europa.eu/legal-content/EN/TXT/?uri=uriserv:OJ.L_.2009.164.01.0007.01.ENG&toc=OJ:L:2009:164:TOC,100.035.949,100.239.198,CAS/EC与ECHA英文名逐条核对,已核对
1360,27,重铬酸镍,Nickel dichromate,15586-38-6,239-646-5,1,REACH Annex XVII第27项限制对象；Nickel and its compounds。具体限制条件见法规条款：Regulation。,Regulation,,https://eur-lex.europa.eu/legal-content/EN/TXT/?uri=uriserv:OJ.L_.2009.164.01.0007.01.ENG&toc=OJ:L:2009:164:TOC,100.036.026,100.239.198,CAS/EC与ECHA英文名逐条核对,已核对
1361,27,硫酸镍铵,Diammonium nickel bis(sulphate),15699-18-0,239-793-5,1,REACH Annex XVII第27项限制对象；Nickel and its compounds。具体限制条件见法规条款：Regulation。,Regulation,,https://eur-lex.europa.eu/legal-content/EN/TXT/?uri=uriserv:OJ.L_.2009.164.01.0007.01.ENG&toc=OJ:L:2009:164:TOC,100.036.160,100.239.198,CAS/EC与ECHA英文名逐条核对,已核对
1362,27,六(咪唑)合镍(II)二氯化物,Hexakis(1H-imidazole-N3)nickel(2+) dichloride,15751-00-5,239-841-5,1,REACH Annex XVII第27项限制对象；Nickel and its compounds。具体限制条件见法规条款：Regulation。,Regulation,,https://eur-lex.europa.eu/legal-content/EN/TXT/?uri=uriserv:OJ.L_.2009.164.01.0007.01.ENG&toc=OJ:L:2009:164:TOC,100.036.204,100.239.198,CAS/EC与ECHA英文名逐条核对,已核对
1363,27,十氧化三铀镍,Nickel triuranium decaoxide,15780-33-3,239-876-6,1,REACH Annex XVII第27项限制对象；Nickel and its compounds。具体限制条件见法规条款：Regulation。,Regulation,,https://eur-lex.europa.eu/legal-content/EN/TXT/?uri=uriserv:OJ.L_.2009.164.01.0007.01.ENG&toc=OJ:L:2009:164:TOC,100.036.236,100.239.198,CAS/EC与ECHA英文名逐条核对,已核对
1364,27,甲酸镍,"Formic acid, nickel salt",15843-02-4,239-946-6,1,REACH Annex XVII第27项限制对象；Nickel and its compounds。具体限制条件见法规条款：Regulation。,Regulation,,https://eur-lex.europa.eu/legal-content/EN/TXT/?uri=uriserv:OJ.L_.2009.164.01.0007.01.ENG&toc=OJ:L:2009:164:TOC,100.036.300,100.239.198,CAS/EC与ECHA英文名逐条核对,已核对
1365,27,双[2-羟基-4-(辛氧基)二苯甲酮根]镍,Bis[2-hydroxy-4-(octyloxy)benzophenonato]nickel,15843-91-1,239-949-2,1,REACH Annex XVII第27项限制对象；Nickel and its compounds。具体限制条件见法规条款：Regulation。,Regulation,,https://eur-lex.europa.eu/legal-content/EN/TXT/?uri=uriserv:OJ.L_.2009.164.01.0007.01.ENG&toc=OJ:L:2009:164:TOC,100.036.303,100.239.198,CAS/EC与ECHA英文名逐条核对,已核对
1366,27,亚碲酸镍,Nickel tellurium trioxide,15851-52-2,239-967-0,1,REACH Annex XVII第27项限制对象；Nickel and its compounds。具体限制条件见法规条款：Regulation。,Regulation,,https://eur-lex.europa.eu/legal-content/EN/TXT/?uri=uriserv:OJ.L_.2009.164.01.0007.01.ENG&toc=OJ:L:2009:164:TOC,100.036.319,100.239.198,CAS/EC与ECHA英文名逐条核对,已核对
1367,27,碲酸镍,Nickel tellurium tetraoxide,15852-21-8,239-974-9,1,REACH Annex XVII第27项限制对象；Nickel and its compounds。具体限制条件见法规条款：Regulation。,Regulation,,https://eur-lex.europa.eu/legal-content/EN/TXT/?uri=uriserv:OJ.L_.2009.164.01.0007.01.ENG&toc=OJ:L:2009:164:TOC,100.036.326,100.239.198,CAS/EC与ECHA英文名逐条核对,已核对
1368,27,三氟乙酸镍(II),Nickel(2+) trifluoroacetate,16083-14-0,240-235-8,1,REACH Annex XVII第27项限制对象；Nickel and its compounds。具体限制条件见法规条款：Regulation。,Regulation,,https://eur-lex.europa.eu/legal-content/EN/TXT/?uri=uriserv:OJ.L_.2009.164.01.0007.01.ENG&toc=OJ:L:2009:164:TOC,100.036.562,100.239.198,CAS/EC与ECHA英文名逐条核对,已核对
1369,27,"[2,2'-磺酰基双[4-(1,1,3,3-四甲基丁基)苯酚根]]合镍","[[2,2'-sulphonylbis[4-(1,1,3,3-tetramethylbutyl)phenolato]](2-)-O1,O1',O2]nickel",16432-37-4,240-485-8,1,REACH Annex XVII第27项限制对象；Nickel and its compounds。具体限制条件见法规条款：Regulation。,Regulation,,https://eur-lex.europa.eu/legal-content/EN/TXT/?uri=uriserv:OJ.L_.2009.164.01.0007.01.ENG&toc=OJ:L:2009:164:TOC,100.036.789,100.239.198,CAS/EC与ECHA英文名逐条核对,已核对
1370,27,硫化镍,Nickel sulphide,16812-54-7,240-841-2,1,REACH Annex XVII第27项限制对象；Nickel and its compounds。具体限制条件见法规条款：Regulation。,Regulation,,https://eur-lex.europa.eu/legal-content/EN/TXT/?uri=uriserv:OJ.L_.2009.164.01.0007.01.ENG&toc=OJ:L:2009:164:TOC,100.037.113,100.239.198,CAS/EC与ECHA英文名逐条核对,已核对
1371,27,柠檬酸铵镍盐,"Citric acid , ammonium nickel salt",18283-82-4,242-161-1,1,REACH Annex XVII第27项限制对象；Nickel and its compounds。具体限制条件见法规条款：Regulation。,Regulation,,https://eur-lex.europa.eu/legal-content/EN/TXT/?uri=uriserv:OJ.L_.2009.164.01.0007.01.ENG&toc=OJ:L:2009:164:TOC,100.038.313,100.239.198,CAS/EC与ECHA英文名逐条核对,已核对
1372,27,磷酸二氢镍,Nickel bis(dihydrogen phosphate),18718-11-1,242-522-3,1,REACH Annex XVII第27项限制对象；Nickel and its compounds。具体限制条件见法规条款：Regulation。,Regulation,,https://eur-lex.europa.eu/legal-content/EN/TXT/?uri=uriserv:OJ.L_.2009.164.01.0007.01.ENG&toc=OJ:L:2009:164:TOC,100.038.641,100.239.198,CAS/EC与ECHA英文名逐条核对,已核对
1373,27,柠檬酸氢镍(II),Nickel(2+) hydrogen citrate,18721-51-2,242-533-3,1,REACH Annex XVII第27项限制对象；Nickel and its compounds。具体限制条件见法规条款：Regulation。,Regulation,,https://eur-lex.europa.eu/legal-content/EN/TXT/?uri=uriserv:OJ.L_.2009.164.01.0007.01.ENG&toc=OJ:L:2009:164:TOC,100.038.651,100.239.198,CAS/EC与ECHA英文名逐条核对,已核对
1374,27,"[1,1'-[1,2-亚苯基双(亚氨基次甲基)]双[2-萘酚根]]合镍","[[1,1'-[1,2-phenylenebis(nitrilomethylidyne)]bis[2-naphtholato]](2-)-N,N',O,O']nickel",20437-10-9,243-820-6,1,REACH Annex XVII第27项限制对象；Nickel and its compounds。具体限制条件见法规条款：Regulation。,Regulation,,https://eur-lex.europa.eu/legal-content/EN/TXT/?uri=uriserv:OJ.L_.2009.164.01.0007.01.ENG&toc=OJ:L:2009:164:TOC,100.039.821,100.239.198,CAS/EC与ECHA英文名逐条核对,已核对
1375,27,草酸镍,"Oxalic acid, nickel salt",20543-06-0,243-867-2,1,REACH Annex XVII第27项限制对象；Nickel and its compounds。具体限制条件见法规条款：Regulation。,Regulation,,https://eur-lex.europa.eu/legal-content/EN/TXT/?uri=uriserv:OJ.L_.2009.164.01.0007.01.ENG&toc=OJ:L:2009:164:TOC,100.039.864,100.239.198,CAS/EC与ECHA英文名逐条核对,已核对
1376,27,硫酸双(乙二胺)合镍(II),"Bis(ethane-1,2-diamine)nickel(2+) sulphate",21264-77-7,244-300-1,1,REACH Annex XVII第27项限制对象；Nickel and its compounds。具体限制条件见法规条款：Regulation。,Regulation,,https://eur-lex.europa.eu/legal-content/EN/TXT/?uri=uriserv:OJ.L_.2009.164.01.0007.01.ENG&toc=OJ:L:2009:164:TOC,100.040.258,100.239.198,CAS/EC与ECHA英文名逐条核对,已核对
1377,27,硅酸镍(II),Nickel(2+) silicate,21784-78-1,244-578-4,1,REACH Annex XVII第27项限制对象；Nickel and its compounds。具体限制条件见法规条款：Regulation。,Regulation,,https://eur-lex.europa.eu/legal-content/EN/TXT/?uri=uriserv:OJ.L_.2009.164.01.0007.01.ENG&toc=OJ:L:2009:164:TOC,100.040.511,100.239.198,CAS/EC与ECHA英文名逐条核对,已核对
1378,27,"μ-[1,1',1'',1'''-[苯-1,2,4,5-四基四(硝基次甲基)]四(萘-2-酚根)]二镍","[μ-[[1,1',1'',1'''-[benzene-1,2,4,5-tetrayltetrakis(nitromethylidyne)]naphth-2-olato](4-)]]dinickel",22484-07-7,245-028-6,1,REACH Annex XVII第27项限制对象；Nickel and its compounds。具体限制条件见法规条款：Regulation。,Regulation,,https://eur-lex.europa.eu/legal-content/EN/TXT/?uri=uriserv:OJ.L_.2009.164.01.0007.01.ENG&toc=OJ:L:2009:164:TOC,100.040.919,100.239.198,CAS/EC与ECHA英文名逐条核对,已核对
1379,27,柠檬酸镍,"Citric acid, nickel salt",22605-92-1,245-119-0,1,REACH Annex XVII第27项限制对象；Nickel and its compounds。具体限制条件见法规条款：Regulation。,Regulation,,https://eur-lex.europa.eu/legal-content/EN/TXT/?uri=uriserv:OJ.L_.2009.164.01.0007.01.ENG&toc=OJ:L:2009:164:TOC,100.041.002,100.239.198,CAS/EC与ECHA英文名逐条核对,已核对
1380,27,三氯合镍酸铵,Ammonium nickel trichloride,24640-21-9,246-378-2,1,REACH Annex XVII第27项限制对象；Nickel and its compounds。具体限制条件见法规条款：Regulation。,Regulation,,https://eur-lex.europa.eu/legal-content/EN/TXT/?uri=uriserv:OJ.L_.2009.164.01.0007.01.ENG&toc=OJ:L:2009:164:TOC,100.042.147,100.239.198,CAS/EC与ECHA英文名逐条核对,已核对
1381,27,乙二胺四乙酸合镍酸二氢,"Dihydrogen [[N,N'-ethylenebis[N-(carboxymethyl)glycinato]](4-)-N,N',O,O',ON,ON']nickelate(2-)",25481-21-4,247-019-2,1,REACH Annex XVII第27项限制对象；Nickel and its compounds。具体限制条件见法规条款：Regulation。,Regulation,,https://eur-lex.europa.eu/legal-content/EN/TXT/?uri=uriserv:OJ.L_.2009.164.01.0007.01.ENG&toc=OJ:L:2009:164:TOC,100.042.730,100.239.198,CAS/EC与ECHA英文名逐条核对,已核对
1382,27,六氟硅酸镍,Nickel hexafluorosilicate,26043-11-8,247-430-7,1,REACH Annex XVII第27项限制对象；Nickel and its compounds。具体限制条件见法规条款：Regulation。,Regulation,,https://eur-lex.europa.eu/legal-content/EN/TXT/?uri=uriserv:OJ.L_.2009.164.01.0007.01.ENG&toc=OJ:L:2009:164:TOC,100.043.103,100.239.198,CAS/EC与ECHA英文名逐条核对,已核对
1383,27,砷化镍,Nickel arsenide,27016-75-7,248-169-1,1,REACH Annex XVII第27项限制对象；Nickel and its compounds。具体限制条件见法规条款：Regulation。,Regulation,,https://eur-lex.europa.eu/legal-content/EN/TXT/?uri=uriserv:OJ.L_.2009.164.01.0007.01.ENG&toc=OJ:L:2009:164:TOC,100.043.776,100.239.198,CAS/EC与ECHA英文名逐条核对,已核对
1384,27,"[2,2'-硫代双[4-(1,1,3,3-四甲基丁基)苯酚根]]合镍","[[2,2'-thiobis[4-(1,1,3,3-tetramethylbutyl)phenolato]](2-)-O,O',S]nickel",27574-34-1,248-536-6,1,REACH Annex XVII第27项限制对象；Nickel and its compounds。具体限制条件见法规条款：Regulation。,Regulation,,https://eur-lex.europa.eu/legal-content/EN/TXT/?uri=uriserv:OJ.L_.2009.164.01.0007.01.ENG&toc=OJ:L:2009:164:TOC,100.044.109,100.239.198,CAS/EC与ECHA英文名逐条核对,已核对
1385,27,异辛酸镍,Nickel isooctanoate,27637-46-3,248-585-3,1,REACH Annex XVII第27项限制对象；Nickel and its compounds。具体限制条件见法规条款：Regulation。,Regulation,,https://eur-lex.europa.eu/legal-content/EN/TXT/?uri=uriserv:OJ.L_.2009.164.01.0007.01.ENG&toc=OJ:L:2009:164:TOC,100.044.154,100.239.198,CAS/EC与ECHA英文名逐条核对,已核对
1386,27,酞菁四磺酰氯合镍,"[29H,31H-phthalocyaninetetrasulphonyl tetrachloridato(2)-N29,N30,N31,N32 ]nickel",28680-76-4,249-155-8,1,REACH Annex XVII第27项限制对象；Nickel and its compounds。具体限制条件见法规条款：Regulation。,Regulation,,https://eur-lex.europa.eu/legal-content/EN/TXT/?uri=uriserv:OJ.L_.2009.164.01.0007.01.ENG&toc=OJ:L:2009:164:TOC,100.044.672,100.239.198,CAS/EC与ECHA英文名逐条核对,已核对
1387,27,"双(二苯乙烯-α,β-二硫醇根)镍","Bis[stilbene-α,β-dithiolato(2-)]nickel",28984-20-5,249-353-4,1,REACH Annex XVII第27项限制对象；Nickel and its compounds。具体限制条件见法规条款：Regulation。,Regulation,,https://eur-lex.europa.eu/legal-content/EN/TXT/?uri=uriserv:OJ.L_.2009.164.01.0007.01.ENG&toc=OJ:L:2009:164:TOC,100.044.853,100.239.198,CAS/EC与ECHA英文名逐条核对,已核对
1388,27,"双[2,3-双(羟基亚氨基)-N-苯基丁酰胺根]镍","Bis[2,3-bis(hydroxyimino)-N-phenylbutyramidato-N2,N3]nickel",29204-84-0,249-503-9,1,REACH Annex XVII第27项限制对象；Nickel and its compounds。具体限制条件见法规条款：Regulation。,Regulation,,https://eur-lex.europa.eu/legal-content/EN/TXT/?uri=uriserv:OJ.L_.2009.164.01.0007.01.ENG&toc=OJ:L:2009:164:TOC,100.044.989,100.239.198,CAS/EC与ECHA英文名逐条核对,已核对
1389,27,异辛酸镍(II),Nickel(II) isooctanoate,29317-63-3,249-555-2,1,REACH Annex XVII第27项限制对象；Nickel and its compounds。具体限制条件见法规条款：Regulation。,Regulation,,https://eur-lex.europa.eu/legal-content/EN/TXT/?uri=uriserv:OJ.L_.2009.164.01.0007.01.ENG&toc=OJ:L:2009:164:TOC,100.045.036,100.239.198,CAS/EC与ECHA英文名逐条核对,已核对
1390,27,六氟锆酸镍,Nickel hexafluorozirconate(2-),30868-55-4,250-370-4,1,REACH Annex XVII第27项限制对象；Nickel and its compounds。具体限制条件见法规条款：Regulation。,Regulation,,https://eur-lex.europa.eu/legal-content/EN/TXT/?uri=uriserv:OJ.L_.2009.164.01.0007.01.ENG&toc=OJ:L:2009:164:TOC,100.045.777,100.239.198,CAS/EC与ECHA英文名逐条核对,已核对
1391,27,"双[[3,5-二叔丁基-4-羟基苄基]膦酸二乙酯]镍(II)","Nickel(2+) diethyl bis[[[3,5-bis(1,1-dimethylethyl)-4-hydroxyphenyl]methyl]phosphonate]",30947-30-9,250-401-1,1,REACH Annex XVII第27项限制对象；Nickel and its compounds。具体限制条件见法规条款：Regulation。,Regulation,,https://eur-lex.europa.eu/legal-content/EN/TXT/?uri=uriserv:OJ.L_.2009.164.01.0007.01.ENG&toc=OJ:L:2009:164:TOC,100.045.805,100.239.198,CAS/EC与ECHA英文名逐条核对,已核对
1392,27,硅酸镍（3:4）,Nickel silicate(3:4),31748-25-1,250-788-7,1,REACH Annex XVII第27项限制对象；Nickel and its compounds。具体限制条件见法规条款：Regulation。,Regulation,,https://eur-lex.europa.eu/legal-content/EN/TXT/?uri=uriserv:OJ.L_.2009.164.01.0007.01.ENG&toc=OJ:L:2009:164:TOC,100.046.156,100.239.198,CAS/EC与ECHA英文名逐条核对,已核对
1393,27,"[2,2'-硫代双(3-辛基苯酚根)]合镍","[[2,2'-thiobis[3-octylphenolato]](2-)-O,O',S]nickel",33882-09-6,251-715-1,1,REACH Annex XVII第27项限制对象；Nickel and its compounds。具体限制条件见法规条款：Regulation。,Regulation,,https://eur-lex.europa.eu/legal-content/EN/TXT/?uri=uriserv:OJ.L_.2009.164.01.0007.01.ENG&toc=OJ:L:2009:164:TOC,100.046.999,100.239.198,CAS/EC与ECHA英文名逐条核对,已核对
1394,27,次氮基三乙酸合镍酸氢,"Hydrogen [N,N-bis(carboxymethyl)glycinato(3-)-N,O,O',O'']nickelate(1-)",34831-03-3,252-235-5,1,REACH Annex XVII第27项限制对象；Nickel and its compounds。具体限制条件见法规条款：Regulation。,Regulation,,https://eur-lex.europa.eu/legal-content/EN/TXT/?uri=uriserv:OJ.L_.2009.164.01.0007.01.ENG&toc=OJ:L:2009:164:TOC,100.047.471,100.239.198,CAS/EC与ECHA英文名逐条核对,已核对
1395,27,四(亚磷酸三甲苯酯)镍,Tetrakis(tritolyl phosphite )nickel,35884-66-3,252-777-2,1,REACH Annex XVII第27项限制对象；Nickel and its compounds。具体限制条件见法规条款：Regulation。,Regulation,,https://eur-lex.europa.eu/legal-content/EN/TXT/?uri=uriserv:OJ.L_.2009.164.01.0007.01.ENG&toc=OJ:L:2009:164:TOC,100.047.965,100.239.198,CAS/EC与ECHA英文名逐条核对,已核对
1396,27,双次膦酸镍,Nickel bisphosphinate,36026-88-7,252-840-4,1,REACH Annex XVII第27项限制对象；Nickel and its compounds。具体限制条件见法规条款：Regulation。,Regulation,,https://eur-lex.europa.eu/legal-content/EN/TXT/?uri=uriserv:OJ.L_.2009.164.01.0007.01.ENG&toc=OJ:L:2009:164:TOC,100.048.023,100.239.198,CAS/EC与ECHA英文名逐条核对,已核对
1397,27,双(二戊基二硫代氨基甲酸)镍,"Bis(dipentyldithiocarbamato-S,S')nickel",36259-37-7,252-937-1,1,REACH Annex XVII第27项限制对象；Nickel and its compounds。具体限制条件见法规条款：Regulation。,Regulation,,https://eur-lex.europa.eu/legal-content/EN/TXT/?uri=uriserv:OJ.L_.2009.164.01.0007.01.ENG&toc=OJ:L:2009:164:TOC,100.048.110,100.239.198,CAS/EC与ECHA英文名逐条核对,已核对
1398,27,氯化镍,Nickel chloride,37211-05-5,253-399-0,1,REACH Annex XVII第27项限制对象；Nickel and its compounds。具体限制条件见法规条款：Regulation。,Regulation,,https://eur-lex.europa.eu/legal-content/EN/TXT/?uri=uriserv:OJ.L_.2009.164.01.0007.01.ENG&toc=OJ:L:2009:164:TOC,100.048.528,100.239.198,CAS/EC与ECHA英文名逐条核对,已核对
1399,27,硅酸镍盐,"Silicic acid, nickel salt",37321-15-6,253-461-7,1,REACH Annex XVII第27项限制对象；Nickel and its compounds。具体限制条件见法规条款：Regulation。,Regulation,,https://eur-lex.europa.eu/legal-content/EN/TXT/?uri=uriserv:OJ.L_.2009.164.01.0007.01.ENG&toc=OJ:L:2009:164:TOC,100.048.583,100.239.198,CAS/EC与ECHA英文名逐条核对,已核对
1400,27,"双[1-[4-(二甲氨基)苯基]-2-苯基乙烯-1,2-二硫醇根]镍","Bis[1-[4-(dimethylamino)phenyl]-2-phenylethylene-1,2-dithiolato(2-)-S,S']nickel",38465-55-3,253-958-9,1,REACH Annex XVII第27项限制对象；Nickel and its compounds。具体限制条件见法规条款：Regulation。,Regulation,,https://eur-lex.europa.eu/legal-content/EN/TXT/?uri=uriserv:OJ.L_.2009.164.01.0007.01.ENG&toc=OJ:L:2009:164:TOC,100.049.036,100.239.198,CAS/EC与ECHA英文名逐条核对,已核对
1401,27,"三(4,7-二苯基-1,10-菲咯啉)合镍(II)二硝酸盐","Tris(4,7-diphenyl-1,10-phenanthroline-N1,N10)nickel(2+) dinitrate",38780-90-4,254-127-3,1,REACH Annex XVII第27项限制对象；Nickel and its compounds。具体限制条件见法规条款：Regulation。,Regulation,,https://eur-lex.europa.eu/legal-content/EN/TXT/?uri=uriserv:OJ.L_.2009.164.01.0007.01.ENG&toc=OJ:L:2009:164:TOC,100.049.190,100.239.198,CAS/EC与ECHA英文名逐条核对,已核对
1402,27,"双(2-丁烯-2,3-二硫醇根)镍","Bis[2-butene-2,3-dithiolato(2-)-S,S']nickel",38951-94-9,254-210-4,1,REACH Annex XVII第27项限制对象；Nickel and its compounds。具体限制条件见法规条款：Regulation。,Regulation,,https://eur-lex.europa.eu/legal-content/EN/TXT/?uri=uriserv:OJ.L_.2009.164.01.0007.01.ENG&toc=OJ:L:2009:164:TOC,100.049.265,100.239.198,CAS/EC与ECHA英文名逐条核对,已核对
1403,27,"双[4,4'-二甲氧基-α,α'-二苯乙烯二硫醇根]镍","Bis[4,4'-dimethoxy-α,α'-stilbenedithiolato(2-)]nickel",38951-97-2,254-212-5,1,REACH Annex XVII第27项限制对象；Nickel and its compounds。具体限制条件见法规条款：Regulation。,Regulation,,https://eur-lex.europa.eu/legal-content/EN/TXT/?uri=uriserv:OJ.L_.2009.164.01.0007.01.ENG&toc=OJ:L:2009:164:TOC,100.049.266,100.239.198,CAS/EC与ECHA英文名逐条核对,已核对
1404,27,三氰合镍酸二钾,Dipotassium tris(cyano-C)nickelate(2-),39049-81-5,254-261-2,1,REACH Annex XVII第27项限制对象；Nickel and its compounds。具体限制条件见法规条款：Regulation。,Regulation,,https://eur-lex.europa.eu/legal-content/EN/TXT/?uri=uriserv:OJ.L_.2009.164.01.0007.01.ENG&toc=OJ:L:2009:164:TOC,100.049.311,100.239.198,CAS/EC与ECHA英文名逐条核对,已核对
1405,27,苯磺酸镍,Nickel bis(benzenesulphonate),39819-65-3,254-642-3,1,REACH Annex XVII第27项限制对象；Nickel and its compounds。具体限制条件见法规条款：Regulation。,Regulation,,https://eur-lex.europa.eu/legal-content/EN/TXT/?uri=uriserv:OJ.L_.2009.164.01.0007.01.ENG&toc=OJ:L:2009:164:TOC,100.049.657,100.239.198,CAS/EC与ECHA英文名逐条核对,已核对
1406,27,双(哌啶-1-二硫代甲酸)镍,Nickel bis(piperidine-1-carbodithioate),41476-75-9,255-387-0,1,REACH Annex XVII第27项限制对象；Nickel and its compounds。具体限制条件见法规条款：Regulation。,Regulation,,https://eur-lex.europa.eu/legal-content/EN/TXT/?uri=uriserv:OJ.L_.2009.164.01.0007.01.ENG&toc=OJ:L:2009:164:TOC,100.050.335,100.239.198,CAS/EC与ECHA英文名逐条核对,已核对
1407,27,"双[2,3-双(羟基亚氨基)-N-(2-甲氧基苯基)丁酰胺根]镍","Bis[2,3-bis(hydroxyimino)-N-(2-methoxyphenyl)butyramidato]nickel",42739-61-7,255-924-9,1,REACH Annex XVII第27项限制对象；Nickel and its compounds。具体限制条件见法规条款：Regulation。,Regulation,,https://eur-lex.europa.eu/legal-content/EN/TXT/?uri=uriserv:OJ.L_.2009.164.01.0007.01.ENG&toc=OJ:L:2009:164:TOC,100.050.823,100.239.198,CAS/EC与ECHA英文名逐条核对,已核对
1408,27,"[1,3-二氢-5,6-双[[(2-羟基-1-萘基)亚甲基]氨基]-2H-苯并咪唑-2-酮根]合镍","[1,3-dihydro-5,6-bis[[(2-hydroxy-1-naphthyl)methylene]amino]-2H-benzimidazol-2-onato(2-)-N5,N6,O5,O6]nickel",42844-93-9,255-965-2,1,REACH Annex XVII第27项限制对象；Nickel and its compounds。具体限制条件见法规条款：Regulation。,Regulation,,https://eur-lex.europa.eu/legal-content/EN/TXT/?uri=uriserv:OJ.L_.2009.164.01.0007.01.ENG&toc=OJ:L:2009:164:TOC,100.050.860,100.239.198,CAS/EC与ECHA英文名逐条核对,已核对
1409,27,"[2,2'-(4,8-二氯苯并双噁唑-2,6-二基)双(4,6-二氯苯酚根)]合镍","[[2,2'-(4,8-dichlorobenzo[1,2-d:4,5-d']bisoxazole-2,6-diyl)bis[4,6-dichlorophenolato]](2-)]nickel",47726-62-5,256-331-8,1,REACH Annex XVII第27项限制对象；Nickel and its compounds。具体限制条件见法规条款：Regulation。,Regulation,,https://eur-lex.europa.eu/legal-content/EN/TXT/?uri=uriserv:OJ.L_.2009.164.01.0007.01.ENG&toc=OJ:L:2009:164:TOC,100.051.193,100.239.198,CAS/EC与ECHA英文名逐条核对,已核对
1410,27,丙烯酸镍,Nickel acrylate,51222-18-5,257-066-0,1,REACH Annex XVII第27项限制对象；Nickel and its compounds。具体限制条件见法规条款：Regulation。,Regulation,,https://eur-lex.europa.eu/legal-content/EN/TXT/?uri=uriserv:OJ.L_.2009.164.01.0007.01.ENG&toc=OJ:L:2009:164:TOC,100.051.861,100.239.198,CAS/EC与ECHA英文名逐条核对,已核对
1411,27,新癸酸镍,"Neodecanoic acid, nickel salt",51818-56-5,257-447-1,1,REACH Annex XVII第27项限制对象；Nickel and its compounds。具体限制条件见法规条款：Regulation。,Regulation,,https://eur-lex.europa.eu/legal-content/EN/TXT/?uri=uriserv:OJ.L_.2009.164.01.0007.01.ENG&toc=OJ:L:2009:164:TOC,100.052.208,100.239.198,CAS/EC与ECHA英文名逐条核对,已核对
1412,27,铜镧镍化合物（4:1:1）,"Copper, compound with lanthanum and nickel (4:1:1)",51912-52-8,257-510-3,1,REACH Annex XVII第27项限制对象；Nickel and its compounds。具体限制条件见法规条款：Regulation。,Regulation,,https://eur-lex.europa.eu/legal-content/EN/TXT/?uri=uriserv:OJ.L_.2009.164.01.0007.01.ENG&toc=OJ:L:2009:164:TOC,100.052.265,100.239.198,CAS/EC与ECHA英文名逐条核对,已核对
1413,27,"双[3-[(4-氯苯基)偶氮]喹啉-2,4-二酮根]镍","Bis[3-[(4-chlorophenyl)azo]quinoline-2,4(1H,3H)-dionato]nickel",51931-46-5,257-521-3,1,REACH Annex XVII第27项限制对象；Nickel and its compounds。具体限制条件见法规条款：Regulation。,Regulation,,https://eur-lex.europa.eu/legal-content/EN/TXT/?uri=uriserv:OJ.L_.2009.164.01.0007.01.ENG&toc=OJ:L:2009:164:TOC,100.052.275,100.239.198,CAS/EC与ECHA英文名逐条核对,已核对
1414,27,"[R(R*,R*)]-酒石酸镍","Nickel [R(R*,R*)]-tartrate",52022-10-3,257-610-7,1,REACH Annex XVII第27项限制对象；Nickel and its compounds。具体限制条件见法规条款：Regulation。,Regulation,,https://eur-lex.europa.eu/legal-content/EN/TXT/?uri=uriserv:OJ.L_.2009.164.01.0007.01.ENG&toc=OJ:L:2009:164:TOC,100.052.356,100.239.198,CAS/EC与ECHA英文名逐条核对,已核对
1415,27,双[(2-羟乙基)二硫代氨基甲酸]镍,"Bis[(2-hydroxyethyl)dithiocarbamato-S,S']nickel",52486-98-3,257-953-2,1,REACH Annex XVII第27项限制对象；Nickel and its compounds。具体限制条件见法规条款：Regulation。,Regulation,,https://eur-lex.europa.eu/legal-content/EN/TXT/?uri=uriserv:OJ.L_.2009.164.01.0007.01.ENG&toc=OJ:L:2009:164:TOC,100.052.667,100.239.198,CAS/EC与ECHA英文名逐条核对,已核对
1416,27,双[双(2-羟乙基)二硫代氨基甲酸]镍,"Bis[bis(2-hydroxyethyl)dithiocarbamato-S,S']nickel",52486-99-4,257-954-8,1,REACH Annex XVII第27项限制对象；Nickel and its compounds。具体限制条件见法规条款：Regulation。,Regulation,,https://eur-lex.europa.eu/legal-content/EN/TXT/?uri=uriserv:OJ.L_.2009.164.01.0007.01.ENG&toc=OJ:L:2009:164:TOC,100.052.668,100.239.198,CAS/EC与ECHA英文名逐条核对,已核对
1417,27,甲基丙烯酸镍(II),Nickel(2+) methacrylate,52496-91-0,257-963-7,1,REACH Annex XVII第27项限制对象；Nickel and its compounds。具体限制条件见法规条款：Regulation。,Regulation,,https://eur-lex.europa.eu/legal-content/EN/TXT/?uri=uriserv:OJ.L_.2009.164.01.0007.01.ENG&toc=OJ:L:2009:164:TOC,100.052.676,100.239.198,CAS/EC与ECHA英文名逐条核对,已核对
1418,27,六氧化二钒镍,Nickel divanadium hexaoxide,52502-12-2,257-970-5,1,REACH Annex XVII第27项限制对象；Nickel and its compounds。具体限制条件见法规条款：Regulation。,Regulation,,https://eur-lex.europa.eu/legal-content/EN/TXT/?uri=uriserv:OJ.L_.2009.164.01.0007.01.ENG&toc=OJ:L:2009:164:TOC,100.052.682,100.239.198,CAS/EC与ECHA英文名逐条核对,已核对
1419,27,双(二乙基二硫代氨基甲酸)镍,"Bis(diethyldithiocarbamato-S,S')nickel",52610-81-8,258-044-3,1,REACH Annex XVII第27项限制对象；Nickel and its compounds。具体限制条件见法规条款：Regulation。,Regulation,,https://eur-lex.europa.eu/legal-content/EN/TXT/?uri=uriserv:OJ.L_.2009.164.01.0007.01.ENG&toc=OJ:L:2009:164:TOC,100.052.750,100.239.198,CAS/EC与ECHA英文名逐条核对,已核对
1420,27,"双[3,5-二叔丁基-4-羟基苯甲酸]镍","Nickel 3,5-bis(tert-butyl-4-hydroxybenzoate (1:2)",52625-25-9,258-051-1,1,REACH Annex XVII第27项限制对象；Nickel and its compounds。具体限制条件见法规条款：Regulation。,Regulation,,https://eur-lex.europa.eu/legal-content/EN/TXT/?uri=uriserv:OJ.L_.2009.164.01.0007.01.ENG&toc=OJ:L:2009:164:TOC,100.052.756,100.239.198,CAS/EC与ECHA英文名逐条核对,已核对
1421,27,"双[2,4-二氢-5-甲基-4-(1-氧代癸基)-2-苯基-3H-吡唑-3-酮根]镍","Bis[2,4-dihydro-5-methyl-4-(1-oxodecyl)-2-phenyl-3H-pyrazol-3-onato-O,O']nickel",56557-00-7,260-258-7,1,REACH Annex XVII第27项限制对象；Nickel and its compounds。具体限制条件见法规条款：Regulation。,Regulation,,https://eur-lex.europa.eu/legal-content/EN/TXT/?uri=uriserv:OJ.L_.2009.164.01.0007.01.ENG&toc=OJ:L:2009:164:TOC,100.054.763,100.239.198,CAS/EC与ECHA英文名逐条核对,已核对
1422,27,二氧化钴镍,Cobalt nickel dioxide,58591-45-0,261-346-8,1,REACH Annex XVII第27项限制对象；Nickel and its compounds。具体限制条件见法规条款：Regulation。,Regulation,,https://eur-lex.europa.eu/legal-content/EN/TXT/?uri=uriserv:OJ.L_.2009.164.01.0007.01.ENG&toc=OJ:L:2009:164:TOC,100.055.751,100.239.198,CAS/EC与ECHA英文名逐条核对,已核对
1423,27,丙烯酸镍(II),Nickel(2+) acrylate,60700-37-0,262-383-2,1,REACH Annex XVII第27项限制对象；Nickel and its compounds。具体限制条件见法规条款：Regulation。,Regulation,,https://eur-lex.europa.eu/legal-content/EN/TXT/?uri=uriserv:OJ.L_.2009.164.01.0007.01.ENG&toc=OJ:L:2009:164:TOC,100.056.694,100.239.198,CAS/EC与ECHA英文名逐条核对,已核对
1424,27,"氢[3,4-双[[(2-羟基-1-萘基)亚甲基]氨基]苯甲酸根合]镍酸盐","Hydrogen [3,4-bis[[(2-hydroxy-1-naphthyl)methylene]amino]benzoato(3-)-N3,N4,O3,O4]nickelate(1-)",61300-98-9,262-703-0,1,REACH Annex XVII第27项限制对象；Nickel and its compounds。具体限制条件见法规条款：Regulation。,Regulation,,https://eur-lex.europa.eu/legal-content/EN/TXT/?uri=uriserv:OJ.L_.2009.164.01.0007.01.ENG&toc=OJ:L:2009:164:TOC,100.056.984,100.239.198,CAS/EC与ECHA英文名逐条核对,已核对
1425,27,3-[(4-氯苯基)偶氮]-4-羟基-2(1H)-喹啉酮镍配合物,"Nickel, 3-[(4-chlorophenyl)azo]-4-hydroxy-2(1H)-quinolinone complex",61725-51-7,262-934-7,1,"This substance is identified in the Colour Index by Colour Index Constitution Number, C.I. 12775.",Regulation,,https://eur-lex.europa.eu/legal-content/EN/TXT/?uri=uriserv:OJ.L_.2009.164.01.0007.01.ENG&toc=OJ:L:2009:164:TOC,100.057.195,100.239.198,CAS/EC与ECHA英文名逐条核对,已核对
1426,27,环烷酸镍盐,"Naphthenic acids, nickel salts",61788-71-4,263-000-1,1,REACH Annex XVII第27项限制对象；Nickel and its compounds。具体限制条件见法规条款：Regulation。,Regulation,,https://eur-lex.europa.eu/legal-content/EN/TXT/?uri=uriserv:OJ.L_.2009.164.01.0007.01.ENG&toc=OJ:L:2009:164:TOC,100.057.255,100.239.198,CAS/EC与ECHA英文名逐条核对,已核对
1427,27,四氰合镍酸双(乙二胺)铜,"Bis(ethylenediamine-N,N')copper tetrakis(cyano-C)nickelate",63427-32-7,264-136-4,1,REACH Annex XVII第27项限制对象；Nickel and its compounds。具体限制条件见法规条款：Regulation。,Regulation,,https://eur-lex.europa.eu/legal-content/EN/TXT/?uri=uriserv:OJ.L_.2009.164.01.0007.01.ENG&toc=OJ:L:2009:164:TOC,100.058.288,100.239.198,CAS/EC与ECHA英文名逐条核对,已核对
1428,27,[次氮基三(亚甲基膦酸根)合]镍酸四钾,Tetrapotassium [[[nitrilotris(methylene)]tris[phosphonato]](6-)]nickelate(4-),63588-33-0,264-338-2,1,REACH Annex XVII第27项限制对象；Nickel and its compounds。具体限制条件见法规条款：Regulation。,Regulation,,https://eur-lex.europa.eu/legal-content/EN/TXT/?uri=uriserv:OJ.L_.2009.164.01.0007.01.ENG&toc=OJ:L:2009:164:TOC,100.058.472,100.239.198,CAS/EC与ECHA英文名逐条核对,已核对
1429,27,"[N,N-双(膦酰甲基)甘氨酸根合]镍酸三钾","Tripotassium [N,N-bis(phosphonomethyl)glycinato(5-)]nickelate(3-)",63597-34-2,264-360-2,1,REACH Annex XVII第27项限制对象；Nickel and its compounds。具体限制条件见法规条款：Regulation。,Regulation,,https://eur-lex.europa.eu/legal-content/EN/TXT/?uri=uriserv:OJ.L_.2009.164.01.0007.01.ENG&toc=OJ:L:2009:164:TOC,100.058.492,100.239.198,CAS/EC与ECHA英文名逐条核对,已核对
1430,27,次氮基三乙酸合镍酸钾,"Potassium [N,N-bis(carboxymethyl)glycinato(3-)-N,O,O',O'']nickelate(1-)",63640-18-6,264-377-5,1,REACH Annex XVII第27项限制对象；Nickel and its compounds。具体限制条件见法规条款：Regulation。,Regulation,,https://eur-lex.europa.eu/legal-content/EN/TXT/?uri=uriserv:OJ.L_.2009.164.01.0007.01.ENG&toc=OJ:L:2009:164:TOC,100.058.507,100.239.198,CAS/EC与ECHA英文名逐条核对,已核对
1431,27,"[2,3'-双[[(2-羟基苯基)亚甲基]氨基]丁-2-烯二腈根合]镍","[2,3'-bis[[(2-hydroxyphenyl)methylene]amino]but-2-enedinitrilato(2-)-N2,N3,O2,O3]nickel",64696-98-6,265-022-7,1,REACH Annex XVII第27项限制对象；Nickel and its compounds。具体限制条件见法规条款：Regulation。,Regulation,,https://eur-lex.europa.eu/legal-content/EN/TXT/?uri=uriserv:OJ.L_.2009.164.01.0007.01.ENG&toc=OJ:L:2009:164:TOC,100.059.093,100.239.198,CAS/EC与ECHA英文名逐条核对,已核对
1432,27,μ-碳酸根二羟基二镍,[μ-[carbonato(2-)-O:O']]dihydroxydinickel,65405-96-1,265-748-4,1,REACH Annex XVII第27项限制对象；Nickel and its compounds。具体限制条件见法规条款：Regulation。,Regulation,,https://eur-lex.europa.eu/legal-content/EN/TXT/?uri=uriserv:OJ.L_.2009.164.01.0007.01.ENG&toc=OJ:L:2009:164:TOC,100.059.754,100.239.198,CAS/EC与ECHA英文名逐条核对,已核对
1433,27,"异丙醇[2,2'-硫代双[4-(1,1,3,3-四甲基丁基)苯酚根]]合镍","(propan-2-ol)[[2,2'-thiobis[4-(1,1,3,3-tetramethylbutyl)phenolato]](2-)-O,O',S]nickel",67763-27-3,267-045-8,1,REACH Annex XVII第27项限制对象；Nickel and its compounds。具体限制条件见法规条款：Regulation。,Regulation,,https://eur-lex.europa.eu/legal-content/EN/TXT/?uri=uriserv:OJ.L_.2009.164.01.0007.01.ENG&toc=OJ:L:2009:164:TOC,100.060.932,100.239.198,CAS/EC与ECHA英文名逐条核对,已核对
1434,27,乙二胺四乙酸合镍酸钾,"Potassium [[N,N'-ethylenebis[N-(carboxymethyl)glycinato]](4-)-N,N',O,O',ON,ON']nickelate(1-)",67906-12-1,267-686-3,1,REACH Annex XVII第27项限制对象；Nickel and its compounds。具体限制条件见法规条款：Regulation。,Regulation,,https://eur-lex.europa.eu/legal-content/EN/TXT/?uri=uriserv:OJ.L_.2009.164.01.0007.01.ENG&toc=OJ:L:2009:164:TOC,100.061.514,100.239.198,CAS/EC与ECHA英文名逐条核对,已核对
1435,27,"二氢双[R-(R*,R*)]-酒石酸镍(II)","Nickel(2+) dihydrogen bis[R-(R*,R*)]-tartrate",67952-41-4,267-894-4,1,REACH Annex XVII第27项限制对象；Nickel and its compounds。具体限制条件见法规条款：Regulation。,Regulation,,https://eur-lex.europa.eu/legal-content/EN/TXT/?uri=uriserv:OJ.L_.2009.164.01.0007.01.ENG&toc=OJ:L:2009:164:TOC,100.061.704,100.239.198,CAS/EC与ECHA英文名逐条核对,已核对
1436,27,氯酸镍,Nickel dichlorate,67952-43-6,267-897-0,1,REACH Annex XVII第27项限制对象；Nickel and its compounds。具体限制条件见法规条款：Regulation。,Regulation,,https://eur-lex.europa.eu/legal-content/EN/TXT/?uri=uriserv:OJ.L_.2009.164.01.0007.01.ENG&toc=OJ:L:2009:164:TOC,100.061.706,100.239.198,CAS/EC与ECHA英文名逐条核对,已核对
1437,27,甘油磷酸镍(II),Nickel(2+) glycerol phosphate,67952-69-6,267-923-0,1,REACH Annex XVII第27项限制对象；Nickel and its compounds。具体限制条件见法规条款：Regulation。,Regulation,,https://eur-lex.europa.eu/legal-content/EN/TXT/?uri=uriserv:OJ.L_.2009.164.01.0007.01.ENG&toc=OJ:L:2009:164:TOC,100.061.730,100.239.198,CAS/EC与ECHA英文名逐条核对,已核对
1438,27,氢[次氮基三(亚甲基膦酸根)合]镍酸三铵,Triammonium hydrogen [[[nitrilotris(methylene)]tris[phosphonato]](6-)]nickelate(4-),67968-22-3,267-961-8,1,REACH Annex XVII第27项限制对象；Nickel and its compounds。具体限制条件见法规条款：Regulation。,Regulation,,https://eur-lex.europa.eu/legal-content/EN/TXT/?uri=uriserv:OJ.L_.2009.164.01.0007.01.ENG&toc=OJ:L:2009:164:TOC,100.061.765,100.239.198,CAS/EC与ECHA英文名逐条核对,已核对
1439,27,八氧化钴二钼镍,Cobalt dimolybdenum nickel octaoxide,68016-03-5,268-169-5,1,REACH Annex XVII第27项限制对象；Nickel and its compounds。具体限制条件见法规条款：Regulation。,Regulation,,https://eur-lex.europa.eu/legal-content/EN/TXT/?uri=uriserv:OJ.L_.2009.164.01.0007.01.ENG&toc=OJ:L:2009:164:TOC,100.061.953,100.239.198,CAS/EC与ECHA英文名逐条核对,已核对
1440,27,双(柠檬酸氢)镍二铵,Diammonium nickel bis(hydrogen citrate),68025-13-8,268-176-3,1,REACH Annex XVII第27项限制对象；Nickel and its compounds。具体限制条件见法规条款：Regulation。,Regulation,,https://eur-lex.europa.eu/legal-content/EN/TXT/?uri=uriserv:OJ.L_.2009.164.01.0007.01.ENG&toc=OJ:L:2009:164:TOC,100.061.960,100.239.198,CAS/EC与ECHA英文名逐条核对,已核对
1441,27,"[N,N-双(膦酰甲基)甘氨酸根合]镍酸三铵","Triammonium [N,N-bis(phosphonomethyl)glycinato(5-)]nickelate(3-)",68025-40-1,268-195-7,1,REACH Annex XVII第27项限制对象；Nickel and its compounds。具体限制条件见法规条款：Regulation。,Regulation,,https://eur-lex.europa.eu/legal-content/EN/TXT/?uri=uriserv:OJ.L_.2009.164.01.0007.01.ENG&toc=OJ:L:2009:164:TOC,100.061.977,100.239.198,CAS/EC与ECHA英文名逐条核对,已核对
1442,27,"[N,N-双(膦酰甲基)甘氨酸根合]镍酸三钠","Trisodium [N,N-bis(phosphonomethyl)glycinato(5-)]nickelate(3-)",68025-41-2,268-196-2,1,REACH Annex XVII第27项限制对象；Nickel and its compounds。具体限制条件见法规条款：Regulation。,Regulation,,https://eur-lex.europa.eu/legal-content/EN/TXT/?uri=uriserv:OJ.L_.2009.164.01.0007.01.ENG&toc=OJ:L:2009:164:TOC,100.061.978,100.239.198,CAS/EC与ECHA英文名逐条核对,已核对
1443,27,[次氮基三(亚甲基膦酸根)合]镍酸四钠,"Tetrasodium [[[nitrilotris(methylene)]tris[phosphonato]](6-)-N,O,O'',O'''nickelate(4-)]",68052-00-6,268-296-6,1,REACH Annex XVII第27项限制对象；Nickel and its compounds。具体限制条件见法规条款：Regulation。,Regulation,,https://eur-lex.europa.eu/legal-content/EN/TXT/?uri=uriserv:OJ.L_.2009.164.01.0007.01.ENG&toc=OJ:L:2009:164:TOC,100.062.069,100.239.198,CAS/EC与ECHA英文名逐条核对,已核对
1444,27,钼镍氢氧化物氧化物磷酸盐,Molybdenum nickel hydroxide oxide phosphate,68130-36-9,268-585-7,1,REACH Annex XVII第27项限制对象；Nickel and its compounds。具体限制条件见法规条款：Regulation。,Regulation,,https://eur-lex.europa.eu/legal-content/EN/TXT/?uri=uriserv:OJ.L_.2009.164.01.0007.01.ENG&toc=OJ:L:2009:164:TOC,100.062.331,100.239.198,CAS/EC与ECHA英文名逐条核对,已核对
1445,27,(2-氨基-2-氧代乙氧基)乙酸根合镍,[(2-amino-2-oxoethoxy)acetato(2-)]nickel,68133-84-6,268-711-0,1,REACH Annex XVII第27项限制对象；Nickel and its compounds。具体限制条件见法规条款：Regulation。,Regulation,,https://eur-lex.europa.eu/legal-content/EN/TXT/?uri=uriserv:OJ.L_.2009.164.01.0007.01.ENG&toc=OJ:L:2009:164:TOC,100.062.446,100.239.198,CAS/EC与ECHA英文名逐条核对,已核对
1446,27,甲酸铜镍盐,"Formic acid, copper nickel salt",68134-59-8,268-755-0,1,REACH Annex XVII第27项限制对象；Nickel and its compounds。具体限制条件见法规条款：Regulation。,Regulation,,https://eur-lex.europa.eu/legal-content/EN/TXT/?uri=uriserv:OJ.L_.2009.164.01.0007.01.ENG&toc=OJ:L:2009:164:TOC,100.062.486,100.239.198,CAS/EC与ECHA英文名逐条核对,已核对
1447,27,钴钛矿绿尖晶石,Cobalt titanite green spinel,68186-85-6,269-047-4,1,"This substance is identified in the Colour Index by Colour Index Constitution Number, C.I. 77377.",Regulation,,https://eur-lex.europa.eu/legal-content/EN/TXT/?uri=uriserv:OJ.L_.2009.164.01.0007.01.ENG&toc=OJ:L:2009:164:TOC,100.062.752,100.239.198,CAS/EC与ECHA英文名逐条核对,已核对
1448,27,钴镍灰方镁石,Cobalt nickel gray periclase,68186-89-0,269-051-6,1,"This substance is identified in the Colour Index by Colour Index Constitution Number, C.I. 77332.",Regulation,,https://eur-lex.europa.eu/legal-content/EN/TXT/?uri=uriserv:OJ.L_.2009.164.01.0007.01.ENG&toc=OJ:L:2009:164:TOC,100.062.755,100.239.198,CAS/EC与ECHA英文名逐条核对,已核对
1449,27,镍铁棕尖晶石,Nickel ferrite brown spinel,68187-10-0,269-071-5,1,"This substance is identified in the Colour Index by Colour Index Constitution Number, C.I. 77497.",Regulation,,https://eur-lex.europa.eu/legal-content/EN/TXT/?uri=uriserv:OJ.L_.2009.164.01.0007.01.ENG&toc=OJ:L:2009:164:TOC,100.062.773,100.239.198,CAS/EC与ECHA英文名逐条核对,已核对
1450,27,"三(4,7-二苯基-1,10-菲咯啉)合镍(II)双(四氟硼酸盐)","Tris(4,7-diphenyl-1,10-phenanthroline-N1,N10)nickel(2+) bis[tetrafluoroborate(1-)]",68309-97-7,269-684-8,1,REACH Annex XVII第27项限制对象；Nickel and its compounds。具体限制条件见法规条款：Regulation。,Regulation,,https://eur-lex.europa.eu/legal-content/EN/TXT/?uri=uriserv:OJ.L_.2009.164.01.0007.01.ENG&toc=OJ:L:2009:164:TOC,100.063.330,100.239.198,CAS/EC与ECHA英文名逐条核对,已核对
1451,27,树脂酸和松香酸镍盐,"Resin acids and Rosin acids, nickel salts",68334-36-1,269-826-9,1,REACH Annex XVII第27项限制对象；Nickel and its compounds。具体限制条件见法规条款：Regulation。,Regulation,,https://eur-lex.europa.eu/legal-content/EN/TXT/?uri=uriserv:OJ.L_.2009.164.01.0007.01.ENG&toc=OJ:L:2009:164:TOC,100.063.459,100.239.198,CAS/EC与ECHA英文名逐条核对,已核对
1452,27,"2,3-二羟丙基磷酸二氢酯镍盐（1:1）","2,3-dihydroxypropyl (dihydrogen phosphate), nickel salt (1:1)",68391-37-7,269-946-1,1,REACH Annex XVII第27项限制对象；Nickel and its compounds。具体限制条件见法规条款：Regulation。,Regulation,,https://eur-lex.europa.eu/legal-content/EN/TXT/?uri=uriserv:OJ.L_.2009.164.01.0007.01.ENG&toc=OJ:L:2009:164:TOC,100.063.568,100.239.198,CAS/EC与ECHA英文名逐条核对,已核对
1453,27,磺基[[4-[[2-(磺氧基)乙基]磺酰基]苯基]氨基]磺酰基衍生酞菁镍,"Nickel, [29H,31H-phthalocyaninato(2-)-N29,N30,N31,N32]-, sulfo [[4-[[2-(sulfooxy)ethyl]sulfonyl]phenyl]amino]sulfonyl derivs.",68412-18-0,270-174-2,1,REACH Annex XVII第27项限制对象；Nickel and its compounds。具体限制条件见法规条款：Regulation。,Regulation,,https://eur-lex.europa.eu/legal-content/EN/TXT/?uri=uriserv:OJ.L_.2009.164.01.0007.01.ENG&toc=OJ:L:2009:164:TOC,100.063.775,100.239.198,CAS/EC与ECHA英文名逐条核对,已核对
1454,27,"5,5'-偶氮双-2,4,6(1H,3H,5H)-嘧啶三酮镍配合物","Nickel, 5,5'-azobis-2,4,6(1H,3H,5H)-pyrimidinetrione complexes",68511-62-6,270-944-8,1,REACH Annex XVII第27项限制对象；Nickel and its compounds。具体限制条件见法规条款：Regulation。,Regulation,,https://eur-lex.europa.eu/legal-content/EN/TXT/?uri=uriserv:OJ.L_.2009.164.01.0007.01.ENG&toc=OJ:L:2009:164:TOC,100.064.475,100.239.198,CAS/EC与ECHA英文名逐条核对,已核对
1455,27,镍银掺杂硫化锌,"Zinc sulfide (ZnS), nickel and silver-doped",68512-22-1,270-961-0,1,REACH Annex XVII第27项限制对象；Nickel and its compounds。具体限制条件见法规条款：Regulation。,Regulation,,https://eur-lex.europa.eu/legal-content/EN/TXT/?uri=uriserv:OJ.L_.2009.164.01.0007.01.ENG&toc=OJ:L:2009:164:TOC,100.064.490,100.239.198,CAS/EC与ECHA英文名逐条核对,已核对
1456,27,镍绿橄榄石,"Olivine, nickel green",68515-84-4,271-112-7,1,An inorganic pigment that is the reaction product of high temperature calcination in which nickel (II) oxide and silicon oxide in varying amounts are homogeneously and ionically interdiffused to form a crystalline matrix of olivine. Its composition may include any one or a combination of the modifiers alkali or alkaline earth halides.,Regulation,,https://eur-lex.europa.eu/legal-content/EN/TXT/?uri=uriserv:OJ.L_.2009.164.01.0007.01.ENG&toc=OJ:L:2009:164:TOC,100.064.628,100.239.198,CAS/EC与ECHA英文名逐条核对,已核对
1457,27,铜镍掺杂硫化锌,"Zinc sulfide (ZnS), copper and nickel-doped",68585-93-3,271-601-5,1,REACH Annex XVII第27项限制对象；Nickel and its compounds。具体限制条件见法规条款：Regulation。,Regulation,,https://eur-lex.europa.eu/legal-content/EN/TXT/?uri=uriserv:OJ.L_.2009.164.01.0007.01.ENG&toc=OJ:L:2009:164:TOC,100.065.072,100.239.198,CAS/EC与ECHA英文名逐条核对,已核对
1458,27,树脂酸和松香酸钙镍盐,"Resin acids and Rosin acids, calcium nickel salts",68607-31-8,271-764-2,1,REACH Annex XVII第27项限制对象；Nickel and its compounds。具体限制条件见法规条款：Regulation。,Regulation,,https://eur-lex.europa.eu/legal-content/EN/TXT/?uri=uriserv:OJ.L_.2009.164.01.0007.01.ENG&toc=OJ:L:2009:164:TOC,100.065.220,100.239.198,CAS/EC与ECHA英文名逐条核对,已核对
1459,27,镍钡钛淡黄色锰钡矿型颜料,Nickel barium titanium primrose priderite,68610-24-2,271-853-6,1,"This substance is identified in the Colour Index by Colour Index Constitution Number, C.I. 77900.",Regulation,,https://eur-lex.europa.eu/legal-content/EN/TXT/?uri=uriserv:OJ.L_.2009.164.01.0007.01.ENG&toc=OJ:L:2009:164:TOC,100.065.301,100.239.198,CAS/EC与ECHA英文名逐条核对,已核对
1460,27,镍铌钛黄金红石,Nickel niobium titanium yellow rutile,68611-43-8,271-892-9,1,"This substance is identified in the Colour Index by Colour Index Constitution Number, C.I. 77895.",Regulation,,https://eur-lex.europa.eu/legal-content/EN/TXT/?uri=uriserv:OJ.L_.2009.164.01.0007.01.ENG&toc=OJ:L:2009:164:TOC,100.065.337,100.239.198,CAS/EC与ECHA英文名逐条核对,已核对
1461,27,六氢[偶氮吡唑酮磺基酞菁]合镍酸盐,"Nickelate(6-), [4-[[5-[[(3,6-dichloro-4-pyridazinyl)carbonyl]amino]-2-sulfophenyl]azo]-4,5-dihydro-5-oxo-1-[5-[[(trisulfo-29H,31H-phthalocyaninyl)sulfonyl]amino]-2-sulfophenyl]-1H-pyrazole-3-carboxylato(8-)-N29,N30,N31,N32]-, hexahydrogen",68698-80-6,272-095-9,1,REACH Annex XVII第27项限制对象；Nickel and its compounds。具体限制条件见法规条款：Regulation。,Regulation,,https://eur-lex.europa.eu/legal-content/EN/TXT/?uri=uriserv:OJ.L_.2009.164.01.0007.01.ENG&toc=OJ:L:2009:164:TOC,100.065.522,100.239.198,CAS/EC与ECHA英文名逐条核对,已核对
1462,27,六氨合镍(II)二甲酸盐,Hexaamminenickel(2+) diformate,68758-60-1,272-149-1,1,REACH Annex XVII第27项限制对象；Nickel and its compounds。具体限制条件见法规条款：Regulation。,Regulation,,https://eur-lex.europa.eu/legal-content/EN/TXT/?uri=uriserv:OJ.L_.2009.164.01.0007.01.ENG&toc=OJ:L:2009:164:TOC,100.065.570,100.239.198,CAS/EC与ECHA英文名逐条核对,已核对
1463,27,铜镍银掺杂硫化锌,"Zinc sulfide (ZnS), copper and nickel and silver-doped",68784-84-9,272-277-8,1,REACH Annex XVII第27项限制对象；Nickel and its compounds。具体限制条件见法规条款：Regulation。,Regulation,,https://eur-lex.europa.eu/legal-content/EN/TXT/?uri=uriserv:OJ.L_.2009.164.01.0007.01.ENG&toc=OJ:L:2009:164:TOC,100.065.687,100.239.198,CAS/EC与ECHA英文名逐条核对,已核对
1464,27,双(2-十七烷基-1H-咪唑)双(辛酸根)镍,Bis(2-heptadecyl-1H-imidazole-N3)bis(octanoato-O)nickel,68912-08-3,272-799-6,1,REACH Annex XVII第27项限制对象；Nickel and its compounds。具体限制条件见法规条款：Regulation。,Regulation,,https://eur-lex.europa.eu/legal-content/EN/TXT/?uri=uriserv:OJ.L_.2009.164.01.0007.01.ENG&toc=OJ:L:2009:164:TOC,100.066.162,100.239.198,CAS/EC与ECHA英文名逐条核对,已核对
1465,27,氢[乙二胺四亚甲基膦酸根合]镍酸五铵,Pentaammonium hydrogen [[[ethylenebis[nitrilobis(methylene)]]tetrakis[phosphonato]](8-)]nickelate(6-),68958-86-1,273-375-3,1,REACH Annex XVII第27项限制对象；Nickel and its compounds。具体限制条件见法规条款：Regulation。,Regulation,,https://eur-lex.europa.eu/legal-content/EN/TXT/?uri=uriserv:OJ.L_.2009.164.01.0007.01.ENG&toc=OJ:L:2009:164:TOC,100.066.685,100.239.198,CAS/EC与ECHA英文名逐条核对,已核对
1466,27,氢[乙二胺四亚甲基膦酸根合]镍酸五钾,Hydrogen pentapotassium [[[ethylenebis[nitrilobis(methylene)]]tetrakis[phosphonato]](8-)]nickelate(6-),68958-87-2,273-376-9,1,REACH Annex XVII第27项限制对象；Nickel and its compounds。具体限制条件见法规条款：Regulation。,Regulation,,https://eur-lex.europa.eu/legal-content/EN/TXT/?uri=uriserv:OJ.L_.2009.164.01.0007.01.ENG&toc=OJ:L:2009:164:TOC,100.066.686,100.239.198,CAS/EC与ECHA英文名逐条核对,已核对
1467,27,氢[乙二胺四亚甲基膦酸根合]镍酸五钠,Hydrogen pentasodium [[[ethylenebis[nitrilobis(methylene)]]tetrakis[phosphonato]](8-)]nickelate(6-),68958-88-3,273-377-4,1,REACH Annex XVII第27项限制对象；Nickel and its compounds。具体限制条件见法规条款：Regulation。,Regulation,,https://eur-lex.europa.eu/legal-content/EN/TXT/?uri=uriserv:OJ.L_.2009.164.01.0007.01.ENG&toc=OJ:L:2009:164:TOC,100.066.687,100.239.198,CAS/EC与ECHA英文名逐条核对,已核对
1468,27,双(乙二胺)合镍(II)双[二氰合金酸盐],"Bis(ethane-1,2-diamine-N,N')nickel(2+) bis[bis(cyano-C)aurate(1-)]",68958-89-4,273-379-5,1,REACH Annex XVII第27项限制对象；Nickel and its compounds。具体限制条件见法规条款：Regulation。,Regulation,,https://eur-lex.europa.eu/legal-content/EN/TXT/?uri=uriserv:OJ.L_.2009.164.01.0007.01.ENG&toc=OJ:L:2009:164:TOC,100.066.688,100.239.198,CAS/EC与ECHA英文名逐条核对,已核对
1469,27,五三十五氧化二十钛镍二钨酸盐,Nickel icosatitanium pentatriacontaoxide diwolframate,69011-05-8,273-686-4,1,REACH Annex XVII第27项限制对象；Nickel and its compounds。具体限制条件见法规条款：Regulation。,Regulation,,https://eur-lex.europa.eu/legal-content/EN/TXT/?uri=uriserv:OJ.L_.2009.164.01.0007.01.ENG&toc=OJ:L:2009:164:TOC,100.066.969,100.239.198,CAS/EC与ECHA英文名逐条核对,已核对
1470,27,镍铁合金制造炉渣,"Slags, ferronickel-manufg.",69012-29-9,273-729-7,1,"By-product from the production of ferronickel from a complex ore. Consists primarily of oxides of aluminum, iron, magnesium and silicon.",Regulation,,https://eur-lex.europa.eu/legal-content/EN/TXT/?uri=uriserv:OJ.L_.2009.164.01.0007.01.ENG&toc=OJ:L:2009:164:TOC,100.067.007,100.239.198,CAS/EC与ECHA英文名逐条核对,已核对
1471,27,镍锍,"Matte, nickel",69012-50-6,273-749-6,1,Product of blowing smelted nickel ore in a converter to lower the iron content.,Regulation,,https://eur-lex.europa.eu/legal-content/EN/TXT/?uri=uriserv:OJ.L_.2009.164.01.0007.01.ENG&toc=OJ:L:2009:164:TOC,100.067.025,100.239.198,CAS/EC与ECHA英文名逐条核对,已核对
1472,27,"双(4-苯甲酰基-2,4-二氢-5-甲基-2-苯基-3H-吡唑-3-酮根)镍","Bis(4-benzoyl-2,4-dihydro-5-methyl-2-phenyl-3H-pyrazol-3-onato-O,O')nickel",69524-96-5,274-027-3,1,REACH Annex XVII第27项限制对象；Nickel and its compounds。具体限制条件见法规条款：Regulation。,Regulation,,https://eur-lex.europa.eu/legal-content/EN/TXT/?uri=uriserv:OJ.L_.2009.164.01.0007.01.ENG&toc=OJ:L:2009:164:TOC,100.067.277,100.239.198,CAS/EC与ECHA英文名逐条核对,已核对
1473,27,三氧化锆镍,Nickel zirconium trioxide,70692-93-2,274-755-1,1,REACH Annex XVII第27项限制对象；Nickel and its compounds。具体限制条件见法规条款：Regulation。,Regulation,,https://eur-lex.europa.eu/legal-content/EN/TXT/?uri=uriserv:OJ.L_.2009.164.01.0007.01.ENG&toc=OJ:L:2009:164:TOC,100.067.938,100.239.198,CAS/EC与ECHA英文名逐条核对,已核对
1474,27,双(5-氧代-L-脯氨酸根)镍,"Bis(5-oxo-L-prolinato-N1,O2)nickel",70824-02-1,274-912-4,1,REACH Annex XVII第27项限制对象；Nickel and its compounds。具体限制条件见法规条款：Regulation。,Regulation,,https://eur-lex.europa.eu/legal-content/EN/TXT/?uri=uriserv:OJ.L_.2009.164.01.0007.01.ENG&toc=OJ:L:2009:164:TOC,100.068.081,100.239.198,CAS/EC与ECHA英文名逐条核对,已核对
1475,27,"双(3-氨基-4,5,6,7-四氯-1H-异吲哚-1-酮肟根)镍","Bis(3-amino-4,5,6,7-tetrachloro-1H-isoindol-1-one oximato-N2,O1)nickel",70833-37-3,274-916-6,1,REACH Annex XVII第27项限制对象；Nickel and its compounds。具体限制条件见法规条款：Regulation。,Regulation,,https://eur-lex.europa.eu/legal-content/EN/TXT/?uri=uriserv:OJ.L_.2009.164.01.0007.01.ENG&toc=OJ:L:2009:164:TOC,100.068.084,100.239.198,CAS/EC与ECHA英文名逐条核对,已核对
1476,27,"[22-[[[3-[(5-氯-2,6-二氟-4-嘧啶基)氨基]苯基]氨基]磺酰基]酞菁三磺酸根合]镍酸三钠","Trisodium [22-[[[3-[(5-chloro-2,6-difluoro-4-pyrimidinyl)amino]phenyl]amino]sulphonyl]-29H,31H-phthalocyanine-1,8,15-trisulphonato(5-)-N29,N30,N31,N32]nickelate(3-)",71243-96-4,275-295-4,1,REACH Annex XVII第27项限制对象；Nickel and its compounds。具体限制条件见法规条款：Regulation。,Regulation,,https://eur-lex.europa.eu/legal-content/EN/TXT/?uri=uriserv:OJ.L_.2009.164.01.0007.01.ENG&toc=OJ:L:2009:164:TOC,100.068.430,100.239.198,CAS/EC与ECHA英文名逐条核对,已核对
1477,27,镍铁铬黑色尖晶石,Nickel iron chromite black spinel,71631-15-7,275-738-1,1,"This substance is identified in the Colour Index by Colour Index Constitution Number, C.I. 77504.",Regulation,,https://eur-lex.europa.eu/legal-content/EN/TXT/?uri=uriserv:OJ.L_.2009.164.01.0007.01.ENG&toc=OJ:L:2009:164:TOC,100.068.831,100.239.198,CAS/EC与ECHA英文名逐条核对,已核对
1478,27,硫酸氢乙酯镍(II)盐,"Ethyl hydrogen sulphate, nickel(2+) salt",71720-48-4,275-897-7,1,REACH Annex XVII第27项限制对象；Nickel and its compounds。具体限制条件见法规条款：Regulation。,Regulation,,https://eur-lex.europa.eu/legal-content/EN/TXT/?uri=uriserv:OJ.L_.2009.164.01.0007.01.ENG&toc=OJ:L:2009:164:TOC,100.068.976,100.239.198,CAS/EC与ECHA英文名逐条核对,已核对
1479,27,四乙酸铀酰镍（贫化铀-235）,"Nickel uranyl tetraacetate, of uranium depleted in uranium-235",71767-12-9,275-994-4,1,REACH Annex XVII第27项限制对象；Nickel and its compounds。具体限制条件见法规条款：Regulation。,Regulation,,https://eur-lex.europa.eu/legal-content/EN/TXT/?uri=uriserv:OJ.L_.2009.164.01.0007.01.ENG&toc=OJ:L:2009:164:TOC,100.069.065,100.239.198,CAS/EC与ECHA英文名逐条核对,已核对
1480,27,"μ-哌嗪双[3-[1-[(4,5,6,7-四氯-1-氧代-1H-异吲哚-3-基)腙基]乙基]喹啉-2,4-二酮根]二镍","[μ-(piperazine-N1:N4)]bis[3-[1-[(4,5,6,7-tetrachloro-1-oxo-1H-isoindol-3-yl)hydrazono]ethyl]quinoline-2,4(1H,3H)-dionato(2-)]dinickel",71889-22-0,276-168-6,1,REACH Annex XVII第27项限制对象；Nickel and its compounds。具体限制条件见法规条款：Regulation。,Regulation,,https://eur-lex.europa.eu/legal-content/EN/TXT/?uri=uriserv:OJ.L_.2009.164.01.0007.01.ENG&toc=OJ:L:2009:164:TOC,100.069.223,100.239.198,CAS/EC与ECHA英文名逐条核对,已核对
1481,27,双(D-葡萄糖酸根)镍,"Bis(D-gluconato-O1,O2)nickel",71957-07-8,276-205-6,1,REACH Annex XVII第27项限制对象；Nickel and its compounds。具体限制条件见法规条款：Regulation。,Regulation,,https://eur-lex.europa.eu/legal-content/EN/TXT/?uri=uriserv:OJ.L_.2009.164.01.0007.01.ENG&toc=OJ:L:2009:164:TOC,100.069.256,100.239.198,CAS/EC与ECHA英文名逐条核对,已核对
1482,27,二氢六钠双[3-[(2-氨基-8-羟基-6-磺基-1-萘基)偶氮]-2-羟基-5-磺基苯甲酸根合]镍酸盐,Dihydrogen hexasodium bis[3-[(2-amino-8-hydroxy-6-sulpho-1-naphthyl)azo]-2-hydroxy-5-sulphobenzoato(5-)]nickelate(8-),72139-08-3,276-364-1,1,REACH Annex XVII第27项限制对象；Nickel and its compounds。具体限制条件见法规条款：Regulation。,Regulation,,https://eur-lex.europa.eu/legal-content/EN/TXT/?uri=uriserv:OJ.L_.2009.164.01.0007.01.ENG&toc=OJ:L:2009:164:TOC,100.069.401,100.239.198,CAS/EC与ECHA英文名逐条核对,已核对
1483,27,六钠[磺基偶氮吡唑酮乙烯基三氯嘧啶氨基苯基磺酰基酞菁三磺酸根合]镍酸盐,"Nickelate(6-), [22-[[[3-[[4,5-dihydro-3-methyl-5-oxo-1-[3-sulfo-4-[2-[2-sulfo-4-[(2,5,6-trichloro-4-pyrimidinyl)amino]phenyl]ethenyl]phenyl]-1H-pyrazol-4-yl]azo]-4-sulfophenyl]amino]sulfonyl]-29H,31H-phthalocyanine-1,8,15-trisulfonato(8-)-N29,N30,N31,N32]-, hexasodium, (SP-4-2)-",72152-45-5,276-399-2,1,REACH Annex XVII第27项限制对象；Nickel and its compounds。具体限制条件见法规条款：Regulation。,Regulation,,https://eur-lex.europa.eu/legal-content/EN/TXT/?uri=uriserv:OJ.L_.2009.164.01.0007.01.ENG&toc=OJ:L:2009:164:TOC,100.069.433,100.239.198,CAS/EC与ECHA英文名逐条核对,已核对
1484,27,"三钠[[[3-[(4-氨基-6-氯-1,3,5-三嗪-2-基)氨基]苯基]氨基磺酰基]三(氨基磺酰基)酞菁三磺酸根合]镍酸盐","Trisodium [[[[3-[(4-amino-6-chloro-1,3,5-triazin-2-yl)amino]phenyl]amino]sulphonyl]tris(aminosulphonyl)-29H,31H-phthalocyaninetrisulphonato(5-)-N29,N30,N31,N32]nickelate(3-)",72229-81-3,276-491-2,1,REACH Annex XVII第27项限制对象；Nickel and its compounds。具体限制条件见法规条款：Regulation。,Regulation,,https://eur-lex.europa.eu/legal-content/EN/TXT/?uri=uriserv:OJ.L_.2009.164.01.0007.01.ENG&toc=OJ:L:2009:164:TOC,100.069.517,100.239.198,CAS/EC与ECHA英文名逐条核对,已核对
1485,27,"[[3-[(1,3-二氧代丁基)氨基]苯基]氨基磺酰基衍生酞菁镍","Nickel, [29H,31H-phthalocyaninato(2-)-N29,N30,N31,N32]-, [[3-[(1,3-dioxobutyl)amino]phenyl]amino]sulfonyl derivs.",72828-53-6,276-877-0,1,REACH Annex XVII第27项限制对象；Nickel and its compounds。具体限制条件见法规条款：Regulation。,Regulation,,https://eur-lex.europa.eu/legal-content/EN/TXT/?uri=uriserv:OJ.L_.2009.164.01.0007.01.ENG&toc=OJ:L:2009:164:TOC,100.069.867,100.239.198,CAS/EC与ECHA英文名逐条核对,已核对
1486,27,"四[4-(4,5-二氢-3-甲基-5-氧代-1H-吡唑-1-基)苯基]酞菁四磺酰胺根合镍","[N,N',N'',N'''-tetrakis[4-(4,5-dihydro-3-methyl-5-oxo-1H-pyrazol-1-yl)phenyl]-29H,31H-phthalocyaninetetrasulphonamidato(2-)-N29,N30,N31,N32]nickel",72986-45-9,277-174-1,1,REACH Annex XVII第27项限制对象；Nickel and its compounds。具体限制条件见法规条款：Regulation。,Regulation,,https://eur-lex.europa.eu/legal-content/EN/TXT/?uri=uriserv:OJ.L_.2009.164.01.0007.01.ENG&toc=OJ:L:2009:164:TOC,100.070.137,100.239.198,CAS/EC与ECHA英文名逐条核对,已核对
1487,27,三氧化二锑-氧化镍-二氧化钛固溶体,"Antimony oxide (Sb2O3), solid soln. with nickel oxide (NiO) and titanium oxide (TiO2)",73892-02-1,277-627-3,1,REACH Annex XVII第27项限制对象；Nickel and its compounds。具体限制条件见法规条款：Regulation。,Regulation,,https://eur-lex.europa.eu/legal-content/EN/TXT/?uri=uriserv:OJ.L_.2009.164.01.0007.01.ENG&toc=OJ:L:2009:164:TOC,100.070.550,100.239.198,CAS/EC与ECHA英文名逐条核对,已核对
1488,27,双[N-(2-羟乙基)-N-甲基甘氨酸根]镍,"Bis[N-(2-hydroxyethyl)-N-methylglycinato-N,O,ON]nickel",76625-10-0,278-504-7,1,REACH Annex XVII第27项限制对象；Nickel and its compounds。具体限制条件见法规条款：Regulation。,Regulation,,https://eur-lex.europa.eu/legal-content/EN/TXT/?uri=uriserv:OJ.L_.2009.164.01.0007.01.ENG&toc=OJ:L:2009:164:TOC,100.071.347,100.239.198,CAS/EC与ECHA英文名逐条核对,已核对
1489,27,四氢[[(3-氨基-4-磺基苯基)氨基]磺酰基酞菁三磺酸根合]镍酸盐,"Tetrahydrogen [[[(3-amino-4-sulphophenyl)amino]sulphonyl]-29H,31H-phthalocyaninetrisulphonato(6-)-N29,N30,N31,N32]nickelate(4-)",79102-62-8,279-060-7,1,REACH Annex XVII第27项限制对象；Nickel and its compounds。具体限制条件见法规条款：Regulation。,Regulation,,https://eur-lex.europa.eu/legal-content/EN/TXT/?uri=uriserv:OJ.L_.2009.164.01.0007.01.ENG&toc=OJ:L:2009:164:TOC,100.071.851,100.239.198,CAS/EC与ECHA英文名逐条核对,已核对
1490,27,"双(4-苯甲酰基-2,4-二氢-5-甲基-2-苯基-3H-吡唑-3-酮根)(2,2,4,4-四甲基-7-氧杂-3,20-二氮杂二螺[5.1.11.2]二十一烷-21-酮)合镍","Bis(4-benzoyl-2,4-dihydro-5-methyl-2-phenyl-3H-pyrazol-3-onato-O,O')(2,2,4,4-tetramethyl-7-oxa-3,20-diazadispiro[5.1.11.2]henicosan-21-one-O21)nickel",79121-51-0,279-067-5,1,REACH Annex XVII第27项限制对象；Nickel and its compounds。具体限制条件见法规条款：Regulation。,Regulation,,https://eur-lex.europa.eu/legal-content/EN/TXT/?uri=uriserv:OJ.L_.2009.164.01.0007.01.ENG&toc=OJ:L:2009:164:TOC,100.071.857,100.239.198,CAS/EC与ECHA英文名逐条核对,已核对
1491,27,"三钠[5-[(4,5-二氢-3-甲基-5-氧代-1-苯基-1H-吡唑-4-基)偶氮]-4-羟基-3-[(2-羟基-3-硝基-5-磺基苯基)偶氮]萘-2,7-二磺酸根合]镍酸盐","Trisodium [5-[(4,5-dihydro-3-methyl-5-oxo-1-phenyl-1H-pyrazol-4-yl)azo]-4-hydroxy-3-[(2-hydroxy-3-nitro-5-sulphophenyl)azo]naphthalene-2,7-disulphonato(5-)]nickelate(3-)",79817-91-7,279-314-7,1,REACH Annex XVII第27项限制对象；Nickel and its compounds。具体限制条件见法规条款：Regulation。,Regulation,,https://eur-lex.europa.eu/legal-content/EN/TXT/?uri=uriserv:OJ.L_.2009.164.01.0007.01.ENG&toc=OJ:L:2009:164:TOC,100.072.082,100.239.198,CAS/EC与ECHA英文名逐条核对,已核对
1492,27,二甲氧基酞菁镍,"Dimethoxy[29H,31H-phthalocyaninato(2-)-N29,N30,N31,N32]nickel",83898-70-8,281-282-4,1,REACH Annex XVII第27项限制对象；Nickel and its compounds。具体限制条件见法规条款：Regulation。,Regulation,,https://eur-lex.europa.eu/legal-content/EN/TXT/?uri=uriserv:OJ.L_.2009.164.01.0007.01.ENG&toc=OJ:L:2009:164:TOC,100.073.871,100.239.198,CAS/EC与ECHA英文名逐条核对,已核对
1493,27,镍钒矿浸出残渣,"Leach residues, nickel-vanadium ore",84144-92-3,282-214-6,1,"Residues from basic leaching of nickel-bearing vanadium ores. Composed primarily of silica and insoluble compounds of nickel and vanadium with minor quantities of other metals, such as arsenic, lead, tin and zinc.",Regulation,,https://eur-lex.europa.eu/legal-content/EN/TXT/?uri=uriserv:OJ.L_.2009.164.01.0007.01.ENG&toc=OJ:L:2009:164:TOC,100.074.716,100.239.198,CAS/EC与ECHA英文名逐条核对,已核对
1494,27,"双[二(3,5,5-三甲基己基)二硫代氨基甲酸]镍","Bis[di(3,5,5-trimethylhexyl)dithiocarbamato-S,S']nickel",84604-95-5,283-380-2,1,REACH Annex XVII第27项限制对象；Nickel and its compounds。具体限制条件见法规条款：Regulation。,Regulation,,https://eur-lex.europa.eu/legal-content/EN/TXT/?uri=uriserv:OJ.L_.2009.164.01.0007.01.ENG&toc=OJ:L:2009:164:TOC,100.075.775,100.239.198,CAS/EC与ECHA英文名逐条核对,已核对
1495,27,C8-18及C18不饱和脂肪酸镍盐,"Fatty acids, C8-18 and C18-unsatd., nickel salts",84776-45-4,283-972-0,1,REACH Annex XVII第27项限制对象；Nickel and its compounds。具体限制条件见法规条款：Regulation。,Regulation,,https://eur-lex.europa.eu/legal-content/EN/TXT/?uri=uriserv:OJ.L_.2009.164.01.0007.01.ENG&toc=OJ:L:2009:164:TOC,100.076.310,100.239.198,CAS/EC与ECHA英文名逐条核对,已核对
1496,27,异辛酸新癸酸镍,(isooctanoato-O)(neodecanoato-O)nickel,84852-35-7,284-347-5,1,REACH Annex XVII第27项限制对象；Nickel and its compounds。具体限制条件见法规条款：Regulation。,Regulation,,https://eur-lex.europa.eu/legal-content/EN/TXT/?uri=uriserv:OJ.L_.2009.164.01.0007.01.ENG&toc=OJ:L:2009:164:TOC,100.076.651,100.239.198,CAS/EC与ECHA英文名逐条核对,已核对
1497,27,异癸酸异壬酸镍,(isodecanoato-O)(isononanoato-O)nickel,84852-36-8,284-348-0,1,REACH Annex XVII第27项限制对象；Nickel and its compounds。具体限制条件见法规条款：Regulation。,Regulation,,https://eur-lex.europa.eu/legal-content/EN/TXT/?uri=uriserv:OJ.L_.2009.164.01.0007.01.ENG&toc=OJ:L:2009:164:TOC,100.076.652,100.239.198,CAS/EC与ECHA英文名逐条核对,已核对
1498,27,双(异壬酸)镍,Nickel bis(isononanoate),84852-37-9,284-349-6,1,REACH Annex XVII第27项限制对象；Nickel and its compounds。具体限制条件见法规条款：Regulation。,Regulation,,https://eur-lex.europa.eu/legal-content/EN/TXT/?uri=uriserv:OJ.L_.2009.164.01.0007.01.ENG&toc=OJ:L:2009:164:TOC,100.076.653,100.239.198,CAS/EC与ECHA英文名逐条核对,已核对
1499,27,2-乙基己酸异辛酸镍,(2-ethylhexanoato-O)(isooctanoato-O)nickel,84852-38-0,284-350-1,1,REACH Annex XVII第27项限制对象；Nickel and its compounds。具体限制条件见法规条款：Regulation。,Regulation,,https://eur-lex.europa.eu/legal-content/EN/TXT/?uri=uriserv:OJ.L_.2009.164.01.0007.01.ENG&toc=OJ:L:2009:164:TOC,100.076.654,100.239.198,CAS/EC与ECHA英文名逐条核对,已核对
1500,27,2-乙基己酸异癸酸镍,(2-ethylhexanoato-O)(isodecanoato-O)nickel,84852-39-1,284-351-7,1,REACH Annex XVII第27项限制对象；Nickel and its compounds。具体限制条件见法规条款：Regulation。,Regulation,,https://eur-lex.europa.eu/legal-content/EN/TXT/?uri=uriserv:OJ.L_.2009.164.01.0007.01.ENG&toc=OJ:L:2009:164:TOC,100.076.655,100.239.198,CAS/EC与ECHA英文名逐条核对,已核对
1501,27,双(5-氧代-DL-脯氨酸根)镍,"Bis(5-oxo-DL-prolinato-N1,O2)nickel",85026-81-9,285-069-7,1,REACH Annex XVII第27项限制对象；Nickel and its compounds。具体限制条件见法规条款：Regulation。,Regulation,,https://eur-lex.europa.eu/legal-content/EN/TXT/?uri=uriserv:OJ.L_.2009.164.01.0007.01.ENG&toc=OJ:L:2009:164:TOC,100.077.308,100.239.198,CAS/EC与ECHA英文名逐条核对,已核对
1502,27,2-乙基己酸新癸酸镍,(2-ethylhexanoato-O)(neodecanoato-O)nickel,85135-77-9,285-698-7,1,REACH Annex XVII第27项限制对象；Nickel and its compounds。具体限制条件见法规条款：Regulation。,Regulation,,https://eur-lex.europa.eu/legal-content/EN/TXT/?uri=uriserv:OJ.L_.2009.164.01.0007.01.ENG&toc=OJ:L:2009:164:TOC,100.077.880,100.239.198,CAS/EC与ECHA英文名逐条核对,已核对
1503,27,异癸酸异辛酸镍,(isodecanoato-O)(isooctanoato-O)nickel,85166-19-4,285-909-2,1,REACH Annex XVII第27项限制对象；Nickel and its compounds。具体限制条件见法规条款：Regulation。,Regulation,,https://eur-lex.europa.eu/legal-content/EN/TXT/?uri=uriserv:OJ.L_.2009.164.01.0007.01.ENG&toc=OJ:L:2009:164:TOC,100.078.071,100.239.198,CAS/EC与ECHA英文名逐条核对,已核对
1504,27,"双[N-(2,4-二甲氧基苯基)-2,3-双(羟基亚氨基)丁酰胺根]镍","Bis[N-(2,4-dimethoxyphenyl)-2,3-bis(hydroxyimino)butyramidato-N2,N3]nickel",85269-39-2,286-563-5,1,REACH Annex XVII第27项限制对象；Nickel and its compounds。具体限制条件见法规条款：Regulation。,Regulation,,https://eur-lex.europa.eu/legal-content/EN/TXT/?uri=uriserv:OJ.L_.2009.164.01.0007.01.ENG&toc=OJ:L:2009:164:TOC,100.078.666,100.239.198,CAS/EC与ECHA英文名逐条核对,已核对
1505,27,"2,2'-硫代双[4-壬基苯酚]镍配合物","Nickel, 2,2'-thiobis[4-nonylphenol] complexes",85480-75-7,287-356-2,1,REACH Annex XVII第27项限制对象；Nickel and its compounds。具体限制条件见法规条款：Regulation。,Regulation,,https://eur-lex.europa.eu/legal-content/EN/TXT/?uri=uriserv:OJ.L_.2009.164.01.0007.01.ENG&toc=OJ:L:2009:164:TOC,100.079.387,100.239.198,CAS/EC与ECHA英文名逐条核对,已核对
1506,27,异癸酸新癸酸镍,(isodecanoato-O)(neodecanoato-O)nickel,85508-42-5,287-467-6,1,REACH Annex XVII第27项限制对象；Nickel and its compounds。具体限制条件见法规条款：Regulation。,Regulation,,https://eur-lex.europa.eu/legal-content/EN/TXT/?uri=uriserv:OJ.L_.2009.164.01.0007.01.ENG&toc=OJ:L:2009:164:TOC,100.079.488,100.239.198,CAS/EC与ECHA英文名逐条核对,已核对
1507,27,异癸酸镍(II),Nickel(II) isodecanoate,85508-43-6,287-468-1,1,REACH Annex XVII第27项限制对象；Nickel and its compounds。具体限制条件见法规条款：Regulation。,Regulation,,https://eur-lex.europa.eu/legal-content/EN/TXT/?uri=uriserv:OJ.L_.2009.164.01.0007.01.ENG&toc=OJ:L:2009:164:TOC,100.079.489,100.239.198,CAS/EC与ECHA英文名逐条核对,已核对
1508,27,新癸酸镍(II),Nickel(2+) neodecanoate,85508-44-7,287-469-7,1,REACH Annex XVII第27项限制对象；Nickel and its compounds。具体限制条件见法规条款：Regulation。,Regulation,,https://eur-lex.europa.eu/legal-content/EN/TXT/?uri=uriserv:OJ.L_.2009.164.01.0007.01.ENG&toc=OJ:L:2009:164:TOC,100.079.490,100.239.198,CAS/EC与ECHA英文名逐条核对,已核对
1509,27,2-乙基己酸异壬酸镍,(2-ethylhexanoato-O)(isononanoato-O)nickel,85508-45-8,287-470-2,1,REACH Annex XVII第27项限制对象；Nickel and its compounds。具体限制条件见法规条款：Regulation。,Regulation,,https://eur-lex.europa.eu/legal-content/EN/TXT/?uri=uriserv:OJ.L_.2009.164.01.0007.01.ENG&toc=OJ:L:2009:164:TOC,100.079.491,100.239.198,CAS/EC与ECHA英文名逐条核对,已核对
1510,27,异壬酸异辛酸镍,(isononanoato-O)(isooctanoato-O)nickel,85508-46-9,287-471-8,1,REACH Annex XVII第27项限制对象；Nickel and its compounds。具体限制条件见法规条款：Regulation。,Regulation,,https://eur-lex.europa.eu/legal-content/EN/TXT/?uri=uriserv:OJ.L_.2009.164.01.0007.01.ENG&toc=OJ:L:2009:164:TOC,100.079.492,100.239.198,CAS/EC与ECHA英文名逐条核对,已核对
1511,27,异壬酸新癸酸镍,(isononanoato-O)(neodecanoato-O)nickel,85551-28-6,287-592-6,1,REACH Annex XVII第27项限制对象；Nickel and its compounds。具体限制条件见法规条款：Regulation。,Regulation,,https://eur-lex.europa.eu/legal-content/EN/TXT/?uri=uriserv:OJ.L_.2009.164.01.0007.01.ENG&toc=OJ:L:2009:164:TOC,100.079.601,100.239.198,CAS/EC与ECHA英文名逐条核对,已核对
1512,27,异癸酸环烷酸镍络合物,"Nickel, isodecanoate naphthenate complexes",85585-97-3,287-800-5,1,REACH Annex XVII第27项限制对象；Nickel and its compounds。具体限制条件见法规条款：Regulation。,Regulation,,https://eur-lex.europa.eu/legal-content/EN/TXT/?uri=uriserv:OJ.L_.2009.164.01.0007.01.ENG&toc=OJ:L:2009:164:TOC,100.079.791,100.239.198,CAS/EC与ECHA英文名逐条核对,已核对
1513,27,异壬酸环烷酸镍络合物,"Nickel, isononanoate naphthenate complexes",85585-98-4,287-801-0,1,REACH Annex XVII第27项限制对象；Nickel and its compounds。具体限制条件见法规条款：Regulation。,Regulation,,https://eur-lex.europa.eu/legal-content/EN/TXT/?uri=uriserv:OJ.L_.2009.164.01.0007.01.ENG&toc=OJ:L:2009:164:TOC,100.079.792,100.239.198,CAS/EC与ECHA英文名逐条核对,已核对
1514,27,环烷酸新癸酸镍络合物,"Nickel, naphthenate neodecanoate complexes",85585-99-5,287-802-6,1,REACH Annex XVII第27项限制对象；Nickel and its compounds。具体限制条件见法规条款：Regulation。,Regulation,,https://eur-lex.europa.eu/legal-content/EN/TXT/?uri=uriserv:OJ.L_.2009.164.01.0007.01.ENG&toc=OJ:L:2009:164:TOC,100.079.793,100.239.198,CAS/EC与ECHA英文名逐条核对,已核对
1515,27,"双(1H-1,2,4-三唑-3-磺酸根-N2,O3)镍","Bis(1H-1,2,4-triazole-3-sulphonato-N2,O3)nickel",85586-46-5,287-849-2,1,REACH Annex XVII第27项限制对象；Nickel and its compounds。具体限制条件见法规条款：Regulation。,Regulation,,https://eur-lex.europa.eu/legal-content/EN/TXT/?uri=uriserv:OJ.L_.2009.164.01.0007.01.ENG&toc=OJ:L:2009:164:TOC,100.079.836,100.239.198,CAS/EC与ECHA英文名逐条核对,已核对
1516,27,"[3-[1-氰基-2-(甲氨基)-2-氧代亚乙基]-2,3-二氢-1H-异吲哚-1-亚基酰肼合(2-)]镍","[[3-[1-cyano-2-(methylamino)-2-oxoethylidene]-2,3-dihydro-1H-isoindol-1-ylidene](salicylic)hydrazidato(2-)]nickel",85958-80-1,288-967-7,1,REACH Annex XVII第27项限制对象；Nickel and its compounds。具体限制条件见法规条款：Regulation。,Regulation,,https://eur-lex.europa.eu/legal-content/EN/TXT/?uri=uriserv:OJ.L_.2009.164.01.0007.01.ENG&toc=OJ:L:2009:164:TOC,100.080.850,100.239.198,CAS/EC与ECHA英文名逐条核对,已核对
1517,27,乙酸碳酸镍-C8-10支链脂肪酸-C9-11新脂肪酸络合物,"Nickel, acetate carbonate C8-10-branched fatty acids C9-11-neofatty acids complexes",90459-30-6,291-673-1,1,REACH Annex XVII第27项限制对象；Nickel and its compounds。具体限制条件见法规条款：Regulation。,Regulation,,https://eur-lex.europa.eu/legal-content/EN/TXT/?uri=uriserv:OJ.L_.2009.164.01.0007.01.ENG&toc=OJ:L:2009:164:TOC,100.083.307,100.239.198,CAS/EC与ECHA英文名逐条核对,已核对
1518,27,硼酸镍-C8-10支链羧酸盐络合物,"Nickel, borate C8-10-branched carboxylate complexes",90459-31-7,291-674-7,1,REACH Annex XVII第27项限制对象；Nickel and its compounds。具体限制条件见法规条款：Regulation。,Regulation,,https://eur-lex.europa.eu/legal-content/EN/TXT/?uri=uriserv:OJ.L_.2009.164.01.0007.01.ENG&toc=OJ:L:2009:164:TOC,100.083.308,100.239.198,CAS/EC与ECHA英文名逐条核对,已核对
1519,27,镍-C5-C23支链羧酸盐-辛酸盐络合物,"Nickel, C5-C23-branched carboxylate octanoate complexes",90459-32-8,291-675-2,1,REACH Annex XVII第27项限制对象；Nickel and its compounds。具体限制条件见法规条款：Regulation。,Regulation,,https://eur-lex.europa.eu/legal-content/EN/TXT/?uri=uriserv:OJ.L_.2009.164.01.0007.01.ENG&toc=OJ:L:2009:164:TOC,100.083.309,100.239.198,CAS/EC与ECHA英文名逐条核对,已核对
1520,27,异辛酸环烷酸镍络合物,"Nickel, isooctanoate naphthenate complexes",90459-33-9,291-676-8,1,REACH Annex XVII第27项限制对象；Nickel and its compounds。具体限制条件见法规条款：Regulation。,Regulation,,https://eur-lex.europa.eu/legal-content/EN/TXT/?uri=uriserv:OJ.L_.2009.164.01.0007.01.ENG&toc=OJ:L:2009:164:TOC,100.083.310,100.239.198,CAS/EC与ECHA英文名逐条核对,已核对
1521,27,"乙酰丙酮-6-甲基-2,4-庚二酮镍络合物","Nickel, acetylacetone 6-methyl-2,4-heptanedione complexes",90459-34-0,291-677-3,1,REACH Annex XVII第27项限制对象；Nickel and its compounds。具体限制条件见法规条款：Regulation。,Regulation,,https://eur-lex.europa.eu/legal-content/EN/TXT/?uri=uriserv:OJ.L_.2009.164.01.0007.01.ENG&toc=OJ:L:2009:164:TOC,100.083.311,100.239.198,CAS/EC与ECHA英文名逐条核对,已核对
1522,27,"[[3-[(5-氯-2,6-二氟-4-嘧啶基)氨基]苯基]氨基]磺酰基磺基酞菁镍衍生物钠盐","Nickel, [29H,31H-phthalocyaninato(2-)-N29,N30,N31,N32]-, [[3-[(5-chloro-2,6-difluoro-4-pyrimidinyl)amino]phenyl]amino]sulfonyl sulfo derivs., sodium salts",90459-35-1,291-678-9,1,REACH Annex XVII第27项限制对象；Nickel and its compounds。具体限制条件见法规条款：Regulation。,Regulation,,https://eur-lex.europa.eu/legal-content/EN/TXT/?uri=uriserv:OJ.L_.2009.164.01.0007.01.ENG&toc=OJ:L:2009:164:TOC,100.083.312,100.239.198,CAS/EC与ECHA英文名逐条核对,已核对
1523,27,"双[[[3-[[4,5-二氢-3-甲基-5-氧代-1-[4-[[2-(磺氧基)乙基]磺酰基]苯基]-1H-吡唑-4-基]偶氮]苯基]氨基]磺酰基]酞菁二磺酸合镍酸钠","Nickelate(4-), [bis[[[3-[[4,5-dihydro-3-methyl-5-oxo-1-[4-[[2-(sulfooxy)ethyl]sulfonyl]phenyl]-1H-pyrazol-4-yl]azo]phenyl]amino]sulfonyl]-29H,31H-phthalocyaninedisulfonato(6-)-N29,N30,N31,N32]-, sodium",90459-36-2,291-679-4,1,REACH Annex XVII第27项限制对象；Nickel and its compounds。具体限制条件见法规条款：Regulation。,Regulation,,https://eur-lex.europa.eu/legal-content/EN/TXT/?uri=uriserv:OJ.L_.2009.164.01.0007.01.ENG&toc=OJ:L:2009:164:TOC,100.083.313,100.239.198,CAS/EC与ECHA英文名逐条核对,已核对
1524,27,铬镍钢制造废固体,"Waste solids, chromium-nickel steel manuf.",91082-81-4,293-796-6,1,"By-product from refined steel manufacture containing C, Cr, Fe and Ni (as Cr-Ni-grindings) and Cr2O3, FeO, MnO, NiO and SiO2 (as burned slag).",Regulation,,https://eur-lex.europa.eu/legal-content/EN/TXT/?uri=uriserv:OJ.L_.2009.164.01.0007.01.ENG&toc=OJ:L:2009:164:TOC,100.085.236,100.239.198,CAS/EC与ECHA英文名逐条核对,已核对
1525,27,镍制造废固体,"Waste solids, nickel-manuf.",91082-84-7,293-799-2,1,"By-product from nickel production containing NiO, SiO2, CuO, and MnO and sulfur.",Regulation,,https://eur-lex.europa.eu/legal-content/EN/TXT/?uri=uriserv:OJ.L_.2009.164.01.0007.01.ENG&toc=OJ:L:2009:164:TOC,100.085.239,100.239.198,CAS/EC与ECHA英文名逐条核对,已核对
1526,27,C6-19支链脂肪酸镍盐,"Fatty acids, C6-19-branched, nickel salts",91697-41-5,294-302-1,1,REACH Annex XVII第27项限制对象；Nickel and its compounds。具体限制条件见法规条款：Regulation。,Regulation,,https://eur-lex.europa.eu/legal-content/EN/TXT/?uri=uriserv:OJ.L_.2009.164.01.0007.01.ENG&toc=OJ:L:2009:164:TOC,100.085.694,100.239.198,CAS/EC与ECHA英文名逐条核对,已核对
1527,27,C5-23支链羧酸盐环烷酸镍络合物,"Nickel, C5-23-branched carboxylate naphthenate complexes",92200-98-1,295-925-1,1,REACH Annex XVII第27项限制对象；Nickel and its compounds。具体限制条件见法规条款：Regulation。,Regulation,,https://eur-lex.europa.eu/legal-content/EN/TXT/?uri=uriserv:OJ.L_.2009.164.01.0007.01.ENG&toc=OJ:L:2009:164:TOC,100.087.165,100.239.198,CAS/EC与ECHA英文名逐条核对,已核对
1528,27,C5-25支链羧酸盐环烷酸盐辛酸盐镍络合物,"Nickel, C5-25-branched carboxylate naphthenate octanoate complexes",92200-99-2,295-926-7,1,REACH Annex XVII第27项限制对象；Nickel and its compounds。具体限制条件见法规条款：Regulation。,Regulation,,https://eur-lex.europa.eu/legal-content/EN/TXT/?uri=uriserv:OJ.L_.2009.164.01.0007.01.ENG&toc=OJ:L:2009:164:TOC,100.087.166,100.239.198,CAS/EC与ECHA英文名逐条核对,已核对
1529,27,硼酸盐新癸酸盐镍络合物,"Nickel, borate neodecanoate complexes",92502-55-1,296-343-0,1,REACH Annex XVII第27项限制对象；Nickel and its compounds。具体限制条件见法规条款：Regulation。,Regulation,,https://eur-lex.europa.eu/legal-content/EN/TXT/?uri=uriserv:OJ.L_.2009.164.01.0007.01.ENG&toc=OJ:L:2009:164:TOC,100.087.545,100.239.198,CAS/EC与ECHA英文名逐条核对,已核对
1530,27,C5-23支链羧酸盐-C4-10脂肪酸盐-环烷酸盐镍络合物,"Nickel, C5-23-branched carboxylate C4-10-fatty acids naphthenate complexes",93573-14-9,297-548-8,1,REACH Annex XVII第27项限制对象；Nickel and its compounds。具体限制条件见法规条款：Regulation。,Regulation,,https://eur-lex.europa.eu/legal-content/EN/TXT/?uri=uriserv:OJ.L_.2009.164.01.0007.01.ENG&toc=OJ:L:2009:164:TOC,100.088.640,100.239.198,CAS/EC与ECHA英文名逐条核对,已核对
1531,27,C4-10脂肪酸盐环烷酸盐镍络合物,"Nickel, C4-10 fatty acids naphthenate complexes",93573-15-0,297-549-3,1,REACH Annex XVII第27项限制对象；Nickel and its compounds。具体限制条件见法规条款：Regulation。,Regulation,,https://eur-lex.europa.eu/legal-content/EN/TXT/?uri=uriserv:OJ.L_.2009.164.01.0007.01.ENG&toc=OJ:L:2009:164:TOC,100.088.641,100.239.198,CAS/EC与ECHA英文名逐条核对,已核对
1532,27,C4-10脂肪酸盐辛酸盐镍络合物,"Nickel, C4-10 fatty acids octanoate complexes",93573-16-1,297-550-9,1,REACH Annex XVII第27项限制对象；Nickel and its compounds。具体限制条件见法规条款：Regulation。,Regulation,,https://eur-lex.europa.eu/legal-content/EN/TXT/?uri=uriserv:OJ.L_.2009.164.01.0007.01.ENG&toc=OJ:L:2009:164:TOC,100.088.642,100.239.198,CAS/EC与ECHA英文名逐条核对,已核对
1533,27,氯磺酰基酞菁镍衍生物与2-[(4-氨基苯基)磺酰基]乙基硫酸氢酯单钠盐的反应产物钾钠盐与吡啶的化合物,"Nickel, [29H,31H-phthalocyaninato(2-)-N29,N30,N31,N32]-, chlorosulfonyl derivs., reaction products with 2-[(4-aminophenyl)sulfonyl]ethyl hydrogen sulfate monosodium salt, potassium sodium salts, compds. with pyridine",93573-17-2,297-551-4,1,REACH Annex XVII第27项限制对象；Nickel and its compounds。具体限制条件见法规条款：Regulation。,Regulation,,https://eur-lex.europa.eu/legal-content/EN/TXT/?uri=uriserv:OJ.L_.2009.164.01.0007.01.ENG&toc=OJ:L:2009:164:TOC,100.088.643,100.239.198,CAS/EC与ECHA英文名逐条核对,已核对
1534,27,C5-23支链羧酸盐-C4-10脂肪酸盐镍络合物,"Nickel, C5-23-branched carboxylate C4-10 fatty acids complexes",93762-59-5,297-774-7,1,REACH Annex XVII第27项限制对象；Nickel and its compounds。具体限制条件见法规条款：Regulation。,Regulation,,https://eur-lex.europa.eu/legal-content/EN/TXT/?uri=uriserv:OJ.L_.2009.164.01.0007.01.ENG&toc=OJ:L:2009:164:TOC,100.088.843,100.239.198,CAS/EC与ECHA英文名逐条核对,已核对
1535,27,"六钠[4-[[5-[[(3,6-二氯-4-哒嗪基)羰基]氨基]-2-磺基苯基]偶氮]-4,5-二氢-5-氧代-1-[2-磺基-5-[[(三磺基酞菁基)磺酰基]氨基]苯基]-1H-吡唑-3-羧酸合镍酸盐","Nickelate(6-), [4-[[5-[[(3,6-dichloro-4-pyridazinyl)carbonyl]amino]-2-sulfophenyl]azo]-4,5-dihydro-5-oxo-1-[2-sulfo-5-[[(trisulfo-29H,31H-phthalocyaninyl)sulfonyl]amino]phenyl]-1H-pyrazole-3-carboxylato(8-)-N29,N30,N31,N32]-, hexasodium",93891-86-2,299-467-3,1,REACH Annex XVII第27项限制对象；Nickel and its compounds。具体限制条件见法规条款：Regulation。,Regulation,,https://eur-lex.europa.eu/legal-content/EN/TXT/?uri=uriserv:OJ.L_.2009.164.01.0007.01.ENG&toc=OJ:L:2009:164:TOC,100.090.382,100.239.198,CAS/EC与ECHA英文名逐条核对,已核对
1536,27,新壬酸新十一酸镍,(neononanoato-O)(neoundecanoato-O)nickel,93920-08-2,300-092-5,1,REACH Annex XVII第27项限制对象；Nickel and its compounds。具体限制条件见法规条款：Regulation。,Regulation,,https://eur-lex.europa.eu/legal-content/EN/TXT/?uri=uriserv:OJ.L_.2009.164.01.0007.01.ENG&toc=OJ:L:2009:164:TOC,100.090.950,100.239.198,CAS/EC与ECHA英文名逐条核对,已核对
1537,27,新十一酸镍(II),Nickel(2+) neoundecanoate,93920-09-3,300-093-0,1,REACH Annex XVII第27项限制对象；Nickel and its compounds。具体限制条件见法规条款：Regulation。,Regulation,,https://eur-lex.europa.eu/legal-content/EN/TXT/?uri=uriserv:OJ.L_.2009.164.01.0007.01.ENG&toc=OJ:L:2009:164:TOC,100.090.951,100.239.198,CAS/EC与ECHA英文名逐条核对,已核对
1538,27,新壬酸镍(II),Nickel(2+) neononanoate,93920-10-6,300-094-6,1,REACH Annex XVII第27项限制对象；Nickel and its compounds。具体限制条件见法规条款：Regulation。,Regulation,,https://eur-lex.europa.eu/legal-content/EN/TXT/?uri=uriserv:OJ.L_.2009.164.01.0007.01.ENG&toc=OJ:L:2009:164:TOC,100.090.952,100.239.198,CAS/EC与ECHA英文名逐条核对,已核对
1539,27,四钠[[[(3-氨基-4-磺基苯基)氨基]磺酰基]酞菁三磺酸合镍酸盐,"Tetrasodium [[[(3-amino-4-sulphophenyl)amino]sulphonyl]-29H,31H-phthalocyaninetrisulphonato(6-)-N29,N30,N31,N32]nickelate(4-)",93939-76-5,300-365-9,1,REACH Annex XVII第27项限制对象；Nickel and its compounds。具体限制条件见法规条款：Regulation。,Regulation,,https://eur-lex.europa.eu/legal-content/EN/TXT/?uri=uriserv:OJ.L_.2009.164.01.0007.01.ENG&toc=OJ:L:2009:164:TOC,100.091.199,100.239.198,CAS/EC与ECHA英文名逐条核对,已核对
1540,27,二甲基己酸镍,"Dimethylhexanoic acid, nickel salt",93983-68-7,301-323-2,1,REACH Annex XVII第27项限制对象；Nickel and its compounds。具体限制条件见法规条款：Regulation。,Regulation,,https://eur-lex.europa.eu/legal-content/EN/TXT/?uri=uriserv:OJ.L_.2009.164.01.0007.01.ENG&toc=OJ:L:2009:164:TOC,100.092.070,100.239.198,CAS/EC与ECHA英文名逐条核对,已核对
1541,27,"双[2-羟基丙烷-1,2,3-三羧酸根]合钴二镍","Cobalt(2+) dinickel(2+) bis[2-hydroxypropane-1,2,3-tricarboxylate]",94232-44-7,303-972-7,1,REACH Annex XVII第27项限制对象；Nickel and its compounds。具体限制条件见法规条款：Regulation。,Regulation,,https://eur-lex.europa.eu/legal-content/EN/TXT/?uri=uriserv:OJ.L_.2009.164.01.0007.01.ENG&toc=OJ:L:2009:164:TOC,100.094.477,100.239.198,CAS/EC与ECHA英文名逐条核对,已核对
1542,27,"双[2-羟基丙烷-1,2,3-三羧酸根]合二钴镍","Dicobalt(2+) nickel(2+) bis[2-hydroxypropane-1,2,3-tricarboxylate]",94232-84-5,304-013-5,1,REACH Annex XVII第27项限制对象；Nickel and its compounds。具体限制条件见法规条款：Regulation。,Regulation,,https://eur-lex.europa.eu/legal-content/EN/TXT/?uri=uriserv:OJ.L_.2009.164.01.0007.01.ENG&toc=OJ:L:2009:164:TOC,100.094.514,100.239.198,CAS/EC与ECHA英文名逐条核对,已核对
1543,27,甲基丙烯酸镍,Nickel methacrylate,94275-78-2,304-466-9,1,REACH Annex XVII第27项限制对象；Nickel and its compounds。具体限制条件见法规条款：Regulation。,Regulation,,https://eur-lex.europa.eu/legal-content/EN/TXT/?uri=uriserv:OJ.L_.2009.164.01.0007.01.ENG&toc=OJ:L:2009:164:TOC,100.094.927,100.239.198,CAS/EC与ECHA英文名逐条核对,已核对
1544,27,氯磺酰基酞菁镍衍生物与2-[(4-氨基苯基)磺酰基]乙基硫酸氢酯单钠盐的反应产物钾盐,"Nickel, [29H,31H-phthalocyaninato(2-)-N29,N30,N31,N32]-, chlorosulfonyl derivs., reaction products with 2-[(4-aminophenyl)sulfonyl]ethyl hydrogen sulfate monosodium salt, potassium salts",94891-42-6,305-643-3,1,REACH Annex XVII第27项限制对象；Nickel and its compounds。具体限制条件见法规条款：Regulation。,Regulation,,https://eur-lex.europa.eu/legal-content/EN/TXT/?uri=uriserv:OJ.L_.2009.164.01.0007.01.ENG&toc=OJ:L:2009:164:TOC,100.095.997,100.239.198,CAS/EC与ECHA英文名逐条核对,已核对
1545,27,氯磺酰基酞菁镍衍生物与2-[(4-氨基苯基)磺酰基]乙基硫酸氢酯单钠盐的反应产物钠盐,"Nickel, [29H,31H-phthalocyaninato(2-)-N29,N30,N31,N32]-, chlorosulfonyl derivs., reaction products with 2-[(4-aminophenyl)sulfonyl]ethyl hydrogen sulfate monosodium salt, sodium salts",94891-43-7,305-644-9,1,REACH Annex XVII第27项限制对象；Nickel and its compounds。具体限制条件见法规条款：Regulation。,Regulation,,https://eur-lex.europa.eu/legal-content/EN/TXT/?uri=uriserv:OJ.L_.2009.164.01.0007.01.ENG&toc=OJ:L:2009:164:TOC,100.095.998,100.239.198,CAS/EC与ECHA英文名逐条核对,已核对
1546,27,钴镍锌灰色尖晶石,"Spinels, cobalt nickel zinc grey",95046-47-2,305-835-7,1,REACH Annex XVII第27项限制对象；Nickel and its compounds。具体限制条件见法规条款：Regulation。,Regulation,,https://eur-lex.europa.eu/legal-content/EN/TXT/?uri=uriserv:OJ.L_.2009.164.01.0007.01.ENG&toc=OJ:L:2009:164:TOC,100.096.170,100.239.198,CAS/EC与ECHA英文名逐条核对,已核对
1547,27,四钠[双[[[4-[[2-(磺氧基)乙基]磺酰基]苯基]氨基]磺酰基]酞菁二磺酸合镍酸盐,"Tetrasodium [bis[[[4-[[2-(sulphooxy)ethyl]sulphonyl]phenyl]amino]sulphonyl]-29H,31H-phthalocyaninedisulphonato(6)-N29,N30,N31,N32]nickelate(4-)",97280-68-7,306-462-2,1,REACH Annex XVII第27项限制对象；Nickel and its compounds。具体限制条件见法规条款：Regulation。,Regulation,,https://eur-lex.europa.eu/legal-content/EN/TXT/?uri=uriserv:OJ.L_.2009.164.01.0007.01.ENG&toc=OJ:L:2009:164:TOC,100.096.737,100.239.198,CAS/EC与ECHA英文名逐条核对,已核对
1548,27,"[[N,N',N''-[酞菁三基三(磺酰亚氨基-3,1-亚苯基)]三[3-氧代丁酰胺合]]镍","[[N,N',N''-[29H,31H-phthalocyaninetriyltris(sulphonylimino-3,1-phenylene)]tris[3-oxobutyramidato]](2-)-N29,N30,N31,N32]nickel",97404-21-2,306-784-3,1,REACH Annex XVII第27项限制对象；Nickel and its compounds。具体限制条件见法规条款：Regulation。,Regulation,,https://eur-lex.europa.eu/legal-content/EN/TXT/?uri=uriserv:OJ.L_.2009.164.01.0007.01.ENG&toc=OJ:L:2009:164:TOC,100.097.031,100.239.198,CAS/EC与ECHA英文名逐条核对,已核对
1549,27,"[[N,N',N'',N'''-[酞菁四基四(磺酰亚氨基-3,1-亚苯基)]四[3-氧代丁酰胺合]]镍","[[N,N',N'',N'''-[29H,31H-phthalocyaninetetrayltetrakis(sulphonylimino-3,1-phenylene)]tetrakis[3-oxobutyramidato]](2-)-N29,N30,N31,N32]nickel",97404-22-3,306-785-9,1,REACH Annex XVII第27项限制对象；Nickel and its compounds。具体限制条件见法规条款：Regulation。,Regulation,,https://eur-lex.europa.eu/legal-content/EN/TXT/?uri=uriserv:OJ.L_.2009.164.01.0007.01.ENG&toc=OJ:L:2009:164:TOC,100.097.032,100.239.198,CAS/EC与ECHA英文名逐条核对,已核对
1550,27,四氧化二铁镍锌,Diiron nickel zinc tetraoxide,97435-21-7,306-902-3,1,REACH Annex XVII第27项限制对象；Nickel and its compounds。具体限制条件见法规条款：Regulation。,Regulation,,https://eur-lex.europa.eu/legal-content/EN/TXT/?uri=uriserv:OJ.L_.2009.164.01.0007.01.ENG&toc=OJ:L:2009:164:TOC,100.097.138,100.239.198,CAS/EC与ECHA英文名逐条核对,已核对
1551,27,双(8-羟基喹啉合)铜与C8-10支链脂肪酸、叔癸酸、二乙酸镍(II)、碳酸镍(II)(1:1)和氢氧化镍的反应产物,"Copper, bis(8-quinolinolato-N1,O8)-, reaction products with C8-10-branched fatty acids, tert-decanoic acid, nickel(2+) diacetate, nickel(2+) carbonate (1:1) and nickel hydroxide (Ni(OH)2)",97660-42-9,307-554-5,1,REACH Annex XVII第27项限制对象；Nickel and its compounds。具体限制条件见法规条款：Regulation。,Regulation,,https://eur-lex.europa.eu/legal-content/EN/TXT/?uri=uriserv:OJ.L_.2009.164.01.0007.01.ENG&toc=OJ:L:2009:164:TOC,100.097.730,100.239.198,CAS/EC与ECHA英文名逐条核对,已核对
1552,27,含铅镍砷锑合金渣,"Speiss, lead, nickel-contg.",98246-91-4,308-765-5,1,Product obtained and separated during the melting of nickel and other non-ferrous metals containing raw materials. Consists primarily of antimonides and arsenides of copper and nickel.,Regulation,,https://eur-lex.europa.eu/legal-content/EN/TXT/?uri=uriserv:OJ.L_.2009.164.01.0007.01.ENG&toc=OJ:L:2009:164:TOC,100.098.823,100.239.198,CAS/EC与ECHA英文名逐条核对,已核对
1553,27,四氯合镍酸(II)二铵,Diammonium tetrachloronickelate(2-),99587-11-8,308-989-3,1,REACH Annex XVII第27项限制对象；Nickel and its compounds。具体限制条件见法规条款：Regulation。,Regulation,,https://eur-lex.europa.eu/legal-content/EN/TXT/?uri=uriserv:OJ.L_.2009.164.01.0007.01.ENG&toc=OJ:L:2009:164:TOC,100.099.027,100.239.198,CAS/EC与ECHA英文名逐条核对,已核对
1554,27,钴锰镍灰色锡石,"Cassiterite, cobalt manganese nickel grey",99749-23-2,309-018-6,1,REACH Annex XVII第27项限制对象；Nickel and its compounds。具体限制条件见法规条款：Regulation。,Regulation,,https://eur-lex.europa.eu/legal-content/EN/TXT/?uri=uriserv:OJ.L_.2009.164.01.0007.01.ENG&toc=OJ:L:2009:164:TOC,100.099.052,100.239.198,CAS/EC与ECHA英文名逐条核对,已核对
1555,27,铜-铁-铅-镍锍硫酸不溶性残渣,"Residues, copper-iron-lead-nickel matte, sulfuric acid-insol.",102110-49-6,310-050-8,1,REACH Annex XVII第27项限制对象；Nickel and its compounds。具体限制条件见法规条款：Regulation。,Regulation,,https://eur-lex.europa.eu/legal-content/EN/TXT/?uri=uriserv:OJ.L_.2009.164.01.0007.01.ENG&toc=OJ:L:2009:164:TOC,100.099.979,100.239.198,CAS/EC与ECHA英文名逐条核对,已核对
1556,27,"[2,2'-[1,2-亚苯基双(次氮基亚甲基)]双(酚根)]合镍(II)","[2,2'-[1,2-phenylenebis(nitrilomethylidyne)]-bis(phenolato)]-N,N',O,O'-nickel(II)",14406-71-4,400-870-5,1,BRUN JAUNE ESTOFIL S-3RL; BRUNO GIALLO ESTOFIL S-3RL,Regulation,,https://eur-lex.europa.eu/legal-content/EN/TXT/?uri=uriserv:OJ.L_.2009.164.01.0007.01.ENG&toc=OJ:L:2009:164:TOC,100.100.285,100.239.198,CAS/EC与ECHA英文名逐条核对,已核对
1557,27,"四钠[c-(3-(1-(3-(6-二氯-5-氰基嘧啶基(甲基)氨基)丙基)-1,6-二氢-2-羟基-4-甲基-6-氧代-3-吡啶基偶氮)-4-磺酸基苯基氨磺酰基)酞菁-a,b,d-三磺酸合镍(II)酸盐","Tetrasodium (c-(3-(1-(3-(e-6-dichloro-5-cyanopyrimidin-f-yl(methyl)amino)propyl)-1,6-dihydro-2-hydroxy-4-methyl-6-oxo-3-pyridylazo)-4-sulfonatophenylsulfamoyl)phthalocyanine-a,b,d-trisulfonato(6-))nickelato II, where a is 1 or 2 or 3 or 4,b is 8 or 9 or 10 or 11,c is 15 or 16 or 17 or 18, d is 22 or 23 or 24 or 25 and where e and f together are 2 and 4 or 4and 2 respectively",148732-74-5,410-160-7,1,BRILLANTGREEN K-RWA 6083; BRILLIANT GREEN K-RWA 6083,Regulation,,https://eur-lex.europa.eu/legal-content/EN/TXT/?uri=uriserv:OJ.L_.2009.164.01.0007.01.ENG&toc=OJ:L:2009:164:TOC,100.100.979,100.239.198,CAS/EC与ECHA英文名逐条核对,已核对
1558,27,"六钠双N-(3-(4-[5-(5-氨基-3-甲基-1-苯基吡唑-4-基偶氮)-2,4-二磺基苯胺基]-6-氯-1,3,5-三嗪-2-基氨基)苯基)氨磺酰基 酞菁合镍酸盐","Hexasodium (di-[N-(3-(4-[5-(5-amino-3-methyl-1-phenylpyrazol-4-yl-azo)-2,4-disulfo-anilino]-6-chloro-1,3,5-triazin-2-ylamino)phenyl)-sulfamoyl](di-sulfo)-phthalocyaninato)nickel",151436-99-6,417-250-5,1,PROCION EMERALD H-EXL COLOUR; SUBSTANCE S156718,Regulation,,https://eur-lex.europa.eu/legal-content/EN/TXT/?uri=uriserv:OJ.L_.2009.164.01.0007.01.ENG&toc=OJ:L:2009:164:TOC,100.101.612,100.239.198,CAS/EC与ECHA英文名逐条核对,已核对
1559,27,"双[3-羧基-5-[(E)-2-(7-氧基-2,6-二磺酸基萘-1-基)二氮烯-1-基]-1H-1,2,4-三唑-1-负离子]合二镍钠","dinickel(2+) sodium bis(3-carboxy-5-[(E)-2-(7-oxido-2,6-disulfonaphthalen-1-yl)diazen-1-yl]-1H-1,2,4-triazol-1-ide)",738587-10-5,443-510-2,1,REACH Annex XVII第27项限制对象；Nickel and its compounds。具体限制条件见法规条款：Regulation。,Regulation,,https://eur-lex.europa.eu/legal-content/EN/TXT/?uri=uriserv:OJ.L_.2009.164.01.0007.01.ENG&toc=OJ:L:2009:164:TOC,100.103.899,100.239.198,CAS/EC与ECHA英文名逐条核对,已核对
1560,27,镍钛化合物(1:1),"Nickel, compound with Titanium (1:1)",52013-44-2,610-765-8,1,REACH Annex XVII第27项限制对象；Nickel and its compounds。具体限制条件见法规条款：Regulation。,Regulation,,https://eur-lex.europa.eu/legal-content/EN/TXT/?uri=uriserv:OJ.L_.2009.164.01.0007.01.ENG&toc=OJ:L:2009:164:TOC,100.106.936,100.239.198,CAS/EC与ECHA英文名逐条核对,已核对
1561,27,氟化镍四水合物,"Nickel fluoride (NiF2), tetrahydrate",13940-83-5,604-130-4,1,REACH Annex XVII第27项限制对象；Nickel and its compounds。具体限制条件见法规条款：Regulation。,Regulation,,https://eur-lex.europa.eu/legal-content/EN/TXT/?uri=uriserv:OJ.L_.2009.164.01.0007.01.ENG&toc=OJ:L:2009:164:TOC,100.111.328,100.239.198,CAS/EC与ECHA英文名逐条核对,已核对
1562,27,[[3-[(5-氯-6-氟-4-嘧啶基)氨基]苯基]氨基]磺酰基磺基酞菁镍衍生物钠盐,"Nickel, [29H,31H-phthalocyaninato(2-)-[?]N29,[?]N30,[?]N31,[?]N32]-, [[3-[(5-chloro-6-fluoro-4-pyrimidinyl)amino]phenyl]amino]sulfonyl sulfo derivs., sodium salts",134737-17-0,603-857-4,1,REACH Annex XVII第27项限制对象；Nickel and its compounds。具体限制条件见法规条款：Regulation。,Regulation,,https://eur-lex.europa.eu/legal-content/EN/TXT/?uri=uriserv:OJ.L_.2009.164.01.0007.01.ENG&toc=OJ:L:2009:164:TOC,100.119.101,100.239.198,CAS/EC与ECHA英文名逐条核对,已核对
1563,27,"[6,8,16,18-四氯-1,11-双(2-呋喃甲基)-1,10,11,20-四氢二苯并[c,j]二吡唑并[3,4-f:3',4'-m][1,2,5,8,9,12]六氮杂环十四烯合]镍","Nickel, [6,8,16,18-tetrachloro-1,11-bis(2-furanylmethyl)-1,10,11,20-tetrahydrodibenzo[c,j]dipyrazolo[3,4-f:3',4'-m][1,2,5,8,9,12]hexaazacyclotetradecinato(2-)-N5,N10,N15,N20]-",79745-01-0,616-726-1,1,REACH Annex XVII第27项限制对象；Nickel and its compounds。具体限制条件见法规条款：Regulation。,Regulation,,https://eur-lex.europa.eu/legal-content/EN/TXT/?uri=uriserv:OJ.L_.2009.164.01.0007.01.ENG&toc=OJ:L:2009:164:TOC,100.122.722,100.239.198,CAS/EC与ECHA英文名逐条核对,已核对
1564,27,氢化镍,Nickel hydride (NiH),14332-32-2,604-345-3,1,REACH Annex XVII第27项限制对象；Nickel and its compounds。具体限制条件见法规条款：Regulation。,Regulation,,https://eur-lex.europa.eu/legal-content/EN/TXT/?uri=uriserv:OJ.L_.2009.164.01.0007.01.ENG&toc=OJ:L:2009:164:TOC,100.126.249,100.239.198,CAS/EC与ECHA英文名逐条核对,已核对
1565,27,锂镍锰钴氧化物,Lithium Nickel Manganese Cobalt Oxide,346417-97-8,620-032-4,1,REACH Annex XVII第27项限制对象；Nickel and its compounds。具体限制条件见法规条款：Regulation。,Regulation,,https://eur-lex.europa.eu/legal-content/EN/TXT/?uri=uriserv:OJ.L_.2009.164.01.0007.01.ENG&toc=OJ:L:2009:164:TOC,100.128.051,100.239.198,CAS/EC与ECHA英文名逐条核对,已核对
1566,27,磺基[[4-[[2-(磺氧基)乙基]磺酰基]苯基]氨基]磺酰基酞菁镍衍生物钠盐,"Nickel, [29H,31H-phthalocyaninato(2-)-[?]N29,[?]N30,[?]N31,[?]N32]-, sulfo [[4-[[2-(sulfooxy)ethyl]sulfonyl]phenyl]amino]sulfonyl derivs., sodium salts",131866-99-4,603-528-5,1,REACH Annex XVII第27项限制对象；Nickel and its compounds。具体限制条件见法规条款：Regulation。,Regulation,,https://eur-lex.europa.eu/legal-content/EN/TXT/?uri=uriserv:OJ.L_.2009.164.01.0007.01.ENG&toc=OJ:L:2009:164:TOC,100.128.129,100.239.198,CAS/EC与ECHA英文名逐条核对,已核对
1567,27,次磷酸镍(II)六水合物,"Phosphinic acid, nickel(2+) salt, hexahydrate",13477-97-9,603-867-9,1,REACH Annex XVII第27项限制对象；Nickel and its compounds。具体限制条件见法规条款：Regulation。,Regulation,,https://eur-lex.europa.eu/legal-content/EN/TXT/?uri=uriserv:OJ.L_.2009.164.01.0007.01.ENG&toc=OJ:L:2009:164:TOC,100.130.358,100.239.198,CAS/EC与ECHA英文名逐条核对,已核对
1568,27,"二氯[1,1'-(1,3-丙二基)双(1,1-二苯基膦)]合镍","Nickel, dichloro[1,1'-(1,3-propanediyl)bis[1,1-diphenylphosphine-[?]P]]-",15629-92-2,605-052-3,1,REACH Annex XVII第27项限制对象；Nickel and its compounds。具体限制条件见法规条款：Regulation。,Regulation,,https://eur-lex.europa.eu/legal-content/EN/TXT/?uri=uriserv:OJ.L_.2009.164.01.0007.01.ENG&toc=OJ:L:2009:164:TOC,100.132.628,100.239.198,CAS/EC与ECHA英文名逐条核对,已核对
1569,27,磷酸钙镍盐,"phosphoric acid, calcium nickel salt",17169-61-8,法规组级：无单一CAS/EC,1,REACH Annex XVII第27项限制对象；Nickel and its compounds。具体限制条件见法规条款：Regulation。,Regulation,,https://eur-lex.europa.eu/legal-content/EN/TXT/?uri=uriserv:OJ.L_.2009.164.01.0007.01.ENG&toc=OJ:L:2009:164:TOC,100.149.184,100.239.198,CAS/EC与ECHA英文名逐条核对,已核对
1570,27,焦磷酸镍(II),"Diphosphoric acid, nickel(2+) salt",19372-20-4,法规组级：无单一CAS/EC,1,REACH Annex XVII第27项限制对象；Nickel and its compounds。具体限制条件见法规条款：Regulation。,Regulation,,https://eur-lex.europa.eu/legal-content/EN/TXT/?uri=uriserv:OJ.L_.2009.164.01.0007.01.ENG&toc=OJ:L:2009:164:TOC,100.149.185,100.239.198,CAS/EC与ECHA英文名逐条核对,已核对
1571,27,钴镍氧化物,cobalt nickel oxide,12737-30-3,620-395-9,1,REACH Annex XVII第27项限制对象；Nickel and its compounds。具体限制条件见法规条款：Regulation。,Regulation,,https://eur-lex.europa.eu/legal-content/EN/TXT/?uri=uriserv:OJ.L_.2009.164.01.0007.01.ENG&toc=OJ:L:2009:164:TOC,100.149.189,100.239.198,CAS/EC与ECHA英文名逐条核对,已核对
1572,27,硼化磷化镍,Nickel boride phosphide,65229-23-4,法规组级：无单一CAS/EC,1,REACH Annex XVII第27项限制对象；Nickel and its compounds。具体限制条件见法规条款：Regulation。,Regulation,,https://eur-lex.europa.eu/legal-content/EN/TXT/?uri=uriserv:OJ.L_.2009.164.01.0007.01.ENG&toc=OJ:L:2009:164:TOC,100.149.192,100.239.198,CAS/EC与ECHA英文名逐条核对,已核对
1573,27,二氧合镍酸锂,lithium nickel dioxide,12031-65-1,620-400-4,1,REACH Annex XVII第27项限制对象；Nickel and its compounds。具体限制条件见法规条款：Regulation。,Regulation,,https://eur-lex.europa.eu/legal-content/EN/TXT/?uri=uriserv:OJ.L_.2009.164.01.0007.01.ENG&toc=OJ:L:2009:164:TOC,100.149.193,100.239.198,CAS/EC与ECHA英文名逐条核对,已核对
1574,27,钼镍氧化物,molybdenum nickel oxide,12673-58-4,法规组级：无单一CAS/EC,1,REACH Annex XVII第27项限制对象；Nickel and its compounds。具体限制条件见法规条款：Regulation。,Regulation,,https://eur-lex.europa.eu/legal-content/EN/TXT/?uri=uriserv:OJ.L_.2009.164.01.0007.01.ENG&toc=OJ:L:2009:164:TOC,100.149.194,100.239.198,CAS/EC与ECHA英文名逐条核对,已核对
1575,27,四(亚磷酸三苯酯)合镍,"Nickel, tetrakis(triphenyl phosphite-.kappa.p)-, (t-4)-",14221-00-2,622-848-6,1,REACH Annex XVII第27项限制对象；Nickel and its compounds。具体限制条件见法规条款：Regulation。,Regulation,,https://eur-lex.europa.eu/legal-content/EN/TXT/?uri=uriserv:OJ.L_.2009.164.01.0007.01.ENG&toc=OJ:L:2009:164:TOC,100.151.582,100.239.198,CAS/EC与ECHA英文名逐条核对,已核对
1576,27,二氯双(三丁基膦)合镍(II),Dichlorobis(tributylphosphine)nickel(II),15274-43-8,624-942-2,1,REACH Annex XVII第27项限制对象；Nickel and its compounds。具体限制条件见法规条款：Regulation。,Regulation,,https://eur-lex.europa.eu/legal-content/EN/TXT/?uri=uriserv:OJ.L_.2009.164.01.0007.01.ENG&toc=OJ:L:2009:164:TOC,100.153.484,100.239.198,CAS/EC与ECHA英文名逐条核对,已核对
1577,27,四(三苯基膦)合镍(0),Tetrakis(triphenylphosphine)nickel(0),15133-82-1,626-363-0,1,REACH Annex XVII第27项限制对象；Nickel and its compounds。具体限制条件见法规条款：Regulation。,Regulation,,https://eur-lex.europa.eu/legal-content/EN/TXT/?uri=uriserv:OJ.L_.2009.164.01.0007.01.ENG&toc=OJ:L:2009:164:TOC,100.154.771,100.239.198,CAS/EC与ECHA英文名逐条核对,已核对
1578,27,1000 NN铁氧体,1000 NN Ferrite,12645-50-0,629-315-7,1,REACH Annex XVII第27项限制对象；Nickel and its compounds。具体限制条件见法规条款：Regulation。,Regulation,,https://eur-lex.europa.eu/legal-content/EN/TXT/?uri=uriserv:OJ.L_.2009.164.01.0007.01.ENG&toc=OJ:L:2009:164:TOC,100.157.507,100.239.198,CAS/EC与ECHA英文名逐条核对,已核对
1579,27,硫酸镍(II)六水合物/七水合物,Nickel(II) sulfate hexa-/ heptahydrate,15244-37-8,630-456-1,1,REACH Annex XVII第27项限制对象；Nickel and its compounds。具体限制条件见法规条款：Regulation。,Regulation,,https://eur-lex.europa.eu/legal-content/EN/TXT/?uri=uriserv:OJ.L_.2009.164.01.0007.01.ENG&toc=OJ:L:2009:164:TOC,100.158.780,100.239.198,CAS/EC与ECHA英文名逐条核对,已核对
1580,27,碳化镍,Nickel carbide,12710-36-0,640-090-4,1,REACH Annex XVII第27项限制对象；Nickel and its compounds。具体限制条件见法规条款：Regulation。,Regulation,,https://eur-lex.europa.eu/legal-content/EN/TXT/?uri=uriserv:OJ.L_.2009.164.01.0007.01.ENG&toc=OJ:L:2009:164:TOC,100.167.741,100.239.198,CAS/EC与ECHA英文名逐条核对,已核对
1581,27,碱式碳酸镍四水合物,Nickel carbonate hydroxide tetrahydrate,39430-27-8,641-002-7,1,REACH Annex XVII第27项限制对象；Nickel and its compounds。具体限制条件见法规条款：Regulation。,Regulation,,https://eur-lex.europa.eu/legal-content/EN/TXT/?uri=uriserv:OJ.L_.2009.164.01.0007.01.ENG&toc=OJ:L:2009:164:TOC,100.168.758,100.239.198,CAS/EC与ECHA英文名逐条核对,已核对
1582,27,三氟甲磺酸镍(II),NICKEL(II) TRIFLUOROMETHANESULFONATE,60871-84-3,663-776-5,1,REACH Annex XVII第27项限制对象；Nickel and its compounds。具体限制条件见法规条款：Regulation。,Regulation,,https://eur-lex.europa.eu/legal-content/EN/TXT/?uri=uriserv:OJ.L_.2009.164.01.0007.01.ENG&toc=OJ:L:2009:164:TOC,100.190.054,100.239.198,CAS/EC与ECHA英文名逐条核对,已核对
1583,27,乙二胺四乙酸二钠镍(II)盐水合物,Ethylenediaminetetraacetic Acid Disodium Nickel(II) Salt Hydrate,11079-07-5,679-904-8,1,REACH Annex XVII第27项限制对象；Nickel and its compounds。具体限制条件见法规条款：Regulation。,Regulation,,https://eur-lex.europa.eu/legal-content/EN/TXT/?uri=uriserv:OJ.L_.2009.164.01.0007.01.ENG&toc=OJ:L:2009:164:TOC,100.204.855,100.239.198,CAS/EC与ECHA英文名逐条核对,已核对
1584,27,硫酸镍铵六水合物,Nickel ammonium sulfate hexahydrate,7785-20-8,680-452-9,1,REACH Annex XVII第27项限制对象；Nickel and its compounds。具体限制条件见法规条款：Regulation。,Regulation,,https://eur-lex.europa.eu/legal-content/EN/TXT/?uri=uriserv:OJ.L_.2009.164.01.0007.01.ENG&toc=OJ:L:2009:164:TOC,100.205.536,100.239.198,CAS/EC与ECHA英文名逐条核对,已核对
1585,27,二硫化镍,Nickel sulfide (NiS2),12035-51-7,683-050-1,1,REACH Annex XVII第27项限制对象；Nickel and its compounds。具体限制条件见法规条款：Regulation。,Regulation,,https://eur-lex.europa.eu/legal-content/EN/TXT/?uri=uriserv:OJ.L_.2009.164.01.0007.01.ENG&toc=OJ:L:2009:164:TOC,100.208.569,100.239.198,CAS/EC与ECHA英文名逐条核对,已核对
1586,27,乙二胺四乙酸镍二钠,"nickel(2+) disodium 2,2',2'',2'''-(ethane-1,2-diyldinitrilo)tetraacetate",15708-55-1,692-065-2,1,REACH Annex XVII第27项限制对象；Nickel and its compounds。具体限制条件见法规条款：Regulation。,Regulation,,https://eur-lex.europa.eu/legal-content/EN/TXT/?uri=uriserv:OJ.L_.2009.164.01.0007.01.ENG&toc=OJ:L:2009:164:TOC,100.219.971,100.239.198,CAS/EC与ECHA英文名逐条核对,已核对
1587,27,锂镍钴铝氧化物,Lithium Nickel Cobalt Aluminium Oxide,193214-24-3,803-110-4,1,REACH Annex XVII第27项限制对象；Nickel and its compounds。具体限制条件见法规条款：Regulation。,Regulation,,https://eur-lex.europa.eu/legal-content/EN/TXT/?uri=uriserv:OJ.L_.2009.164.01.0007.01.ENG&toc=OJ:L:2009:164:TOC,100.229.943,100.239.198,CAS/EC与ECHA英文名逐条核对,已核对
1588,27,镍化合物,Nickel compounds,法规组级：无单一CAS/EC,法规组级：无单一CAS/EC,1,REACH Annex XVII第27项限制对象；Nickel and its compounds。具体限制条件见法规条款：Regulation。,Regulation,,https://eur-lex.europa.eu/legal-content/EN/TXT/?uri=uriserv:OJ.L_.2009.164.01.0007.01.ENG&toc=OJ:L:2009:164:TOC,100.239.199,100.239.198,CAS/EC与ECHA英文名逐条核对,已核对
1589,27,磷化三镍,Trinickel phosphide,12059-19-7,822-331-7,1,REACH Annex XVII第27项限制对象；Nickel and its compounds。具体限制条件见法规条款：Regulation。,Regulation,,https://eur-lex.europa.eu/legal-content/EN/TXT/?uri=uriserv:OJ.L_.2009.164.01.0007.01.ENG&toc=OJ:L:2009:164:TOC,100.256.990,100.239.198,CAS/EC与ECHA英文名逐条核对,已核对
1590,27,"水合[2-[2-[4,5-二氢-3-甲基-5-氧代-1H-吡唑-4-基]偶氮]苯甲酸根]镍","Nickel, aqua[2-[2-[4,5-dihydro-3-methyl-5-(oxo-κO)-1H-pyrazol-4-yl]diazenyl-κN1]benzoato(2-)-κO]-",106316-55-6,法规组级：无单一CAS/EC,1,REACH Annex XVII第27项限制对象；Nickel and its compounds。具体限制条件见法规条款：Regulation。,Regulation,,https://eur-lex.europa.eu/legal-content/EN/TXT/?uri=uriserv:OJ.L_.2009.164.01.0007.01.ENG&toc=OJ:L:2009:164:TOC,100.289.309,100.239.198,CAS/EC与ECHA英文名逐条核对,已核对
1591,27,磺基[[4-[[2-(磺氧基)乙基]磺酰基]苯基]氨基]磺酰基酞菁镍钾钠盐,"Nickel, [29H,31H-phthalocyaninato(2-)-κN29,κN30,κN31,κN32]-, sulfo [[4-[[2-(sulfooxy)ethyl]sulfonyl]phenyl]amino]sulfonyl derivs., potassium sodium salts",113894-88-5,法规组级：无单一CAS/EC,1,REACH Annex XVII第27项限制对象；Nickel and its compounds。具体限制条件见法规条款：Regulation。,Regulation,,https://eur-lex.europa.eu/legal-content/EN/TXT/?uri=uriserv:OJ.L_.2009.164.01.0007.01.ENG&toc=OJ:L:2009:164:TOC,100.289.429,100.239.198,CAS/EC与ECHA英文名逐条核对,已核对
1592,27,"[4-[2-[5-[[(3,6-二氯-4-哒嗪基)羰基]氨基]-2-磺基苯基]偶氮]-4,5-二氢-5-氧代-1-[5-[[(三磺基酞菁镍基)磺酰基]氨基]-2-磺基苯基]-1H-吡唑-3-羧酸根]镍酸钠","Nickelate(6-), [4-[2-[5-[[(3,6-dichloro-4-pyridazinyl)carbonyl]amino]-2-sulfophenyl]diazenyl]-4,5-dihydro-5-oxo-1-[5-[[(C,C,C-trisulfo-29H,31H-phthalocyanin-C-yl)sulfonyl]amino]-2-sulfophenyl]-1H-pyrazole-3-carboxylato(8-)-κN29,κN30,κN31,κN32]-, sodium",113894-89-6,法规组级：无单一CAS/EC,1,REACH Annex XVII第27项限制对象；Nickel and its compounds。具体限制条件见法规条款：Regulation。,Regulation,,https://eur-lex.europa.eu/legal-content/EN/TXT/?uri=uriserv:OJ.L_.2009.164.01.0007.01.ENG&toc=OJ:L:2009:164:TOC,100.289.430,100.239.198,CAS/EC与ECHA英文名逐条核对,已核对
1593,27,二硫化镍,Nickel disulfide,12035-50-6,法规组级：无单一CAS/EC,1,REACH Annex XVII第27项限制对象；Nickel and its compounds。具体限制条件见法规条款：Regulation。,Regulation,,https://eur-lex.europa.eu/legal-content/EN/TXT/?uri=uriserv:OJ.L_.2009.164.01.0007.01.ENG&toc=OJ:L:2009:164:TOC,100.289.584,100.239.198,CAS/EC与ECHA英文名逐条核对,已核对
1594,27,一硅化镍,Nickel silicide (NiSi),12035-57-3,法规组级：无单一CAS/EC,1,REACH Annex XVII第27项限制对象；Nickel and its compounds。具体限制条件见法规条款：Regulation。,Regulation,,https://eur-lex.europa.eu/legal-content/EN/TXT/?uri=uriserv:OJ.L_.2009.164.01.0007.01.ENG&toc=OJ:L:2009:164:TOC,100.289.585,100.239.198,CAS/EC与ECHA英文名逐条核对,已核对
1595,27,硫化镍（Ni3S4）,Polydymite (Ni3S4),12059-21-1,法规组级：无单一CAS/EC,1,REACH Annex XVII第27项限制对象；Nickel and its compounds。具体限制条件见法规条款：Regulation。,Regulation,,https://eur-lex.europa.eu/legal-content/EN/TXT/?uri=uriserv:OJ.L_.2009.164.01.0007.01.ENG&toc=OJ:L:2009:164:TOC,100.289.608,100.239.198,CAS/EC与ECHA英文名逐条核对,已核对
1596,27,镍黑,Nickel Black,12125-56-3,法规组级：无单一CAS/EC,1,REACH Annex XVII第27项限制对象；Nickel and its compounds。具体限制条件见法规条款：Regulation。,Regulation,,https://eur-lex.europa.eu/legal-content/EN/TXT/?uri=uriserv:OJ.L_.2009.164.01.0007.01.ENG&toc=OJ:L:2009:164:TOC,100.289.626,100.239.198,CAS/EC与ECHA英文名逐条核对,已核对
1597,27,四氧化三镍,Nickel oxide (Ni3O4),12137-09-6,法规组级：无单一CAS/EC,1,REACH Annex XVII第27项限制对象；Nickel and its compounds。具体限制条件见法规条款：Regulation。,Regulation,,https://eur-lex.europa.eu/legal-content/EN/TXT/?uri=uriserv:OJ.L_.2009.164.01.0007.01.ENG&toc=OJ:L:2009:164:TOC,100.289.633,100.239.198,CAS/EC与ECHA英文名逐条核对,已核对
1598,27,碳酸六羟基四镍,"Nickel, [carbonato(2-)]hexahydroxytetra-",12334-31-5,法规组级：无单一CAS/EC,1,REACH Annex XVII第27项限制对象；Nickel and its compounds。具体限制条件见法规条款：Regulation。,Regulation,,https://eur-lex.europa.eu/legal-content/EN/TXT/?uri=uriserv:OJ.L_.2009.164.01.0007.01.ENG&toc=OJ:L:2009:164:TOC,100.289.699,100.239.198,CAS/EC与ECHA英文名逐条核对,已核对
1599,27,一氧化二镍,Nickel oxide (Ni2O),12359-17-0,法规组级：无单一CAS/EC,1,REACH Annex XVII第27项限制对象；Nickel and its compounds。具体限制条件见法规条款：Regulation。,Regulation,,https://eur-lex.europa.eu/legal-content/EN/TXT/?uri=uriserv:OJ.L_.2009.164.01.0007.01.ENG&toc=OJ:L:2009:164:TOC,100.289.708,100.239.198,CAS/EC与ECHA英文名逐条核对,已核对
1600,27,砷化镍,Nickel arsenide,12795-30-1,法规组级：无单一CAS/EC,1,REACH Annex XVII第27项限制对象；Nickel and its compounds。具体限制条件见法规条款：Regulation。,Regulation,,https://eur-lex.europa.eu/legal-content/EN/TXT/?uri=uriserv:OJ.L_.2009.164.01.0007.01.ENG&toc=OJ:L:2009:164:TOC,100.289.933,100.239.198,CAS/EC与ECHA英文名逐条核对,已核对
1601,27,二砷化镍,Rammelsbergite (NiAs2),1303-22-6,法规组级：无单一CAS/EC,1,REACH Annex XVII第27项限制对象；Nickel and its compounds。具体限制条件见法规条款：Regulation。,Regulation,,https://eur-lex.europa.eu/legal-content/EN/TXT/?uri=uriserv:OJ.L_.2009.164.01.0007.01.ENG&toc=OJ:L:2009:164:TOC,100.289.978,100.239.198,CAS/EC与ECHA英文名逐条核对,已核对
1602,27,氯化镍（NiCl）,Nickel chloride(NiCl),13931-83-4,法规组级：无单一CAS/EC,1,REACH Annex XVII第27项限制对象；Nickel and its compounds。具体限制条件见法规条款：Regulation。,Regulation,,https://eur-lex.europa.eu/legal-content/EN/TXT/?uri=uriserv:OJ.L_.2009.164.01.0007.01.ENG&toc=OJ:L:2009:164:TOC,100.290.304,100.239.198,CAS/EC与ECHA英文名逐条核对,已核对
1603,27,硫酸镍一水合物,"Sulfuric acid, nickel(2+) salt (1:1), monohydrate",14168-76-4,法规组级：无单一CAS/EC,1,REACH Annex XVII第27项限制对象；Nickel and its compounds。具体限制条件见法规条款：Regulation。,Regulation,,https://eur-lex.europa.eu/legal-content/EN/TXT/?uri=uriserv:OJ.L_.2009.164.01.0007.01.ENG&toc=OJ:L:2009:164:TOC,100.290.343,100.239.198,CAS/EC与ECHA英文名逐条核对,已核对
1604,27,磷酸镍,"Phosphoric acid, nickel salt",14396-43-1,法规组级：无单一CAS/EC,1,REACH Annex XVII第27项限制对象；Nickel and its compounds。具体限制条件见法规条款：Regulation。,Regulation,,https://eur-lex.europa.eu/legal-content/EN/TXT/?uri=uriserv:OJ.L_.2009.164.01.0007.01.ENG&toc=OJ:L:2009:164:TOC,100.290.386,100.239.198,CAS/EC与ECHA英文名逐条核对,已核对
1605,27,双(六氢-1H-氮杂䓬-1-二硫代羧酸根)镍,"Nickel, bis(hexahydro-1H-azepine-1-carbodithioato-κS1,κS'1)-, (SP-4-1)-",14434-67-4,法规组级：无单一CAS/EC,1,REACH Annex XVII第27项限制对象；Nickel and its compounds。具体限制条件见法规条款：Regulation。,Regulation,,https://eur-lex.europa.eu/legal-content/EN/TXT/?uri=uriserv:OJ.L_.2009.164.01.0007.01.ENG&toc=OJ:L:2009:164:TOC,100.290.393,100.239.198,CAS/EC与ECHA英文名逐条核对,已核对
1606,27,硬脂酸镍,"Octadecanoic acid, nickel salt",14448-69-2,法规组级：无单一CAS/EC,1,REACH Annex XVII第27项限制对象；Nickel and its compounds。具体限制条件见法规条款：Regulation。,Regulation,,https://eur-lex.europa.eu/legal-content/EN/TXT/?uri=uriserv:OJ.L_.2009.164.01.0007.01.ENG&toc=OJ:L:2009:164:TOC,100.290.395,100.239.198,CAS/EC与ECHA英文名逐条核对,已核对
1607,27,碳酸镍六水合物,"Carbonic acid, nickel(2+) salt (1:1), hexahydrate",17030-82-9,法规组级：无单一CAS/EC,1,REACH Annex XVII第27项限制对象；Nickel and its compounds。具体限制条件见法规条款：Regulation。,Regulation,,https://eur-lex.europa.eu/legal-content/EN/TXT/?uri=uriserv:OJ.L_.2009.164.01.0007.01.ENG&toc=OJ:L:2009:164:TOC,100.290.774,100.239.198,CAS/EC与ECHA英文名逐条核对,已核对
1608,27,铝镁镍硅氧化物,Aluminiummagnesiumnickelsiliziumoxide,198831-12-8,法规组级：无单一CAS/EC,1,REACH Annex XVII第27项限制对象；Nickel and its compounds。具体限制条件见法规条款：Regulation。,Regulation,,https://eur-lex.europa.eu/legal-content/EN/TXT/?uri=uriserv:OJ.L_.2009.164.01.0007.01.ENG&toc=OJ:L:2009:164:TOC,100.291.124,100.239.198,CAS/EC与ECHA英文名逐条核对,已核对
1609,27,铝硼钴锂镍氧化物,Aluminum boron cobalt lithium nickel oxide,207803-51-8,法规组级：无单一CAS/EC,1,REACH Annex XVII第27项限制对象；Nickel and its compounds。具体限制条件见法规条款：Regulation。,Regulation,,https://eur-lex.europa.eu/legal-content/EN/TXT/?uri=uriserv:OJ.L_.2009.164.01.0007.01.ENG&toc=OJ:L:2009:164:TOC,100.291.201,100.239.198,CAS/EC与ECHA英文名逐条核对,已核对
1610,27,双[(2-苯基偶氮硫代甲酸)2-苯基腙根]镍,"Nickel, bis[(2-phenyldiazenecarbothioic acid-κS) 2-phenylhydrazidato-κN2]-",12213-15-9,法规组级：无单一CAS/EC,1,REACH Annex XVII第27项限制对象；Nickel and its compounds。具体限制条件见法规条款：Regulation。,Regulation,,https://eur-lex.europa.eu/legal-content/EN/TXT/?uri=uriserv:OJ.L_.2009.164.01.0007.01.ENG&toc=OJ:L:2009:164:TOC,100.292.229,100.239.198,CAS/EC与ECHA英文名逐条核对,已核对
1611,27,氢氧化镍水合物,Nickel dihydroxide hydrate,36897-37-7,法规组级：无单一CAS/EC,1,REACH Annex XVII第27项限制对象；Nickel and its compounds。具体限制条件见法规条款：Regulation。,Regulation,,https://eur-lex.europa.eu/legal-content/EN/TXT/?uri=uriserv:OJ.L_.2009.164.01.0007.01.ENG&toc=OJ:L:2009:164:TOC,100.292.248,100.239.198,CAS/EC与ECHA英文名逐条核对,已核对
1612,27,氢化镍,Nickel hydride,37187-84-1,法规组级：无单一CAS/EC,1,REACH Annex XVII第27项限制对象；Nickel and its compounds。具体限制条件见法规条款：Regulation。,Regulation,,https://eur-lex.europa.eu/legal-content/EN/TXT/?uri=uriserv:OJ.L_.2009.164.01.0007.01.ENG&toc=OJ:L:2009:164:TOC,100.292.255,100.239.198,CAS/EC与ECHA英文名逐条核对,已核对
1613,27,磷酸镍锌四水合物,"Phosphoric acid,compounds,nickel(2+) zinc salt (2:1:2) tetrahydrate",501953-51-1,法规组级：无单一CAS/EC,1,REACH Annex XVII第27项限制对象；Nickel and its compounds。具体限制条件见法规条款：Regulation。,Regulation,,https://eur-lex.europa.eu/legal-content/EN/TXT/?uri=uriserv:OJ.L_.2009.164.01.0007.01.ENG&toc=OJ:L:2009:164:TOC,100.292.655,100.239.198,CAS/EC与ECHA英文名逐条核对,已核对
1614,27,"双[1-[4-(二乙氨基)苯基]-2-苯基-1,2-乙烯二硫醇根]镍","Nickel, bis[1-[4-(diethylamino)phenyl]-2-phenyl-1,2-ethenedithiolato(2-)-κS1,κS2]-",51449-18-4,法规组级：无单一CAS/EC,1,REACH Annex XVII第27项限制对象；Nickel and its compounds。具体限制条件见法规条款：Regulation。,Regulation,,https://eur-lex.europa.eu/legal-content/EN/TXT/?uri=uriserv:OJ.L_.2009.164.01.0007.01.ENG&toc=OJ:L:2009:164:TOC,100.292.736,100.239.198,CAS/EC与ECHA英文名逐条核对,已核对
1615,27,锑镍钛氧化物,Antimony nickel titanium oxide,54576-53-3,法规组级：无单一CAS/EC,1,REACH Annex XVII第27项限制对象；Nickel and its compounds。具体限制条件见法规条款：Regulation。,Regulation,,https://eur-lex.europa.eu/legal-content/EN/TXT/?uri=uriserv:OJ.L_.2009.164.01.0007.01.ENG&toc=OJ:L:2009:164:TOC,100.293.079,100.239.198,CAS/EC与ECHA英文名逐条核对,已核对
1616,27,硫酸镍四水合物,"Sulfuric acid, nickel(2+) salt (1:1), tetrahydrate",61092-77-1,法规组级：无单一CAS/EC,1,REACH Annex XVII第27项限制对象；Nickel and its compounds。具体限制条件见法规条款：Regulation。,Regulation,,https://eur-lex.europa.eu/legal-content/EN/TXT/?uri=uriserv:OJ.L_.2009.164.01.0007.01.ENG&toc=OJ:L:2009:164:TOC,100.293.763,100.239.198,CAS/EC与ECHA英文名逐条核对,已核对
1617,27,硫酸镍五水合物,"Sulfuric acid, nickel(2+) salt (1:1), pentahydrate",66341-42-2,法规组级：无单一CAS/EC,1,REACH Annex XVII第27项限制对象；Nickel and its compounds。具体限制条件见法规条款：Regulation。,Regulation,,https://eur-lex.europa.eu/legal-content/EN/TXT/?uri=uriserv:OJ.L_.2009.164.01.0007.01.ENG&toc=OJ:L:2009:164:TOC,100.294.384,100.239.198,CAS/EC与ECHA英文名逐条核对,已核对
1618,27,硫酸镍二水合物,"Sulfuric acid, nickel(2+) salt (1:1), dihydrate",66634-47-7,法规组级：无单一CAS/EC,1,REACH Annex XVII第27项限制对象；Nickel and its compounds。具体限制条件见法规条款：Regulation。,Regulation,,https://eur-lex.europa.eu/legal-content/EN/TXT/?uri=uriserv:OJ.L_.2009.164.01.0007.01.ENG&toc=OJ:L:2009:164:TOC,100.294.411,100.239.198,CAS/EC与ECHA英文名逐条核对,已核对
1619,27,硫化镍（Ni7S6）,Godlevskite (Ni7S6),66732-80-7,法规组级：无单一CAS/EC,1,REACH Annex XVII第27项限制对象；Nickel and its compounds。具体限制条件见法规条款：Regulation。,Regulation,,https://eur-lex.europa.eu/legal-content/EN/TXT/?uri=uriserv:OJ.L_.2009.164.01.0007.01.ENG&toc=OJ:L:2009:164:TOC,100.294.426,100.239.198,CAS/EC与ECHA英文名逐条核对,已核对
1620,27,硫化镍（Ni4S）,Nickel Sulfide (Ni4S),67272-59-7,法规组级：无单一CAS/EC,1,REACH Annex XVII第27项限制对象；Nickel and its compounds。具体限制条件见法规条款：Regulation。,Regulation,,https://eur-lex.europa.eu/legal-content/EN/TXT/?uri=uriserv:OJ.L_.2009.164.01.0007.01.ENG&toc=OJ:L:2009:164:TOC,100.294.467,100.239.198,CAS/EC与ECHA英文名逐条核对,已核对
1621,27,双[[2-羟基-4-辛基苯基]苯基甲酮根]镍,"Nickel, bis[[2-(hydroxy-κO)-4-octylphenyl]phenylmethanonato-κO]-",68189-15-1,法规组级：无单一CAS/EC,1,REACH Annex XVII第27项限制对象；Nickel and its compounds。具体限制条件见法规条款：Regulation。,Regulation,,https://eur-lex.europa.eu/legal-content/EN/TXT/?uri=uriserv:OJ.L_.2009.164.01.0007.01.ENG&toc=OJ:L:2009:164:TOC,100.294.639,100.239.198,CAS/EC与ECHA英文名逐条核对,已核对
1622,27,[(3-氨基苯基)氨基]磺酰基磺基酞菁镍衍生物,"Nickel, [29H,31H-phthalocyaninato(2-)-κN29,κN30,κN31,κN32]-, [(3-aminophenyl)amino]sulfonyl sulfo derivs.",68412-19-1,法规组级：无单一CAS/EC,1,REACH Annex XVII第27项限制对象；Nickel and its compounds。具体限制条件见法规条款：Regulation。,Regulation,,https://eur-lex.europa.eu/legal-content/EN/TXT/?uri=uriserv:OJ.L_.2009.164.01.0007.01.ENG&toc=OJ:L:2009:164:TOC,100.294.712,100.239.198,CAS/EC与ECHA英文名逐条核对,已核对
1623,27,镍-糊精络合物,"Nickel, dextrin complexes",68412-20-4,法规组级：无单一CAS/EC,1,REACH Annex XVII第27项限制对象；Nickel and its compounds。具体限制条件见法规条款：Regulation。,Regulation,,https://eur-lex.europa.eu/legal-content/EN/TXT/?uri=uriserv:OJ.L_.2009.164.01.0007.01.ENG&toc=OJ:L:2009:164:TOC,100.294.713,100.239.198,CAS/EC与ECHA英文名逐条核对,已核对
1624,27,硫酸镍与镍及氧化镍的反应产物,"Sulfuric acid, nickel(2+) salt (1:1), reaction products with nickel and nickel oxide (NiO)",68585-48-8,法规组级：无单一CAS/EC,1,REACH Annex XVII第27项限制对象；Nickel and its compounds。具体限制条件见法规条款：Regulation。,Regulation,,https://eur-lex.europa.eu/legal-content/EN/TXT/?uri=uriserv:OJ.L_.2009.164.01.0007.01.ENG&toc=OJ:L:2009:164:TOC,100.294.841,100.239.198,CAS/EC与ECHA英文名逐条核对,已核对
1625,27,2-乙基己酸-镍-三氟乙酸络合物,"2-ethylhexanoic acid;nickel;2,2,2-trifluoroacetic acid",70776-98-6,法规组级：无单一CAS/EC,1,REACH Annex XVII第27项限制对象；Nickel and its compounds。具体限制条件见法规条款：Regulation。,Regulation,,https://eur-lex.europa.eu/legal-content/EN/TXT/?uri=uriserv:OJ.L_.2009.164.01.0007.01.ENG&toc=OJ:L:2009:164:TOC,100.295.256,100.239.198,CAS/EC与ECHA英文名逐条核对,已核对
1626,27,"乙酸镍与甲醛和4-(1,1,3,3-四甲基丁基)苯酚的聚合物","Acetic acid, nickel(2+) salt (2:1), polymer with formaldehyde and 4-(1,1,3,3-tetramethylbutyl)phenol",71050-57-2,法规组级：无单一CAS/EC,1,REACH Annex XVII第27项限制对象；Nickel and its compounds。具体限制条件见法规条款：Regulation。,Regulation,,https://eur-lex.europa.eu/legal-content/EN/TXT/?uri=uriserv:OJ.L_.2009.164.01.0007.01.ENG&toc=OJ:L:2009:164:TOC,100.295.323,100.239.198,CAS/EC与ECHA英文名逐条核对,已核对
1627,27,"[2,2'-亚甲基双(硫基)二乙酸根]镍","Nickel, [[2,2'-[methylenebis(thio-κS)]bis[acetato-κO]](2-)]-",71215-73-1,法规组级：无单一CAS/EC,1,REACH Annex XVII第27项限制对象；Nickel and its compounds。具体限制条件见法规条款：Regulation。,Regulation,,https://eur-lex.europa.eu/legal-content/EN/TXT/?uri=uriserv:OJ.L_.2009.164.01.0007.01.ENG&toc=OJ:L:2009:164:TOC,100.295.341,100.239.198,CAS/EC与ECHA英文名逐条核对,已核对
1628,27,三(乙二胺)镍(II)二甲基苯磺酸盐,"Nickel(2+), tris(1,2-ethanediamine-κN,κN')-, (OC-6-11)-, salt with dimethylbenzenesulfonic acid (1:2)",71215-97-9,法规组级：无单一CAS/EC,1,REACH Annex XVII第27项限制对象；Nickel and its compounds。具体限制条件见法规条款：Regulation。,Regulation,,https://eur-lex.europa.eu/legal-content/EN/TXT/?uri=uriserv:OJ.L_.2009.164.01.0007.01.ENG&toc=OJ:L:2009:164:TOC,100.295.343,100.239.198,CAS/EC与ECHA英文名逐条核对,已核对
1629,27,双[N-羟基-3-(羟基亚氨基)-N'-(2-甲氧基苯基)丁脒根]镍,"Nickel, bis[N-hydroxy-3-(hydroxyimino-κN)-N'-(2-methoxyphenyl)butanimidamidato-κN']-",71605-83-9,法规组级：无单一CAS/EC,1,REACH Annex XVII第27项限制对象；Nickel and its compounds。具体限制条件见法规条款：Regulation。,Regulation,,https://eur-lex.europa.eu/legal-content/EN/TXT/?uri=uriserv:OJ.L_.2009.164.01.0007.01.ENG&toc=OJ:L:2009:164:TOC,100.295.413,100.239.198,CAS/EC与ECHA英文名逐条核对,已核对
1630,27,"[N-(4-氯苯基)-3-[2-[[1-(4-氯苯基)-4,5-二氢-3-甲基-5-氧代-1H-吡唑-4-基]亚甲基]肼亚基]-α-氰基-1H-异吲哚-3-乙酰胺根]镍","Nickel, [N-(4-chlorophenyl)-3-[2-[[1-(4-chlorophenyl)-4,5-dihydro-3-methyl-5-(oxo-κO)-1H-pyrazol-4-yl]methylene]hydrazinylidene-κN2]-α-cyano-1H-isoindole-3-acetamidato(2-)-κN2,κO3]-",106887-33-6,法规组级：无单一CAS/EC,1,REACH Annex XVII第27项限制对象；Nickel and its compounds。具体限制条件见法规条款：Regulation。,Regulation,,https://eur-lex.europa.eu/legal-content/EN/TXT/?uri=uriserv:OJ.L_.2009.164.01.0007.01.ENG&toc=OJ:L:2009:164:TOC,100.295.468,100.239.198,CAS/EC与ECHA英文名逐条核对,已核对
1631,27,硫酸镍与硫化苯酚钙盐的反应产物,"Sulfuric acid, nickel salt (1:?), reaction products with sulfurized phenol calcium salt (2:1)",72162-32-4,法规组级：无单一CAS/EC,1,REACH Annex XVII第27项限制对象；Nickel and its compounds。具体限制条件见法规条款：Regulation。,Regulation,,https://eur-lex.europa.eu/legal-content/EN/TXT/?uri=uriserv:OJ.L_.2009.164.01.0007.01.ENG&toc=OJ:L:2009:164:TOC,100.295.531,100.239.198,CAS/EC与ECHA英文名逐条核对,已核对
1632,27,"[N,N',N''-三[4-(4,5-二氢-3-甲基-5-氧代-1H-吡唑-1-基)苯基]酞菁三磺酰胺根]镍","Nickel, [N,N',N''-tris[4-(4,5-dihydro-3-methyl-5-oxo-1H-pyrazol-1-yl)phenyl]-29H,31H-phthalocyanine-C,C,C-trisulfonamidato(2-)-κN29,κN30,κN31,κN32]-",72252-57-4,法规组级：无单一CAS/EC,1,REACH Annex XVII第27项限制对象；Nickel and its compounds。具体限制条件见法规条款：Regulation。,Regulation,,https://eur-lex.europa.eu/legal-content/EN/TXT/?uri=uriserv:OJ.L_.2009.164.01.0007.01.ENG&toc=OJ:L:2009:164:TOC,100.295.557,100.239.198,CAS/EC与ECHA英文名逐条核对,已核对
1633,27,"三磺酸基[[[3-[2-[4,5-二氢-3-甲基-5-氧代-1-[3-磺基-4-[2-[2-磺基-4-[(2,5,6-三氯-4-嘧啶基)氨基]苯基]乙烯基]苯基]-1H-吡唑-4-基]偶氮]-4-磺基苯基]氨基]磺酰基]酞菁镍酸盐","Nickelate(6-), [C-[[[3-[2-[4,5-dihydro-3-methyl-5-oxo-1-[3-sulfo-4-[2-[2-sulfo-4-[(2,5,6-trichloro-4-pyrimidinyl)amino]phenyl]ethenyl]phenyl]-1H-pyrazol-4-yl]diazenyl]-4-sulfophenyl]amino]sulfonyl]-29H,31H-phthalocyanine-C,C,C-trisulfonato(8-)-κN29,κN30,",72453-55-5,法规组级：无单一CAS/EC,1,REACH Annex XVII第27项限制对象；Nickel and its compounds。具体限制条件见法规条款：Regulation。,Regulation,,https://eur-lex.europa.eu/legal-content/EN/TXT/?uri=uriserv:OJ.L_.2009.164.01.0007.01.ENG&toc=OJ:L:2009:164:TOC,100.295.598,100.239.198,CAS/EC与ECHA英文名逐条核对,已核对
1634,27,三乙基铝与2-乙基己酸镍(II)的反应产物,"Aluminum, triethyl-, reaction products with nickel(2+) 2-ethylhexanoate (1:2)",79357-65-6,法规组级：无单一CAS/EC,1,REACH Annex XVII第27项限制对象；Nickel and its compounds。具体限制条件见法规条款：Regulation。,Regulation,,https://eur-lex.europa.eu/legal-content/EN/TXT/?uri=uriserv:OJ.L_.2009.164.01.0007.01.ENG&toc=OJ:L:2009:164:TOC,100.296.329,100.239.198,CAS/EC与ECHA英文名逐条核对,已核对
1635,27,双[(氰基)三苯基硼酸根]双(己二腈)镍,"Nickel, bis[(cyano-κC)triphenylborato(1-)-κN]bis(hexanedinitrile-κN,κN')-",83864-02-2,法规组级：无单一CAS/EC,1,REACH Annex XVII第27项限制对象；Nickel and its compounds。具体限制条件见法规条款：Regulation。,Regulation,,https://eur-lex.europa.eu/legal-content/EN/TXT/?uri=uriserv:OJ.L_.2009.164.01.0007.01.ENG&toc=OJ:L:2009:164:TOC,100.296.662,100.239.198,CAS/EC与ECHA英文名逐条核对,已核对
1636,27,硫化镍（Ni7S3）,Nickel Sulfide (Ni7S3),84013-51-4,法规组级：无单一CAS/EC,1,REACH Annex XVII第27项限制对象；Nickel and its compounds。具体限制条件见法规条款：Regulation。,Regulation,,https://eur-lex.europa.eu/legal-content/EN/TXT/?uri=uriserv:OJ.L_.2009.164.01.0007.01.ENG&toc=OJ:L:2009:164:TOC,100.296.666,100.239.198,CAS/EC与ECHA英文名逐条核对,已核对
1637,27,硫酸镍三水合物,"Sulfuric acid, nickel(2+) salt (1:1), trihydrate",85017-75-0,法规组级：无单一CAS/EC,1,REACH Annex XVII第27项限制对象；Nickel and its compounds。具体限制条件见法规条款：Regulation。,Regulation,,https://eur-lex.europa.eu/legal-content/EN/TXT/?uri=uriserv:OJ.L_.2009.164.01.0007.01.ENG&toc=OJ:L:2009:164:TOC,100.296.696,100.239.198,CAS/EC与ECHA英文名逐条核对,已核对
1638,27,双(二异壬基二硫代氨基甲酸根)镍,"Nickel, bis(diisononylcarbamodithioato-S,S')-",85298-61-9,法规组级：无单一CAS/EC,1,REACH Annex XVII第27项限制对象；Nickel and its compounds。具体限制条件见法规条款：Regulation。,Regulation,,https://eur-lex.europa.eu/legal-content/EN/TXT/?uri=uriserv:OJ.L_.2009.164.01.0007.01.ENG&toc=OJ:L:2009:164:TOC,100.296.704,100.239.198,CAS/EC与ECHA英文名逐条核对,已核对
1639,27,硫化镍（Ni3S5）三水合物,"Nickel Sulfide (Ni3S5), trihydrate",86498-45-5,法规组级：无单一CAS/EC,1,REACH Annex XVII第27项限制对象；Nickel and its compounds。具体限制条件见法规条款：Regulation。,Regulation,,https://eur-lex.europa.eu/legal-content/EN/TXT/?uri=uriserv:OJ.L_.2009.164.01.0007.01.ENG&toc=OJ:L:2009:164:TOC,100.296.775,100.239.198,CAS/EC与ECHA英文名逐条核对,已核对
1640,27,磷酸镍锌,"Phosphoric acid,compounds,nickel(2+) zinc salt (2:1:2)",90053-13-7,法规组级：无单一CAS/EC,1,REACH Annex XVII第27项限制对象；Nickel and its compounds。具体限制条件见法规条款：Regulation。,Regulation,,https://eur-lex.europa.eu/legal-content/EN/TXT/?uri=uriserv:OJ.L_.2009.164.01.0007.01.ENG&toc=OJ:L:2009:164:TOC,100.296.980,100.239.198,CAS/EC与ECHA英文名逐条核对,已核对
1641,27,碱式C3-22脂肪酸镍盐,"Fatty acids, (C=3-22), nickel salts, basic",91845-72-6,法规组级：无单一CAS/EC,1,REACH Annex XVII第27项限制对象；Nickel and its compounds。具体限制条件见法规条款：Regulation。,Regulation,,https://eur-lex.europa.eu/legal-content/EN/TXT/?uri=uriserv:OJ.L_.2009.164.01.0007.01.ENG&toc=OJ:L:2009:164:TOC,100.297.057,100.239.198,CAS/EC与ECHA英文名逐条核对,已核对
1642,27,硫化镍（Ni5S3）,Nickel Sulfide (Ni5S3),97599-06-9,法规组级：无单一CAS/EC,1,REACH Annex XVII第27项限制对象；Nickel and its compounds。具体限制条件见法规条款：Regulation。,Regulation,,https://eur-lex.europa.eu/legal-content/EN/TXT/?uri=uriserv:OJ.L_.2009.164.01.0007.01.ENG&toc=OJ:L:2009:164:TOC,100.297.294,100.239.198,CAS/EC与ECHA英文名逐条核对,已核对
1643,27,硫化镍（Ni5S4）,Nickel Sulfide (Ni5S4),97599-07-0,法规组级：无单一CAS/EC,1,REACH Annex XVII第27项限制对象；Nickel and its compounds。具体限制条件见法规条款：Regulation。,Regulation,,https://eur-lex.europa.eu/legal-content/EN/TXT/?uri=uriserv:OJ.L_.2009.164.01.0007.01.ENG&toc=OJ:L:2009:164:TOC,100.297.295,100.239.198,CAS/EC与ECHA英文名逐条核对,已核对
1644,27,硫化镍（Ni5S6）,Nickel Sulfide (Ni5S6),97599-08-1,法规组级：无单一CAS/EC,1,REACH Annex XVII第27项限制对象；Nickel and its compounds。具体限制条件见法规条款：Regulation。,Regulation,,https://eur-lex.europa.eu/legal-content/EN/TXT/?uri=uriserv:OJ.L_.2009.164.01.0007.01.ENG&toc=OJ:L:2009:164:TOC,100.297.296,100.239.198,CAS/EC与ECHA英文名逐条核对,已核对
1645,27,硫化镍（Ni9S5）,Nickel Sulfide (Ni9S5),98443-26-6,法规组级：无单一CAS/EC,1,REACH Annex XVII第27项限制对象；Nickel and its compounds。具体限制条件见法规条款：Regulation。,Regulation,,https://eur-lex.europa.eu/legal-content/EN/TXT/?uri=uriserv:OJ.L_.2009.164.01.0007.01.ENG&toc=OJ:L:2009:164:TOC,100.297.330,100.239.198,CAS/EC与ECHA英文名逐条核对,已核对
1646,27,硫氢化镍（Ni(HS)2）,Nickel sulfide (Ni(HS)2),27911-69-9,法规组级：无单一CAS/EC,1,REACH Annex XVII第27项限制对象；Nickel and its compounds。具体限制条件见法规条款：Regulation。,Regulation,,https://eur-lex.europa.eu/legal-content/EN/TXT/?uri=uriserv:OJ.L_.2009.164.01.0007.01.ENG&toc=OJ:L:2009:164:TOC,100.297.823,100.239.198,CAS/EC与ECHA英文名逐条核对,已核对
1647,27,三新癸酸根合μ3-原硼酸根四镍,"Nickel, tris(neodecanoato-.kappa.O)[.mu.3-[orthoborato(3-)-.kappa.O:.kappa.O':.kappa.O'']]tri-",936576-64-6,法规组级：无单一CAS/EC,1,REACH Annex XVII第27项限制对象；Nickel and its compounds。具体限制条件见法规条款：Regulation。,Regulation,,https://eur-lex.europa.eu/legal-content/EN/TXT/?uri=uriserv:OJ.L_.2009.164.01.0007.01.ENG&toc=OJ:L:2009:164:TOC,100.297.965,100.239.198,CAS/EC与ECHA英文名逐条核对,已核对
1648,27,砷硫化镍,Nickel arsenide sulfide,12255-10-6,法规组级：无单一CAS/EC,1,REACH Annex XVII第27项限制对象；Nickel and its compounds。具体限制条件见法规条款：Regulation。,Regulation,,https://eur-lex.europa.eu/legal-content/EN/TXT/?uri=uriserv:OJ.L_.2009.164.01.0007.01.ENG&toc=OJ:L:2009:164:TOC,100.298.061,100.239.198,CAS/EC与ECHA英文名逐条核对,已核对
1649,27,高氯酸镍,"Perchloric acid, nickel salt",41743-88-8,法规组级：无单一CAS/EC,1,REACH Annex XVII第27项限制对象；Nickel and its compounds。具体限制条件见法规条款：Regulation。,Regulation,,https://eur-lex.europa.eu/legal-content/EN/TXT/?uri=uriserv:OJ.L_.2009.164.01.0007.01.ENG&toc=OJ:L:2009:164:TOC,100.298.603,100.239.198,CAS/EC与ECHA英文名逐条核对,已核对
1650,27,五氧化四镍酸锂,"Nickelate(Ni4O5)(1-), lithium",67163-62-6,法规组级：无单一CAS/EC,1,REACH Annex XVII第27项限制对象；Nickel and its compounds。具体限制条件见法规条款：Regulation。,Regulation,,https://eur-lex.europa.eu/legal-content/EN/TXT/?uri=uriserv:OJ.L_.2009.164.01.0007.01.ENG&toc=OJ:L:2009:164:TOC,100.298.648,100.239.198,CAS/EC与ECHA英文名逐条核对,已核对
1651,27,低砷化镍,Nickel subarsenide,12255-80-0,法规组级：无单一CAS/EC,1,REACH Annex XVII第27项限制对象；Nickel and its compounds。具体限制条件见法规条款：Regulation。,Regulation,,https://eur-lex.europa.eu/legal-content/EN/TXT/?uri=uriserv:OJ.L_.2009.164.01.0007.01.ENG&toc=OJ:L:2009:164:TOC,100.299.137,100.239.198,CAS/EC与ECHA英文名逐条核对,已核对
60,28,致癌物质，类别1A或1B,"Substances which are classified as carcinogen category 1A or 1B in Part 3 of Annex VI to Regulation (EC) No 1272/2008 and are listed in Appendix 1 or Appendix 2, respectively.",法规组级：无单一CAS/EC,法规组级：无单一CAS/EC,0,"REACH Annex XVII第28项限制对象；Substances which are classified as carcinogen category 1A or 1B in Part 3 of Annex VI to Regulation (EC) No 1272/2008 and are listed in Appendix 1 or Appendix 2, respectively.。具体限制条件见法规条款：Regulation。",Regulation,,https://eur-lex.europa.eu/legal-content/EN/TXT/?uri=CELEX:32025R1731,100.239.216,100.239.216,共享核验表 + ECHA官方限制清单,已核对
1677,28,附录1所列致癌物类别1A（表3.1）/致癌物类别1（表3.2）,Carcinogen category 1A (Table 3.1)/ carcinogen category 1 (Table 3.2) listed in Appendix 1,法规组级：无单一CAS/EC,法规组级：无单一CAS/EC,1,"REACH Annex XVII第28项限制对象；Substances which are classified as carcinogen category 1A or 1B in Part 3 of Annex VI to Regulation (EC) No 1272/2008 and are listed in Appendix 1 or Appendix 2, respectively.。具体限制条件见法规条款：Regulation。",Regulation,,https://eur-lex.europa.eu/legal-content/EN/TXT/?uri=CELEX:32025R1731,100.239.174,100.239.216,CAS/EC与ECHA英文名逐条核对,已核对
1678,28,附录2所列致癌物类别1B（表3.1）/致癌物类别2（表3.2）,Carcinogen category 1B (Table 3.1)/ carcinogen category 2 (Table 3.2) listed in Appendix 2,法规组级：无单一CAS/EC,法规组级：无单一CAS/EC,1,"REACH Annex XVII第28项限制对象；Substances which are classified as carcinogen category 1A or 1B in Part 3 of Annex VI to Regulation (EC) No 1272/2008 and are listed in Appendix 1 or Appendix 2, respectively.。具体限制条件见法规条款：Regulation。",Regulation,,https://eur-lex.europa.eu/legal-content/EN/TXT/?uri=CELEX:32025R1731,100.239.175,100.239.216,CAS/EC与ECHA英文名逐条核对,已核对
61,29,生殖细胞致突变物质，类别1A或1B,"Substances which are classified as germ cell mutagen category 1A or 1B in Part 3 of Annex VI to Regulation (EC) No 1272/2008 and are listed in Appendix 3 or Appendix 4, respectively.",法规组级：无单一CAS/EC,法规组级：无单一CAS/EC,0,"REACH Annex XVII第29项限制对象；Substances which are classified as germ cell mutagen category 1A or 1B in Part 3 of Annex VI to Regulation (EC) No 1272/2008 and are listed in Appendix 3 or Appendix 4, respectively.。具体限制条件见法规条款：Regulation。",Regulation,,https://eur-lex.europa.eu/legal-content/EN/TXT/?uri=CELEX:32025R1731,100.239.217,100.239.217,共享核验表 + ECHA官方限制清单,已核对
1679,29,附录3所列生殖细胞致突变物类别1A（表3.1）/致突变物类别1（表3.2）,Mutagen category 1A (Table 3.1)/ mutagen category 1 (Table 3.2) listed in Appendix 3,法规组级：无单一CAS/EC,法规组级：无单一CAS/EC,1,"REACH Annex XVII第29项限制对象；Substances which are classified as germ cell mutagen category 1A or 1B in Part 3 of Annex VI to Regulation (EC) No 1272/2008 and are listed in Appendix 3 or Appendix 4, respectively.。具体限制条件见法规条款：Regulation。",Regulation,,https://eur-lex.europa.eu/legal-content/EN/TXT/?uri=CELEX:32025R1731,100.239.196,100.239.217,CAS/EC与ECHA英文名逐条核对,已核对
1680,29,附录4所列生殖细胞致突变物类别1B（表3.1）/致突变物类别2（表3.2）,Mutagen category 1B (Table 3.1)/ mutagen category 2 (Table 3.2) listed in Appendix 4,法规组级：无单一CAS/EC,法规组级：无单一CAS/EC,1,"REACH Annex XVII第29项限制对象；Substances which are classified as germ cell mutagen category 1A or 1B in Part 3 of Annex VI to Regulation (EC) No 1272/2008 and are listed in Appendix 3 or Appendix 4, respectively.。具体限制条件见法规条款：Regulation。",Regulation,,https://eur-lex.europa.eu/legal-content/EN/TXT/?uri=CELEX:32025R1731,100.239.197,100.239.217,CAS/EC与ECHA英文名逐条核对,已核对
62,30,生殖毒性物质，类别1A或1B,"Substances which are classified as reproductive toxicant category 1A or 1B in Part 3 of Annex VI to Regulation (EC) No 1272/2008 and are listed in Appendix 5 or Appendix 6, respectively.",法规组级：无单一CAS/EC,法规组级：无单一CAS/EC,0,"REACH Annex XVII第30项限制对象；Substances which are classified as reproductive toxicant category 1A or 1B in Part 3 of Annex VI to Regulation (EC) No 1272/2008 and are listed in Appendix 5 or Appendix 6, respectively.。具体限制条件见法规条款：Regulation。",Regulation,,https://eur-lex.europa.eu/legal-content/EN/TXT/?uri=CELEX:32025R1731,100.239.218,100.239.218,共享核验表 + ECHA官方限制清单,已核对
1681,30,附录5所列生殖毒性物质类别1A：对性功能和生育能力或发育有不良影响（表3.1），或生殖毒性类别1且具有R60或R61风险术语的物质（表3.2）,Reproductive toxicant category 1A adverse effects on sexual function and fertility or on development (Table 3.1) or reproductive toxicant category 1 with R60 (May impair fertility) or R61 (May cause harm to the unborn child) (Table 3.2) listed in Appendix 5,法规组级：无单一CAS/EC,法规组级：无单一CAS/EC,1,"REACH Annex XVII第30项限制对象；Substances which are classified as reproductive toxicant category 1A or 1B in Part 3 of Annex VI to Regulation (EC) No 1272/2008 and are listed in Appendix 5 or Appendix 6, respectively.。具体限制条件见法规条款：Regulation。",Regulation,,https://eur-lex.europa.eu/legal-content/EN/TXT/?uri=CELEX:32025R1731,100.239.212,100.239.218,CAS/EC与ECHA英文名逐条核对,已核对
1682,30,附录6所列生殖毒性物质类别1B：对性功能和生育能力或发育有不良影响（表3.1），或生殖毒性类别2且具有R60或R61风险术语的物质（表3.2）,Reproductive toxicant category 1B adverse effects on sexual function and fertility or on development (Table 3.1) or reproductive toxicant category 2 with R60 (May impair fertility) or R61 (May cause harm to the unborn child) (Table 3.2) listed in Appendix 6,法规组级：无单一CAS/EC,法规组级：无单一CAS/EC,1,"REACH Annex XVII第30项限制对象；Substances which are classified as reproductive toxicant category 1A or 1B in Part 3 of Annex VI to Regulation (EC) No 1272/2008 and are listed in Appendix 5 or Appendix 6, respectively.。具体限制条件见法规条款：Regulation。",Regulation,,https://eur-lex.europa.eu/legal-content/EN/TXT/?uri=CELEX:32025R1731,100.239.213,100.239.218,CAS/EC与ECHA英文名逐条核对,已核对
65,31,杂酚油及相关物质,Creosote and Creosote related substances,法规组级：无单一CAS/EC,法规组级：无单一CAS/EC,0,Tar Oils derived from coal and/or wood by distillation or by other processes,Regulation,,https://eur-lex.europa.eu/legal-content/EN/TXT/?uri=uriserv:OJ.L_.2009.164.01.0007.01.ENG&toc=OJ:L:2009:164:TOC,100.240.872,100.240.872,共享核验表 + ECHA官方限制清单,已核对
1692,31,杂酚油；洗油,Creosote; wash oil,8001-58-9,232-287-5,1,"The distillate of coal tar produced by the high temperature carbonization of bituminous coal. It consists primarily of aromatic hydrocarbons, tar acids and tar bases.",Regulation,,https://eur-lex.europa.eu/legal-content/EN/TXT/?uri=uriserv:OJ.L_.2009.164.01.0007.01.ENG&toc=OJ:L:2009:164:TOC,100.029.351,100.240.872,CAS/EC与ECHA英文名逐条核对,已核对
1693,31,木材杂酚油,"Creosote, wood",8021-39-4,232-419-1,1,A complex combination of phenols obtained as a distillate from wood tar.,Regulation,,https://eur-lex.europa.eu/legal-content/EN/TXT/?uri=uriserv:OJ.L_.2009.164.01.0007.01.ENG&toc=OJ:L:2009:164:TOC,100.029.468,100.240.872,CAS/EC与ECHA英文名逐条核对,已核对
1694,31,杂酚油；洗油,Creosote oil; wash oil,61789-28-4,263-047-8,1,A complex combination of hydrocarbons obtained by the distillation of coal tar. It consists primarily of aromatic hydrocarbons and may contain appreciable quantities of tar acids and tar bases. It distills at the approximate range of 200°C to 325°C (392°F to 617°F).,Regulation,,https://eur-lex.europa.eu/legal-content/EN/TXT/?uri=uriserv:OJ.L_.2009.164.01.0007.01.ENG&toc=OJ:L:2009:164:TOC,100.057.298,100.240.872,CAS/EC与ECHA英文名逐条核对,已核对
1695,31,煤焦油酸（粗品）；粗酚,"Tar acids, coal, crude; crude phenols",65996-85-2,266-019-3,1,"The reaction product obtained by neutralizing coal tar oil alkaline extract with an acidic solution, such as aqueous sulfuric acid, or gaseous carbon dioxide, to obtain the free acids. Composed primarily of tar acids such as phenol, cresols, and xylenols.",Regulation,,https://eur-lex.europa.eu/legal-content/EN/TXT/?uri=uriserv:OJ.L_.2009.164.01.0007.01.ENG&toc=OJ:L:2009:164:TOC,100.059.999,100.240.872,CAS/EC与ECHA英文名逐条核对,已核对
1696,31,煤焦油高沸点馏出物；重蒽油,"Distillates (coal tar), upper; heavy anthracene oil",65996-91-0,266-026-1,1,The distillate from coal tar having an approximate distillation range of 220°C to 450°C (428°F to 842°F). Composed primarily of three to four membered condensed ring aromatic hydrocarbons and other hydrocarbons.,Regulation,,https://eur-lex.europa.eu/legal-content/EN/TXT/?uri=uriserv:OJ.L_.2009.164.01.0007.01.ENG&toc=OJ:L:2009:164:TOC,100.060.005,100.240.872,CAS/EC与ECHA英文名逐条核对,已核对
1697,31,杂酚油高沸点馏出物,"Creosote oil, high-boiling distillate",70321-79-8,274-565-9,1,"The high-boiling distillation fraction obtained from the high temperature carbonization of bituminous coal which is further refined to remove excess crystalline salts. It consists primarily of creosote oil with some of the normal polynuclear aromatic salts, which are components of coal tar distillates, removed. It is crystal free at approximately 5°C (41°F).",Regulation,,https://eur-lex.europa.eu/legal-content/EN/TXT/?uri=uriserv:OJ.L_.2009.164.01.0007.01.ENG&toc=OJ:L:2009:164:TOC,100.067.765,100.240.872,CAS/EC与ECHA英文名逐条核对,已核对
1698,31,煤焦油馏出物（萘油）；萘油,"Distillates (coal tar), naphthalene oils; naphthalene oil",84650-04-4,283-484-8,1,"A complex combination of hydrocarbons obtained by the distillation of coal tar. It consists primarily of aromatic and other hydrocarbons, phenolic compounds and aromatic nitrogen compounds and distills in the approximate range of 200°C to 250°C (392°F to 482°F).",Regulation,,https://eur-lex.europa.eu/legal-content/EN/TXT/?uri=uriserv:OJ.L_.2009.164.01.0007.01.ENG&toc=OJ:L:2009:164:TOC,100.075.869,100.240.872,CAS/EC与ECHA英文名逐条核对,已核对
1699,31,蒽油,Anthracene oil,90640-80-5,292-602-7,1,"A complex combination of polycyclic aromatic hydrocarbons obtained from coal tar having an approximate distillation range of 300°C to 400°C (572°F to 752°F). Composed primarily of phenanthrene, anthracene and carbazole",Regulation,,https://eur-lex.europa.eu/legal-content/EN/TXT/?uri=uriserv:OJ.L_.2009.164.01.0007.01.ENG&toc=OJ:L:2009:164:TOC,100.084.153,100.240.872,CAS/EC与ECHA英文名逐条核对,已核对
1700,31,杂酚油，苊馏分；洗油,"Creosote oil, acenaphthene fraction; wash oil",90640-84-9,292-605-3,1,"A complex combination of hydrocarbons produced by the distillation of coal tar and boiling in the range of approximately 240°C to 280°C (464°F to 536°F). Composed primarily of acenaphthene, naphthalene and alkyl naphthalene.",Regulation,,https://eur-lex.europa.eu/legal-content/EN/TXT/?uri=uriserv:OJ.L_.2009.164.01.0007.01.ENG&toc=OJ:L:2009:164:TOC,100.084.156,100.240.872,CAS/EC与ECHA英文名逐条核对,已核对
1701,31,低温焦油碱性油；低温煤焦油碱性萃取残余物,"Low temperature tar oil, alkaline; extract residues (coal), low temperature coal tar alkaline",122384-78-5,310-191-5,1,"The residue from low temperature coal tar oils after an alkaline wash, such as aqueous sodium hydroxide, to remove crude coal tar acids. Composed primarily of hydrocarbons and aromatic nitrogen bases.",Regulation,,https://eur-lex.europa.eu/legal-content/EN/TXT/?uri=uriserv:OJ.L_.2009.164.01.0007.01.ENG&toc=OJ:L:2009:164:TOC,100.100.105,100.240.872,CAS/EC与ECHA英文名逐条核对,已核对
2,32,氯仿,Chloroform,67-66-3,200-663-8,0,REACH Annex XVII第32项限制对象；Chloroform。具体限制条件见法规条款：Regulation。,Regulation,,https://eur-lex.europa.eu/legal-content/EN/TXT/?uri=uriserv:OJ.L_.2009.164.01.0007.01.ENG&toc=OJ:L:2009:164:TOC,100.000.603,100.000.603,共享核验表 + ECHA官方限制清单,已核对
10,34,"1,1,2-三氯乙烷","1,1,2-Trichloroethane",79-00-5,201-166-9,0,"REACH Annex XVII第34项限制对象；1,1,2-Trichloroethane。具体限制条件见法规条款：Regulation。",Regulation,,https://eur-lex.europa.eu/legal-content/EN/TXT/?uri=uriserv:OJ.L_.2009.164.01.0007.01.ENG&toc=OJ:L:2009:164:TOC,100.001.061,100.001.061,共享核验表 + ECHA官方限制清单,已核对
12,35,"1,1,2,2-四氯乙烷","1,1,2,2-Tetrachloroethane",79-34-5,201-197-8,0,"REACH Annex XVII第35项限制对象；1,1,2,2-Tetrachloroethane。具体限制条件见法规条款：Regulation。",Regulation,,https://eur-lex.europa.eu/legal-content/EN/TXT/?uri=uriserv:OJ.L_.2009.164.01.0007.01.ENG&toc=OJ:L:2009:164:TOC,100.001.089,100.001.089,共享核验表 + ECHA官方限制清单,已核对
26,36,"1,1,1,2-四氯乙烷","1,1,1,2-Tetrachloroethane",630-20-6,法规数据库未提供EC号,0,"REACH Annex XVII第36项限制对象；1,1,1,2-Tetrachloroethane。具体限制条件见法规条款：Regulation。",Regulation,,https://eur-lex.europa.eu/legal-content/EN/TXT/?uri=uriserv:OJ.L_.2009.164.01.0007.01.ENG&toc=OJ:L:2009:164:TOC,100.010.124,100.010.124,共享核验表 + ECHA官方限制清单,已核对
9,37,五氯乙烷,Pentachloroethane,76-01-7,200-925-1,0,REACH Annex XVII第37项限制对象；Pentachloroethane。具体限制条件见法规条款：Regulation。,Regulation,,https://eur-lex.europa.eu/legal-content/EN/TXT/?uri=uriserv:OJ.L_.2009.164.01.0007.01.ENG&toc=OJ:L:2009:164:TOC,100.000.842,100.000.842,共享核验表 + ECHA官方限制清单,已核对
8,38,"1,1-二氯乙烯","1,1-Dichloroethene",75-35-4,200-864-0,0,"REACH Annex XVII第38项限制对象；1,1-Dichloroethene。具体限制条件见法规条款：Regulation。",Regulation,,https://eur-lex.europa.eu/legal-content/EN/TXT/?uri=uriserv:OJ.L_.2009.164.01.0007.01.ENG&toc=OJ:L:2009:164:TOC,100.000.786,100.000.786,共享核验表 + ECHA官方限制清单,已核对
67,40,符合特定易燃危险分类标准的物质,"Substances classified as flammable gases category 1 or 2, flammable liquids categories 1, 2 or 3, flammable solids category 1 or 2,substances and mixtures which, in contact with water, emit flammable gases, category 1, 2 or 3, pyrophoric liquids category 1 or pyrophoric solids category 1, regardless of whether they appear in Part 3 of Annex VI to Regulation (EC) No 1272/2008 or not",法规组级：无单一CAS/EC,法规组级：无单一CAS/EC,0,"REACH Annex XVII第40项限制对象；Substances classified as flammable gases category 1 or 2, flammable liquids categories 1, 2 or 3, flammable solids category 1 or 2,substances and mixtures which, in contact with water, emit flammable gases, category 1, 2 or 3, pyrophoric liquids category 1 or pyrophoric solids category 1, regardless of whether they appear in Part 3 of Annex VI to Regulation (EC) No 1272/2008 or not。具体限制条件见法规条款：Regulation。",Regulation,,https://eur-lex.europa.eu/legal-content/EN/TXT/?uri=uriserv:OJ.L_.2013.043.01.0024.01.ENG&toc=OJ:L:2013:043:TOC,100.244.692,100.244.692,共享核验表 + ECHA官方限制清单,已核对
3,41,六氯乙烷,Hexachloroethane,67-72-1,200-666-4,0,REACH Annex XVII第41项限制对象；Hexachloroethane。具体限制条件见法规条款：Regulation。,Regulation,,https://eur-lex.europa.eu/legal-content/EN/TXT/?uri=uriserv:OJ.L_.2009.164.01.0007.01.ENG&toc=OJ:L:2009:164:TOC,100.000.606,100.000.606,共享核验表 + ECHA官方限制清单,已核对
38,43,偶氮染料和偶氮着色剂,Azocolourants and Azodyes,法规组级：无单一CAS/EC,法规组级：无单一CAS/EC,0,REACH Annex XVII第43项限制对象；Azocolourants and Azodyes。具体限制条件见法规条款：Regulation。,Regulation,,https://eur-lex.europa.eu/legal-content/EN/TXT/?uri=CELEX%3A32020R2096&qid=1611240953841,100.239.168,100.239.168,共享核验表 + ECHA官方限制清单,已核对
424,43,4-邻甲苯偶氮-邻甲苯胺,4-o-tolylazo-o-toluidine,97-56-3,202-591-2,1,REACH Annex XVII第43项限制对象；Azocolourants and Azodyes。具体限制条件见法规条款：Regulation。,Regulation,,https://eur-lex.europa.eu/legal-content/EN/TXT/?uri=CELEX%3A32020R2096&qid=1611240953841,100.002.357,100.239.168,CAS/EC与ECHA英文名逐条核对,已核对
425,43,"二钠(6-(4-甲氧基苯胺基)-3-磺酸根合-2-(3,5-二硝基-2-氧基苯基偶氮)-1-萘酚根合)(1-(5-氯-2-氧基苯基偶氮)-2-萘酚根合)铬酸盐(1-)与三钠双(6-(4-甲氧基苯胺基)-3-磺酸根合-2-(3,5-二硝基-2-氧基苯基偶氮)-1-萘酚根合)铬酸盐(1-)的混合物","A mixture of: disodium (6-(4-anisidino)-3-sulfonato-2-(3,5-dinitro-2-oxidophenylazo)-1-naphtholato)(1-(5-chloro-2-oxidophenylazo)-2-naphtholato)chromate(1-); trisodium bis(6-(4-anisidino)-3-sulfonato-2-(3,5-dinitro-2-oxidophenylazo)-1-naphtholato)chromate(1-)",118685-33-9,405-665-4,1,AZUL MARINHO 018112; BLEU MARINE 018112; NAVY 018112; NAVY BLUE 018112,Regulation,,https://eur-lex.europa.eu/legal-content/EN/TXT/?uri=CELEX%3A32020R2096&qid=1611240953841,100.100.723,100.239.168,CAS/EC与ECHA英文名逐条核对,已核对
42,45,二苯醚的八溴衍生物,"Diphenylether, octabromo derivative C12H2Br8O",法规组级：无单一CAS/EC,法规组级：无单一CAS/EC,0,"REACH Annex XVII第45项限制对象；Diphenylether, octabromo derivative C12H2Br8O。具体限制条件见法规条款：Regulation。",Regulation,,https://eur-lex.europa.eu/legal-content/EN/TXT/?uri=uriserv:OJ.L_.2009.164.01.0007.01.ENG&toc=OJ:L:2009:164:TOC,100.239.177,100.239.177,共享核验表 + ECHA官方限制清单,已核对
706,45,八溴二苯醚,"Diphenyl ether, octabromo derivative",32536-52-0,251-087-9,1,"REACH Annex XVII第45项限制对象；Diphenylether, octabromo derivative C12H2Br8O。具体限制条件见法规条款：Regulation。",Regulation,,https://eur-lex.europa.eu/legal-content/EN/TXT/?uri=uriserv:OJ.L_.2009.164.01.0007.01.ENG&toc=OJ:L:2009:164:TOC,100.046.428,100.239.177,CAS/EC与ECHA英文名逐条核对,已核对
44,46,壬基酚及壬基酚聚氧乙烯醚,Entry 46,法规组级：无单一CAS/EC,法规组级：无单一CAS/EC,0,REACH Annex XVII第46项限制对象；Entry 46。具体限制条件见法规条款：Regulation。,Regulation,,https://eur-lex.europa.eu/legal-content/EN/TXT/?uri=CELEX%3A32020R2096&qid=1611240953841,100.239.180,100.239.180,共享核验表 + ECHA官方限制清单,已核对
710,46,壬基酚,Nonylphenol C6H4(OH)C9H19,25154-52-3,246-672-0,1,REACH Annex XVII第46项限制对象；Entry 46。具体限制条件见法规条款：Regulation。,Regulation,,https://eur-lex.europa.eu/legal-content/EN/TXT/?uri=CELEX%3A32020R2096&qid=1611240953841,100.042.414,100.239.180,CAS/EC与ECHA英文名逐条核对,已核对
711,46,壬基酚聚氧乙烯醚,Nonylphenol ethoxylates (C2H4O)nC15H24O,法规组级：无单一CAS/EC,法规组级：无单一CAS/EC,1,REACH Annex XVII第46项限制对象；Entry 46。具体限制条件见法规条款：Regulation。,Regulation,,https://eur-lex.europa.eu/legal-content/EN/TXT/?uri=CELEX%3A32020R2096&qid=1611240953841,100.239.200,100.239.180,CAS/EC与ECHA英文名逐条核对,已核对
55,46a,壬基酚乙氧基化物,Nonylphenol ethoxylates (C2H4O)nC15H24O,法规组级：无单一CAS/EC,法规组级：无单一CAS/EC,0,REACH Annex XVII第46a项限制对象；Nonylphenol ethoxylates (C2H4O)nC15H24O。具体限制条件见法规条款：Regulation。,Regulation,,https://eur-lex.europa.eu/legal-content/EN/TXT/?uri=uriserv:OJ.L_.2016.009.01.0001.01.ENG&toc=OJ:L:2016:009:TOC,100.239.200,100.239.200,共享核验表 + ECHA官方限制清单,已核对
1652,46a,壬基酚聚氧乙烯醚,"Nonylphenol, ethoxylated",9016-45-9,500-024-6,1,REACH Annex XVII第46a项限制对象；Nonylphenol ethoxylates (C2H4O)nC15H24O。具体限制条件见法规条款：Regulation。,Regulation,,https://eur-lex.europa.eu/legal-content/EN/TXT/?uri=uriserv:OJ.L_.2016.009.01.0001.01.ENG&toc=OJ:L:2016:009:TOC,100.105.533,100.239.200,ECHA法规条目与条目组级核对,已核对
1653,46a,4-壬基酚聚氧乙烯醚,"4-Nonylphenol, ethoxylated",26027-38-3,500-045-0,1,1 - 2.5 moles ethoxylated,Regulation,,https://eur-lex.europa.eu/legal-content/EN/TXT/?uri=uriserv:OJ.L_.2016.009.01.0001.01.ENG&toc=OJ:L:2016:009:TOC,100.105.552,100.239.200,CAS/EC与ECHA英文名逐条核对,已核对
1654,46a,支链壬基酚聚氧乙烯醚,"Nonylphenol, branched, ethoxylated",68412-54-4,500-209-1,1,1 - 2.5 moles ethoxylated,Regulation,,https://eur-lex.europa.eu/legal-content/EN/TXT/?uri=uriserv:OJ.L_.2016.009.01.0001.01.ENG&toc=OJ:L:2016:009:TOC,100.105.700,100.239.200,CAS/EC与ECHA英文名逐条核对,已核对
1655,46a,支链4-壬基酚聚氧乙烯醚,"4-Nonylphenol, branched, ethoxylated",127087-87-0,500-315-8,1,1 - 2.5 moles ethoxylated,Regulation,,https://eur-lex.europa.eu/legal-content/EN/TXT/?uri=uriserv:OJ.L_.2016.009.01.0001.01.ENG&toc=OJ:L:2016:009:TOC,100.105.797,100.239.200,CAS/EC与ECHA英文名逐条核对,已核对
1656,46a,异壬基酚聚氧乙烯醚,"Isononylphenol, ethoxylated",37205-87-1,609-346-2,1,REACH Annex XVII第46a项限制对象；Nonylphenol ethoxylates (C2H4O)nC15H24O。具体限制条件见法规条款：Regulation。,Regulation,,https://eur-lex.europa.eu/legal-content/EN/TXT/?uri=uriserv:OJ.L_.2016.009.01.0001.01.ENG&toc=OJ:L:2016:009:TOC,100.130.672,100.239.200,CAS/EC与ECHA英文名逐条核对,已核对
1657,46a,壬基酚（支链和直链）乙氧基化物,[No public or meaningful name is available],法规组级：无单一CAS/EC,法规组级：无单一CAS/EC,1,REACH Annex XVII第46a项限制对象；Nonylphenol ethoxylates (C2H4O)nC15H24O。具体限制条件见法规条款：Regulation。,Regulation,,https://eur-lex.europa.eu/legal-content/EN/TXT/?uri=uriserv:OJ.L_.2016.009.01.0001.01.ENG&toc=OJ:L:2016:009:TOC,100.364.121,100.239.200,CAS/EC与ECHA英文名逐条核对,已核对
1658,46a,壬基酚（支链和直链）乙氧基化物,[No public or meaningful name is available],法规组级：无单一CAS/EC,法规组级：无单一CAS/EC,1,REACH Annex XVII第46a项限制对象；Nonylphenol ethoxylates (C2H4O)nC15H24O。具体限制条件见法规条款：Regulation。,Regulation,,https://eur-lex.europa.eu/legal-content/EN/TXT/?uri=uriserv:OJ.L_.2016.009.01.0001.01.ENG&toc=OJ:L:2016:009:TOC,100.364.321,100.239.200,CAS/EC与ECHA英文名逐条核对,已核对
41,47,六价铬化合物,Chromium VI compounds,法规组级：无单一CAS/EC,法规组级：无单一CAS/EC,0,REACH Annex XVII第47项限制对象；Chromium VI compounds。具体限制条件见法规条款：Regulation。,Regulation,,https://eur-lex.europa.eu/legal-content/EN/TXT/?uri=uriserv:OJ.L_.2014.090.01.0001.01.ENG&toc=OJ:L:2014:090:TOC,100.239.176,100.239.176,共享核验表 + ECHA官方限制清单,已核对
16,48,甲苯,Toluene,108-88-3,203-625-9,0,REACH Annex XVII第48项限制对象；Toluene。具体限制条件见法规条款：Regulation。,Regulation,,https://eur-lex.europa.eu/legal-content/EN/TXT/?uri=uriserv:OJ.L_.2009.164.01.0007.01.ENG&toc=OJ:L:2009:164:TOC,100.003.297,100.003.297,共享核验表 + ECHA官方限制清单,已核对
20,49,三氯苯,Trichlorobenzene,120-82-1,204-428-0,0,REACH Annex XVII第49项限制对象；Trichlorobenzene。具体限制条件见法规条款：Regulation。,Regulation,,https://eur-lex.europa.eu/legal-content/EN/TXT/?uri=uriserv:OJ.L_.2009.164.01.0007.01.ENG&toc=OJ:L:2009:164:TOC,100.004.026,100.004.026,共享核验表 + ECHA官方限制清单,已核对
59,50,多环芳烃,Polycyclic-aromatic hydrocarbons (PAH),法规组级：无单一CAS/EC,法规组级：无单一CAS/EC,0,REACH Annex XVII第50项限制对象；Polycyclic-aromatic hydrocarbons (PAH)。具体限制条件见法规条款：Regulation。,Regulation,,https://eur-lex.europa.eu/legal-content/EN/TXT/?uri=uriserv%3AOJ.L_.2021.259.01.0001.01.ENG&toc=OJ%3AL%3A2021%3A259%3ATOC,100.239.209,100.239.209,共享核验表 + ECHA官方限制清单,已核对
1669,50,苯并[a]芘（BaP）,Benzo[a]pyrene (BaP),50-32-8,法规组级：无单一CAS/EC,1,REACH Annex XVII第50项限制对象；Polycyclic-aromatic hydrocarbons (PAH)。具体限制条件见法规条款：Regulation。,Regulation,,https://eur-lex.europa.eu/legal-content/EN/TXT/?uri=uriserv%3AOJ.L_.2021.259.01.0001.01.ENG&toc=OJ%3AL%3A2021%3A259%3ATOC,100.000.026,100.239.209,ECHA法规条目与条目组级核对,已核对
1670,50,"二苯并[a,h]蒽","Dibenzo[a,h]anthracene (DBAhA)",53-70-3,法规组级：无单一CAS/EC,1,REACH Annex XVII第50项限制对象；Polycyclic-aromatic hydrocarbons (PAH)。具体限制条件见法规条款：Regulation。,Regulation,,https://eur-lex.europa.eu/legal-content/EN/TXT/?uri=uriserv%3AOJ.L_.2021.259.01.0001.01.ENG&toc=OJ%3AL%3A2021%3A259%3ATOC,100.000.166,100.239.209,CAS/EC与ECHA英文名逐条核对,已核对
1671,50,苯并[a]蒽（BaA）,Benzo[a]anthracene (BaA),56-55-3,法规组级：无单一CAS/EC,1,REACH Annex XVII第50项限制对象；Polycyclic-aromatic hydrocarbons (PAH)。具体限制条件见法规条款：Regulation。,Regulation,,https://eur-lex.europa.eu/legal-content/EN/TXT/?uri=uriserv%3AOJ.L_.2021.259.01.0001.01.ENG&toc=OJ%3AL%3A2021%3A259%3ATOC,100.000.255,100.239.209,ECHA法规条目与条目组级核对,已核对
1672,50,苯并[e]芘（BeP）,Benzo[e]pyrene (BeP),192-97-2,法规组级：无单一CAS/EC,1,REACH Annex XVII第50项限制对象；Polycyclic-aromatic hydrocarbons (PAH)。具体限制条件见法规条款：Regulation。,Regulation,,https://eur-lex.europa.eu/legal-content/EN/TXT/?uri=uriserv%3AOJ.L_.2021.259.01.0001.01.ENG&toc=OJ%3AL%3A2021%3A259%3ATOC,100.005.358,100.239.209,ECHA法规条目与条目组级核对,已核对
1673,50,苯并[j]荧蒽（BjFA）,Benzo[j]fluoranthene (BjFA),205-82-3,法规组级：无单一CAS/EC,1,REACH Annex XVII第50项限制对象；Polycyclic-aromatic hydrocarbons (PAH)。具体限制条件见法规条款：Regulation。,Regulation,,https://eur-lex.europa.eu/legal-content/EN/TXT/?uri=uriserv%3AOJ.L_.2021.259.01.0001.01.ENG&toc=OJ%3AL%3A2021%3A259%3ATOC,100.005.374,100.239.209,ECHA法规条目与条目组级核对,已核对
1674,50,苯并[b]荧蒽（BbFA）,Benzo[b]fluoranthene (BbFA),205-99-2,法规组级：无单一CAS/EC,1,REACH Annex XVII第50项限制对象；Polycyclic-aromatic hydrocarbons (PAH)。具体限制条件见法规条款：Regulation。,Regulation,,https://eur-lex.europa.eu/legal-content/EN/TXT/?uri=uriserv%3AOJ.L_.2021.259.01.0001.01.ENG&toc=OJ%3AL%3A2021%3A259%3ATOC,100.005.375,100.239.209,ECHA法规条目与条目组级核对,已核对
1675,50,苯并[k]荧蒽（BkFA）,Benzo[k]fluoranthene (BkFA),207-08-9,法规组级：无单一CAS/EC,1,REACH Annex XVII第50项限制对象；Polycyclic-aromatic hydrocarbons (PAH)。具体限制条件见法规条款：Regulation。,Regulation,,https://eur-lex.europa.eu/legal-content/EN/TXT/?uri=uriserv%3AOJ.L_.2021.259.01.0001.01.ENG&toc=OJ%3AL%3A2021%3A259%3ATOC,100.005.379,100.239.209,ECHA法规条目与条目组级核对,已核对
1676,50,屈（CHR）,Chrysen (CHR),218-01-9,法规组级：无单一CAS/EC,1,REACH Annex XVII第50项限制对象；Polycyclic-aromatic hydrocarbons (PAH)。具体限制条件见法规条款：Regulation。,Regulation,,https://eur-lex.europa.eu/legal-content/EN/TXT/?uri=uriserv%3AOJ.L_.2021.259.01.0001.01.ENG&toc=OJ%3AL%3A2021%3A259%3ATOC,100.005.386,100.239.209,ECHA法规条目与条目组级核对,已核对
79,50a,多环芳烃——黏土靶,Polycyclic aromatic hydrocarbons (PAH),法规组级：无单一CAS/EC,法规组级：无单一CAS/EC,0,REACH Annex XVII第50a项限制对象；Polycyclic aromatic hydrocarbons (PAH)。具体限制条件见法规条款：R 2025/660 (Annex XVII entry 50a)。,R 2025/660 (Annex XVII entry 50a),,https://eur-lex.europa.eu/legal-content/EN/TXT/?uri=OJ%3AL_202500660,100.342.129,100.342.129,共享核验表 + ECHA官方限制清单,已核对
1851,50a,苯并[a]芘（BaP）,Benzo[a]pyrene (BaP),50-32-8,法规组级：无单一CAS/EC,1,REACH Annex XVII第50a项限制对象；Polycyclic aromatic hydrocarbons (PAH)。具体限制条件见法规条款：R 2025/660 (Annex XVII entry 50a)。,R 2025/660 (Annex XVII entry 50a),,https://eur-lex.europa.eu/legal-content/EN/TXT/?uri=OJ%3AL_202500660,100.000.026,100.342.129,ECHA法规条目与条目组级核对,已核对
1852,50a,多环芳烃（PAH）,"Dibenzo[a,h]anthracene (DBAhA)",53-70-3,法规组级：无单一CAS/EC,1,REACH Annex XVII第50a项限制对象；Polycyclic aromatic hydrocarbons (PAH)。具体限制条件见法规条款：R 2025/660 (Annex XVII entry 50a)。,R 2025/660 (Annex XVII entry 50a),,https://eur-lex.europa.eu/legal-content/EN/TXT/?uri=OJ%3AL_202500660,100.000.166,100.342.129,ECHA法规条目与条目组级核对,已核对
1853,50a,苯并[a]蒽（BaA）,Benzo[a]anthracene (BaA),56-55-3,法规组级：无单一CAS/EC,1,REACH Annex XVII第50a项限制对象；Polycyclic aromatic hydrocarbons (PAH)。具体限制条件见法规条款：R 2025/660 (Annex XVII entry 50a)。,R 2025/660 (Annex XVII entry 50a),,https://eur-lex.europa.eu/legal-content/EN/TXT/?uri=OJ%3AL_202500660,100.000.255,100.342.129,ECHA法规条目与条目组级核对,已核对
1854,50a,苊,Acenaphthene,83-32-9,201-469-6,1,REACH Annex XVII第50a项限制对象；Polycyclic aromatic hydrocarbons (PAH)。具体限制条件见法规条款：R 2025/660 (Annex XVII entry 50a)。,R 2025/660 (Annex XVII entry 50a),,https://eur-lex.europa.eu/legal-content/EN/TXT/?uri=OJ%3AL_202500660,100.001.336,100.342.129,ECHA法规条目与条目组级核对,已核对
1855,50a,菲,Phenanthrene,85-01-8,201-581-5,1,REACH Annex XVII第50a项限制对象；Polycyclic aromatic hydrocarbons (PAH)。具体限制条件见法规条款：R 2025/660 (Annex XVII entry 50a)。,R 2025/660 (Annex XVII entry 50a),,https://eur-lex.europa.eu/legal-content/EN/TXT/?uri=OJ%3AL_202500660,100.001.437,100.342.129,ECHA法规条目与条目组级核对,已核对
1856,50a,芴,Fluorene,86-73-7,201-695-5,1,REACH Annex XVII第50a项限制对象；Polycyclic aromatic hydrocarbons (PAH)。具体限制条件见法规条款：R 2025/660 (Annex XVII entry 50a)。,R 2025/660 (Annex XVII entry 50a),,https://eur-lex.europa.eu/legal-content/EN/TXT/?uri=OJ%3AL_202500660,100.001.541,100.342.129,ECHA法规条目与条目组级核对,已核对
1857,50a,萘,Naphthalene,91-20-3,202-049-5,1,REACH Annex XVII第50a项限制对象；Polycyclic aromatic hydrocarbons (PAH)。具体限制条件见法规条款：R 2025/660 (Annex XVII entry 50a)。,R 2025/660 (Annex XVII entry 50a),,https://eur-lex.europa.eu/legal-content/EN/TXT/?uri=OJ%3AL_202500660,100.001.863,100.342.129,ECHA法规条目与条目组级核对,已核对
1858,50a,蒽,Anthracene,120-12-7,204-371-1,1,REACH Annex XVII第50a项限制对象；Polycyclic aromatic hydrocarbons (PAH)。具体限制条件见法规条款：R 2025/660 (Annex XVII entry 50a)。,R 2025/660 (Annex XVII entry 50a),,https://eur-lex.europa.eu/legal-content/EN/TXT/?uri=OJ%3AL_202500660,100.003.974,100.342.129,ECHA法规条目与条目组级核对,已核对
1859,50a,芘,Pyrene,129-00-0,204-927-3,1,REACH Annex XVII第50a项限制对象；Polycyclic aromatic hydrocarbons (PAH)。具体限制条件见法规条款：R 2025/660 (Annex XVII entry 50a)。,R 2025/660 (Annex XVII entry 50a),,https://eur-lex.europa.eu/legal-content/EN/TXT/?uri=OJ%3AL_202500660,100.004.481,100.342.129,ECHA法规条目与条目组级核对,已核对
1860,50a,苯并[ghi]苝,Benzo[ghi]perylene,191-24-2,205-883-8,1,REACH Annex XVII第50a项限制对象；Polycyclic aromatic hydrocarbons (PAH)。具体限制条件见法规条款：R 2025/660 (Annex XVII entry 50a)。,R 2025/660 (Annex XVII entry 50a),,https://eur-lex.europa.eu/legal-content/EN/TXT/?uri=OJ%3AL_202500660,100.005.350,100.342.129,ECHA法规条目与条目组级核对,已核对
1861,50a,苯并[e]芘（BeP）,Benzo[e]pyrene (BeP),192-97-2,法规组级：无单一CAS/EC,1,REACH Annex XVII第50a项限制对象；Polycyclic aromatic hydrocarbons (PAH)。具体限制条件见法规条款：R 2025/660 (Annex XVII entry 50a)。,R 2025/660 (Annex XVII entry 50a),,https://eur-lex.europa.eu/legal-content/EN/TXT/?uri=OJ%3AL_202500660,100.005.358,100.342.129,ECHA法规条目与条目组级核对,已核对
1862,50a,"茚并[1,2,3-cd]芘","Indeno[1,2,3-cd]pyrene",193-39-5,205-893-2,1,REACH Annex XVII第50a项限制对象；Polycyclic aromatic hydrocarbons (PAH)。具体限制条件见法规条款：R 2025/660 (Annex XVII entry 50a)。,R 2025/660 (Annex XVII entry 50a),,https://eur-lex.europa.eu/legal-content/EN/TXT/?uri=OJ%3AL_202500660,100.005.359,100.342.129,ECHA法规条目与条目组级核对,已核对
1863,50a,苯并[j]荧蒽（BjFA）,Benzo[j]fluoranthene (BjFA),205-82-3,法规组级：无单一CAS/EC,1,REACH Annex XVII第50a项限制对象；Polycyclic aromatic hydrocarbons (PAH)。具体限制条件见法规条款：R 2025/660 (Annex XVII entry 50a)。,R 2025/660 (Annex XVII entry 50a),,https://eur-lex.europa.eu/legal-content/EN/TXT/?uri=OJ%3AL_202500660,100.005.374,100.342.129,ECHA法规条目与条目组级核对,已核对
1864,50a,苯并[b]荧蒽（BbFA）,Benzo[b]fluoranthene (BbFA),205-99-2,法规组级：无单一CAS/EC,1,REACH Annex XVII第50a项限制对象；Polycyclic aromatic hydrocarbons (PAH)。具体限制条件见法规条款：R 2025/660 (Annex XVII entry 50a)。,R 2025/660 (Annex XVII entry 50a),,https://eur-lex.europa.eu/legal-content/EN/TXT/?uri=OJ%3AL_202500660,100.005.375,100.342.129,ECHA法规条目与条目组级核对,已核对
1865,50a,荧蒽,Fluoranthene,206-44-0,205-912-4,1,REACH Annex XVII第50a项限制对象；Polycyclic aromatic hydrocarbons (PAH)。具体限制条件见法规条款：R 2025/660 (Annex XVII entry 50a)。,R 2025/660 (Annex XVII entry 50a),,https://eur-lex.europa.eu/legal-content/EN/TXT/?uri=OJ%3AL_202500660,100.005.376,100.342.129,ECHA法规条目与条目组级核对,已核对
1866,50a,苯并[k]荧蒽（BkFA）,Benzo[k]fluoranthene (BkFA),207-08-9,法规组级：无单一CAS/EC,1,REACH Annex XVII第50a项限制对象；Polycyclic aromatic hydrocarbons (PAH)。具体限制条件见法规条款：R 2025/660 (Annex XVII entry 50a)。,R 2025/660 (Annex XVII entry 50a),,https://eur-lex.europa.eu/legal-content/EN/TXT/?uri=OJ%3AL_202500660,100.005.379,100.342.129,ECHA法规条目与条目组级核对,已核对
1867,50a,苊烯,Acenaphthylene,208-96-8,205-917-1,1,REACH Annex XVII第50a项限制对象；Polycyclic aromatic hydrocarbons (PAH)。具体限制条件见法规条款：R 2025/660 (Annex XVII entry 50a)。,R 2025/660 (Annex XVII entry 50a),,https://eur-lex.europa.eu/legal-content/EN/TXT/?uri=OJ%3AL_202500660,100.005.380,100.342.129,ECHA法规条目与条目组级核对,已核对
1868,50a,屈（CHR）,Chrysen (CHR),218-01-9,法规组级：无单一CAS/EC,1,REACH Annex XVII第50a项限制对象；Polycyclic aromatic hydrocarbons (PAH)。具体限制条件见法规条款：R 2025/660 (Annex XVII entry 50a)。,R 2025/660 (Annex XVII entry 50a),,https://eur-lex.europa.eu/legal-content/EN/TXT/?uri=OJ%3AL_202500660,100.005.386,100.342.129,ECHA法规条目与条目组级核对,已核对
69,51,DEHP、DBP、BBP、DIBP,Diisobutyl phthalate (DIBP); Dibutyl phthalate (DBP); Benzyl butyl phthalate (BBP); Bis(2-ethylhexyl) phthalate (DEHP),法规组级：无单一CAS/EC,法规组级：无单一CAS/EC,0,REACH Annex XVII第51项限制对象；Diisobutyl phthalate (DIBP); Dibutyl phthalate (DBP); Benzyl butyl phthalate (BBP); Bis(2-ethylhexyl) phthalate (DEHP)。具体限制条件见法规条款：Regulation。,Regulation,,https://eur-lex.europa.eu/legal-content/EN/TXT/?uri=uriserv:OJ.L_.2018.322.01.0014.01.ENG&toc=OJ:L:2018:322:TOC,100.251.384,100.251.384,共享核验表 + ECHA官方限制清单,已核对
1821,51,邻苯二甲酸二异丁酯,Diisobutyl phthalate,84-69-5,201-553-2,1,REACH Annex XVII第51项限制对象；Diisobutyl phthalate (DIBP); Dibutyl phthalate (DBP); Benzyl butyl phthalate (BBP); Bis(2-ethylhexyl) phthalate (DEHP)。具体限制条件见法规条款：Regulation。,Regulation,,https://eur-lex.europa.eu/legal-content/EN/TXT/?uri=uriserv:OJ.L_.2018.322.01.0014.01.ENG&toc=OJ:L:2018:322:TOC,100.001.412,100.251.384,ECHA法规条目与条目组级核对,已核对
1822,51,邻苯二甲酸二丁酯（DBP）,Dibutyl phthalate (DBP),84-74-2,201-557-4,1,REACH Annex XVII第51项限制对象；Diisobutyl phthalate (DIBP); Dibutyl phthalate (DBP); Benzyl butyl phthalate (BBP); Bis(2-ethylhexyl) phthalate (DEHP)。具体限制条件见法规条款：Regulation。,Regulation,,https://eur-lex.europa.eu/legal-content/EN/TXT/?uri=uriserv:OJ.L_.2018.322.01.0014.01.ENG&toc=OJ:L:2018:322:TOC,100.001.416,100.251.384,ECHA法规条目与条目组级核对,已核对
1823,51,邻苯二甲酸苄基丁酯（BBP）,Benzyl butyl phthalate (BBP),85-68-7,201-622-7,1,REACH Annex XVII第51项限制对象；Diisobutyl phthalate (DIBP); Dibutyl phthalate (DBP); Benzyl butyl phthalate (BBP); Bis(2-ethylhexyl) phthalate (DEHP)。具体限制条件见法规条款：Regulation。,Regulation,,https://eur-lex.europa.eu/legal-content/EN/TXT/?uri=uriserv:OJ.L_.2018.322.01.0014.01.ENG&toc=OJ:L:2018:322:TOC,100.001.475,100.251.384,ECHA法规条目与条目组级核对,已核对
1824,51,邻苯二甲酸二（2-乙基己）酯（DEHP）,Bis (2-ethylhexyl) phthalate (DEHP),117-81-7,204-211-0,1,REACH Annex XVII第51项限制对象；Diisobutyl phthalate (DIBP); Dibutyl phthalate (DBP); Benzyl butyl phthalate (BBP); Bis(2-ethylhexyl) phthalate (DEHP)。具体限制条件见法规条款：Regulation。,Regulation,,https://eur-lex.europa.eu/legal-content/EN/TXT/?uri=uriserv:OJ.L_.2018.322.01.0014.01.ENG&toc=OJ:L:2018:322:TOC,100.003.829,100.251.384,ECHA法规条目与条目组级核对,已核对
63,52,DINP、DIDP、DNOP,The following phthalates (or other CAS and EC numbers covering the substance) (See group members) [Entry 52],法规组级：无单一CAS/EC,法规组级：无单一CAS/EC,0,REACH Annex XVII第52项限制对象；The following phthalates (or other CAS and EC numbers covering the substance) (See group members) [Entry 52]。具体限制条件见法规条款：Regulation。,Regulation,,https://eur-lex.europa.eu/legal-content/EN/TXT/?uri=uriserv:OJ.L_.2015.058.01.0043.01.ENG&toc=OJ:L:2015:058:TOC,100.239.220,100.239.220,共享核验表 + ECHA官方限制清单,已核对
1683,52,邻苯二甲酸二正辛酯（DNOP）,Di-n-octyl phthalate (DNOP),117-84-0,204-214-7,1,REACH Annex XVII第52项限制对象；The following phthalates (or other CAS and EC numbers covering the substance) (See group members) [Entry 52]。具体限制条件见法规条款：Regulation。,Regulation,,https://eur-lex.europa.eu/legal-content/EN/TXT/?uri=uriserv:OJ.L_.2015.058.01.0043.01.ENG&toc=OJ:L:2015:058:TOC,100.003.832,100.239.220,CAS/EC与ECHA英文名逐条核对,已核对
1684,52,邻苯二甲酸二异癸酯（DIDP）,Di-“isodecyl” phthalate (DIDP),26761-40-0,247-977-1,1,REACH Annex XVII第52项限制对象；The following phthalates (or other CAS and EC numbers covering the substance) (See group members) [Entry 52]。具体限制条件见法规条款：Regulation。,Regulation,,https://eur-lex.europa.eu/legal-content/EN/TXT/?uri=uriserv:OJ.L_.2015.058.01.0043.01.ENG&toc=OJ:L:2015:058:TOC,100.043.601,100.239.220,CAS/EC与ECHA英文名逐条核对,已核对
1685,52,邻苯二甲酸二异壬酯（DINP）,Di-“isononyl” phthalate (DINP),28553-12-0,249-079-5,1,REACH Annex XVII第52项限制对象；The following phthalates (or other CAS and EC numbers covering the substance) (See group members) [Entry 52]。具体限制条件见法规条款：Regulation。,Regulation,,https://eur-lex.europa.eu/legal-content/EN/TXT/?uri=uriserv:OJ.L_.2015.058.01.0043.01.ENG&toc=OJ:L:2015:058:TOC,100.044.602,100.239.220,CAS/EC与ECHA英文名逐条核对,已核对
1686,52,"1,2-苯二甲酸二-C8-10支链烷基酯（富C9）","1,2-Benzenedicarboxylic acid, di-C8-10-branched alkyl esters, C9-rich",68515-48-0,271-090-9,1,REACH Annex XVII第52项限制对象；The following phthalates (or other CAS and EC numbers covering the substance) (See group members) [Entry 52]。具体限制条件见法规条款：Regulation。,Regulation,,https://eur-lex.europa.eu/legal-content/EN/TXT/?uri=uriserv:OJ.L_.2015.058.01.0043.01.ENG&toc=OJ:L:2015:058:TOC,100.064.608,100.239.220,CAS/EC与ECHA英文名逐条核对,已核对
1687,52,"1,2-苯二甲酸二-C9-11支链烷基酯（富C10）","1,2-Benzenedicarboxylic acid, di-C9-11-branched alkyl esters, C10-rich",68515-49-1,271-091-4,1,REACH Annex XVII第52项限制对象；The following phthalates (or other CAS and EC numbers covering the substance) (See group members) [Entry 52]。具体限制条件见法规条款：Regulation。,Regulation,,https://eur-lex.europa.eu/legal-content/EN/TXT/?uri=uriserv:OJ.L_.2015.058.01.0043.01.ENG&toc=OJ:L:2015:058:TOC,100.064.609,100.239.220,CAS/EC与ECHA英文名逐条核对,已核对
18,54,2-(2-甲氧基乙氧基)乙醇,2-(2-methoxyethoxy)ethanol (DEGME),111-77-3,203-906-6,0,REACH Annex XVII第54项限制对象；2-(2-methoxyethoxy)ethanol (DEGME)。具体限制条件见法规条款：Regulation。,Regulation,,https://eur-lex.europa.eu/legal-content/EN/TXT/?uri=uriserv:OJ.L_.2009.164.01.0007.01.ENG&toc=OJ:L:2009:164:TOC,100.003.551,100.003.551,共享核验表 + ECHA官方限制清单,已核对
19,55,2-(2-丁氧基乙氧基)乙醇,2-(2-butoxyethoxy)ethanol (DEGBE),112-34-5,203-961-6,0,REACH Annex XVII第55项限制对象；2-(2-butoxyethoxy)ethanol (DEGBE)。具体限制条件见法规条款：Regulation。,Regulation,,https://eur-lex.europa.eu/legal-content/EN/TXT/?uri=uriserv:OJ.L_.2009.164.01.0007.01.ENG&toc=OJ:L:2009:164:TOC,100.003.601,100.003.601,共享核验表 + ECHA官方限制清单,已核对
52,56,二苯基甲烷二异氰酸酯,Methylenediphenyl diisocyanate (MDI) including the following specific isomers (See group members):,法规组级：无单一CAS/EC,法规组级：无单一CAS/EC,0,REACH Annex XVII第56项限制对象；Methylenediphenyl diisocyanate (MDI) including the following specific isomers (See group members):。具体限制条件见法规条款：Regulation。,Regulation,,https://eur-lex.europa.eu/legal-content/EN/TXT/?uri=uriserv:OJ.L_.2013.043.01.0024.01.ENG&toc=OJ:L:2013:043:TOC,100.239.193,100.239.193,共享核验表 + ECHA官方限制清单,已核对
1253,56,"4,4'-二苯基甲烷二异氰酸酯","4,4’-Methylenediphenyl diisocyanate",101-68-8,202-966-0,1,REACH Annex XVII第56项限制对象；Methylenediphenyl diisocyanate (MDI) including the following specific isomers (See group members):。具体限制条件见法规条款：Regulation。,Regulation,,https://eur-lex.europa.eu/legal-content/EN/TXT/?uri=uriserv:OJ.L_.2013.043.01.0024.01.ENG&toc=OJ:L:2013:043:TOC,100.002.697,100.239.193,CAS/EC与ECHA英文名逐条核对,已核对
1254,56,"2,2'-二苯基甲烷二异氰酸酯","2,2’-Methylenediphenyl diisocyanate",2536-05-2,219-799-4,1,REACH Annex XVII第56项限制对象；Methylenediphenyl diisocyanate (MDI) including the following specific isomers (See group members):。具体限制条件见法规条款：Regulation。,Regulation,,https://eur-lex.europa.eu/legal-content/EN/TXT/?uri=uriserv:OJ.L_.2013.043.01.0024.01.ENG&toc=OJ:L:2013:043:TOC,100.018.000,100.239.193,CAS/EC与ECHA英文名逐条核对,已核对
1255,56,"2,4'-二苯基甲烷二异氰酸酯","2,4’-Methylenediphenyl diisocyanate",5873-54-1,227-534-9,1,REACH Annex XVII第56项限制对象；Methylenediphenyl diisocyanate (MDI) including the following specific isomers (See group members):。具体限制条件见法规条款：Regulation。,Regulation,,https://eur-lex.europa.eu/legal-content/EN/TXT/?uri=uriserv:OJ.L_.2013.043.01.0024.01.ENG&toc=OJ:L:2013:043:TOC,100.025.031,100.239.193,CAS/EC与ECHA英文名逐条核对,已核对
1256,56,二苯基甲烷二异氰酸酯（MDI）,Methylenediphenyl diisocyanate (MDI),26447-40-5,247-714-0,1,REACH Annex XVII第56项限制对象；Methylenediphenyl diisocyanate (MDI) including the following specific isomers (See group members):。具体限制条件见法规条款：Regulation。,Regulation,,https://eur-lex.europa.eu/legal-content/EN/TXT/?uri=uriserv:OJ.L_.2013.043.01.0024.01.ENG&toc=OJ:L:2013:043:TOC,100.043.361,100.239.193,CAS/EC与ECHA英文名逐条核对,已核对
17,57,环己烷,Cyclohexane,110-82-7,203-806-2,0,REACH Annex XVII第57项限制对象；Cyclohexane。具体限制条件见法规条款：Regulation。,Regulation,,https://eur-lex.europa.eu/legal-content/EN/TXT/?uri=uriserv:OJ.L_.2009.164.01.0007.01.ENG&toc=OJ:L:2009:164:TOC,100.003.461,100.003.461,共享核验表 + ECHA官方限制清单,已核对
29,58,硝酸铵,Ammonium nitrate (AN),6484-52-2,229-347-8,0,REACH Annex XVII第58项限制对象；Ammonium nitrate (AN)。具体限制条件见法规条款：Regulation。,Regulation,,https://eur-lex.europa.eu/legal-content/EN/TXT/?uri=CELEX%3A32019R1148&qid=1611240953841,100.026.680,100.026.680,共享核验表 + ECHA官方限制清单,已核对
7,59,二氯甲烷,Dichloromethane,75-09-2,200-838-9,0,REACH Annex XVII第59项限制对象；Dichloromethane。具体限制条件见法规条款：Regulation。,Regulation,,https://eur-lex.europa.eu/legal-content/EN/TXT/?uri=uriserv:OJ.L_.2010.086.01.0007.01.ENG&toc=OJ:L:2010:086:TOC,100.000.763,100.000.763,共享核验表 + ECHA官方限制清单,已核对
11,60,丙烯酰胺,Acrylamide,79-06-1,201-173-7,0,REACH Annex XVII第60项限制对象；Acrylamide。具体限制条件见法规条款：Regulation。,Regulation,,https://eur-lex.europa.eu/legal-content/EN/TXT/?uri=uriserv:OJ.L_.2011.101.01.0012.01.ENG&toc=OJ:L:2011:101:TOC,100.001.067,100.001.067,共享核验表 + ECHA官方限制清单,已核对
25,61,富马酸二甲酯,Dimethyl fumarate (DMFu),624-49-7,210-849-0,0,REACH Annex XVII第61项限制对象；Dimethyl fumarate (DMFu)。具体限制条件见法规条款：Regulation。,Regulation,,https://eur-lex.europa.eu/legal-content/EN/TXT/?uri=uriserv:OJ.L_.2012.128.01.0001.01.ENG&toc=OJ:L:2012:128:TOC,100.009.863,100.009.863,共享核验表 + ECHA官方限制清单,已核对
45,62,苯基汞化合物,Entry 62,法规组级：无单一CAS/EC,法规组级：无单一CAS/EC,0,REACH Annex XVII第62项限制对象；Entry 62。具体限制条件见法规条款：Regulation。,Regulation,,https://eur-lex.europa.eu/legal-content/EN/TXT/?uri=uriserv:OJ.L_.2012.253.01.0005.01.ENG&toc=OJ:L:2012:253:TOC,100.239.181,100.239.181,共享核验表 + ECHA官方限制清单,已核对
712,62,醋酸苯汞,Phenylmercury acetate,62-38-4,200-532-5,1,REACH Annex XVII第62项限制对象；Entry 62。具体限制条件见法规条款：Regulation。,Regulation,,https://eur-lex.europa.eu/legal-content/EN/TXT/?uri=uriserv:OJ.L_.2012.253.01.0005.01.ENG&toc=OJ:L:2012:253:TOC,100.000.484,100.239.181,CAS/EC与ECHA英文名逐条核对,已核对
713,62,丙酸苯汞,Phenylmercury propionate,103-27-5,203-094-3,1,REACH Annex XVII第62项限制对象；Entry 62。具体限制条件见法规条款：Regulation。,Regulation,,https://eur-lex.europa.eu/legal-content/EN/TXT/?uri=uriserv:OJ.L_.2012.253.01.0005.01.ENG&toc=OJ:L:2012:253:TOC,100.002.814,100.239.181,CAS/EC与ECHA英文名逐条核对,已核对
714,62,2-乙基己酸苯汞,Phenylmercury 2-ethylhexanoate,13302-00-6,236-326-7,1,REACH Annex XVII第62项限制对象；Entry 62。具体限制条件见法规条款：Regulation。,Regulation,,https://eur-lex.europa.eu/legal-content/EN/TXT/?uri=uriserv:OJ.L_.2012.253.01.0005.01.ENG&toc=OJ:L:2012:253:TOC,100.033.010,100.239.181,CAS/EC与ECHA英文名逐条核对,已核对
715,62,新癸酸苯汞,Phenylmercury neodecanoate,26545-49-3,247-783-7,1,REACH Annex XVII第62项限制对象；Entry 62。具体限制条件见法规条款：Regulation。,Regulation,,https://eur-lex.europa.eu/legal-content/EN/TXT/?uri=uriserv:OJ.L_.2012.253.01.0005.01.ENG&toc=OJ:L:2012:253:TOC,100.043.424,100.239.181,CAS/EC与ECHA英文名逐条核对,已核对
716,62,辛酸苯汞,Phenylmercury octanoate,13864-38-5,法规组级：无单一CAS/EC,1,REACH Annex XVII第62项限制对象；Entry 62。具体限制条件见法规条款：Regulation。,Regulation,,https://eur-lex.europa.eu/legal-content/EN/TXT/?uri=uriserv:OJ.L_.2012.253.01.0005.01.ENG&toc=OJ:L:2012:253:TOC,100.239.205,100.239.181,CAS/EC与ECHA英文名逐条核对,已核对
47,63,铅及其化合物,Lead and its compounds,法规组级：无单一CAS/EC,法规组级：无单一CAS/EC,0,REACH Annex XVII第63项限制对象；Lead and its compounds。具体限制条件见法规条款：Regulation。,Regulation,,https://eur-lex.europa.eu/legal-content/EN/TXT/?uri=CELEX%3A32023R0923&qid=1629107278018,100.239.187,100.239.187,共享核验表 + ECHA官方限制清单,已核对
723,63,四甲基铅,Tetramethyllead,75-74-1,200-897-0,1,REACH Annex XVII第63项限制对象；Lead and its compounds。具体限制条件见法规条款：Regulation。,Regulation,,https://eur-lex.europa.eu/legal-content/EN/TXT/?uri=CELEX%3A32023R0923&qid=1629107278018,100.000.816,100.239.187,CAS/EC与ECHA英文名逐条核对,已核对
724,63,四乙基铅,Tetraethyllead,78-00-2,201-075-4,1,REACH Annex XVII第63项限制对象；Lead and its compounds。具体限制条件见法规条款：Regulation。,Regulation,,https://eur-lex.europa.eu/legal-content/EN/TXT/?uri=CELEX%3A32023R0923&qid=1629107278018,100.000.979,100.239.187,CAS/EC与ECHA英文名逐条核对,已核对
725,63,乙酸铅,Lead di(acetate),301-04-2,206-104-4,1,REACH Annex XVII第63项限制对象；Lead and its compounds。具体限制条件见法规条款：Regulation。,Regulation,,https://eur-lex.europa.eu/legal-content/EN/TXT/?uri=CELEX%3A32023R0923&qid=1629107278018,100.005.551,100.239.187,CAS/EC与ECHA英文名逐条核对,已核对
726,63,双(2-乙基己酸)铅,Lead bis(2-ethylhexanoate),301-08-6,206-107-0,1,REACH Annex XVII第63项限制对象；Lead and its compounds。具体限制条件见法规条款：Regulation。,Regulation,,https://eur-lex.europa.eu/legal-content/EN/TXT/?uri=CELEX%3A32023R0923&qid=1629107278018,100.005.553,100.239.187,CAS/EC与ECHA英文名逐条核对,已核对
727,63,柠檬酸三铅,Trilead dicitrate,512-26-5,208-141-1,1,REACH Annex XVII第63项限制对象；Lead and its compounds。具体限制条件见法规条款：Regulation。,Regulation,,https://eur-lex.europa.eu/legal-content/EN/TXT/?uri=CELEX%3A32023R0923&qid=1629107278018,100.007.402,100.239.187,CAS/EC与ECHA英文名逐条核对,已核对
728,63,四乙酸铅,Lead tetraacetate,546-67-8,208-908-0,1,REACH Annex XVII第63项限制对象；Lead and its compounds。具体限制条件见法规条款：Regulation。,Regulation,,https://eur-lex.europa.eu/legal-content/EN/TXT/?uri=CELEX%3A32023R0923&qid=1629107278018,100.008.099,100.239.187,CAS/EC与ECHA英文名逐条核对,已核对
729,63,氰化铅,Lead dicyanide,592-05-2,209-742-1,1,REACH Annex XVII第63项限制对象；Lead and its compounds。具体限制条件见法规条款：Regulation。,Regulation,,https://eur-lex.europa.eu/legal-content/EN/TXT/?uri=CELEX%3A32023R0923&qid=1629107278018,100.008.858,100.239.187,CAS/EC与ECHA英文名逐条核对,已核对
730,63,硫氰酸铅,Lead dithiocyanate,592-87-0,209-774-6,1,REACH Annex XVII第63项限制对象；Lead and its compounds。具体限制条件见法规条款：Regulation。,Regulation,,https://eur-lex.europa.eu/legal-content/EN/TXT/?uri=CELEX%3A32023R0923&qid=1629107278018,100.008.887,100.239.187,CAS/EC与ECHA英文名逐条核对,已核对
731,63,四苯基铅,Tetraphenyllead,595-89-1,209-871-3,1,REACH Annex XVII第63项限制对象；Lead and its compounds。具体限制条件见法规条款：Regulation。,Regulation,,https://eur-lex.europa.eu/legal-content/EN/TXT/?uri=CELEX%3A32023R0923&qid=1629107278018,100.008.976,100.239.187,CAS/EC与ECHA英文名逐条核对,已核对
732,63,甲酸铅,Lead diformate,811-54-1,212-371-8,1,REACH Annex XVII第63项限制对象；Lead and its compounds。具体限制条件见法规条款：Regulation。,Regulation,,https://eur-lex.europa.eu/legal-content/EN/TXT/?uri=CELEX%3A32023R0923&qid=1629107278018,100.011.247,100.239.187,CAS/EC与ECHA英文名逐条核对,已核对
733,63,丙酸铅,Lead dipropionate,814-70-0,212-400-4,1,REACH Annex XVII第63项限制对象；Lead and its compounds。具体限制条件见法规条款：Regulation。,Regulation,,https://eur-lex.europa.eu/legal-content/EN/TXT/?uri=CELEX%3A32023R0923&qid=1629107278018,100.011.273,100.239.187,CAS/EC与ECHA英文名逐条核对,已核对
734,63,草酸铅,Lead oxalate,814-93-7,212-413-5,1,REACH Annex XVII第63项限制对象；Lead and its compounds。具体限制条件见法规条款：Regulation。,Regulation,,https://eur-lex.europa.eu/legal-content/EN/TXT/?uri=CELEX%3A32023R0923&qid=1629107278018,100.011.284,100.239.187,CAS/EC与ECHA英文名逐条核对,已核对
735,63,酒石酸铅,Lead tartrate,815-84-9,212-426-6,1,REACH Annex XVII第63项限制对象；Lead and its compounds。具体限制条件见法规条款：Regulation。,Regulation,,https://eur-lex.europa.eu/legal-content/EN/TXT/?uri=CELEX%3A32023R0923&qid=1629107278018,100.011.296,100.239.187,CAS/EC与ECHA英文名逐条核对,已核对
736,63,苹果酸铅,Lead malate,816-68-2,212-436-0,1,REACH Annex XVII第63项限制对象；Lead and its compounds。具体限制条件见法规条款：Regulation。,Regulation,,https://eur-lex.europa.eu/legal-content/EN/TXT/?uri=CELEX%3A32023R0923&qid=1629107278018,100.011.305,100.239.187,CAS/EC与ECHA英文名逐条核对,已核对
737,63,丁酸铅,Lead dibutyrate,819-73-8,212-462-2,1,REACH Annex XVII第63项限制对象；Lead and its compounds。具体限制条件见法规条款：Regulation。,Regulation,,https://eur-lex.europa.eu/legal-content/EN/TXT/?uri=CELEX%3A32023R0923&qid=1629107278018,100.011.329,100.239.187,CAS/EC与ECHA英文名逐条核对,已核对
738,63,丙烯酸铅,Lead(2+) acrylate,867-47-0,212-760-2,1,REACH Annex XVII第63项限制对象；Lead and its compounds。具体限制条件见法规条款：Regulation。,Regulation,,https://eur-lex.europa.eu/legal-content/EN/TXT/?uri=CELEX%3A32023R0923&qid=1629107278018,100.011.601,100.239.187,CAS/EC与ECHA英文名逐条核对,已核对
739,63,苯甲酸铅,Lead dibenzoate,873-54-1,212-841-2,1,REACH Annex XVII第63项限制对象；Lead and its compounds。具体限制条件见法规条款：Regulation。,Regulation,,https://eur-lex.europa.eu/legal-content/EN/TXT/?uri=CELEX%3A32023R0923&qid=1629107278018,100.011.674,100.239.187,CAS/EC与ECHA英文名逐条核对,已核对
740,63,氯三乙基铅烷,Chlorotriethylplumbane,1067-14-7,213-925-1,1,REACH Annex XVII第63项限制对象；Lead and its compounds。具体限制条件见法规条款：Regulation。,Regulation,,https://eur-lex.europa.eu/legal-content/EN/TXT/?uri=CELEX%3A32023R0923&qid=1629107278018,100.012.660,100.239.187,CAS/EC与ECHA英文名逐条核对,已核对
741,63,甲基丙烯酸铅,Lead(2+) methacrylate,1068-61-7,213-949-2,1,REACH Annex XVII第63项限制对象；Lead and its compounds。具体限制条件见法规条款：Regulation。,Regulation,,https://eur-lex.europa.eu/legal-content/EN/TXT/?uri=CELEX%3A32023R0923&qid=1629107278018,100.012.682,100.239.187,CAS/EC与ECHA英文名逐条核对,已核对
742,63,硬脂酸铅,Lead distearate,1072-35-1,214-005-2,1,REACH Annex XVII第63项限制对象；Lead and its compounds。具体限制条件见法规条款：Regulation。,Regulation,,https://eur-lex.europa.eu/legal-content/EN/TXT/?uri=CELEX%3A32023R0923&qid=1629107278018,100.012.733,100.239.187,CAS/EC与ECHA英文名逐条核对,已核对
743,63,油酸铅,Lead dioleate,1120-46-3,214-310-0,1,REACH Annex XVII第63项限制对象；Lead and its compounds。具体限制条件见法规条款：Regulation。,Regulation,,https://eur-lex.europa.eu/legal-content/EN/TXT/?uri=CELEX%3A32023R0923&qid=1629107278018,100.013.010,100.239.187,CAS/EC与ECHA英文名逐条核对,已核对
744,63,氯三苯基铅烷,Chlorotriphenylplumbane,1153-06-6,214-572-6,1,REACH Annex XVII第63项限制对象；Lead and its compounds。具体限制条件见法规条款：Regulation。,Regulation,,https://eur-lex.europa.eu/legal-content/EN/TXT/?uri=CELEX%3A32023R0923&qid=1629107278018,100.013.247,100.239.187,CAS/EC与ECHA英文名逐条核对,已核对
745,63,乙酰氧基三苯基铅烷,Acetoxytriphenylplumbane,1162-06-7,214-601-2,1,REACH Annex XVII第63项限制对象；Lead and its compounds。具体限制条件见法规条款：Regulation。,Regulation,,https://eur-lex.europa.eu/legal-content/EN/TXT/?uri=CELEX%3A32023R0923&qid=1629107278018,100.013.274,100.239.187,CAS/EC与ECHA英文名逐条核对,已核对
746,63,丁二酸铅,Lead succinate,1191-18-0,214-732-5,1,REACH Annex XVII第63项限制对象；Lead and its compounds。具体限制条件见法规条款：Regulation。,Regulation,,https://eur-lex.europa.eu/legal-content/EN/TXT/?uri=CELEX%3A32023R0923&qid=1629107278018,100.013.393,100.239.187,CAS/EC与ECHA英文名逐条核对,已核对
747,63,二氧化铅,Lead dioxide,1309-60-0,215-174-5,1,REACH Annex XVII第63项限制对象；Lead and its compounds。具体限制条件见法规条款：Regulation。,Regulation,,https://eur-lex.europa.eu/legal-content/EN/TXT/?uri=CELEX%3A32023R0923&qid=1629107278018,100.013.795,100.239.187,CAS/EC与ECHA英文名逐条核对,已核对
748,63,四氧化三铅,Orange lead,1314-41-6,215-235-6,1,REACH Annex XVII第63项限制对象；Lead and its compounds。具体限制条件见法规条款：Regulation。,Regulation,,https://eur-lex.europa.eu/legal-content/EN/TXT/?uri=CELEX%3A32023R0923&qid=1629107278018,100.013.851,100.239.187,CAS/EC与ECHA英文名逐条核对,已核对
749,63,硫化铅,Lead sulphide,1314-87-0,215-246-6,1,REACH Annex XVII第63项限制对象；Lead and its compounds。具体限制条件见法规条款：Regulation。,Regulation,,https://eur-lex.europa.eu/legal-content/EN/TXT/?uri=CELEX%3A32023R0923&qid=1629107278018,100.013.861,100.239.187,CAS/EC与ECHA英文名逐条核对,已核对
750,63,碲化铅,Lead telluride,1314-91-6,215-247-1,1,REACH Annex XVII第63项限制对象；Lead and its compounds。具体限制条件见法规条款：Regulation。,Regulation,,https://eur-lex.europa.eu/legal-content/EN/TXT/?uri=CELEX%3A32023R0923&qid=1629107278018,100.013.862,100.239.187,CAS/EC与ECHA英文名逐条核对,已核对
751,63,一氧化铅,Lead monoxide,1317-36-8,215-267-0,1,REACH Annex XVII第63项限制对象；Lead and its compounds。具体限制条件见法规条款：Regulation。,Regulation,,https://eur-lex.europa.eu/legal-content/EN/TXT/?uri=CELEX%3A32023R0923&qid=1629107278018,100.013.880,100.239.187,CAS/EC与ECHA英文名逐条核对,已核对
752,63,碱式碳酸铅,Trilead-bis(carbonate)-dihydroxide 2PbCO3-Pb(OH)2,1319-46-6,215-290-6,1,REACH Annex XVII第63项限制对象；Lead and its compounds。具体限制条件见法规条款：Regulation。,Regulation,,https://eur-lex.europa.eu/legal-content/EN/TXT/?uri=CELEX%3A32023R0923&qid=1629107278018,100.013.901,100.239.187,CAS/EC与ECHA英文名逐条核对,已核对
753,63,"2-(2,4,5,7-四溴-3,6-二羟基氧杂蒽-9-基)苯甲酸铅盐","2-(2,4,5,7-tetrabromo-3,6-dihydroxyxanthen-9-yl)benzoic acid, lead salt",1326-05-2,215-415-4,1,REACH Annex XVII第63项限制对象；Lead and its compounds。具体限制条件见法规条款：Regulation。,Regulation,,https://eur-lex.europa.eu/legal-content/EN/TXT/?uri=CELEX%3A32023R0923&qid=1629107278018,100.014.015,100.239.187,CAS/EC与ECHA英文名逐条核对,已核对
754,63,四羟基二乙酸三铅,"Lead, bis(acetato-O)tetrahydroxytri-",1335-32-6,215-630-3,1,REACH Annex XVII第63项限制对象；Lead and its compounds。具体限制条件见法规条款：Regulation。,Regulation,,https://eur-lex.europa.eu/legal-content/EN/TXT/?uri=CELEX%3A32023R0923&qid=1629107278018,100.014.210,100.239.187,CAS/EC与ECHA英文名逐条核对,已核对
755,63,铅铬黄,Lead sulfochromate yellow,1344-37-2,215-693-7,1,"This substance is identified in the Colour Index by Colour Index Constitution Number, C.I. 77603.",Regulation,,https://eur-lex.europa.eu/legal-content/EN/TXT/?uri=CELEX%3A32023R0923&qid=1629107278018,100.014.267,100.239.187,CAS/EC与ECHA英文名逐条核对,已核对
756,63,碱式铬酸铅橙,Basic lead chromate orange,1344-38-3,215-694-2,1,"This substance is identified in the Colour Index by Colour Index Constitution Number, C.I. 77601.",Regulation,,https://eur-lex.europa.eu/legal-content/EN/TXT/?uri=CELEX%3A32023R0923&qid=1629107278018,100.014.268,100.239.187,CAS/EC与ECHA英文名逐条核对,已核对
757,63,氯三甲基铅烷,Chlorotrimethylplumbane,1520-78-1,216-187-9,1,REACH Annex XVII第63项限制对象；Lead and its compounds。具体限制条件见法规条款：Regulation。,Regulation,,https://eur-lex.europa.eu/legal-content/EN/TXT/?uri=CELEX%3A32023R0923&qid=1629107278018,100.014.716,100.239.187,CAS/EC与ECHA英文名逐条核对,已核对
758,63,乙基三甲基铅烷,Ethyltrimethylplumbane,1762-26-1,217-169-3,1,REACH Annex XVII第63项限制对象；Lead and its compounds。具体限制条件见法规条款：Regulation。,Regulation,,https://eur-lex.europa.eu/legal-content/EN/TXT/?uri=CELEX%3A32023R0923&qid=1629107278018,100.015.609,100.239.187,CAS/EC与ECHA英文名逐条核对,已核对
759,63,二乙基二甲基铅烷,Diethyldimethylplumbane,1762-27-2,217-170-9,1,REACH Annex XVII第63项限制对象；Lead and its compounds。具体限制条件见法规条款：Regulation。,Regulation,,https://eur-lex.europa.eu/legal-content/EN/TXT/?uri=CELEX%3A32023R0923&qid=1629107278018,100.015.610,100.239.187,CAS/EC与ECHA英文名逐条核对,已核对
760,63,三乙基甲基铅烷,Triethylmethylplumbane,1762-28-3,217-171-4,1,REACH Annex XVII第63项限制对象；Lead and its compounds。具体限制条件见法规条款：Regulation。,Regulation,,https://eur-lex.europa.eu/legal-content/EN/TXT/?uri=CELEX%3A32023R0923&qid=1629107278018,100.015.611,100.239.187,CAS/EC与ECHA英文名逐条核对,已核对
761,63,四丁基铅,Tetrabutylplumbane,1920-90-7,217-649-2,1,REACH Annex XVII第63项限制对象；Lead and its compounds。具体限制条件见法规条款：Regulation。,Regulation,,https://eur-lex.europa.eu/legal-content/EN/TXT/?uri=CELEX%3A32023R0923&qid=1629107278018,100.016.046,100.239.187,CAS/EC与ECHA英文名逐条核对,已核对
762,63,二氯二苯基铅,Diphenyllead dichloride,2117-69-3,218-325-3,1,REACH Annex XVII第63项限制对象；Lead and its compounds。具体限制条件见法规条款：Regulation。,Regulation,,https://eur-lex.europa.eu/legal-content/EN/TXT/?uri=CELEX%3A32023R0923&qid=1629107278018,100.016.660,100.239.187,CAS/EC与ECHA英文名逐条核对,已核对
763,63,六乙基二铅烷,Hexaethyldiplumbane,2388-00-3,219-216-3,1,REACH Annex XVII第63项限制对象；Lead and its compounds。具体限制条件见法规条款：Regulation。,Regulation,,https://eur-lex.europa.eu/legal-content/EN/TXT/?uri=CELEX%3A32023R0923&qid=1629107278018,100.017.471,100.239.187,CAS/EC与ECHA英文名逐条核对,已核对
764,63,乙酰氧基三丁基铅烷,Acetoxytributylplumbane,2587-82-8,219-970-3,1,REACH Annex XVII第63项限制对象；Lead and its compounds。具体限制条件见法规条款：Regulation。,Regulation,,https://eur-lex.europa.eu/legal-content/EN/TXT/?uri=CELEX%3A32023R0923&qid=1629107278018,100.018.156,100.239.187,CAS/EC与ECHA英文名逐条核对,已核对
765,63,六苯基二铅烷,Hexaphenyldiplumbane,3124-01-4,221-505-4,1,REACH Annex XVII第63项限制对象；Lead and its compounds。具体限制条件见法规条款：Regulation。,Regulation,,https://eur-lex.europa.eu/legal-content/EN/TXT/?uri=CELEX%3A32023R0923&qid=1629107278018,100.019.551,100.239.187,CAS/EC与ECHA英文名逐条核对,已核对
766,63,二十二烷酸铅,"Docosanoic acid, lead salt",3249-61-4,221-834-3,1,REACH Annex XVII第63项限制对象；Lead and its compounds。具体限制条件见法规条款：Regulation。,Regulation,,https://eur-lex.europa.eu/legal-content/EN/TXT/?uri=CELEX%3A32023R0923&qid=1629107278018,100.019.850,100.239.187,CAS/EC与ECHA英文名逐条核对,已核对
767,63,砷酸铅,Trilead diarsenate,3687-31-8,222-979-5,1,REACH Annex XVII第63项限制对象；Lead and its compounds。具体限制条件见法规条款：Regulation。,Regulation,,https://eur-lex.europa.eu/legal-content/EN/TXT/?uri=CELEX%3A32023R0923&qid=1629107278018,100.020.890,100.239.187,CAS/EC与ECHA英文名逐条核对,已核对
768,63,乙酰氧基三甲基铅烷,Acetoxytrimethylplumbane,5711-19-3,227-200-2,1,REACH Annex XVII第63项限制对象；Lead and its compounds。具体限制条件见法规条款：Regulation。,Regulation,,https://eur-lex.europa.eu/legal-content/EN/TXT/?uri=CELEX%3A32023R0923&qid=1629107278018,100.024.728,100.239.187,CAS/EC与ECHA英文名逐条核对,已核对
769,63,苦味酸铅,Lead dipicrate,6477-64-1,229-335-2,1,REACH Annex XVII第63项限制对象；Lead and its compounds。具体限制条件见法规条款：Regulation。,Regulation,,https://eur-lex.europa.eu/legal-content/EN/TXT/?uri=CELEX%3A32023R0923&qid=1629107278018,100.026.669,100.239.187,CAS/EC与ECHA英文名逐条核对,已核对
770,63,邻苯二甲酸铅,Lead phthalate,6838-85-3,229-927-0,1,REACH Annex XVII第63项限制对象；Lead and its compounds。具体限制条件见法规条款：Regulation。,Regulation,,https://eur-lex.europa.eu/legal-content/EN/TXT/?uri=CELEX%3A32023R0923&qid=1629107278018,100.027.206,100.239.187,CAS/EC与ECHA英文名逐条核对,已核对
771,63,二乙酰氧基二苯基铅烷,Diacetoxydiphenylplumbane,6928-68-3,230-052-1,1,REACH Annex XVII第63项限制对象；Lead and its compounds。具体限制条件见法规条款：Regulation。,Regulation,,https://eur-lex.europa.eu/legal-content/EN/TXT/?uri=CELEX%3A32023R0923&qid=1629107278018,100.027.320,100.239.187,CAS/EC与ECHA英文名逐条核对,已核对
772,63,甲酸铅,"Formic acid, lead salt",7056-83-9,230-336-5,1,REACH Annex XVII第63项限制对象；Lead and its compounds。具体限制条件见法规条款：Regulation。,Regulation,,https://eur-lex.europa.eu/legal-content/EN/TXT/?uri=CELEX%3A32023R0923&qid=1629107278018,100.027.578,100.239.187,CAS/EC与ECHA英文名逐条核对,已核对
773,63,辛酸铅,Lead(2+) octanoate,7319-86-0,230-784-1,1,REACH Annex XVII第63项限制对象；Lead and its compounds。具体限制条件见法规条款：Regulation。,Regulation,,https://eur-lex.europa.eu/legal-content/EN/TXT/?uri=CELEX%3A32023R0923&qid=1629107278018,100.027.985,100.239.187,CAS/EC与ECHA英文名逐条核对,已核对
774,63,硬脂酸铅,"Stearic acid, lead salt",7428-48-0,231-068-1,1,REACH Annex XVII第63项限制对象；Lead and its compounds。具体限制条件见法规条款：Regulation。,Regulation,,https://eur-lex.europa.eu/legal-content/EN/TXT/?uri=CELEX%3A32023R0923&qid=1629107278018,100.028.244,100.239.187,CAS/EC与ECHA英文名逐条核对,已核对
775,63,铅,Lead,7439-92-1,231-100-4,1,REACH Annex XVII第63项限制对象；Lead and its compounds。具体限制条件见法规条款：Regulation。,Regulation,,https://eur-lex.europa.eu/legal-content/EN/TXT/?uri=CELEX%3A32023R0923&qid=1629107278018,100.028.273,100.239.187,ECHA法规条目与条目组级核对,已核对
776,63,亚硫酸铅,Lead sulphite,7446-10-8,231-196-8,1,REACH Annex XVII第63项限制对象；Lead and its compounds。具体限制条件见法规条款：Regulation。,Regulation,,https://eur-lex.europa.eu/legal-content/EN/TXT/?uri=CELEX%3A32023R0923&qid=1629107278018,100.028.360,100.239.187,CAS/EC与ECHA英文名逐条核对,已核对
777,63,硫酸铅,Lead sulphate PbSO4,7446-14-2,231-198-9,1,REACH Annex XVII第63项限制对象；Lead and its compounds。具体限制条件见法规条款：Regulation。,Regulation,,https://eur-lex.europa.eu/legal-content/EN/TXT/?uri=CELEX%3A32023R0923&qid=1629107278018,100.028.362,100.239.187,CAS/EC与ECHA英文名逐条核对,已核对
778,63,硒酸铅,Lead selenate,7446-15-3,231-199-4,1,REACH Annex XVII第63项限制对象；Lead and its compounds。具体限制条件见法规条款：Regulation。,Regulation,,https://eur-lex.europa.eu/legal-content/EN/TXT/?uri=CELEX%3A32023R0923&qid=1629107278018,100.028.363,100.239.187,CAS/EC与ECHA英文名逐条核对,已核对
779,63,磷酸铅,Trilead bis(orthophosphate),7446-27-7,231-205-5,1,REACH Annex XVII第63项限制对象；Lead and its compounds。具体限制条件见法规条款：Regulation。,Regulation,,https://eur-lex.europa.eu/legal-content/EN/TXT/?uri=CELEX%3A32023R0923&qid=1629107278018,100.028.368,100.239.187,CAS/EC与ECHA英文名逐条核对,已核对
780,63,亚硒酸铅,Lead(2+) selenite,7488-51-9,231-300-1,1,REACH Annex XVII第63项限制对象；Lead and its compounds。具体限制条件见法规条款：Regulation。,Regulation,,https://eur-lex.europa.eu/legal-content/EN/TXT/?uri=CELEX%3A32023R0923&qid=1629107278018,100.028.455,100.239.187,CAS/EC与ECHA英文名逐条核对,已核对
781,63,硬脂酸铅(IV),Lead(4+) stearate,7717-46-6,231-740-4,1,REACH Annex XVII第63项限制对象；Lead and its compounds。具体限制条件见法规条款：Regulation。,Regulation,,https://eur-lex.europa.eu/legal-content/EN/TXT/?uri=CELEX%3A32023R0923&qid=1629107278018,100.028.856,100.239.187,CAS/EC与ECHA英文名逐条核对,已核对
782,63,二氯化铅,Lead dichloride,7758-95-4,231-845-5,1,REACH Annex XVII第63项限制对象；Lead and its compounds。具体限制条件见法规条款：Regulation。,Regulation,,https://eur-lex.europa.eu/legal-content/EN/TXT/?uri=CELEX%3A32023R0923&qid=1629107278018,100.028.950,100.239.187,CAS/EC与ECHA英文名逐条核对,已核对
783,63,铬酸铅,Lead chromate,7758-97-6,231-846-0,1,REACH Annex XVII第63项限制对象；Lead and its compounds。具体限制条件见法规条款：Regulation。,Regulation,,https://eur-lex.europa.eu/legal-content/EN/TXT/?uri=CELEX%3A32023R0923&qid=1629107278018,100.028.951,100.239.187,CAS/EC与ECHA英文名逐条核对,已核对
784,63,钨酸铅,Lead tungsten tetraoxide,7759-01-5,231-849-7,1,REACH Annex XVII第63项限制对象；Lead and its compounds。具体限制条件见法规条款：Regulation。,Regulation,,https://eur-lex.europa.eu/legal-content/EN/TXT/?uri=CELEX%3A32023R0923&qid=1629107278018,100.028.954,100.239.187,CAS/EC与ECHA英文名逐条核对,已核对
785,63,二氟化铅,Lead difluoride,7783-46-2,231-998-8,1,REACH Annex XVII第63项限制对象；Lead and its compounds。具体限制条件见法规条款：Regulation。,Regulation,,https://eur-lex.europa.eu/legal-content/EN/TXT/?uri=CELEX%3A32023R0923&qid=1629107278018,100.029.089,100.239.187,CAS/EC与ECHA英文名逐条核对,已核对
786,63,四氟化铅,Lead(IV) fluoride,7783-59-7,232-012-9,1,REACH Annex XVII第63项限制对象；Lead and its compounds。具体限制条件见法规条款：Regulation。,Regulation,,https://eur-lex.europa.eu/legal-content/EN/TXT/?uri=CELEX%3A32023R0923&qid=1629107278018,100.029.102,100.239.187,CAS/EC与ECHA英文名逐条核对,已核对
787,63,砷酸氢铅,Lead hydrogen arsenate,7784-40-9,232-064-2,1,REACH Annex XVII第63项限制对象；Lead and its compounds。具体限制条件见法规条款：Regulation。,Regulation,,https://eur-lex.europa.eu/legal-content/EN/TXT/?uri=CELEX%3A32023R0923&qid=1629107278018,100.029.149,100.239.187,CAS/EC与ECHA英文名逐条核对,已核对
788,63,锑铅黄烧绿石,"Pyrochlore, antimony lead yellow",8012-00-8,232-382-1,1,"This substance is identified in the Colour Index by Colour Index Constitution Number, C.I. 77588.",Regulation,,https://eur-lex.europa.eu/legal-content/EN/TXT/?uri=CELEX%3A32023R0923&qid=1629107278018,100.029.436,100.239.187,CAS/EC与ECHA英文名逐条核对,已核对
789,63,树脂酸和松香酸铅盐,"Resin acids and Rosin acids, lead salts",9008-26-8,232-714-5,1,REACH Annex XVII第63项限制对象；Lead and its compounds。具体限制条件见法规条款：Regulation。,Regulation,,https://eur-lex.europa.eu/legal-content/EN/TXT/?uri=CELEX%3A32023R0923&qid=1629107278018,100.029.727,100.239.187,CAS/EC与ECHA英文名逐条核对,已核对
790,63,亚砷酸铅,Lead arsenite,10031-13-7,233-083-9,1,REACH Annex XVII第63项限制对象；Lead and its compounds。具体限制条件见法规条款：Regulation。,Regulation,,https://eur-lex.europa.eu/legal-content/EN/TXT/?uri=CELEX%3A32023R0923&qid=1629107278018,100.030.064,100.239.187,CAS/EC与ECHA英文名逐条核对,已核对
791,63,二溴化铅,Lead dibromide,10031-22-8,233-084-4,1,REACH Annex XVII第63项限制对象；Lead and its compounds。具体限制条件见法规条款：Regulation。,Regulation,,https://eur-lex.europa.eu/legal-content/EN/TXT/?uri=CELEX%3A32023R0923&qid=1629107278018,100.030.065,100.239.187,CAS/EC与ECHA英文名逐条核对,已核对
792,63,硝酸铅,Lead dinitrate,10099-74-8,233-245-9,1,REACH Annex XVII第63项限制对象；Lead and its compounds。具体限制条件见法规条款：Regulation。,Regulation,,https://eur-lex.europa.eu/legal-content/EN/TXT/?uri=CELEX%3A32023R0923&qid=1629107278018,100.030.210,100.239.187,CAS/EC与ECHA英文名逐条核对,已核对
793,63,硅酸铅,Lead(2+) silicate,10099-76-0,233-246-4,1,REACH Annex XVII第63项限制对象；Lead and its compounds。具体限制条件见法规条款：Regulation。,Regulation,,https://eur-lex.europa.eu/legal-content/EN/TXT/?uri=CELEX%3A32023R0923&qid=1629107278018,100.030.211,100.239.187,CAS/EC与ECHA英文名逐条核对,已核对
794,63,六氧化二钒铅,Lead divanadium hexaoxide,10099-79-3,233-248-5,1,REACH Annex XVII第63项限制对象；Lead and its compounds。具体限制条件见法规条款：Regulation。,Regulation,,https://eur-lex.europa.eu/legal-content/EN/TXT/?uri=CELEX%3A32023R0923&qid=1629107278018,100.030.212,100.239.187,CAS/EC与ECHA英文名逐条核对,已核对
795,63,二碘化铅,Lead diiodide,10101-63-0,233-256-9,1,REACH Annex XVII第63项限制对象；Lead and its compounds。具体限制条件见法规条款：Regulation。,Regulation,,https://eur-lex.europa.eu/legal-content/EN/TXT/?uri=CELEX%3A32023R0923&qid=1629107278018,100.030.220,100.239.187,CAS/EC与ECHA英文名逐条核对,已核对
796,63,钼酸铅,Lead molybdate,10190-55-3,233-459-2,1,REACH Annex XVII第63项限制对象；Lead and its compounds。具体限制条件见法规条款：Regulation。,Regulation,,https://eur-lex.europa.eu/legal-content/EN/TXT/?uri=CELEX%3A32023R0923&qid=1629107278018,100.030.405,100.239.187,CAS/EC与ECHA英文名逐条核对,已核对
797,63,次膦酸铅,Lead diphosphinate,10294-58-3,233-664-7,1,REACH Annex XVII第63项限制对象；Lead and its compounds。具体限制条件见法规条款：Regulation。,Regulation,,https://eur-lex.europa.eu/legal-content/EN/TXT/?uri=CELEX%3A32023R0923&qid=1629107278018,100.030.591,100.239.187,CAS/EC与ECHA英文名逐条核对,已核对
798,63,硅酸铬铅盐,"Silicic acid, chromium lead salt",11113-70-5,234-347-6,1,REACH Annex XVII第63项限制对象；Lead and its compounds。具体限制条件见法规条款：Regulation。,Regulation,,https://eur-lex.europa.eu/legal-content/EN/TXT/?uri=CELEX%3A32023R0923&qid=1629107278018,100.031.212,100.239.187,CAS/EC与ECHA英文名逐条核对,已核对
799,63,十三氧化四钌二铋二铅,Dibismuth dilead tetraruthenium tridecaoxide,11116-83-9,234-358-6,1,REACH Annex XVII第63项限制对象；Lead and its compounds。具体限制条件见法规条款：Regulation。,Regulation,,https://eur-lex.europa.eu/legal-content/EN/TXT/?uri=CELEX%3A32023R0923&qid=1629107278018,100.031.222,100.239.187,CAS/EC与ECHA英文名逐条核对,已核对
800,63,硅酸铅盐,"Silicic acid, lead salt",11120-22-2,234-363-3,1,REACH Annex XVII第63项限制对象；Lead and its compounds。具体限制条件见法规条款：Regulation。,Regulation,,https://eur-lex.europa.eu/legal-content/EN/TXT/?uri=CELEX%3A32023R0923&qid=1629107278018,100.031.227,100.239.187,CAS/EC与ECHA英文名逐条核对,已核对
801,63,四氧化二钙铅,Dicalcium lead tetraoxide,12013-69-3,234-591-3,1,REACH Annex XVII第63项限制对象；Lead and its compounds。具体限制条件见法规条款：Regulation。,Regulation,,https://eur-lex.europa.eu/legal-content/EN/TXT/?uri=CELEX%3A32023R0923&qid=1629107278018,100.031.434,100.239.187,CAS/EC与ECHA英文名逐条核对,已核对
802,63,二羟基铬酸二铅,Dilead chromate dihydroxide,12017-86-6,234-628-3,1,REACH Annex XVII第63项限制对象；Lead and its compounds。具体限制条件见法规条款：Regulation。,Regulation,,https://eur-lex.europa.eu/legal-content/EN/TXT/?uri=CELEX%3A32023R0923&qid=1629107278018,100.031.468,100.239.187,CAS/EC与ECHA英文名逐条核对,已核对
803,63,十九氧化十二铁铅,Dodecairon lead nonadecaoxide,12023-90-4,234-684-9,1,REACH Annex XVII第63项限制对象；Lead and its compounds。具体限制条件见法规条款：Regulation。,Regulation,,https://eur-lex.europa.eu/legal-content/EN/TXT/?uri=CELEX%3A32023R0923&qid=1629107278018,100.031.519,100.239.187,CAS/EC与ECHA英文名逐条核对,已核对
804,63,三氧化铪铅,Hafnium lead trioxide,12029-23-1,234-735-5,1,REACH Annex XVII第63项限制对象；Lead and its compounds。具体限制条件见法规条款：Regulation。,Regulation,,https://eur-lex.europa.eu/legal-content/EN/TXT/?uri=CELEX%3A32023R0923&qid=1629107278018,100.031.564,100.239.187,CAS/EC与ECHA英文名逐条核对,已核对
805,63,二氧化铅二钠,Lead disodium dioxide,12034-30-9,234-800-8,1,REACH Annex XVII第63项限制对象；Lead and its compounds。具体限制条件见法规条款：Regulation。,Regulation,,https://eur-lex.europa.eu/legal-content/EN/TXT/?uri=CELEX%3A32023R0923&qid=1629107278018,100.031.624,100.239.187,CAS/EC与ECHA英文名逐条核对,已核对
806,63,六氧化二铌铅,Lead diniobium hexaoxide,12034-88-7,234-814-4,1,REACH Annex XVII第63项限制对象；Lead and its compounds。具体限制条件见法规条款：Regulation。,Regulation,,https://eur-lex.europa.eu/legal-content/EN/TXT/?uri=CELEX%3A32023R0923&qid=1629107278018,100.031.637,100.239.187,CAS/EC与ECHA英文名逐条核对,已核对
807,63,三氧化锡铅,Lead tin trioxide,12036-31-6,234-844-8,1,REACH Annex XVII第63项限制对象；Lead and its compounds。具体限制条件见法规条款：Regulation。,Regulation,,https://eur-lex.europa.eu/legal-content/EN/TXT/?uri=CELEX%3A32023R0923&qid=1629107278018,100.031.664,100.239.187,CAS/EC与ECHA英文名逐条核对,已核对
808,63,硫酸氧化铅,Lead oxide sulfate,12036-76-9,234-853-7,1,REACH Annex XVII第63项限制对象；Lead and its compounds。具体限制条件见法规条款：Regulation。,Regulation,,https://eur-lex.europa.eu/legal-content/EN/TXT/?uri=CELEX%3A32023R0923&qid=1629107278018,100.031.672,100.239.187,CAS/EC与ECHA英文名逐条核对,已核对
809,63,铋铅化合物（1:1）,"Bismuth, compound with lead (1:1)",12048-28-1,234-980-8,1,REACH Annex XVII第63项限制对象；Lead and its compounds。具体限制条件见法规条款：Regulation。,Regulation,,https://eur-lex.europa.eu/legal-content/EN/TXT/?uri=CELEX%3A32023R0923&qid=1629107278018,100.031.788,100.239.187,CAS/EC与ECHA英文名逐条核对,已核对
810,63,氧化二铅,Dilead oxide,12059-89-1,235-036-8,1,REACH Annex XVII第63项限制对象；Lead and its compounds。具体限制条件见法规条款：Regulation。,Regulation,,https://eur-lex.europa.eu/legal-content/EN/TXT/?uri=CELEX%3A32023R0923&qid=1629107278018,100.031.839,100.239.187,CAS/EC与ECHA英文名逐条核对,已核对
811,63,钛酸铅,Lead titanium trioxide,12060-00-3,235-038-9,1,REACH Annex XVII第63项限制对象；Lead and its compounds。具体限制条件见法规条款：Regulation。,Regulation,,https://eur-lex.europa.eu/legal-content/EN/TXT/?uri=CELEX%3A32023R0923&qid=1629107278018,100.031.841,100.239.187,CAS/EC与ECHA英文名逐条核对,已核对
812,63,锆酸铅,Lead zirconium trioxide,12060-01-4,235-039-4,1,REACH Annex XVII第63项限制对象；Lead and its compounds。具体限制条件见法规条款：Regulation。,Regulation,,https://eur-lex.europa.eu/legal-content/EN/TXT/?uri=CELEX%3A32023R0923&qid=1629107278018,100.031.842,100.239.187,CAS/EC与ECHA英文名逐条核对,已核对
813,63,六氧化二钽铅,Lead ditantalum hexaoxide,12065-68-8,235-065-6,1,REACH Annex XVII第63项限制对象；Lead and its compounds。具体限制条件见法规条款：Regulation。,Regulation,,https://eur-lex.europa.eu/legal-content/EN/TXT/?uri=CELEX%3A32023R0923&qid=1629107278018,100.031.865,100.239.187,CAS/EC与ECHA英文名逐条核对,已核对
814,63,四氧化硫酸五铅,Pentalead tetraoxide sulphate,12065-90-6,235-067-7,1,REACH Annex XVII第63项限制对象；Lead and its compounds。具体限制条件见法规条款：Regulation。,Regulation,,https://eur-lex.europa.eu/legal-content/EN/TXT/?uri=CELEX%3A32023R0923&qid=1629107278018,100.031.867,100.239.187,CAS/EC与ECHA英文名逐条核对,已核对
815,63,硒化铅,Lead selenide,12069-00-0,235-109-4,1,REACH Annex XVII第63项限制对象；Lead and its compounds。具体限制条件见法规条款：Regulation。,Regulation,,https://eur-lex.europa.eu/legal-content/EN/TXT/?uri=CELEX%3A32023R0923&qid=1629107278018,100.031.906,100.239.187,CAS/EC与ECHA英文名逐条核对,已核对
816,63,二硫化铅,Lead disulphide,12137-74-5,235-241-2,1,REACH Annex XVII第63项限制对象；Lead and its compounds。具体限制条件见法规条款：Regulation。,Regulation,,https://eur-lex.europa.eu/legal-content/EN/TXT/?uri=CELEX%3A32023R0923&qid=1629107278018,100.032.025,100.239.187,CAS/EC与ECHA英文名逐条核对,已核对
817,63,二氧化膦酸三铅,Trilead dioxide phosphonate,12141-20-7,235-252-2,1,REACH Annex XVII第63项限制对象；Lead and its compounds。具体限制条件见法规条款：Regulation。,Regulation,,https://eur-lex.europa.eu/legal-content/EN/TXT/?uri=CELEX%3A32023R0923&qid=1629107278018,100.032.035,100.239.187,CAS/EC与ECHA英文名逐条核对,已核对
818,63,三氧化硫酸四铅,Tetralead trioxide sulphate,12202-17-4,235-380-9,1,REACH Annex XVII第63项限制对象；Lead and its compounds。具体限制条件见法规条款：Regulation。,Regulation,,https://eur-lex.europa.eu/legal-content/EN/TXT/?uri=CELEX%3A32023R0923&qid=1629107278018,100.032.152,100.239.187,CAS/EC与ECHA英文名逐条核对,已核对
819,63,氯氧化铅,Lead chloride oxide,12205-72-0,235-383-5,1,REACH Annex XVII第63项限制对象；Lead and its compounds。具体限制条件见法规条款：Regulation。,Regulation,,https://eur-lex.europa.eu/legal-content/EN/TXT/?uri=CELEX%3A32023R0923&qid=1629107278018,100.032.154,100.239.187,CAS/EC与ECHA英文名逐条核对,已核对
820,63,锑铅化合物（1:1）,"Antimony, compound with lead (1:1)",12266-38-5,235-536-6,1,REACH Annex XVII第63项限制对象；Lead and its compounds。具体限制条件见法规条款：Regulation。,Regulation,,https://eur-lex.europa.eu/legal-content/EN/TXT/?uri=CELEX%3A32023R0923&qid=1629107278018,100.032.293,100.239.187,CAS/EC与ECHA英文名逐条核对,已核对
821,63,羟基硝酸铅,Lead hydroxide nitrate,12268-84-7,235-543-4,1,REACH Annex XVII第63项限制对象；Lead and its compounds。具体限制条件见法规条款：Regulation。,Regulation,,https://eur-lex.europa.eu/legal-content/EN/TXT/?uri=CELEX%3A32023R0923&qid=1629107278018,100.032.300,100.239.187,CAS/EC与ECHA英文名逐条核对,已核对
822,63,马来酸根合三氧化四铅,(maleato)trioxotetralead,12275-07-9,235-549-7,1,REACH Annex XVII第63项限制对象；Lead and its compounds。具体限制条件见法规条款：Regulation。,Regulation,,https://eur-lex.europa.eu/legal-content/EN/TXT/?uri=CELEX%3A32023R0923&qid=1629107278018,100.032.305,100.239.187,CAS/EC与ECHA英文名逐条核对,已核对
823,63,十五氧合二铅五铌酸钾,Potassium pentadecaoxodiplumbatepentaniobate(1-),12372-45-1,235-618-1,1,REACH Annex XVII第63项限制对象；Lead and its compounds。具体限制条件见法规条款：Regulation。,Regulation,,https://eur-lex.europa.eu/legal-content/EN/TXT/?uri=CELEX%3A32023R0923&qid=1629107278018,100.032.367,100.239.187,CAS/EC与ECHA英文名逐条核对,已核对
824,63,二羟基苦酮酸根合二铅,Dihydroxy[styphnato(2-)]dilead,12403-82-6,235-642-2,1,REACH Annex XVII第63项限制对象；Lead and its compounds。具体限制条件见法规条款：Regulation。,Regulation,,https://eur-lex.europa.eu/legal-content/EN/TXT/?uri=CELEX%3A32023R0923&qid=1629107278018,100.032.389,100.239.187,CAS/EC与ECHA英文名逐条核对,已核对
825,63,锗酸铅,Lead germanate,12435-47-1,235-666-3,1,REACH Annex XVII第63项限制对象；Lead and its compounds。具体限制条件见法规条款：Regulation。,Regulation,,https://eur-lex.europa.eu/legal-content/EN/TXT/?uri=CELEX%3A32023R0923&qid=1629107278018,100.032.411,100.239.187,CAS/EC与ECHA英文名逐条核对,已核对
826,63,二氧双(硬脂酸根合)三铅,Dioxobis(stearato)trilead,12578-12-0,235-702-8,1,REACH Annex XVII第63项限制对象；Lead and its compounds。具体限制条件见法规条款：Regulation。,Regulation,,https://eur-lex.europa.eu/legal-content/EN/TXT/?uri=CELEX%3A32023R0923&qid=1629107278018,100.032.444,100.239.187,CAS/EC与ECHA英文名逐条核对,已核对
827,63,钛锆氧化铅,Lead titanium zirconium oxide,12626-81-2,235-727-4,1,REACH Annex XVII第63项限制对象；Lead and its compounds。具体限制条件见法规条款：Regulation。,Regulation,,https://eur-lex.europa.eu/legal-content/EN/TXT/?uri=CELEX%3A32023R0923&qid=1629107278018,100.032.467,100.239.187,CAS/EC与ECHA英文名逐条核对,已核对
828,63,铬钼硫酸铅红,Lead chromate molybdate sulfate red,12656-85-8,235-759-9,1,"This substance is identified in the Colour Index by Colour Index Constitution Number, C.I. 77605.",Regulation,,https://eur-lex.europa.eu/legal-content/EN/TXT/?uri=CELEX%3A32023R0923&qid=1629107278018,100.032.496,100.239.187,CAS/EC与ECHA英文名逐条核对,已核对
829,63,钨氧化铅,Lead tungsten oxide,12737-98-3,235-792-9,1,REACH Annex XVII第63项限制对象；Lead and its compounds。具体限制条件见法规条款：Regulation。,Regulation,,https://eur-lex.europa.eu/legal-content/EN/TXT/?uri=CELEX%3A32023R0923&qid=1629107278018,100.032.526,100.239.187,CAS/EC与ECHA英文名逐条核对,已核对
830,63,硫酸氧化铅,Lead oxide sulfate,12765-51-4,235-803-7,1,REACH Annex XVII第63项限制对象；Lead and its compounds。具体限制条件见法规条款：Regulation。,Regulation,,https://eur-lex.europa.eu/legal-content/EN/TXT/?uri=CELEX%3A32023R0923&qid=1629107278018,100.032.535,100.239.187,CAS/EC与ECHA英文名逐条核对,已核对
831,63,(R)-12-羟基油酸铅,Lead(2+) (R)-12-hydroxyoleate,13094-04-7,236-010-9,1,REACH Annex XVII第63项限制对象；Lead and its compounds。具体限制条件见法规条款：Regulation。,Regulation,,https://eur-lex.europa.eu/legal-content/EN/TXT/?uri=CELEX%3A32023R0923&qid=1629107278018,100.032.722,100.239.187,CAS/EC与ECHA英文名逐条核对,已核对
832,63,"2,4-二硝基间苯二酚铅","Lead(2+) 2,4-dinitroresorcinolate",13406-89-8,236-498-3,1,REACH Annex XVII第63项限制对象；Lead and its compounds。具体限制条件见法规条款：Regulation。,Regulation,,https://eur-lex.europa.eu/legal-content/EN/TXT/?uri=CELEX%3A32023R0923&qid=1629107278018,100.033.166,100.239.187,CAS/EC与ECHA英文名逐条核对,已核对
833,63,叠氮化铅,Lead diazide,13424-46-9,236-542-1,1,REACH Annex XVII第63项限制对象；Lead and its compounds。具体限制条件见法规条款：Regulation。,Regulation,,https://eur-lex.europa.eu/legal-content/EN/TXT/?uri=CELEX%3A32023R0923&qid=1629107278018,100.033.206,100.239.187,CAS/EC与ECHA英文名逐条核对,已核对
834,63,焦磷酸二铅,Dilead pyrophosphate,13453-66-2,236-629-4,1,REACH Annex XVII第63项限制对象；Lead and its compounds。具体限制条件见法规条款：Regulation。,Regulation,,https://eur-lex.europa.eu/legal-content/EN/TXT/?uri=CELEX%3A32023R0923&qid=1629107278018,100.033.286,100.239.187,CAS/EC与ECHA英文名逐条核对,已核对
835,63,硫代硫酸铅,Lead thiosulphate,13478-50-7,236-780-6,1,REACH Annex XVII第63项限制对象；Lead and its compounds。具体限制条件见法规条款：Regulation。,Regulation,,https://eur-lex.europa.eu/legal-content/EN/TXT/?uri=CELEX%3A32023R0923&qid=1629107278018,100.033.422,100.239.187,CAS/EC与ECHA英文名逐条核对,已核对
836,63,八氧化二锑三铅,Diantimony trilead octaoxide,13510-89-9,236-845-9,1,REACH Annex XVII第63项限制对象；Lead and its compounds。具体限制条件见法规条款：Regulation。,Regulation,,https://eur-lex.europa.eu/legal-content/EN/TXT/?uri=CELEX%3A32023R0923&qid=1629107278018,100.033.481,100.239.187,CAS/EC与ECHA英文名逐条核对,已核对
837,63,高氯酸铅,Lead diperchlorate,13637-76-8,237-125-7,1,REACH Annex XVII第63项限制对象；Lead and its compounds。具体限制条件见法规条款：Regulation。,Regulation,,https://eur-lex.europa.eu/legal-content/EN/TXT/?uri=CELEX%3A32023R0923&qid=1629107278018,100.033.736,100.239.187,CAS/EC与ECHA英文名逐条核对,已核对
838,63,富马酸铅,Lead fumarate,13698-55-0,237-220-3,1,REACH Annex XVII第63项限制对象；Lead and its compounds。具体限制条件见法规条款：Regulation。,Regulation,,https://eur-lex.europa.eu/legal-content/EN/TXT/?uri=CELEX%3A32023R0923&qid=1629107278018,100.033.822,100.239.187,CAS/EC与ECHA英文名逐条核对,已核对
839,63,氨基磺酸铅,Lead disulphamidate,13767-78-7,237-379-9,1,REACH Annex XVII第63项限制对象；Lead and its compounds。具体限制条件见法规条款：Regulation。,Regulation,,https://eur-lex.europa.eu/legal-content/EN/TXT/?uri=CELEX%3A32023R0923&qid=1629107278018,100.033.967,100.239.187,CAS/EC与ECHA英文名逐条核对,已核对
840,63,双(四氟硼酸)铅,Lead bis(tetrafluoroborate),13814-96-5,237-486-0,1,REACH Annex XVII第63项限制对象；Lead and its compounds。具体限制条件见法规条款：Regulation。,Regulation,,https://eur-lex.europa.eu/legal-content/EN/TXT/?uri=CELEX%3A32023R0923&qid=1629107278018,100.034.064,100.239.187,CAS/EC与ECHA英文名逐条核对,已核对
841,63,亚硝酸铅,Lead nitrite,13826-65-8,237-528-8,1,REACH Annex XVII第63项限制对象；Lead and its compounds。具体限制条件见法规条款：Regulation。,Regulation,,https://eur-lex.europa.eu/legal-content/EN/TXT/?uri=CELEX%3A32023R0923&qid=1629107278018,100.034.103,100.239.187,CAS/EC与ECHA英文名逐条核对,已核对
842,63,碲酸铅,Lead(2+) tellurium tetraoxide,13845-35-7,237-573-3,1,REACH Annex XVII第63项限制对象；Lead and its compounds。具体限制条件见法规条款：Regulation。,Regulation,,https://eur-lex.europa.eu/legal-content/EN/TXT/?uri=CELEX%3A32023R0923&qid=1629107278018,100.034.144,100.239.187,CAS/EC与ECHA英文名逐条核对,已核对
843,63,柠檬酸铅,"Citric acid, lead salt",14450-60-3,238-432-9,1,REACH Annex XVII第63项限制对象；Lead and its compounds。具体限制条件见法规条款：Regulation。,Regulation,,https://eur-lex.europa.eu/legal-content/EN/TXT/?uri=CELEX%3A32023R0923&qid=1629107278018,100.034.923,100.239.187,CAS/EC与ECHA英文名逐条核对,已核对
844,63,丙烯酸铅,Lead acrylate,14466-01-4,238-458-0,1,REACH Annex XVII第63项限制对象；Lead and its compounds。具体限制条件见法规条款：Regulation。,Regulation,,https://eur-lex.europa.eu/legal-content/EN/TXT/?uri=CELEX%3A32023R0923&qid=1629107278018,100.034.946,100.239.187,CAS/EC与ECHA英文名逐条核对,已核对
845,63,偏硼酸铅,Lead metaborate,14720-53-7,238-762-3,1,REACH Annex XVII第63项限制对象；Lead and its compounds。具体限制条件见法规条款：Regulation。,Regulation,,https://eur-lex.europa.eu/legal-content/EN/TXT/?uri=CELEX%3A32023R0923&qid=1629107278018,100.035.224,100.239.187,CAS/EC与ECHA英文名逐条核对,已核对
846,63,"2,4,6-三硝基间苯二酚铅","Lead 2,4,6-trinitro-m-phenylene dioxide",15245-44-0,239-290-0,1,REACH Annex XVII第63项限制对象；Lead and its compounds。具体限制条件见法规条款：Regulation。,Regulation,,https://eur-lex.europa.eu/legal-content/EN/TXT/?uri=CELEX%3A32023R0923&qid=1629107278018,100.035.703,100.239.187,CAS/EC与ECHA英文名逐条核对,已核对
847,63,"双(2,4-戊二酮合)铅","Bis(pentane-2,4-dionato-O,O')lead",15282-88-9,239-323-9,1,REACH Annex XVII第63项限制对象；Lead and its compounds。具体限制条件见法规条款：Regulation。,Regulation,,https://eur-lex.europa.eu/legal-content/EN/TXT/?uri=CELEX%3A32023R0923&qid=1629107278018,100.035.733,100.239.187,CAS/EC与ECHA英文名逐条核对,已核对
848,63,月桂酸铅,"Lauric acid, lead salt",15306-30-6,239-344-3,1,REACH Annex XVII第63项限制对象；Lead and its compounds。具体限制条件见法规条款：Regulation。,Regulation,,https://eur-lex.europa.eu/legal-content/EN/TXT/?uri=CELEX%3A32023R0923&qid=1629107278018,100.035.752,100.239.187,CAS/EC与ECHA英文名逐条核对,已核对
849,63,油酸铅,Lead oleate,15347-55-4,239-378-9,1,REACH Annex XVII第63项限制对象；Lead and its compounds。具体限制条件见法规条款：Regulation。,Regulation,,https://eur-lex.europa.eu/legal-content/EN/TXT/?uri=CELEX%3A32023R0923&qid=1629107278018,100.035.783,100.239.187,CAS/EC与ECHA英文名逐条核对,已核对
850,63,乙酸铅,Lead acetate,15347-57-6,239-379-4,1,REACH Annex XVII第63项限制对象；Lead and its compounds。具体限制条件见法规条款：Regulation。,Regulation,,https://eur-lex.europa.eu/legal-content/EN/TXT/?uri=CELEX%3A32023R0923&qid=1629107278018,100.035.784,100.239.187,CAS/EC与ECHA英文名逐条核对,已核对
851,63,辛酸铅,"Octanoic acid, lead salt",15696-43-2,239-790-9,1,REACH Annex XVII第63项限制对象；Lead and its compounds。具体限制条件见法规条款：Regulation。,Regulation,,https://eur-lex.europa.eu/legal-content/EN/TXT/?uri=CELEX%3A32023R0923&qid=1629107278018,100.036.158,100.239.187,CAS/EC与ECHA英文名逐条核对,已核对
852,63,硫酸铅,"Sulphuric acid, lead salt Pbx SO4",15739-80-7,239-831-0,1,REACH Annex XVII第63项限制对象；Lead and its compounds。具体限制条件见法规条款：Regulation。,Regulation,,https://eur-lex.europa.eu/legal-content/EN/TXT/?uri=CELEX%3A32023R0923&qid=1629107278018,100.036.195,100.239.187,CAS/EC与ECHA英文名逐条核对,已核对
853,63,水杨酸铅,Lead disalicylate,15748-73-9,239-839-4,1,REACH Annex XVII第63项限制对象；Lead and its compounds。具体限制条件见法规条款：Regulation。,Regulation,,https://eur-lex.europa.eu/legal-content/EN/TXT/?uri=CELEX%3A32023R0923&qid=1629107278018,100.036.203,100.239.187,CAS/EC与ECHA英文名逐条核对,已核对
854,63,癸酸铅,Lead(2+) decanoate,15773-52-1,239-867-7,1,REACH Annex XVII第63项限制对象；Lead and its compounds。具体限制条件见法规条款：Regulation。,Regulation,,https://eur-lex.europa.eu/legal-content/EN/TXT/?uri=CELEX%3A32023R0923&qid=1629107278018,100.036.228,100.239.187,CAS/EC与ECHA英文名逐条核对,已核对
855,63,己酸铅,Lead dihexanoate,15773-53-2,239-868-2,1,REACH Annex XVII第63项限制对象；Lead and its compounds。具体限制条件见法规条款：Regulation。,Regulation,,https://eur-lex.europa.eu/legal-content/EN/TXT/?uri=CELEX%3A32023R0923&qid=1629107278018,100.036.229,100.239.187,CAS/EC与ECHA英文名逐条核对,已核对
856,63,月桂酸铅,Lead dilaurate,15773-55-4,239-869-8,1,REACH Annex XVII第63项限制对象；Lead and its compounds。具体限制条件见法规条款：Regulation。,Regulation,,https://eur-lex.europa.eu/legal-content/EN/TXT/?uri=CELEX%3A32023R0923&qid=1629107278018,100.036.230,100.239.187,CAS/EC与ECHA英文名逐条核对,已核对
857,63,棕榈酸铅,Lead dipalmitate,15773-56-5,239-870-3,1,REACH Annex XVII第63项限制对象；Lead and its compounds。具体限制条件见法规条款：Regulation。,Regulation,,https://eur-lex.europa.eu/legal-content/EN/TXT/?uri=CELEX%3A32023R0923&qid=1629107278018,100.036.231,100.239.187,CAS/EC与ECHA英文名逐条核对,已核对
858,63,磷酸氢铅,Lead hydrogenorthophosphate,15845-52-0,239-952-9,1,REACH Annex XVII第63项限制对象；Lead and its compounds。具体限制条件见法规条款：Regulation。,Regulation,,https://eur-lex.europa.eu/legal-content/EN/TXT/?uri=CELEX%3A32023R0923&qid=1629107278018,100.036.306,100.239.187,CAS/EC与ECHA英文名逐条核对,已核对
859,63,亚碲酸铅,Lead(2+) tellurium trioxide,15851-47-5,239-964-4,1,REACH Annex XVII第63项限制对象；Lead and its compounds。具体限制条件见法规条款：Regulation。,Regulation,,https://eur-lex.europa.eu/legal-content/EN/TXT/?uri=CELEX%3A32023R0923&qid=1629107278018,100.036.317,100.239.187,CAS/EC与ECHA英文名逐条核对,已核对
860,63,硅酸铅,Lead silicate,15906-71-5,240-047-6,1,REACH Annex XVII第63项限制对象；Lead and its compounds。具体限制条件见法规条款：Regulation。,Regulation,,https://eur-lex.europa.eu/legal-content/EN/TXT/?uri=CELEX%3A32023R0923&qid=1629107278018,100.036.391,100.239.187,CAS/EC与ECHA英文名逐条核对,已核对
861,63,苯甲酸铅,Lead benzoate,15907-04-7,240-049-7,1,REACH Annex XVII第63项限制对象；Lead and its compounds。具体限制条件见法规条款：Regulation。,Regulation,,https://eur-lex.europa.eu/legal-content/EN/TXT/?uri=CELEX%3A32023R0923&qid=1629107278018,100.036.393,100.239.187,CAS/EC与ECHA英文名逐条核对,已核对
862,63,亚磷酸铅,Lead phosphite,16038-76-9,240-176-8,1,REACH Annex XVII第63项限制对象；Lead and its compounds。具体限制条件见法规条款：Regulation。,Regulation,,https://eur-lex.europa.eu/legal-content/EN/TXT/?uri=CELEX%3A32023R0923&qid=1629107278018,100.036.508,100.239.187,CAS/EC与ECHA英文名逐条核对,已核对
863,63,邻苯二甲酸铅,Lead phthalate,16183-12-3,240-321-5,1,REACH Annex XVII第63项限制对象；Lead and its compounds。具体限制条件见法规条款：Regulation。,Regulation,,https://eur-lex.europa.eu/legal-content/EN/TXT/?uri=CELEX%3A32023R0923&qid=1629107278018,100.036.640,100.239.187,CAS/EC与ECHA英文名逐条核对,已核对
864,63,四氧化二锑铅,Diantimony lead tetroxide,16450-50-3,240-499-4,1,REACH Annex XVII第63项限制对象；Lead and its compounds。具体限制条件见法规条款：Regulation。,Regulation,,https://eur-lex.europa.eu/legal-content/EN/TXT/?uri=CELEX%3A32023R0923&qid=1629107278018,100.036.802,100.239.187,CAS/EC与ECHA英文名逐条核对,已核对
865,63,2-乙基己酸铅,"2-ethylhexanoic acid, lead salt",16996-40-0,241-076-7,1,REACH Annex XVII第63项限制对象；Lead and its compounds。具体限制条件见法规条款：Regulation。,Regulation,,https://eur-lex.europa.eu/legal-content/EN/TXT/?uri=CELEX%3A32023R0923&qid=1629107278018,100.037.327,100.239.187,CAS/EC与ECHA英文名逐条核对,已核对
866,63,亚油酸铅,"(9Z,12Z)-octadeca-9,12-dienoic acid, lead salt",16996-51-3,241-077-2,1,REACH Annex XVII第63项限制对象；Lead and its compounds。具体限制条件见法规条款：Regulation。,Regulation,,https://eur-lex.europa.eu/legal-content/EN/TXT/?uri=CELEX%3A32023R0923&qid=1629107278018,100.037.328,100.239.187,CAS/EC与ECHA英文名逐条核对,已核对
867,63,马来酸铅(II),Lead(II) maleate,17406-54-1,241-430-0,1,REACH Annex XVII第63项限制对象；Lead and its compounds。具体限制条件见法规条款：Regulation。,Regulation,,https://eur-lex.europa.eu/legal-content/EN/TXT/?uri=CELEX%3A32023R0923&qid=1629107278018,100.037.648,100.239.187,CAS/EC与ECHA英文名逐条核对,已核对
868,63,双(二乙基二硫代氨基甲酸)铅,"Bis(diethyldithiocarbamato-S,S')lead",17549-30-3,241-534-6,1,REACH Annex XVII第63项限制对象；Lead and its compounds。具体限制条件见法规条款：Regulation。,Regulation,,https://eur-lex.europa.eu/legal-content/EN/TXT/?uri=CELEX%3A32023R0923&qid=1629107278018,100.037.743,100.239.187,CAS/EC与ECHA英文名逐条核对,已核对
869,63,环二-μ-氧(μ-邻苯二甲酸根合)三铅,Cyclo-di-μ-oxo(μ-phthalato)trilead,17976-43-1,241-894-4,1,REACH Annex XVII第63项限制对象；Lead and its compounds。具体限制条件见法规条款：Regulation。,Regulation,,https://eur-lex.europa.eu/legal-content/EN/TXT/?uri=CELEX%3A32023R0923&qid=1629107278018,100.038.071,100.239.187,CAS/EC与ECHA英文名逐条核对,已核对
870,63,氧化铬酸二铅,Dilead chromate oxide,18454-12-1,242-339-9,1,REACH Annex XVII第63项限制对象；Lead and its compounds。具体限制条件见法规条款：Regulation。,Regulation,,https://eur-lex.europa.eu/legal-content/EN/TXT/?uri=CELEX%3A32023R0923&qid=1629107278018,100.038.476,100.239.187,CAS/EC与ECHA英文名逐条核对,已核对
871,63,乳酸铅,Lead dilactate,18917-82-3,242-666-7,1,REACH Annex XVII第63项限制对象；Lead and its compounds。具体限制条件见法规条款：Regulation。,Regulation,,https://eur-lex.europa.eu/legal-content/EN/TXT/?uri=CELEX%3A32023R0923&qid=1629107278018,100.038.772,100.239.187,CAS/EC与ECHA英文名逐条核对,已核对
872,63,双(二甲基二硫代氨基甲酸)铅,Lead bis(dimethyldithiocarbamate),19010-66-3,242-748-2,1,REACH Annex XVII第63项限制对象；Lead and its compounds。具体限制条件见法规条款：Regulation。,Regulation,,https://eur-lex.europa.eu/legal-content/EN/TXT/?uri=CELEX%3A32023R0923&qid=1629107278018,100.038.847,100.239.187,CAS/EC与ECHA英文名逐条核对,已核对
873,63,马来酸铅,Lead maleate,19136-34-6,242-832-9,1,REACH Annex XVII第63项限制对象；Lead and its compounds。具体限制条件见法规条款：Regulation。,Regulation,,https://eur-lex.europa.eu/legal-content/EN/TXT/?uri=CELEX%3A32023R0923&qid=1629107278018,100.038.923,100.239.187,CAS/EC与ECHA英文名逐条核对,已核对
874,63,棕榈酸铅,Lead palmitate,19528-55-3,243-135-2,1,REACH Annex XVII第63项限制对象；Lead and its compounds。具体限制条件见法规条款：Regulation。,Regulation,,https://eur-lex.europa.eu/legal-content/EN/TXT/?uri=CELEX%3A32023R0923&qid=1629107278018,100.039.199,100.239.187,CAS/EC与ECHA英文名逐条核对,已核对
875,63,"5,5,13,13-四脱氢-4,5-二氢-4,8,10,15-四硝基-7,11-亚甲基-11H,13H-四唑并[1,5-c][1,7,3,5,2,6]二氧二氮二铅环十二烯","5,5,13,13-tetradehydro-4,5-dihydro-4,8,10,15-tetranitro-7,11-metheno-11H,13H-tetrazolo[1,5-c][1,7,3,5,2,6]dioxadiazadiplumbacyclododecine",19651-80-0,243-204-7,1,REACH Annex XVII第63项限制对象；Lead and its compounds。具体限制条件见法规条款：Regulation。,Regulation,,https://eur-lex.europa.eu/legal-content/EN/TXT/?uri=CELEX%3A32023R0923&qid=1629107278018,100.039.262,100.239.187,CAS/EC与ECHA英文名逐条核对,已核对
876,63,氢氧化铅,Lead hydroxide,19783-14-3,243-310-3,1,REACH Annex XVII第63项限制对象；Lead and its compounds。具体限制条件见法规条款：Regulation。,Regulation,,https://eur-lex.europa.eu/legal-content/EN/TXT/?uri=CELEX%3A32023R0923&qid=1629107278018,100.039.358,100.239.187,CAS/EC与ECHA英文名逐条核对,已核对
877,63,"O,O-双(1,3-二甲基丁基)二硫代磷酸铅盐","Phosphorodithioate O,O-bis(1,3-dimethylbutyl), lead salt",20383-42-0,243-777-3,1,REACH Annex XVII第63项限制对象；Lead and its compounds。具体限制条件见法规条款：Regulation。,Regulation,,https://eur-lex.europa.eu/legal-content/EN/TXT/?uri=CELEX%3A32023R0923&qid=1629107278018,100.039.782,100.239.187,CAS/EC与ECHA英文名逐条核对,已核对
878,63,肉豆蔻酸铅,"Myristic acid, lead salt",20403-41-2,243-788-3,1,REACH Annex XVII第63项限制对象；Lead and its compounds。具体限制条件见法规条款：Regulation。,Regulation,,https://eur-lex.europa.eu/legal-content/EN/TXT/?uri=CELEX%3A32023R0923&qid=1629107278018,100.039.792,100.239.187,CAS/EC与ECHA英文名逐条核对,已核对
879,63,癸酸铅,"Decanoic acid, lead salt",20403-42-3,243-789-9,1,REACH Annex XVII第63项限制对象；Lead and its compounds。具体限制条件见法规条款：Regulation。,Regulation,,https://eur-lex.europa.eu/legal-content/EN/TXT/?uri=CELEX%3A32023R0923&qid=1629107278018,100.039.793,100.239.187,CAS/EC与ECHA英文名逐条核对,已核对
880,63,氰氨酸铅,Lead cyanamidate,20890-10-2,244-099-0,1,REACH Annex XVII第63项限制对象；Lead and its compounds。具体限制条件见法规条款：Regulation。,Regulation,,https://eur-lex.europa.eu/legal-content/EN/TXT/?uri=CELEX%3A32023R0923&qid=1629107278018,100.040.075,100.239.187,CAS/EC与ECHA英文名逐条核对,已核对
881,63,"2,4-二羟基苯甲酸铅","Lead 2,4-dihydroxybenzoate",20936-32-7,244-118-2,1,REACH Annex XVII第63项限制对象；Lead and its compounds。具体限制条件见法规条款：Regulation。,Regulation,,https://eur-lex.europa.eu/legal-content/EN/TXT/?uri=CELEX%3A32023R0923&qid=1629107278018,100.040.092,100.239.187,CAS/EC与ECHA英文名逐条核对,已核对
882,63,硅酸铅,Lead silicate,22569-74-0,245-090-4,1,REACH Annex XVII第63项限制对象；Lead and its compounds。具体限制条件见法规条款：Regulation。,Regulation,,https://eur-lex.europa.eu/legal-content/EN/TXT/?uri=CELEX%3A32023R0923&qid=1629107278018,100.040.976,100.239.187,CAS/EC与ECHA英文名逐条核对,已核对
883,63,乙二胺四乙酸铅二钠,"Disodium lead N,N'-ethylenebis[N-(carboxylatomethyl)aminoacetate]",22904-40-1,245-314-0,1,REACH Annex XVII第63项限制对象；Lead and its compounds。具体限制条件见法规条款：Regulation。,Regulation,,https://eur-lex.europa.eu/legal-content/EN/TXT/?uri=CELEX%3A32023R0923&qid=1629107278018,100.041.179,100.239.187,CAS/EC与ECHA英文名逐条核对,已核对
884,63,"3,5,5-三甲基己酸铅","3,5,5-trimethylhexanoic acid, lead salt",23621-79-6,245-788-9,1,REACH Annex XVII第63项限制对象；Lead and its compounds。具体限制条件见法规条款：Regulation。,Regulation,,https://eur-lex.europa.eu/legal-content/EN/TXT/?uri=CELEX%3A32023R0923&qid=1629107278018,100.041.611,100.239.187,CAS/EC与ECHA英文名逐条核对,已核对
885,63,碳酸铅,Lead carbonate,25510-11-6,247-054-3,1,REACH Annex XVII第63项限制对象；Lead and its compounds。具体限制条件见法规条款：Regulation。,Regulation,,https://eur-lex.europa.eu/legal-content/EN/TXT/?uri=CELEX%3A32023R0923&qid=1629107278018,100.042.762,100.239.187,CAS/EC与ECHA英文名逐条核对,已核对
886,63,碘酸铅,Lead diiodate,25659-31-8,247-168-3,1,REACH Annex XVII第63项限制对象；Lead and its compounds。具体限制条件见法规条款：Regulation。,Regulation,,https://eur-lex.europa.eu/legal-content/EN/TXT/?uri=CELEX%3A32023R0923&qid=1629107278018,100.042.866,100.239.187,CAS/EC与ECHA英文名逐条核对,已核对
887,63,六氟硅酸铅,Lead hexafluorosilicate,25808-74-6,247-278-1,1,REACH Annex XVII第63项限制对象；Lead and its compounds。具体限制条件见法规条款：Regulation。,Regulation,,https://eur-lex.europa.eu/legal-content/EN/TXT/?uri=CELEX%3A32023R0923&qid=1629107278018,100.042.966,100.239.187,CAS/EC与ECHA英文名逐条核对,已核对
888,63,硫代硫酸铅,"Thiosulphuric acid, lead salt",26265-65-6,247-566-7,1,REACH Annex XVII第63项限制对象；Lead and its compounds。具体限制条件见法规条款：Regulation。,Regulation,,https://eur-lex.europa.eu/legal-content/EN/TXT/?uri=CELEX%3A32023R0923&qid=1629107278018,100.043.227,100.239.187,CAS/EC与ECHA英文名逐条核对,已核对
889,63,新癸酸铅,"Neodecanoic acid, lead salt",27253-28-7,248-369-9,1,REACH Annex XVII第63项限制对象；Lead and its compounds。具体限制条件见法规条款：Regulation。,Regulation,,https://eur-lex.europa.eu/legal-content/EN/TXT/?uri=CELEX%3A32023R0923&qid=1629107278018,100.043.958,100.239.187,CAS/EC与ECHA英文名逐条核对,已核对
890,63,异壬酸铅,"Isononanoic acid, lead salt",27253-41-4,248-376-7,1,REACH Annex XVII第63项限制对象；Lead and its compounds。具体限制条件见法规条款：Regulation。,Regulation,,https://eur-lex.europa.eu/legal-content/EN/TXT/?uri=CELEX%3A32023R0923&qid=1629107278018,100.043.964,100.239.187,CAS/EC与ECHA英文名逐条核对,已核对
891,63,癸二酸铅,Lead(2+) sebacate,29473-77-6,249-660-3,1,REACH Annex XVII第63项限制对象；Lead and its compounds。具体限制条件见法规条款：Regulation。,Regulation,,https://eur-lex.europa.eu/legal-content/EN/TXT/?uri=CELEX%3A32023R0923&qid=1629107278018,100.045.132,100.239.187,CAS/EC与ECHA英文名逐条核对,已核对
892,63,二十二烷酸铅,Lead didocosanoate,29597-84-0,249-719-3,1,REACH Annex XVII第63项限制对象；Lead and its compounds。具体限制条件见法规条款：Regulation。,Regulation,,https://eur-lex.europa.eu/legal-content/EN/TXT/?uri=CELEX%3A32023R0923&qid=1629107278018,100.045.185,100.239.187,CAS/EC与ECHA英文名逐条核对,已核对
893,63,二肉豆蔻酸铅,Lead dimyristate,32112-52-0,250-924-5,1,REACH Annex XVII第63项限制对象；Lead and its compounds。具体限制条件见法规条款：Regulation。,Regulation,,https://eur-lex.europa.eu/legal-content/EN/TXT/?uri=CELEX%3A32023R0923&qid=1629107278018,100.046.279,100.239.187,CAS/EC与ECHA英文名逐条核对,已核对
894,63,二亚油酸铅,Lead dilinoleate,33627-12-2,251-602-7,1,REACH Annex XVII第63项限制对象；Lead and its compounds。具体限制条件见法规条款：Regulation。,Regulation,,https://eur-lex.europa.eu/legal-content/EN/TXT/?uri=CELEX%3A32023R0923&qid=1629107278018,100.046.897,100.239.187,CAS/EC与ECHA英文名逐条核对,已核对
895,63,溴酸铅,Lead dibromate,34018-28-5,251-796-3,1,REACH Annex XVII第63项限制对象；Lead and its compounds。具体限制条件见法规条款：Regulation。,Regulation,,https://eur-lex.europa.eu/legal-content/EN/TXT/?uri=CELEX%3A32023R0923&qid=1629107278018,100.047.073,100.239.187,CAS/EC与ECHA英文名逐条核对,已核对
896,63,甲硫醇铅(II),Lead(II) methylthiolate,35029-96-0,252-324-9,1,REACH Annex XVII第63项限制对象；Lead and its compounds。具体限制条件见法规条款：Regulation。,Regulation,,https://eur-lex.europa.eu/legal-content/EN/TXT/?uri=CELEX%3A32023R0923&qid=1629107278018,100.047.553,100.239.187,CAS/EC与ECHA英文名逐条核对,已核对
897,63,氰氨化铅,Lead cyanamide,35112-70-0,252-377-8,1,REACH Annex XVII第63项限制对象；Lead and its compounds。具体限制条件见法规条款：Regulation。,Regulation,,https://eur-lex.europa.eu/legal-content/EN/TXT/?uri=CELEX%3A32023R0923&qid=1629107278018,100.047.601,100.239.187,CAS/EC与ECHA英文名逐条核对,已核对
898,63,硼酸铅(II),"Orthoboric acid, lead(2+) salt",35498-15-8,252-594-8,1,REACH Annex XVII第63项限制对象；Lead and its compounds。具体限制条件见法规条款：Regulation。,Regulation,,https://eur-lex.europa.eu/legal-content/EN/TXT/?uri=CELEX%3A32023R0923&qid=1629107278018,100.047.799,100.239.187,CAS/EC与ECHA英文名逐条核对,已核对
899,63,"双(3,5,5-三甲基己酸)铅","Lead bis(3,5,5-trimethylhexanoate)",35837-70-8,252-746-3,1,REACH Annex XVII第63项限制对象；Lead and its compounds。具体限制条件见法规条款：Regulation。,Regulation,,https://eur-lex.europa.eu/legal-content/EN/TXT/?uri=CELEX%3A32023R0923&qid=1629107278018,100.047.937,100.239.187,CAS/EC与ECHA英文名逐条核对,已核对
900,63,双(二戊基二硫代氨基甲酸)铅,Lead bis(dipentyldithiocarbamate),36501-84-5,253-068-0,1,REACH Annex XVII第63项限制对象；Lead and its compounds。具体限制条件见法规条款：Regulation。,Regulation,,https://eur-lex.europa.eu/legal-content/EN/TXT/?uri=CELEX%3A32023R0923&qid=1629107278018,100.048.228,100.239.187,CAS/EC与ECHA英文名逐条核对,已核对
901,63,六氧化二铅二钌,Dilead diruthenium hexaoxide,37194-88-0,253-389-6,1,REACH Annex XVII第63项限制对象；Lead and its compounds。具体限制条件见法规条款：Regulation。,Regulation,,https://eur-lex.europa.eu/legal-content/EN/TXT/?uri=CELEX%3A32023R0923&qid=1629107278018,100.048.520,100.239.187,CAS/EC与ECHA英文名逐条核对,已核对
902,63,七氧化二铅二铑,Dilead dirhodium heptaoxide,37240-96-3,253-421-9,1,REACH Annex XVII第63项限制对象；Lead and its compounds。具体限制条件见法规条款：Regulation。,Regulation,,https://eur-lex.europa.eu/legal-content/EN/TXT/?uri=CELEX%3A32023R0923&qid=1629107278018,100.048.548,100.239.187,CAS/EC与ECHA英文名逐条核对,已核对
903,63,间苯二甲酸铅,Lead isophthalate,38787-87-0,254-128-9,1,REACH Annex XVII第63项限制对象；Lead and its compounds。具体限制条件见法规条款：Regulation。,Regulation,,https://eur-lex.europa.eu/legal-content/EN/TXT/?uri=CELEX%3A32023R0923&qid=1629107278018,100.049.191,100.239.187,CAS/EC与ECHA英文名逐条核对,已核对
904,63,氯化硅酸铅,Lead chloride silicate,39390-00-6,254-443-1,1,REACH Annex XVII第63项限制对象；Lead and its compounds。具体限制条件见法规条款：Regulation。,Regulation,,https://eur-lex.europa.eu/legal-content/EN/TXT/?uri=CELEX%3A32023R0923&qid=1629107278018,100.049.476,100.239.187,CAS/EC与ECHA英文名逐条核对,已核对
905,63,"双(2,4-二羟基苯甲酸)铅","Lead bis(2,4-dihydroxybenzoate)",41453-50-3,255-375-5,1,REACH Annex XVII第63项限制对象；Lead and its compounds。具体限制条件见法规条款：Regulation。,Regulation,,https://eur-lex.europa.eu/legal-content/EN/TXT/?uri=CELEX%3A32023R0923&qid=1629107278018,100.050.324,100.239.187,CAS/EC与ECHA英文名逐条核对,已核对
906,63,双(哌啶-1-二硫代甲酸)铅,Lead bis(piperidine-1-carbodithioate),41556-46-1,255-438-7,1,REACH Annex XVII第63项限制对象；Lead and its compounds。具体限制条件见法规条款：Regulation。,Regulation,,https://eur-lex.europa.eu/legal-content/EN/TXT/?uri=CELEX%3A32023R0923&qid=1629107278018,100.050.381,100.239.187,CAS/EC与ECHA英文名逐条核对,已核对
907,63,丙酸铅,Lead propionate,42558-73-6,255-883-7,1,REACH Annex XVII第63项限制对象；Lead and its compounds。具体限制条件见法规条款：Regulation。,Regulation,,https://eur-lex.europa.eu/legal-content/EN/TXT/?uri=CELEX%3A32023R0923&qid=1629107278018,100.050.785,100.239.187,CAS/EC与ECHA英文名逐条核对,已核对
908,63,硫酸钡铅盐,"Sulphuric acid, barium lead salt",42579-89-5,255-896-8,1,REACH Annex XVII第63项限制对象；Lead and its compounds。具体限制条件见法规条款：Regulation。,Regulation,,https://eur-lex.europa.eu/legal-content/EN/TXT/?uri=CELEX%3A32023R0923&qid=1629107278018,100.050.797,100.239.187,CAS/EC与ECHA英文名逐条核对,已核对
909,63,环烷酸铅,Lead naphthenate,50825-29-1,256-790-4,1,REACH Annex XVII第63项限制对象；Lead and its compounds。具体限制条件见法规条款：Regulation。,Regulation,,https://eur-lex.europa.eu/legal-content/EN/TXT/?uri=CELEX%3A32023R0923&qid=1629107278018,100.051.610,100.239.187,CAS/EC与ECHA英文名逐条核对,已核对
910,63,3-(三苯基铅基)-1H-吡唑,3-(triphenylplumbyl)-1H-pyrazole,51105-45-4,256-968-1,1,REACH Annex XVII第63项限制对象；Lead and its compounds。具体限制条件见法规条款：Regulation。,Regulation,,https://eur-lex.europa.eu/legal-content/EN/TXT/?uri=CELEX%3A32023R0923&qid=1629107278018,100.051.772,100.239.187,CAS/EC与ECHA英文名逐条核对,已核对
911,63,硝基间苯二酚铅盐,"Nitroresorcinol, lead salt",51317-24-9,257-133-4,1,REACH Annex XVII第63项限制对象；Lead and its compounds。具体限制条件见法规条款：Regulation。,Regulation,,https://eur-lex.europa.eu/legal-content/EN/TXT/?uri=CELEX%3A32023R0923&qid=1629107278018,100.051.922,100.239.187,CAS/EC与ECHA英文名逐条核对,已核对
912,63,三硝基间苯三酚铅盐,"Trinitrophloroglucinol, lead salt",51325-28-1,257-135-5,1,REACH Annex XVII第63项限制对象；Lead and its compounds。具体限制条件见法规条款：Regulation。,Regulation,,https://eur-lex.europa.eu/legal-content/EN/TXT/?uri=CELEX%3A32023R0923&qid=1629107278018,100.051.923,100.239.187,CAS/EC与ECHA英文名逐条核对,已核对
913,63,碱式乙酸铅,"Acetic acid, lead salt, basic",51404-69-4,257-175-3,1,REACH Annex XVII第63项限制对象；Lead and its compounds。具体限制条件见法规条款：Regulation。,Regulation,,https://eur-lex.europa.eu/legal-content/EN/TXT/?uri=CELEX%3A32023R0923&qid=1629107278018,100.051.960,100.239.187,CAS/EC与ECHA英文名逐条核对,已核对
914,63,三碱式硬脂酸铅,"Octadecanoic acid, lead(2+) salt, tribasic",52080-60-1,257-645-8,1,REACH Annex XVII第63项限制对象；Lead and its compounds。具体限制条件见法规条款：Regulation。,Regulation,,https://eur-lex.europa.eu/legal-content/EN/TXT/?uri=CELEX%3A32023R0923&qid=1629107278018,100.052.388,100.239.187,CAS/EC与ECHA英文名逐条核对,已核对
915,63,碱式亚硫酸铅,"Sulfurous acid, lead salt, basic",52231-92-2,257-762-4,1,REACH Annex XVII第63项限制对象；Lead and its compounds。具体限制条件见法规条款：Regulation。,Regulation,,https://eur-lex.europa.eu/legal-content/EN/TXT/?uri=CELEX%3A32023R0923&qid=1629107278018,100.052.495,100.239.187,CAS/EC与ECHA英文名逐条核对,已核对
916,63,甲基丙烯酸铅,Lead methacrylate,52609-46-8,258-041-7,1,REACH Annex XVII第63项限制对象；Lead and its compounds。具体限制条件见法规条款：Regulation。,Regulation,,https://eur-lex.europa.eu/legal-content/EN/TXT/?uri=CELEX%3A32023R0923&qid=1629107278018,100.052.747,100.239.187,CAS/EC与ECHA英文名逐条核对,已核对
917,63,四碱式硫酸铅,"Sulfuric acid, lead salt, tetrabasic",52732-72-6,258-142-6,1,REACH Annex XVII第63项限制对象；Lead and its compounds。具体限制条件见法规条款：Regulation。,Regulation,,https://eur-lex.europa.eu/legal-content/EN/TXT/?uri=CELEX%3A32023R0923&qid=1629107278018,100.052.839,100.239.187,CAS/EC与ECHA英文名逐条核对,已核对
918,63,双(异壬酸)铅,Lead bis(isononanoate),52847-85-5,258-222-0,1,REACH Annex XVII第63项限制对象；Lead and its compounds。具体限制条件见法规条款：Regulation。,Regulation,,https://eur-lex.europa.eu/legal-content/EN/TXT/?uri=CELEX%3A32023R0923&qid=1629107278018,100.052.912,100.239.187,CAS/EC与ECHA英文名逐条核对,已核对
919,63,碱式膦酸铅,"Phosphonic acid, lead salt, basic",53807-64-0,258-787-3,1,REACH Annex XVII第63项限制对象；Lead and its compounds。具体限制条件见法规条款：Regulation。,Regulation,,https://eur-lex.europa.eu/legal-content/EN/TXT/?uri=CELEX%3A32023R0923&qid=1629107278018,100.053.425,100.239.187,CAS/EC与ECHA英文名逐条核对,已核对
920,63,"1,3,5-三嗪-2,4,6(1H,3H,5H)-三酮铅盐","1,3,5-triazine-2,4,6(1H,3H,5H)-trione, lead salt",54554-36-8,259-227-0,1,REACH Annex XVII第63项限制对象；Lead and its compounds。具体限制条件见法规条款：Regulation。,Regulation,,https://eur-lex.europa.eu/legal-content/EN/TXT/?uri=CELEX%3A32023R0923&qid=1629107278018,100.053.824,100.239.187,CAS/EC与ECHA英文名逐条核对,已核对
921,63,二氧双(硬脂酸根)二铅,Dioxobis(stearato)dilead,56189-09-4,260-043-8,1,REACH Annex XVII第63项限制对象；Lead and its compounds。具体限制条件见法规条款：Regulation。,Regulation,,https://eur-lex.europa.eu/legal-content/EN/TXT/?uri=CELEX%3A32023R0923&qid=1629107278018,100.054.567,100.239.187,CAS/EC与ECHA英文名逐条核对,已核对
922,63,氧化邻苯二甲酸二铅,[phthalato(2-)]oxodilead,57142-78-6,260-590-2,1,REACH Annex XVII第63项限制对象；Lead and its compounds。具体限制条件见法规条款：Regulation。,Regulation,,https://eur-lex.europa.eu/legal-content/EN/TXT/?uri=CELEX%3A32023R0923&qid=1629107278018,100.055.065,100.239.187,CAS/EC与ECHA英文名逐条核对,已核对
923,63,双(12-羟基硬脂酸)铅,Lead bis(12-hydroxystearate),58405-97-3,261-238-0,1,REACH Annex XVII第63项限制对象；Lead and its compounds。具体限制条件见法规条款：Regulation。,Regulation,,https://eur-lex.europa.eu/legal-content/EN/TXT/?uri=CELEX%3A32023R0923&qid=1629107278018,100.055.652,100.239.187,CAS/EC与ECHA英文名逐条核对,已核对
924,63,5-硝基对苯二甲酸铅,Lead 5-nitroterephthalate,60580-60-1,262-308-3,1,REACH Annex XVII第63项限制对象；Lead and its compounds。具体限制条件见法规条款：Regulation。,Regulation,,https://eur-lex.europa.eu/legal-content/EN/TXT/?uri=CELEX%3A32023R0923&qid=1629107278018,100.056.626,100.239.187,CAS/EC与ECHA英文名逐条核对,已核对
925,63,环烷酸铅锰盐,"Naphthenic acids, lead manganese salts",61788-52-1,262-983-4,1,REACH Annex XVII第63项限制对象；Lead and its compounds。具体限制条件见法规条款：Regulation。,Regulation,,https://eur-lex.europa.eu/legal-content/EN/TXT/?uri=CELEX%3A32023R0923&qid=1629107278018,100.057.240,100.239.187,CAS/EC与ECHA英文名逐条核对,已核对
926,63,妥尔油脂肪酸铅锰盐,"Fatty acids, tall-oil, lead manganese salts",61788-53-2,262-985-5,1,REACH Annex XVII第63项限制对象；Lead and its compounds。具体限制条件见法规条款：Regulation。,Regulation,,https://eur-lex.europa.eu/legal-content/EN/TXT/?uri=CELEX%3A32023R0923&qid=1629107278018,100.057.241,100.239.187,CAS/EC与ECHA英文名逐条核对,已核对
927,63,妥尔油脂肪酸铅盐,"Fatty acids, tall-oil, lead salts",61788-54-3,262-986-0,1,REACH Annex XVII第63项限制对象；Lead and its compounds。具体限制条件见法规条款：Regulation。,Regulation,,https://eur-lex.europa.eu/legal-content/EN/TXT/?uri=CELEX%3A32023R0923&qid=1629107278018,100.057.242,100.239.187,CAS/EC与ECHA英文名逐条核对,已核对
928,63,环烷酸铅盐,"Naphthenic acids, lead salts",61790-14-5,263-109-4,1,REACH Annex XVII第63项限制对象；Lead and its compounds。具体限制条件见法规条款：Regulation。,Regulation,,https://eur-lex.europa.eu/legal-content/EN/TXT/?uri=CELEX%3A32023R0923&qid=1629107278018,100.057.355,100.239.187,CAS/EC与ECHA英文名逐条核对,已核对
929,63,二碱式亚硫酸铅,"Sulfurous acid, lead salt, dibasic",62229-08-7,263-467-1,1,REACH Annex XVII第63项限制对象；Lead and its compounds。具体限制条件见法规条款：Regulation。,Regulation,,https://eur-lex.europa.eu/legal-content/EN/TXT/?uri=CELEX%3A32023R0923&qid=1629107278018,100.057.680,100.239.187,CAS/EC与ECHA英文名逐条核对,已核对
930,63,双(邻乙酰氧基苯甲酸)铅,Bis(o-acetoxybenzoato)lead,62451-77-8,263-548-1,1,REACH Annex XVII第63项限制对象；Lead and its compounds。具体限制条件见法规条款：Regulation。,Regulation,,https://eur-lex.europa.eu/legal-content/EN/TXT/?uri=CELEX%3A32023R0923&qid=1629107278018,100.057.753,100.239.187,CAS/EC与ECHA英文名逐条核对,已核对
931,63,双(4-环己基丁酸)铅,Lead bis(4-cyclohexylbutyrate),62637-99-4,263-663-7,1,REACH Annex XVII第63项限制对象；Lead and its compounds。具体限制条件见法规条款：Regulation。,Regulation,,https://eur-lex.europa.eu/legal-content/EN/TXT/?uri=CELEX%3A32023R0923&qid=1629107278018,100.057.857,100.239.187,CAS/EC与ECHA英文名逐条核对,已核对
932,63,十七烷酸铅,Lead(2+) heptadecanoate,63399-94-0,264-123-3,1,REACH Annex XVII第63项限制对象；Lead and its compounds。具体限制条件见法规条款：Regulation。,Regulation,,https://eur-lex.europa.eu/legal-content/EN/TXT/?uri=CELEX%3A32023R0923&qid=1629107278018,100.058.276,100.239.187,CAS/EC与ECHA英文名逐条核对,已核对
933,63,双(二异壬基萘磺酸)铅,Lead bis(diisononylnaphthalenesulphonate),63568-30-9,264-316-2,1,REACH Annex XVII第63项限制对象；Lead and its compounds。具体限制条件见法规条款：Regulation。,Regulation,,https://eur-lex.europa.eu/legal-content/EN/TXT/?uri=CELEX%3A32023R0923&qid=1629107278018,100.058.452,100.239.187,CAS/EC与ECHA英文名逐条核对,已核对
934,63,异辛酸铅,"Isooctanoic acid, lead salt",64504-12-7,264-931-6,1,REACH Annex XVII第63项限制对象；Lead and its compounds。具体限制条件见法规条款：Regulation。,Regulation,,https://eur-lex.europa.eu/legal-content/EN/TXT/?uri=CELEX%3A32023R0923&qid=1629107278018,100.059.010,100.239.187,CAS/EC与ECHA英文名逐条核对,已核对
935,63,二丁醇铅,Lead dibutanolate,65119-94-0,265-457-2,1,REACH Annex XVII第63项限制对象；Lead and its compounds。具体限制条件见法规条款：Regulation。,Regulation,,https://eur-lex.europa.eu/legal-content/EN/TXT/?uri=CELEX%3A32023R0923&qid=1629107278018,100.059.489,100.239.187,CAS/EC与ECHA英文名逐条核对,已核对
936,63,"4,6-二硝基邻甲酚铅","Lead(2+) 4,6-dinitro-o-cresolate",65121-76-8,265-460-9,1,REACH Annex XVII第63项限制对象；Lead and its compounds。具体限制条件见法规条款：Regulation。,Regulation,,https://eur-lex.europa.eu/legal-content/EN/TXT/?uri=CELEX%3A32023R0923&qid=1629107278018,100.059.492,100.239.187,CAS/EC与ECHA英文名逐条核对,已核对
937,63,12-羟基十八烷酸铅,Lead 12-hydroxyoctadecanoate,65127-78-8,265-492-3,1,REACH Annex XVII第63项限制对象；Lead and its compounds。具体限制条件见法规条款：Regulation。,Regulation,,https://eur-lex.europa.eu/legal-content/EN/TXT/?uri=CELEX%3A32023R0923&qid=1629107278018,100.059.521,100.239.187,CAS/EC与ECHA英文名逐条核对,已核对
938,63,铋铅钌氧化物,Bismuth lead ruthenium oxide,65229-22-3,265-645-4,1,REACH Annex XVII第63项限制对象；Lead and its compounds。具体限制条件见法规条款：Regulation。,Regulation,,https://eur-lex.europa.eu/legal-content/EN/TXT/?uri=CELEX%3A32023R0923&qid=1629107278018,100.059.660,100.239.187,CAS/EC与ECHA英文名逐条核对,已核对
939,63,化学熔块,"Frits, chemicals",65997-18-4,266-047-6,1,"Frit is a mixture of inorganic chemical substances produced by rapidly quenching a molten, complex combination of materials, confining the chemical substances thus manufactured as nonmigratory components of glassy solid flakes or granules. This category includes all of the chemical substances specified below when they are intentionally manufactured in the production of frit. The primary members of this category are oxides of some or all of the elements listed below. Fluorides of these elements may also be included in combination with these primary substances.@Aluminum@Manganese@Antimony@Molybdenum@Arsenic@Neodymium@Barium@Nickel@Bismuth@Niobium@Boron@Phosphorus@Cadmium@Potassium@Calcium@Silicon@Cerium@Silver@Chromium@Sodium@Cobalt@Strontium@Copper@Tin@Gold@Titanium@Iron@Tungsten@Lanthanum@Vanadium@Lead@Zinc@Lithium@Zirconium@Magnesium",Regulation,,https://eur-lex.europa.eu/legal-content/EN/TXT/?uri=CELEX%3A32023R0923&qid=1629107278018,100.060.024,100.239.187,CAS/EC与ECHA英文名逐条核对,已核对
940,63,氧化石油脂铅盐,"Petrolatum (petroleum), oxidized, lead salt",67674-14-0,266-853-8,1,REACH Annex XVII第63项限制对象；Lead and its compounds。具体限制条件见法规条款：Regulation。,Regulation,,https://eur-lex.europa.eu/legal-content/EN/TXT/?uri=CELEX%3A32023R0923&qid=1629107278018,100.060.757,100.239.187,CAS/EC与ECHA英文名逐条核对,已核对
941,63,硅酸硫酸二铅,Dilead silicate sulphate,67711-86-8,266-962-0,1,REACH Annex XVII第63项限制对象；Lead and its compounds。具体限制条件见法规条款：Regulation。,Regulation,,https://eur-lex.europa.eu/legal-content/EN/TXT/?uri=CELEX%3A32023R0923&qid=1629107278018,100.060.856,100.239.187,CAS/EC与ECHA英文名逐条核对,已核对
942,63,C12-18脂肪酸铅盐,"Fatty acids, C12-18, lead salts",68131-60-2,268-622-7,1,REACH Annex XVII第63项限制对象；Lead and its compounds。具体限制条件见法规条款：Regulation。,Regulation,,https://eur-lex.europa.eu/legal-content/EN/TXT/?uri=CELEX%3A32023R0923&qid=1629107278018,100.062.365,100.239.187,CAS/EC与ECHA英文名逐条核对,已核对
943,63,2-乙基己酸铅-妥尔油脂肪酸配合物,"Lead, 2-ethylhexanoate tall-oil fatty acids complexes",68187-37-1,269-090-9,1,REACH Annex XVII第63项限制对象；Lead and its compounds。具体限制条件见法规条款：Regulation。,Regulation,,https://eur-lex.europa.eu/legal-content/EN/TXT/?uri=CELEX%3A32023R0923&qid=1629107278018,100.062.790,100.239.187,CAS/EC与ECHA英文名逐条核对,已核对
944,63,硫化镉-硫化锌固溶体（铜、铅掺杂）,"Cadmium sulfide (CdS), solid soln. with zinc sulfide, copper and lead-doped",68332-81-0,269-773-1,1,REACH Annex XVII第63项限制对象；Lead and its compounds。具体限制条件见法规条款：Regulation。,Regulation,,https://eur-lex.europa.eu/legal-content/EN/TXT/?uri=CELEX%3A32023R0923&qid=1629107278018,100.063.410,100.239.187,CAS/EC与ECHA英文名逐条核对,已核对
945,63,碱式C8-10支链脂肪酸铅盐,"Fatty acids, C8-10-branched, lead salts, basic",68409-79-0,270-063-9,1,REACH Annex XVII第63项限制对象；Lead and its compounds。具体限制条件见法规条款：Regulation。,Regulation,,https://eur-lex.europa.eu/legal-content/EN/TXT/?uri=CELEX%3A32023R0923&qid=1629107278018,100.063.675,100.239.187,CAS/EC与ECHA英文名逐条核对,已核对
946,63,含铅氧化铅,"Lead oxide (PbO), lead-contg.",68411-78-9,270-148-0,1,REACH Annex XVII第63项限制对象；Lead and its compounds。具体限制条件见法规条款：Regulation。,Regulation,,https://eur-lex.europa.eu/legal-content/EN/TXT/?uri=CELEX%3A32023R0923&qid=1629107278018,100.063.751,100.239.187,CAS/EC与ECHA英文名逐条核对,已核对
947,63,鲱鱼油铅盐,"Oils, menhaden, lead salts",68424-76-0,270-321-0,1,REACH Annex XVII第63项限制对象；Lead and its compounds。具体限制条件见法规条款：Regulation。,Regulation,,https://eur-lex.europa.eu/legal-content/EN/TXT/?uri=CELEX%3A32023R0923&qid=1629107278018,100.063.909,100.239.187,CAS/EC与ECHA英文名逐条核对,已核对
948,63,碱式二甲基己酸铅,"Hexanoic acid, dimethyl-, lead(2+) salt, basic",68442-95-5,270-498-4,1,REACH Annex XVII第63项限制对象；Lead and its compounds。具体限制条件见法规条款：Regulation。,Regulation,,https://eur-lex.europa.eu/legal-content/EN/TXT/?uri=CELEX%3A32023R0923&qid=1629107278018,100.064.070,100.239.187,CAS/EC与ECHA英文名逐条核对,已核对
949,63,碱式2-乙基己酸铅,"Hexanoic acid, 2-ethyl-, lead(2+) salt, basic",68515-76-4,271-106-4,1,REACH Annex XVII第63项限制对象；Lead and its compounds。具体限制条件见法规条款：Regulation。,Regulation,,https://eur-lex.europa.eu/legal-content/EN/TXT/?uri=CELEX%3A32023R0923&qid=1629107278018,100.064.623,100.239.187,CAS/EC与ECHA英文名逐条核对,已核对
950,63,"碱式3,5,5-三甲基己酸铅","Hexanoic acid, 3,5,5-trimethyl-, lead(2+) salt, basic",68515-77-5,271-108-5,1,REACH Annex XVII第63项限制对象；Lead and its compounds。具体限制条件见法规条款：Regulation。,Regulation,,https://eur-lex.europa.eu/legal-content/EN/TXT/?uri=CELEX%3A32023R0923&qid=1629107278018,100.064.624,100.239.187,CAS/EC与ECHA英文名逐条核对,已核对
951,63,异辛酸铅-环烷酸铅配合物,"Lead, isooctanoate naphthenate complexes",68515-80-0,271-110-6,1,REACH Annex XVII第63项限制对象；Lead and its compounds。具体限制条件见法规条款：Regulation。,Regulation,,https://eur-lex.europa.eu/legal-content/EN/TXT/?uri=CELEX%3A32023R0923&qid=1629107278018,100.064.626,100.239.187,CAS/EC与ECHA英文名逐条核对,已核对
952,63,亚麻籽油铅锰盐,"Linseed oil, lead manganese salt",68553-17-3,271-394-1,1,REACH Annex XVII第63项限制对象；Lead and its compounds。具体限制条件见法规条款：Regulation。,Regulation,,https://eur-lex.europa.eu/legal-content/EN/TXT/?uri=CELEX%3A32023R0923&qid=1629107278018,100.064.884,100.239.187,CAS/EC与ECHA英文名逐条核对,已核对
953,63,鱼油铅盐,"Oils, fish, lead salts",68553-63-9,271-396-2,1,REACH Annex XVII第63项限制对象；Lead and its compounds。具体限制条件见法规条款：Regulation。,Regulation,,https://eur-lex.europa.eu/legal-content/EN/TXT/?uri=CELEX%3A32023R0923&qid=1629107278018,100.064.886,100.239.187,CAS/EC与ECHA英文名逐条核对,已核对
954,63,硼钙铅硅白色尖晶石,"Spinels, boron calcium lead silicon white",68555-05-5,271-410-7,1,"An inorganic pigment that is the reaction product of high temperature calcination in which boron oxide, calcium oxide, lead (II) oxide, and silicon oxide in varying amounts are homogeneously and ionically interdiffused to form a crystalline matrix of spinel.",Regulation,,https://eur-lex.europa.eu/legal-content/EN/TXT/?uri=CELEX%3A32023R0923&qid=1629107278018,100.064.899,100.239.187,CAS/EC与ECHA英文名逐条核对,已核对
955,63,铅硅锡锌白色尖晶石,"Spinels, lead silicon tin zinc white",68555-07-7,271-412-8,1,"An inorganic pigment that is the reaction product of high temperature calcination in which lead (II) oxide, silicon oxide, tin (IV) oxide, and zinc oxide in varying amounts are homogeneously and ionically interdiffused to form a crystalline matrix of spinel.",Regulation,,https://eur-lex.europa.eu/legal-content/EN/TXT/?uri=CELEX%3A32023R0923&qid=1629107278018,100.064.901,100.239.187,CAS/EC与ECHA英文名逐条核对,已核对
956,63,硫化锌（铜、铅掺杂）,"Zinc sulfide (ZnS), copper and lead-doped",68585-90-0,271-598-0,1,REACH Annex XVII第63项限制对象；Lead and its compounds。具体限制条件见法规条款：Regulation。,Regulation,,https://eur-lex.europa.eu/legal-content/EN/TXT/?uri=CELEX%3A32023R0923&qid=1629107278018,100.065.070,100.239.187,CAS/EC与ECHA英文名逐条核对,已核对
957,63,十二烷基苯酚铅,Lead(2+) dodecylphenolate,68586-21-0,271-610-4,1,REACH Annex XVII第63项限制对象；Lead and its compounds。具体限制条件见法规条款：Regulation。,Regulation,,https://eur-lex.europa.eu/legal-content/EN/TXT/?uri=CELEX%3A32023R0923&qid=1629107278018,100.065.081,100.239.187,CAS/EC与ECHA英文名逐条核对,已核对
958,63,碱式C6-19支链脂肪酸铅盐,"Fatty acids, C6-19-branched, lead salts, basic",68603-83-8,271-675-9,1,REACH Annex XVII第63项限制对象；Lead and its compounds。具体限制条件见法规条款：Regulation。,Regulation,,https://eur-lex.europa.eu/legal-content/EN/TXT/?uri=CELEX%3A32023R0923&qid=1629107278018,100.065.140,100.239.187,CAS/EC与ECHA英文名逐条核对,已核对
959,63,碱式支链辛酸铅盐,"Octanoic acid, branched, lead salts, basic",68604-56-8,271-698-4,1,REACH Annex XVII第63项限制对象；Lead and its compounds。具体限制条件见法规条款：Regulation。,Regulation,,https://eur-lex.europa.eu/legal-content/EN/TXT/?uri=CELEX%3A32023R0923&qid=1629107278018,100.065.161,100.239.187,CAS/EC与ECHA英文名逐条核对,已核对
960,63,氢化牛脂脂肪酸铅盐,"Fatty acids, tallow, hydrogenated, lead salts",68605-98-1,271-722-3,1,REACH Annex XVII第63项限制对象；Lead and its compounds。具体限制条件见法规条款：Regulation。,Regulation,,https://eur-lex.europa.eu/legal-content/EN/TXT/?uri=CELEX%3A32023R0923&qid=1629107278018,100.065.182,100.239.187,CAS/EC与ECHA英文名逐条核对,已核对
961,63,乙基甲基铅烷衍生物,"Plumbane, ethyl methyl derivs.",68610-17-3,271-852-0,1,REACH Annex XVII第63项限制对象；Lead and its compounds。具体限制条件见法规条款：Regulation。,Regulation,,https://eur-lex.europa.eu/legal-content/EN/TXT/?uri=CELEX%3A32023R0923&qid=1629107278018,100.065.300,100.239.187,CAS/EC与ECHA英文名逐条核对,已核对
962,63,钨酸钙（铅掺杂）,"Tungstate (WO42-), calcium (1:1), (T-4)-, lead-doped",68784-53-2,272-255-8,1,REACH Annex XVII第63项限制对象；Lead and its compounds。具体限制条件见法规条款：Regulation。,Regulation,,https://eur-lex.europa.eu/legal-content/EN/TXT/?uri=CELEX%3A32023R0923&qid=1629107278018,100.065.667,100.239.187,CAS/EC与ECHA英文名逐条核对,已核对
963,63,硅酸钡镁锶盐（铅掺杂）,"Silicic acid (H6Si2O7), barium magnesium strontium salt, lead-doped",68784-74-7,272-269-4,1,REACH Annex XVII第63项限制对象；Lead and its compounds。具体限制条件见法规条款：Regulation。,Regulation,,https://eur-lex.europa.eu/legal-content/EN/TXT/?uri=CELEX%3A32023R0923&qid=1629107278018,100.065.680,100.239.187,CAS/EC与ECHA英文名逐条核对,已核对
964,63,硅酸钡（铅掺杂）,"Silicic acid (H2Si2O5), barium salt (1:1), lead-doped",68784-75-8,272-271-5,1,REACH Annex XVII第63项限制对象；Lead and its compounds。具体限制条件见法规条款：Regulation。,Regulation,,https://eur-lex.europa.eu/legal-content/EN/TXT/?uri=CELEX%3A32023R0923&qid=1629107278018,100.065.681,100.239.187,CAS/EC与ECHA英文名逐条核对,已核对
965,63,硫化镉（铜、铅掺杂）,"Cadmium sulfide (CdS), copper and lead-doped",68891-87-2,272-581-0,1,REACH Annex XVII第63项限制对象；Lead and its compounds。具体限制条件见法规条款：Regulation。,Regulation,,https://eur-lex.europa.eu/legal-content/EN/TXT/?uri=CELEX%3A32023R0923&qid=1629107278018,100.065.963,100.239.187,CAS/EC与ECHA英文名逐条核对,已核对
966,63,"(R)-3,5,6-三羟基-4,6-双(3-甲基丁-2-烯基)-2-(3-甲基-2-氧代丁基)环己-2,4-二烯-1-酮铅盐","(R)-3,5,6-trihydroxy-4,6-bis(3-methylbut-2-enyl)-2-(3-methyl-2-oxobutyl)cyclohexa-2,4-dien-1-one, lead salt",68901-11-1,272-654-7,1,REACH Annex XVII第63项限制对象；Lead and its compounds。具体限制条件见法规条款：Regulation。,Regulation,,https://eur-lex.europa.eu/legal-content/EN/TXT/?uri=CELEX%3A32023R0923&qid=1629107278018,100.066.030,100.239.187,CAS/EC与ECHA英文名逐条核对,已核对
967,63,α-D-吡喃葡萄糖-1-磷酸铅盐,"α-d-Glucopyranose, 1-(dihydrogen phosphate), lead salt",68901-12-2,272-655-2,1,REACH Annex XVII第63项限制对象；Lead and its compounds。具体限制条件见法规条款：Regulation。,Regulation,,https://eur-lex.europa.eu/legal-content/EN/TXT/?uri=CELEX%3A32023R0923&qid=1629107278018,100.066.031,100.239.187,CAS/EC与ECHA英文名逐条核对,已核对
968,63,乙酸与氧化铅、二氧化硅和硫酸的反应产物,"Acetic acid, reaction products with lead oxide (PbO), silica and sulfuric acid",68937-05-3,273-052-7,1,REACH Annex XVII第63项限制对象；Lead and its compounds。具体限制条件见法规条款：Regulation。,Regulation,,https://eur-lex.europa.eu/legal-content/EN/TXT/?uri=CELEX%3A32023R0923&qid=1629107278018,100.066.391,100.239.187,CAS/EC与ECHA英文名逐条核对,已核对
969,63,邻苯二甲酸根合二氧化三铅,[phthalato(2-)]dioxotrilead,69011-06-9,273-688-5,1,REACH Annex XVII第63项限制对象；Lead and its compounds。具体限制条件见法规条款：Regulation。,Regulation,,https://eur-lex.europa.eu/legal-content/EN/TXT/?uri=CELEX%3A32023R0923&qid=1629107278018,100.066.970,100.239.187,CAS/EC与ECHA英文名逐条核对,已核对
970,63,铬酸硅酸三铅,Trilead chromate silicate,69011-07-0,273-689-0,1,REACH Annex XVII第63项限制对象；Lead and its compounds。具体限制条件见法规条款：Regulation。,Regulation,,https://eur-lex.europa.eu/legal-content/EN/TXT/?uri=CELEX%3A32023R0923&qid=1629107278018,100.066.971,100.239.187,CAS/EC与ECHA英文名逐条核对,已核对
971,63,铅基合金浮渣,"Lead alloy, base, dross",69011-59-2,273-700-9,1,"A scum formed on the surface of molten lead-base alloys. Includes those cases in which aluminum is used to remove arsenic, nickel and antimony.",Regulation,,https://eur-lex.europa.eu/legal-content/EN/TXT/?uri=CELEX%3A32023R0923&qid=1629107278018,100.066.981,100.239.187,CAS/EC与ECHA英文名逐条核对,已核对
972,63,铅锡基合金浮渣,"Lead alloy, base, Pb,Sn, dross",69011-60-5,273-701-4,1,"Oxides formed during melting, refining, and casting of solders. Major constituents are oxides of tin, lead and antimony; minor constituents are iron, nickel, sulfur, arsenic, copper and silver.",Regulation,,https://eur-lex.europa.eu/legal-content/EN/TXT/?uri=CELEX%3A32023R0923&qid=1629107278018,100.066.982,100.239.187,CAS/EC与ECHA英文名逐条核对,已核对
973,63,铅锡合金制造烟尘,"Flue dust, lead-tin alloy-manufg.",69012-60-8,273-758-5,1,Volatilized metals generated during smelting and refining of tin-lead alloys. Consists primarily of oxides of lead and tin.,Regulation,,https://eur-lex.europa.eu/legal-content/EN/TXT/?uri=CELEX%3A32023R0923&qid=1629107278018,100.067.033,100.239.187,CAS/EC与ECHA英文名逐条核对,已核对
974,63,锌精炼烟尘,"Flue dust, zinc-refining",69012-63-1,273-760-6,1,"By-product of refining of zinc ores consisting primarily of zinc, lead and iron.",Regulation,,https://eur-lex.europa.eu/legal-content/EN/TXT/?uri=CELEX%3A32023R0923&qid=1629107278018,100.067.035,100.239.187,CAS/EC与ECHA英文名逐条核对,已核对
975,63,锌矿焙烧物浸出残渣（锌、钴）,"Leach residues, zinc ore-calcine, zinc cobalt",69012-72-2,273-769-5,1,"Residue from treatment of calcined zinc ore concentrates with antimony trioxide, zinc dust, lead oxide and copper sulfate. Consists primarily of zinc and a composite of metallics: cobalt, copper and lead.",Regulation,,https://eur-lex.europa.eu/legal-content/EN/TXT/?uri=CELEX%3A32023R0923&qid=1629107278018,100.067.043,100.239.187,CAS/EC与ECHA英文名逐条核对,已核对
976,63,富锑铅浮渣,"Lead, dross, antimony-rich",69029-45-4,273-791-5,1,"A scum or slag formed on the surface of molten lead during the process of removing antimony along with arsenic by oxidation with air. It consists of antimony, arsenic and lead oxides.",Regulation,,https://eur-lex.europa.eu/legal-content/EN/TXT/?uri=CELEX%3A32023R0923&qid=1629107278018,100.067.063,100.239.187,CAS/EC与ECHA英文名逐条核对,已核对
977,63,富铋铅浮渣,"Lead, dross, bismuth-rich",69029-46-5,273-792-0,1,A scum formed on the surface of molten lead during the process of removing bismuth by the addition of calcium and magnesium. It consists of lead containing calcium and magnesium bismuthides.,Regulation,,https://eur-lex.europa.eu/legal-content/EN/TXT/?uri=CELEX%3A32023R0923&qid=1629107278018,100.067.064,100.239.187,CAS/EC与ECHA英文名逐条核对,已核对
978,63,锑铅浮渣,"Lead, antimonial, dross",69029-51-2,273-795-7,1,A scum formed on the surface of antimonial lead. Consists primarily of sodium arsenate and sodium antimonate with some lead oxide and free caustic soda.,Regulation,,https://eur-lex.europa.eu/legal-content/EN/TXT/?uri=CELEX%3A32023R0923&qid=1629107278018,100.067.067,100.239.187,CAS/EC与ECHA英文名逐条核对,已核对
979,63,铅浮渣,"Lead, dross",69029-52-3,273-796-2,1,REACH Annex XVII第63项限制对象；Lead and its compounds。具体限制条件见法规条款：Regulation。,Regulation,,https://eur-lex.europa.eu/legal-content/EN/TXT/?uri=CELEX%3A32023R0923&qid=1629107278018,100.067.068,100.239.187,CAS/EC与ECHA英文名逐条核对,已核对
980,63,蒸馏炉氧化铅,"Lead oxide (PbO), retort",69029-53-4,273-797-8,1,"Oxidation product of metals in lead refinery retort. Consists primarily of oxides of lead, antimony and zinc.",Regulation,,https://eur-lex.europa.eu/legal-content/EN/TXT/?uri=CELEX%3A32023R0923&qid=1629107278018,100.067.069,100.239.187,CAS/EC与ECHA英文名逐条核对,已核对
981,63,铅反射炉熔炼炉渣,"Slags, lead reverbatory smelting",69029-58-9,273-800-2,1,"By-product from the smelting of lead ores, scrap lead or lead smelter dross. Consists primarily of oxides and silicates of antimony and lead.",Regulation,,https://eur-lex.europa.eu/legal-content/EN/TXT/?uri=CELEX%3A32023R0923&qid=1629107278018,100.067.072,100.239.187,CAS/EC与ECHA英文名逐条核对,已核对
982,63,锌脱银浮渣,"Zinc, desilverizing skims",69029-60-3,273-802-3,1,Crusts formed on the surface of cooling molten lead during the desilverizing of lead.,Regulation,,https://eur-lex.europa.eu/legal-content/EN/TXT/?uri=CELEX%3A32023R0923&qid=1629107278018,100.067.074,100.239.187,CAS/EC与ECHA英文名逐条核对,已核对
983,63,铋精炼氯化铅残渣,"Bismuth, refinery lead chloride residues",69029-61-4,273-803-9,1,By-product of the refining of bismuth. Principally lead chloride with salts and compounds of various metals.,Regulation,,https://eur-lex.europa.eu/legal-content/EN/TXT/?uri=CELEX%3A32023R0923&qid=1629107278018,100.067.075,100.239.187,CAS/EC与ECHA英文名逐条核对,已核对
984,63,铅精炼烟尘,"Flue dust, lead-refining",69029-67-0,273-809-1,1,By-product of refining lead ores obtained from baghouse and electro-static precipitator and as slurry from scrubbers.,Regulation,,https://eur-lex.europa.eu/legal-content/EN/TXT/?uri=CELEX%3A32023R0923&qid=1629107278018,100.067.080,100.239.187,CAS/EC与ECHA英文名逐条核对,已核对
985,63,铅渣浸出残渣,"Leach residues, lead slag",69029-71-6,273-812-8,1,"Residues from leaching slag from a lead refinery with caustic soda and sulfuric acid. Consists primarily of sodium sulfate, tellurium compounds and lead sulfate.",Regulation,,https://eur-lex.europa.eu/legal-content/EN/TXT/?uri=CELEX%3A32023R0923&qid=1629107278018,100.067.083,100.239.187,CAS/EC与ECHA英文名逐条核对,已核对
986,63,贵金属回收铅精炼浸出残渣,"Leach residues, precious metal recovery lead refining",69029-72-7,273-813-3,1,Salt extract from the treatment of speiss refining residue with aqua regia followed by alkali fusion. Consists of precious metals and their salts.,Regulation,,https://eur-lex.europa.eu/legal-content/EN/TXT/?uri=CELEX%3A32023R0923&qid=1629107278018,100.067.084,100.239.187,CAS/EC与ECHA英文名逐条核对,已核对
987,63,铅矿精矿焙烧物,"Calcines, lead ore conc.",69029-74-9,273-815-4,1,Sinter formed by heating finely divided lead concentrates and fluxes to a softening condition to agglomerate without fusion.,Regulation,,https://eur-lex.europa.eu/legal-content/EN/TXT/?uri=CELEX%3A32023R0923&qid=1629107278018,100.067.086,100.239.187,CAS/EC与ECHA英文名逐条核对,已核对
988,63,铅焙烧炉残渣,"Residues, lead roaster",69029-78-3,273-820-1,1,"Roaster hearth cleanings or barrings from lead refining. Consist primarily of cadmium, thallium and lead and oxides of cadmium, thallium, calcium and arsenic.",Regulation,,https://eur-lex.europa.eu/legal-content/EN/TXT/?uri=CELEX%3A32023R0923&qid=1629107278018,100.067.090,100.239.187,CAS/EC与ECHA英文名逐条核对,已核对
989,63,铅熔炼残渣,"Residues, lead smelting",69029-79-4,273-821-7,1,Residues from processing equipment used in a lead refinery. Consist primarily of lead and lead oxide.,Regulation,,https://eur-lex.europa.eu/legal-content/EN/TXT/?uri=CELEX%3A32023R0923&qid=1629107278018,100.067.091,100.239.187,CAS/EC与ECHA英文名逐条核对,已核对
990,63,贵金属回收铅精炼残渣,"Residues, precious metal recovery lead refining",69029-80-7,273-822-2,1,Residues from treating lead refinery ores and residues containing precious metals with sodium boroplumbate followed by thermal fusion.,Regulation,,https://eur-lex.europa.eu/legal-content/EN/TXT/?uri=CELEX%3A32023R0923&qid=1629107278018,100.067.092,100.239.187,CAS/EC与ECHA英文名逐条核对,已核对
991,63,碲炉渣,"Slags, tellurium",69029-86-3,273-828-5,1,Product of treating molten lead with sodium salts. Consists primarily of sodium-tellurium salts in various states of oxidation.,Regulation,,https://eur-lex.europa.eu/legal-content/EN/TXT/?uri=CELEX%3A32023R0923&qid=1629107278018,100.067.097,100.239.187,CAS/EC与ECHA英文名逐条核对,已核对
992,63,铅精炼泥渣,"Slimes and Sludges, lead refining",69029-93-2,273-833-2,1,Product of neutralizing lead refining wastes to precipitate heavy metals.,Regulation,,https://eur-lex.europa.eu/legal-content/EN/TXT/?uri=CELEX%3A32023R0923&qid=1629107278018,100.067.102,100.239.187,CAS/EC与ECHA英文名逐条核对,已核对
993,63,富铜铅浮渣,"Lead, dross, copper-rich",69227-11-8,273-925-2,1,A scum formed on the surface of molten copper.,Regulation,,https://eur-lex.europa.eu/legal-content/EN/TXT/?uri=CELEX%3A32023R0923&qid=1629107278018,100.067.186,100.239.187,CAS/EC与ECHA英文名逐条核对,已核对
994,63,铅C6-19支链羧酸盐-环烷酸盐配合物,"Lead, C6-19-branched carboxylate naphthenate complexes",70084-67-2,274-302-8,1,REACH Annex XVII第63项限制对象；Lead and its compounds。具体限制条件见法规条款：Regulation。,Regulation,,https://eur-lex.europa.eu/legal-content/EN/TXT/?uri=CELEX%3A32023R0923&qid=1629107278018,100.067.526,100.239.187,CAS/EC与ECHA英文名逐条核对,已核对
995,63,硝基间苯二酚铅(II)盐,Lead(2+) nitroresorcinolate,70268-38-1,274-521-9,1,REACH Annex XVII第63项限制对象；Lead and its compounds。具体限制条件见法规条款：Regulation。,Regulation,,https://eur-lex.europa.eu/legal-content/EN/TXT/?uri=CELEX%3A32023R0923&qid=1629107278018,100.067.725,100.239.187,CAS/EC与ECHA英文名逐条核对,已核对
996,63,铅癸酸盐-辛酸盐配合物,"Lead, decanoate octanoate complexes",70321-55-0,274-558-0,1,REACH Annex XVII第63项限制对象；Lead and its compounds。具体限制条件见法规条款：Regulation。,Regulation,,https://eur-lex.europa.eu/legal-content/EN/TXT/?uri=CELEX%3A32023R0923&qid=1629107278018,100.067.758,100.239.187,CAS/EC与ECHA英文名逐条核对,已核对
997,63,烷基铅制造废物,"Lead, alkyls, manufg. wastes",70513-89-2,274-632-2,1,REACH Annex XVII第63项限制对象；Lead and its compounds。具体限制条件见法规条款：Regulation。,Regulation,,https://eur-lex.europa.eu/legal-content/EN/TXT/?uri=CELEX%3A32023R0923&qid=1629107278018,100.067.826,100.239.187,CAS/EC与ECHA英文名逐条核对,已核对
998,63,铅鼓风炉烟尘,"Flue dust, lead blast furnace",70514-05-5,274-633-8,1,REACH Annex XVII第63项限制对象；Lead and its compounds。具体限制条件见法规条款：Regulation。,Regulation,,https://eur-lex.europa.eu/legal-content/EN/TXT/?uri=CELEX%3A32023R0923&qid=1629107278018,100.067.827,100.239.187,CAS/EC与ECHA英文名逐条核对,已核对
999,63,铅烧结烟尘洗涤器泥渣,"Slimes and Sludges, lead sinter dust scrubber",70514-37-3,274-639-0,1,REACH Annex XVII第63项限制对象；Lead and its compounds。具体限制条件见法规条款：Regulation。,Regulation,,https://eur-lex.europa.eu/legal-content/EN/TXT/?uri=CELEX%3A32023R0923&qid=1629107278018,100.067.832,100.239.187,CAS/EC与ECHA英文名逐条核对,已核对
1000,63,异十八烷酸铅(II),Lead(2+) isooctadecanoate,70727-02-5,274-822-5,1,REACH Annex XVII第63项限制对象；Lead and its compounds。具体限制条件见法规条款：Regulation。,Regulation,,https://eur-lex.europa.eu/legal-content/EN/TXT/?uri=CELEX%3A32023R0923&qid=1629107278018,100.067.999,100.239.187,CAS/EC与ECHA英文名逐条核对,已核对
1001,63,新癸酸铅(II),Lead(2+) neodecanoate,71684-29-2,275-836-4,1,REACH Annex XVII第63项限制对象；Lead and its compounds。具体限制条件见法规条款：Regulation。,Regulation,,https://eur-lex.europa.eu/legal-content/EN/TXT/?uri=CELEX%3A32023R0923&qid=1629107278018,100.068.921,100.239.187,CAS/EC与ECHA英文名逐条核对,已核对
1002,63,富马酸铅(II),Lead(II) fumarate,71686-03-8,275-845-3,1,REACH Annex XVII第63项限制对象；Lead and its compounds。具体限制条件见法规条款：Regulation。,Regulation,,https://eur-lex.europa.eu/legal-content/EN/TXT/?uri=CELEX%3A32023R0923&qid=1629107278018,100.068.929,100.239.187,CAS/EC与ECHA英文名逐条核对,已核对
1003,63,羟基新癸酸铅,Hydroxy(neodecanoato-O)lead,71753-04-3,275-988-1,1,REACH Annex XVII第63项限制对象；Lead and its compounds。具体限制条件见法规条款：Regulation。,Regulation,,https://eur-lex.europa.eu/legal-content/EN/TXT/?uri=CELEX%3A32023R0923&qid=1629107278018,100.069.059,100.239.187,CAS/EC与ECHA英文名逐条核对,已核对
1004,63,双(壬基苯酚盐)铅,Lead bis(nonylphenolate),72586-00-6,276-725-3,1,REACH Annex XVII第63项限制对象；Lead and its compounds。具体限制条件见法规条款：Regulation。,Regulation,,https://eur-lex.europa.eu/legal-content/EN/TXT/?uri=CELEX%3A32023R0923&qid=1629107278018,100.069.729,100.239.187,CAS/EC与ECHA英文名逐条核对,已核对
1005,63,C9-11支链脂肪酸铅盐,"Fatty acids, C9-11-branched, lead salts",81412-57-9,279-755-5,1,REACH Annex XVII第63项限制对象；Lead and its compounds。具体限制条件见法规条款：Regulation。,Regulation,,https://eur-lex.europa.eu/legal-content/EN/TXT/?uri=CELEX%3A32023R0923&qid=1629107278018,100.072.483,100.239.187,CAS/EC与ECHA英文名逐条核对,已核对
1006,63,铅C5-23支链羧酸盐-C4-10脂肪酸盐-环烷酸盐配合物,"Lead, C5-23-branched carboxylate C4-10-fatty acid naphthenate complexes",83711-45-9,280-541-9,1,REACH Annex XVII第63项限制对象；Lead and its compounds。具体限制条件见法规条款：Regulation。,Regulation,,https://eur-lex.europa.eu/legal-content/EN/TXT/?uri=CELEX%3A32023R0923&qid=1629107278018,100.073.199,100.239.187,CAS/EC与ECHA英文名逐条核对,已核对
1007,63,铅C5-23支链羧酸盐-环烷酸盐配合物,"Lead, C5-23-branched carboxylate naphthenate complexes",83711-46-0,280-542-4,1,REACH Annex XVII第63项限制对象；Lead and its compounds。具体限制条件见法规条款：Regulation。,Regulation,,https://eur-lex.europa.eu/legal-content/EN/TXT/?uri=CELEX%3A32023R0923&qid=1629107278018,100.073.200,100.239.187,CAS/EC与ECHA英文名逐条核对,已核对
1008,63,铅C5-23支链羧酸盐-环烷酸盐-辛酸盐配合物,"Lead, C5-23-branched carboxylate naphthenate octanoate complexes",83711-47-1,280-544-5,1,REACH Annex XVII第63项限制对象；Lead and its compounds。具体限制条件见法规条款：Regulation。,Regulation,,https://eur-lex.europa.eu/legal-content/EN/TXT/?uri=CELEX%3A32023R0923&qid=1629107278018,100.073.201,100.239.187,CAS/EC与ECHA英文名逐条核对,已核对
1009,63,铅C5-23支链羧酸盐-C4-10脂肪酸盐配合物,"Lead, C5-23-branched carboxylate C4-10-fatty acid complexes",84066-98-8,281-934-8,1,REACH Annex XVII第63项限制对象；Lead and its compounds。具体限制条件见法规条款：Regulation。,Regulation,,https://eur-lex.europa.eu/legal-content/EN/TXT/?uri=CELEX%3A32023R0923&qid=1629107278018,100.074.462,100.239.187,CAS/EC与ECHA英文名逐条核对,已核对
1010,63,铅C5-23支链羧酸盐-辛酸盐配合物,"Lead, C5-23-branched carboxylate octanoate complexes",84066-99-9,281-935-3,1,REACH Annex XVII第63项限制对象；Lead and its compounds。具体限制条件见法规条款：Regulation。,Regulation,,https://eur-lex.europa.eu/legal-content/EN/TXT/?uri=CELEX%3A32023R0923&qid=1629107278018,100.074.463,100.239.187,CAS/EC与ECHA英文名逐条核对,已核对
1011,63,铅C4-10脂肪酸盐-环烷酸盐配合物,"Lead, C4-10-fatty acid naphthenate complexes",84067-00-5,281-936-9,1,REACH Annex XVII第63项限制对象；Lead and its compounds。具体限制条件见法规条款：Regulation。,Regulation,,https://eur-lex.europa.eu/legal-content/EN/TXT/?uri=CELEX%3A32023R0923&qid=1629107278018,100.074.464,100.239.187,CAS/EC与ECHA英文名逐条核对,已核对
1012,63,铅锍,"Matte, lead",84195-51-7,282-356-9,1,Substance resulting from the smelting of lead and its alloys obtained from primary and secondary sources and including recycled plant intermediates. Composed primarily of iron and lead (mainly in sulfide form) and may contain other residual non-ferrous metals and their compounds.,Regulation,,https://eur-lex.europa.eu/legal-content/EN/TXT/?uri=CELEX%3A32023R0923&qid=1629107278018,100.074.845,100.239.187,CAS/EC与ECHA英文名逐条核对,已核对
1013,63,铅电解泥渣,"Slimes and Sludges, lead, electrolytic",84195-60-8,282-365-8,1,"Substance resulting from the electrolytic refining of lead obtained from primary and secondary sources and including recycled plant intermediates. Composed primarily of lead, antimony and precious metals and may contain other residual non-ferrous metals and their compounds.",Regulation,,https://eur-lex.europa.eu/legal-content/EN/TXT/?uri=CELEX%3A32023R0923&qid=1629107278018,100.074.853,100.239.187,CAS/EC与ECHA英文名逐条核对,已核对
1014,63,铅砷锑锍,"Speiss, lead",84195-61-9,282-366-3,1,"Substance resulting from the smelting of lead and its alloys obtained from primary and secondary sources and including recycled plant intermediates. Composed primarily of arsenic, lead and iron and may contain other residual non-ferrous metals and their compounds.",Regulation,,https://eur-lex.europa.eu/legal-content/EN/TXT/?uri=CELEX%3A32023R0923&qid=1629107278018,100.074.854,100.239.187,CAS/EC与ECHA英文名逐条核对,已核对
1015,63,双(对辛基苯酚盐)铅,Lead bis(p-octylphenolate),84394-98-9,282-756-3,1,REACH Annex XVII第63项限制对象；Lead and its compounds。具体限制条件见法规条款：Regulation。,Regulation,,https://eur-lex.europa.eu/legal-content/EN/TXT/?uri=CELEX%3A32023R0923&qid=1629107278018,100.075.209,100.239.187,CAS/EC与ECHA英文名逐条核对,已核对
1016,63,C8-18及C18不饱和脂肪酸铅盐,"Fatty acids, C8-18 and C18-unsatd., lead salts",84776-36-3,283-962-6,1,REACH Annex XVII第63项限制对象；Lead and its compounds。具体限制条件见法规条款：Regulation。,Regulation,,https://eur-lex.europa.eu/legal-content/EN/TXT/?uri=CELEX%3A32023R0923&qid=1629107278018,100.076.301,100.239.187,CAS/EC与ECHA英文名逐条核对,已核对
1017,63,C8-12脂肪酸铅盐,"Fatty acids, C8-12, lead salts",84776-53-4,283-980-4,1,REACH Annex XVII第63项限制对象；Lead and its compounds。具体限制条件见法规条款：Regulation。,Regulation,,https://eur-lex.europa.eu/legal-content/EN/TXT/?uri=CELEX%3A32023R0923&qid=1629107278018,100.076.318,100.239.187,CAS/EC与ECHA英文名逐条核对,已核对
1018,63,C18-24脂肪酸铅盐,"Fatty acids, C18-24, lead salts",84776-54-5,283-982-5,1,REACH Annex XVII第63项限制对象；Lead and its compounds。具体限制条件见法规条款：Regulation。,Regulation,,https://eur-lex.europa.eu/legal-content/EN/TXT/?uri=CELEX%3A32023R0923&qid=1629107278018,100.076.319,100.239.187,CAS/EC与ECHA英文名逐条核对,已核对
1019,63,"μ-(4,6-二硝基间苯二酚根合)二羟基二铅","[μ-(4,6-dinitroresorcinolato(2-)-O1,O3)]dihydroxydilead",84837-22-9,284-297-4,1,REACH Annex XVII第63项限制对象；Lead and its compounds。具体限制条件见法规条款：Regulation。,Regulation,,https://eur-lex.europa.eu/legal-content/EN/TXT/?uri=CELEX%3A32023R0923&qid=1629107278018,100.076.607,100.239.187,CAS/EC与ECHA英文名逐条核对,已核对
1020,63,异癸酸铅(II),Lead(II) isodecanoate,84852-34-6,284-345-4,1,REACH Annex XVII第63项限制对象；Lead and its compounds。具体限制条件见法规条款：Regulation。,Regulation,,https://eur-lex.europa.eu/legal-content/EN/TXT/?uri=CELEX%3A32023R0923&qid=1629107278018,100.076.650,100.239.187,CAS/EC与ECHA英文名逐条核对,已核对
1021,63,碱式异壬酸铅-异辛酸铅配合物,"Lead, isononanoate isooctanoate complexes, basic",84929-94-2,284-573-4,1,REACH Annex XVII第63项限制对象；Lead and its compounds。具体限制条件见法规条款：Regulation。,Regulation,,https://eur-lex.europa.eu/legal-content/EN/TXT/?uri=CELEX%3A32023R0923&qid=1629107278018,100.076.858,100.239.187,CAS/EC与ECHA英文名逐条核对,已核对
1022,63,碱式异辛酸铅-新癸酸铅配合物,"Lead, isooctanoate neodecanoate complexes, basic",84929-95-3,284-575-5,1,REACH Annex XVII第63项限制对象；Lead and its compounds。具体限制条件见法规条款：Regulation。,Regulation,,https://eur-lex.europa.eu/legal-content/EN/TXT/?uri=CELEX%3A32023R0923&qid=1629107278018,100.076.859,100.239.187,CAS/EC与ECHA英文名逐条核对,已核对
1023,63,碱式环烷酸铅-新癸酸铅配合物,"Lead, naphthenate neodecanoate complexes, basic",84929-96-4,284-576-0,1,REACH Annex XVII第63项限制对象；Lead and its compounds。具体限制条件见法规条款：Regulation。,Regulation,,https://eur-lex.europa.eu/legal-content/EN/TXT/?uri=CELEX%3A32023R0923&qid=1629107278018,100.076.860,100.239.187,CAS/EC与ECHA英文名逐条核对,已核对
1024,63,异壬酸铅-环烷酸铅配合物,"Lead, isononanoate naphthenate complexes",84929-97-5,284-577-6,1,REACH Annex XVII第63项限制对象；Lead and its compounds。具体限制条件见法规条款：Regulation。,Regulation,,https://eur-lex.europa.eu/legal-content/EN/TXT/?uri=CELEX%3A32023R0923&qid=1629107278018,100.076.861,100.239.187,CAS/EC与ECHA英文名逐条核对,已核对
1025,63,4-C10-13仲烷基苯磺酸铅(II)盐,"Benzenesulfonic acid, 4-C10-13-sec-alkyl derivs., lead(2+) salts",84961-75-1,284-665-4,1,REACH Annex XVII第63项限制对象；Lead and its compounds。具体限制条件见法规条款：Regulation。,Regulation,,https://eur-lex.europa.eu/legal-content/EN/TXT/?uri=CELEX%3A32023R0923&qid=1629107278018,100.076.941,100.239.187,CAS/EC与ECHA英文名逐条核对,已核对
1026,63,C8-10支链脂肪酸铅盐,"Fatty acids, C8-10-branched, lead salts",85049-42-9,285-212-3,1,REACH Annex XVII第63项限制对象；Lead and its compounds。具体限制条件见法规条款：Regulation。,Regulation,,https://eur-lex.europa.eu/legal-content/EN/TXT/?uri=CELEX%3A32023R0923&qid=1629107278018,100.077.438,100.239.187,CAS/EC与ECHA英文名逐条核对,已核对
1027,63,铅制造富镉烟尘,"Flue dust, lead-manufg., cadmium-rich",85117-02-8,285-554-3,1,"Residue obtained in the metallurgical treatment of lead concentrate in a lead blast furnace. The substance is composed of cadmium oxides, lead oxides, and impurities containing compounds of arsenic, chlorine, indium and tellurium.",Regulation,,https://eur-lex.europa.eu/legal-content/EN/TXT/?uri=CELEX%3A32023R0923&qid=1629107278018,100.077.749,100.239.187,CAS/EC与ECHA英文名逐条核对,已核对
1028,63,4-叔丁基苯甲酸铅(II),"Lead(2+) 4-(1,1-dimethylethyl)benzoate",85292-77-9,286-637-7,1,REACH Annex XVII第63项限制对象；Lead and its compounds。具体限制条件见法规条款：Regulation。,Regulation,,https://eur-lex.europa.eu/legal-content/EN/TXT/?uri=CELEX%3A32023R0923&qid=1629107278018,100.078.734,100.239.187,CAS/EC与ECHA英文名逐条核对,已核对
1029,63,双(5-氧代-L-脯氨酸)铅,Lead bis(5-oxo-L-prolinate),85392-77-4,286-935-7,1,REACH Annex XVII第63项限制对象；Lead and its compounds。具体限制条件见法规条款：Regulation。,Regulation,,https://eur-lex.europa.eu/legal-content/EN/TXT/?uri=CELEX%3A32023R0923&qid=1629107278018,100.079.005,100.239.187,CAS/EC与ECHA英文名逐条核对,已核对
1030,63,双(5-氧代-DL-脯氨酸)铅,Lead bis(5-oxo-DL-prolinate),85392-78-5,286-936-2,1,REACH Annex XVII第63项限制对象；Lead and its compounds。具体限制条件见法规条款：Regulation。,Regulation,,https://eur-lex.europa.eu/legal-content/EN/TXT/?uri=CELEX%3A32023R0923&qid=1629107278018,100.079.006,100.239.187,CAS/EC与ECHA英文名逐条核对,已核对
1031,63,铀酸铅颜料,Lead uranate pigment,85536-79-4,287-565-9,1,REACH Annex XVII第63项限制对象；Lead and its compounds。具体限制条件见法规条款：Regulation。,Regulation,,https://eur-lex.europa.eu/legal-content/EN/TXT/?uri=CELEX%3A32023R0923&qid=1629107278018,100.079.577,100.239.187,CAS/EC与ECHA英文名逐条核对,已核对
1032,63,双(二十四烷基苯磺酸)铅,Lead bis(tetracosylbenzenesulphonate),85865-91-4,288-691-7,1,REACH Annex XVII第63项限制对象；Lead and its compounds。具体限制条件见法规条款：Regulation。,Regulation,,https://eur-lex.europa.eu/legal-content/EN/TXT/?uri=CELEX%3A32023R0923&qid=1629107278018,100.080.600,100.239.187,CAS/EC与ECHA英文名逐条核对,已核对
1033,63,双(二(十二烷基)苯磺酸)铅,Lead bis[didodecylbenzenesulphonate],85865-92-5,288-692-2,1,REACH Annex XVII第63项限制对象；Lead and its compounds。具体限制条件见法规条款：Regulation。,Regulation,,https://eur-lex.europa.eu/legal-content/EN/TXT/?uri=CELEX%3A32023R0923&qid=1629107278018,100.080.601,100.239.187,CAS/EC与ECHA英文名逐条核对,已核对
1034,63,碱式邻苯二甲酸铅(II),"1,2-Benzenedicarboxylic acid, lead(2+) salt, basic",90193-83-2,290-588-7,1,REACH Annex XVII第63项限制对象；Lead and its compounds。具体限制条件见法规条款：Regulation。,Regulation,,https://eur-lex.europa.eu/legal-content/EN/TXT/?uri=CELEX%3A32023R0923&qid=1629107278018,100.082.321,100.239.187,CAS/EC与ECHA英文名逐条核对,已核对
1035,63,碱式富马酸铅(II),"2-Butenedioic acid (E)-, lead(2+) salt, basic",90268-59-0,290-862-6,1,REACH Annex XVII第63项限制对象；Lead and its compounds。具体限制条件见法规条款：Regulation。,Regulation,,https://eur-lex.europa.eu/legal-content/EN/TXT/?uri=CELEX%3A32023R0923&qid=1629107278018,100.082.570,100.239.187,CAS/EC与ECHA英文名逐条核对,已核对
1036,63,碱式马来酸铅(II),"2-Butenedioic acid (Z)-, lead(2+) salt, basic",90268-66-9,290-869-4,1,REACH Annex XVII第63项限制对象；Lead and its compounds。具体限制条件见法规条款：Regulation。,Regulation,,https://eur-lex.europa.eu/legal-content/EN/TXT/?uri=CELEX%3A32023R0923&qid=1629107278018,100.082.577,100.239.187,CAS/EC与ECHA英文名逐条核对,已核对
1037,63,支链癸酸铅盐,"Decanoic acid, branched, lead salts",90342-24-8,291-160-2,1,REACH Annex XVII第63项限制对象；Lead and its compounds。具体限制条件见法规条款：Regulation。,Regulation,,https://eur-lex.europa.eu/legal-content/EN/TXT/?uri=CELEX%3A32023R0923&qid=1629107278018,100.082.842,100.239.187,CAS/EC与ECHA英文名逐条核对,已核对
1038,63,碱式十二烷酸铅,"Dodecanoic acid, lead salt, basic",90342-56-6,291-195-3,1,REACH Annex XVII第63项限制对象；Lead and its compounds。具体限制条件见法规条款：Regulation。,Regulation,,https://eur-lex.europa.eu/legal-content/EN/TXT/?uri=CELEX%3A32023R0923&qid=1629107278018,100.082.874,100.239.187,CAS/EC与ECHA英文名逐条核对,已核对
1039,63,碱式十六烷酸铅,"Hexadecanoic acid, lead salt, basic",90388-09-3,291-388-2,1,REACH Annex XVII第63项限制对象；Lead and its compounds。具体限制条件见法规条款：Regulation。,Regulation,,https://eur-lex.europa.eu/legal-content/EN/TXT/?uri=CELEX%3A32023R0923&qid=1629107278018,100.083.049,100.239.187,CAS/EC与ECHA英文名逐条核对,已核对
1040,63,碱式十六烷酸铅(II),"Hexadecanoic acid, lead(2+) salt, basic",90388-10-6,291-389-8,1,REACH Annex XVII第63项限制对象；Lead and its compounds。具体限制条件见法规条款：Regulation。,Regulation,,https://eur-lex.europa.eu/legal-content/EN/TXT/?uri=CELEX%3A32023R0923&qid=1629107278018,100.083.050,100.239.187,CAS/EC与ECHA英文名逐条核对,已核对
1041,63,碱式(Z)-9-十六烯酸铅(II),"9-Hexadecenoic acid, lead(2+) salt, (Z)-, basic",90388-15-1,291-395-0,1,REACH Annex XVII第63项限制对象；Lead and its compounds。具体限制条件见法规条款：Regulation。,Regulation,,https://eur-lex.europa.eu/legal-content/EN/TXT/?uri=CELEX%3A32023R0923&qid=1629107278018,100.083.055,100.239.187,CAS/EC与ECHA英文名逐条核对,已核对
1042,63,碱式异癸酸铅,"Isodecanoic acid, lead salt, basic",90431-14-4,291-536-6,1,REACH Annex XVII第63项限制对象；Lead and its compounds。具体限制条件见法规条款：Regulation。,Regulation,,https://eur-lex.europa.eu/legal-content/EN/TXT/?uri=CELEX%3A32023R0923&qid=1629107278018,100.083.183,100.239.187,CAS/EC与ECHA英文名逐条核对,已核对
1043,63,碱式异壬酸铅,"Isononanoic acid, lead salt, basic",90431-21-3,291-543-4,1,REACH Annex XVII第63项限制对象；Lead and its compounds。具体限制条件见法规条款：Regulation。,Regulation,,https://eur-lex.europa.eu/legal-content/EN/TXT/?uri=CELEX%3A32023R0923&qid=1629107278018,100.083.190,100.239.187,CAS/EC与ECHA英文名逐条核对,已核对
1044,63,碱式异辛酸铅,"Isooctanoic acid, lead salt, basic",90431-26-8,291-549-7,1,REACH Annex XVII第63项限制对象；Lead and its compounds。具体限制条件见法规条款：Regulation。,Regulation,,https://eur-lex.europa.eu/legal-content/EN/TXT/?uri=CELEX%3A32023R0923&qid=1629107278018,100.083.195,100.239.187,CAS/EC与ECHA英文名逐条核对,已核对
1045,63,高碱性铅C8-10支链脂肪酸盐-C9-11新脂肪酸盐-环烷酸盐配合物,"Lead, C8-10-branched fatty acids C9-11-neofatty acids naphthenate complexes, overbased",90431-27-9,291-550-2,1,REACH Annex XVII第63项限制对象；Lead and its compounds。具体限制条件见法规条款：Regulation。,Regulation,,https://eur-lex.europa.eu/legal-content/EN/TXT/?uri=CELEX%3A32023R0923&qid=1629107278018,100.083.196,100.239.187,CAS/EC与ECHA英文名逐条核对,已核对
1046,63,铅C8-10支链脂肪酸盐-C9-11新脂肪酸盐-环烷酸盐配合物,"Lead, C8-10-branched fatty acids C9-11-neofatty acids naphthenate complexes",90431-28-0,291-551-8,1,REACH Annex XVII第63项限制对象；Lead and its compounds。具体限制条件见法规条款：Regulation。,Regulation,,https://eur-lex.europa.eu/legal-content/EN/TXT/?uri=CELEX%3A32023R0923&qid=1629107278018,100.083.197,100.239.187,CAS/EC与ECHA英文名逐条核对,已核对
1047,63,碱式2-乙基己酸铅-异癸酸铅配合物,"Lead, 2-ethylhexanoate isodecanoate complexes, basic",90431-30-4,291-552-3,1,REACH Annex XVII第63项限制对象；Lead and its compounds。具体限制条件见法规条款：Regulation。,Regulation,,https://eur-lex.europa.eu/legal-content/EN/TXT/?uri=CELEX%3A32023R0923&qid=1629107278018,100.083.198,100.239.187,CAS/EC与ECHA英文名逐条核对,已核对
1048,63,碱式2-乙基己酸铅-异壬酸铅配合物,"Lead, 2-ethylhexanoate isononanoate complexes, basic",90431-31-5,291-553-9,1,REACH Annex XVII第63项限制对象；Lead and its compounds。具体限制条件见法规条款：Regulation。,Regulation,,https://eur-lex.europa.eu/legal-content/EN/TXT/?uri=CELEX%3A32023R0923&qid=1629107278018,100.083.199,100.239.187,CAS/EC与ECHA英文名逐条核对,已核对
1049,63,碱式2-乙基己酸铅-异辛酸铅配合物,"Lead, 2-ethylhexanoate isooctanoate complexes, basic",90431-32-6,291-554-4,1,REACH Annex XVII第63项限制对象；Lead and its compounds。具体限制条件见法规条款：Regulation。,Regulation,,https://eur-lex.europa.eu/legal-content/EN/TXT/?uri=CELEX%3A32023R0923&qid=1629107278018,100.083.200,100.239.187,CAS/EC与ECHA英文名逐条核对,已核对
1050,63,2-乙基己酸铅-环烷酸铅配合物,"Lead, 2-ethylhexanoate naphthenate complexes",90431-33-7,291-556-5,1,REACH Annex XVII第63项限制对象；Lead and its compounds。具体限制条件见法规条款：Regulation。,Regulation,,https://eur-lex.europa.eu/legal-content/EN/TXT/?uri=CELEX%3A32023R0923&qid=1629107278018,100.083.201,100.239.187,CAS/EC与ECHA英文名逐条核对,已核对
1051,63,碱式2-乙基己酸铅-环烷酸铅配合物,"Lead, 2-ethylhexanoate naphthenate complexes, basic",90431-34-8,291-557-0,1,REACH Annex XVII第63项限制对象；Lead and its compounds。具体限制条件见法规条款：Regulation。,Regulation,,https://eur-lex.europa.eu/legal-content/EN/TXT/?uri=CELEX%3A32023R0923&qid=1629107278018,100.083.202,100.239.187,CAS/EC与ECHA英文名逐条核对,已核对
1052,63,碱式2-乙基己酸铅-新癸酸铅配合物,"Lead, 2-ethylhexanoate neodecanoate complexes, basic",90431-35-9,291-558-6,1,REACH Annex XVII第63项限制对象；Lead and its compounds。具体限制条件见法规条款：Regulation。,Regulation,,https://eur-lex.europa.eu/legal-content/EN/TXT/?uri=CELEX%3A32023R0923&qid=1629107278018,100.083.203,100.239.187,CAS/EC与ECHA英文名逐条核对,已核对
1053,63,碱式异癸酸铅-异壬酸铅配合物,"Lead, isodecanoate isononanoate complexes, basic",90431-36-0,291-559-1,1,REACH Annex XVII第63项限制对象；Lead and its compounds。具体限制条件见法规条款：Regulation。,Regulation,,https://eur-lex.europa.eu/legal-content/EN/TXT/?uri=CELEX%3A32023R0923&qid=1629107278018,100.083.204,100.239.187,CAS/EC与ECHA英文名逐条核对,已核对
1054,63,碱式异癸酸铅-异辛酸铅配合物,"Lead, isodecanoate isooctanoate complexes, basic",90431-37-1,291-560-7,1,REACH Annex XVII第63项限制对象；Lead and its compounds。具体限制条件见法规条款：Regulation。,Regulation,,https://eur-lex.europa.eu/legal-content/EN/TXT/?uri=CELEX%3A32023R0923&qid=1629107278018,100.083.205,100.239.187,CAS/EC与ECHA英文名逐条核对,已核对
1055,63,异癸酸铅-环烷酸铅配合物,"Lead, isodecanoate naphthenate complexes",90431-38-2,291-561-2,1,REACH Annex XVII第63项限制对象；Lead and its compounds。具体限制条件见法规条款：Regulation。,Regulation,,https://eur-lex.europa.eu/legal-content/EN/TXT/?uri=CELEX%3A32023R0923&qid=1629107278018,100.083.206,100.239.187,CAS/EC与ECHA英文名逐条核对,已核对
1056,63,碱式异癸酸铅-新癸酸铅配合物,"Lead, isodecanoate neodecanoate complexes, basic",90431-39-3,291-562-8,1,REACH Annex XVII第63项限制对象；Lead and its compounds。具体限制条件见法规条款：Regulation。,Regulation,,https://eur-lex.europa.eu/legal-content/EN/TXT/?uri=CELEX%3A32023R0923&qid=1629107278018,100.083.207,100.239.187,CAS/EC与ECHA英文名逐条核对,已核对
1057,63,碱式异壬酸铅-环烷酸铅配合物,"Lead, isononanoate naphthenate complexes, basic",90431-40-6,291-563-3,1,REACH Annex XVII第63项限制对象；Lead and its compounds。具体限制条件见法规条款：Regulation。,Regulation,,https://eur-lex.europa.eu/legal-content/EN/TXT/?uri=CELEX%3A32023R0923&qid=1629107278018,100.083.208,100.239.187,CAS/EC与ECHA英文名逐条核对,已核对
1058,63,碱式异壬酸铅-新癸酸铅配合物,"Lead, isononanoate neodecanoate complexes, basic",90431-41-7,291-564-9,1,REACH Annex XVII第63项限制对象；Lead and its compounds。具体限制条件见法规条款：Regulation。,Regulation,,https://eur-lex.europa.eu/legal-content/EN/TXT/?uri=CELEX%3A32023R0923&qid=1629107278018,100.083.209,100.239.187,CAS/EC与ECHA英文名逐条核对,已核对
1059,63,碱式异辛酸铅-环烷酸铅配合物,"Lead, isooctanoate naphthenate complexes, basic",90431-42-8,291-565-4,1,REACH Annex XVII第63项限制对象；Lead and its compounds。具体限制条件见法规条款：Regulation。,Regulation,,https://eur-lex.europa.eu/legal-content/EN/TXT/?uri=CELEX%3A32023R0923&qid=1629107278018,100.083.210,100.239.187,CAS/EC与ECHA英文名逐条核对,已核对
1060,63,环烷酸铅-新癸酸铅配合物,"Lead, naphthenate neodecanoate complexes",90431-43-9,291-567-5,1,REACH Annex XVII第63项限制对象；Lead and its compounds。具体限制条件见法规条款：Regulation。,Regulation,,https://eur-lex.europa.eu/legal-content/EN/TXT/?uri=CELEX%3A32023R0923&qid=1629107278018,100.083.211,100.239.187,CAS/EC与ECHA英文名逐条核对,已核对
1061,63,碱式新壬酸铅-新十一酸铅配合物,"Lead, neononanoate neoundecanoate complexes, basic",90431-44-0,291-568-0,1,REACH Annex XVII第63项限制对象；Lead and its compounds。具体限制条件见法规条款：Regulation。,Regulation,,https://eur-lex.europa.eu/legal-content/EN/TXT/?uri=CELEX%3A32023R0923&qid=1629107278018,100.083.212,100.239.187,CAS/EC与ECHA英文名逐条核对,已核对
1062,63,碱式新癸酸铅,"Neodecanoic acid, lead salt, basic",90459-25-9,291-667-9,1,REACH Annex XVII第63项限制对象；Lead and its compounds。具体限制条件见法规条款：Regulation。,Regulation,,https://eur-lex.europa.eu/legal-content/EN/TXT/?uri=CELEX%3A32023R0923&qid=1629107278018,100.083.302,100.239.187,CAS/EC与ECHA英文名逐条核对,已核对
1063,63,碱式新壬酸铅,"Neononanoic acid, lead salt, basic",90459-26-0,291-668-4,1,REACH Annex XVII第63项限制对象；Lead and its compounds。具体限制条件见法规条款：Regulation。,Regulation,,https://eur-lex.europa.eu/legal-content/EN/TXT/?uri=CELEX%3A32023R0923&qid=1629107278018,100.083.303,100.239.187,CAS/EC与ECHA英文名逐条核对,已核对
1064,63,碱式新十一酸铅,"Neoundecanoic acid, lead salt, basic",90459-28-2,291-671-0,1,REACH Annex XVII第63项限制对象；Lead and its compounds。具体限制条件见法规条款：Regulation。,Regulation,,https://eur-lex.europa.eu/legal-content/EN/TXT/?uri=CELEX%3A32023R0923&qid=1629107278018,100.083.305,100.239.187,CAS/EC与ECHA英文名逐条核对,已核对
1065,63,碱式十八烷酸铅,"Octadecanoic acid, lead salt, basic",90459-51-1,291-695-1,1,REACH Annex XVII第63项限制对象；Lead and its compounds。具体限制条件见法规条款：Regulation。,Regulation,,https://eur-lex.europa.eu/legal-content/EN/TXT/?uri=CELEX%3A32023R0923&qid=1629107278018,100.083.327,100.239.187,CAS/EC与ECHA英文名逐条核对,已核对
1066,63,碱式十八烷酸铅(II),"Octadecanoic acid, lead(2+) salt, basic",90459-52-2,291-696-7,1,REACH Annex XVII第63项限制对象；Lead and its compounds。具体限制条件见法规条款：Regulation。,Regulation,,https://eur-lex.europa.eu/legal-content/EN/TXT/?uri=CELEX%3A32023R0923&qid=1629107278018,100.083.328,100.239.187,CAS/EC与ECHA英文名逐条核对,已核对
1067,63,碱式(Z)-9-十八烯酸铅,"9-Octadecenoic acid (Z)-, lead salt, basic",90459-88-4,291-735-8,1,REACH Annex XVII第63项限制对象；Lead and its compounds。具体限制条件见法规条款：Regulation。,Regulation,,https://eur-lex.europa.eu/legal-content/EN/TXT/?uri=CELEX%3A32023R0923&qid=1629107278018,100.083.364,100.239.187,CAS/EC与ECHA英文名逐条核对,已核对
1068,63,碱式甲基丙烯酸铅,"2-Propenoic acid, 2-methyl-, lead salt, basic",90552-19-5,292-141-1,1,REACH Annex XVII第63项限制对象；Lead and its compounds。具体限制条件见法规条款：Regulation。,Regulation,,https://eur-lex.europa.eu/legal-content/EN/TXT/?uri=CELEX%3A32023R0923&qid=1629107278018,100.083.733,100.239.187,CAS/EC与ECHA英文名逐条核对,已核对
1069,63,碱式硫酸铅(II),"Sulfuric acid, lead(2+) salt, basic",90583-07-6,292-204-3,1,REACH Annex XVII第63项限制对象；Lead and its compounds。具体限制条件见法规条款：Regulation。,Regulation,,https://eur-lex.europa.eu/legal-content/EN/TXT/?uri=CELEX%3A32023R0923&qid=1629107278018,100.083.791,100.239.187,CAS/EC与ECHA英文名逐条核对,已核对
1070,63,碱式亚硫酸铅(II),"Sulfurous acid, lead(2+) salt, basic",90583-37-2,292-237-3,1,REACH Annex XVII第63项限制对象；Lead and its compounds。具体限制条件见法规条款：Regulation。,Regulation,,https://eur-lex.europa.eu/legal-content/EN/TXT/?uri=CELEX%3A32023R0923&qid=1629107278018,100.083.821,100.239.187,CAS/EC与ECHA英文名逐条核对,已核对
1071,63,碱式十四烷酸铅,"Tetradecanoic acid, lead salt, basic",90583-65-6,292-267-7,1,REACH Annex XVII第63项限制对象；Lead and its compounds。具体限制条件见法规条款：Regulation。,Regulation,,https://eur-lex.europa.eu/legal-content/EN/TXT/?uri=CELEX%3A32023R0923&qid=1629107278018,100.083.848,100.239.187,CAS/EC与ECHA英文名逐条核对,已核对
1072,63,C6-19支链脂肪酸铅盐,"Fatty acids, C6-19-branched, lead salts",91002-20-9,292-897-2,1,REACH Annex XVII第63项限制对象；Lead and its compounds。具体限制条件见法规条款：Regulation。,Regulation,,https://eur-lex.europa.eu/legal-content/EN/TXT/?uri=CELEX%3A32023R0923&qid=1629107278018,100.084.420,100.239.187,CAS/EC与ECHA英文名逐条核对,已核对
1073,63,C8-9脂肪酸铅盐,"Fatty acids, C8-9, lead salts",91031-60-6,292-964-6,1,REACH Annex XVII第63项限制对象；Lead and its compounds。具体限制条件见法规条款：Regulation。,Regulation,,https://eur-lex.europa.eu/legal-content/EN/TXT/?uri=CELEX%3A32023R0923&qid=1629107278018,100.084.481,100.239.187,CAS/EC与ECHA英文名逐条核对,已核对
1074,63,C8-10脂肪酸铅盐,"Fatty acids, C8-10, lead salts",91031-61-7,292-965-1,1,REACH Annex XVII第63项限制对象；Lead and its compounds。具体限制条件见法规条款：Regulation。,Regulation,,https://eur-lex.europa.eu/legal-content/EN/TXT/?uri=CELEX%3A32023R0923&qid=1629107278018,100.084.482,100.239.187,CAS/EC与ECHA英文名逐条核对,已核对
1075,63,C16-18脂肪酸铅盐,"Fatty acids, C16-18, lead salts",91031-62-8,292-966-7,1,REACH Annex XVII第63项限制对象；Lead and its compounds。具体限制条件见法规条款：Regulation。,Regulation,,https://eur-lex.europa.eu/legal-content/EN/TXT/?uri=CELEX%3A32023R0923&qid=1629107278018,100.084.483,100.239.187,CAS/EC与ECHA英文名逐条核对,已核对
1076,63,含铅锌矿浸出残渣,"Leach residues, zinc ore, lead-contg.",91053-49-5,293-314-4,1,Insoluble substance obtained during dissolution of zinc ores or concentrate in sulfuric acid for the production of zinc sulfate solutions after physical separation such as flotation and filtration.,Regulation,,https://eur-lex.europa.eu/legal-content/EN/TXT/?uri=CELEX%3A32023R0923&qid=1629107278018,100.084.800,100.239.187,CAS/EC与ECHA英文名逐条核对,已核对
1077,63,环烷酸铅(II)盐,"Naphthenic acids, lead (2+) salts",91078-81-8,293-365-2,1,REACH Annex XVII第63项限制对象；Lead and its compounds。具体限制条件见法规条款：Regulation。,Regulation,,https://eur-lex.europa.eu/legal-content/EN/TXT/?uri=CELEX%3A32023R0923&qid=1629107278018,100.084.846,100.239.187,CAS/EC与ECHA英文名逐条核对,已核对
1078,63,碱式异癸酸铅(II),"Isodecanoic acid, lead(2+) salt, basic",91671-82-8,293-984-8,1,REACH Annex XVII第63项限制对象；Lead and its compounds。具体限制条件见法规条款：Regulation。,Regulation,,https://eur-lex.europa.eu/legal-content/EN/TXT/?uri=CELEX%3A32023R0923&qid=1629107278018,100.085.407,100.239.187,CAS/EC与ECHA英文名逐条核对,已核对
1079,63,碱式异辛酸铅(II),"Isooctanoic acid, lead(2+) salt, basic",91671-83-9,293-985-3,1,REACH Annex XVII第63项限制对象；Lead and its compounds。具体限制条件见法规条款：Regulation。,Regulation,,https://eur-lex.europa.eu/legal-content/EN/TXT/?uri=CELEX%3A32023R0923&qid=1629107278018,100.085.408,100.239.187,CAS/EC与ECHA英文名逐条核对,已核对
1080,63,碱式异十一烷酸铅(II),"Isoundecanoic acid, lead(2+) salt, basic",91671-84-0,293-986-9,1,REACH Annex XVII第63项限制对象；Lead and its compounds。具体限制条件见法规条款：Regulation。,Regulation,,https://eur-lex.europa.eu/legal-content/EN/TXT/?uri=CELEX%3A32023R0923&qid=1629107278018,100.085.409,100.239.187,CAS/EC与ECHA英文名逐条核对,已核对
1081,63,氢化蓖麻油脂肪酸铅盐,"Fatty acids, castor-oil, hydrogenated, lead salts",91697-36-8,294-297-6,1,REACH Annex XVII第63项限制对象；Lead and its compounds。具体限制条件见法规条款：Regulation。,Regulation,,https://eur-lex.europa.eu/legal-content/EN/TXT/?uri=CELEX%3A32023R0923&qid=1629107278018,100.085.689,100.239.187,CAS/EC与ECHA英文名逐条核对,已核对
1082,63,"二硫代磷酸混合O,O-双(丁基和戊基)酯铅(II)盐","Phosphorodithioic acid, mixed O,O-bis(Bu and pentyl) esters, lead(2+) salt",91783-10-7,295-087-7,1,REACH Annex XVII第63项限制对象；Lead and its compounds。具体限制条件见法规条款：Regulation。,Regulation,,https://eur-lex.europa.eu/legal-content/EN/TXT/?uri=CELEX%3A32023R0923&qid=1629107278018,100.086.406,100.239.187,CAS/EC与ECHA英文名逐条核对,已核对
1083,63,椰子油脂肪酸铅盐,"Fatty acids, coco, lead salts",92044-89-8,295-368-4,1,REACH Annex XVII第63项限制对象；Lead and its compounds。具体限制条件见法规条款：Regulation。,Regulation,,https://eur-lex.europa.eu/legal-content/EN/TXT/?uri=CELEX%3A32023R0923&qid=1629107278018,100.086.658,100.239.187,CAS/EC与ECHA英文名逐条核对,已核对
1084,63,碱式环烷酸铅盐,"Naphthenic acids, lead salts, basic",92045-67-5,295-449-4,1,REACH Annex XVII第63项限制对象；Lead and its compounds。具体限制条件见法规条款：Regulation。,Regulation,,https://eur-lex.europa.eu/legal-content/EN/TXT/?uri=CELEX%3A32023R0923&qid=1629107278018,100.086.732,100.239.187,CAS/EC与ECHA英文名逐条核对,已核对
1085,63,铅C4-10脂肪酸盐-辛酸盐配合物,"Lead, C4-10-fatty acid octanoate complexes",92200-92-5,295-918-3,1,REACH Annex XVII第63项限制对象；Lead and its compounds。具体限制条件见法规条款：Regulation。,Regulation,,https://eur-lex.europa.eu/legal-content/EN/TXT/?uri=CELEX%3A32023R0923&qid=1629107278018,100.087.159,100.239.187,CAS/EC与ECHA英文名逐条核对,已核对
1086,63,C14-26脂肪酸铅盐,"Fatty acids, C14-26, lead salts",93165-26-5,296-911-8,1,REACH Annex XVII第63项限制对象；Lead and its compounds。具体限制条件见法规条款：Regulation。,Regulation,,https://eur-lex.europa.eu/legal-content/EN/TXT/?uri=CELEX%3A32023R0923&qid=1629107278018,100.088.061,100.239.187,CAS/EC与ECHA英文名逐条核对,已核对
1087,63,铅锌高炉烟气,"Flue gases, lead-zinc blast furnace",93821-47-7,298-735-7,1,"The off-gases from the zinc/lead blast furnace. Consists primarily of carbon monoxide, carbon dioxide and nitrogen.",Regulation,,https://eur-lex.europa.eu/legal-content/EN/TXT/?uri=CELEX%3A32023R0923&qid=1629107278018,100.089.717,100.239.187,CAS/EC与ECHA英文名逐条核对,已核对
1088,63,铅锌高炉烟气湿法净化污泥和淤渣,"Slimes and Sludges, lead-zinc blast furnace, offgas wet cleaning",93821-70-6,298-758-2,1,Product generated from the wet cleaning of off-gases from the zinc/lead blast furnace. Consists primarily of zinc and lead in metallic or oxide form with varying amounts of other elements and compounds.,Regulation,,https://eur-lex.europa.eu/legal-content/EN/TXT/?uri=CELEX%3A32023R0923&qid=1629107278018,100.089.738,100.239.187,CAS/EC与ECHA英文名逐条核对,已核对
1089,63,铅锌砷锑锍,"Speiss, lead-zinc",93821-72-8,298-759-8,1,REACH Annex XVII第63项限制对象；Lead and its compounds。具体限制条件见法规条款：Regulation。,Regulation,,https://eur-lex.europa.eu/legal-content/EN/TXT/?uri=CELEX%3A32023R0923&qid=1629107278018,100.089.739,100.239.187,CAS/EC与ECHA英文名逐条核对,已核对
1090,63,3-乙酰氨基邻苯二甲酸铅,Lead 3-(acetamido)phthalate,93839-98-6,298-872-2,1,REACH Annex XVII第63项限制对象；Lead and its compounds。具体限制条件见法规条款：Regulation。,Regulation,,https://eur-lex.europa.eu/legal-content/EN/TXT/?uri=CELEX%3A32023R0923&qid=1629107278018,100.089.841,100.239.187,CAS/EC与ECHA英文名逐条核对,已核对
1091,63,双(2-乙基己醇)铅,Lead bis(2-ethylhexanolate),93840-04-1,298-879-0,1,REACH Annex XVII第63项限制对象；Lead and its compounds。具体限制条件见法规条款：Regulation。,Regulation,,https://eur-lex.europa.eu/legal-content/EN/TXT/?uri=CELEX%3A32023R0923&qid=1629107278018,100.089.847,100.239.187,CAS/EC与ECHA英文名逐条核对,已核对
1092,63,"4,4'-异丙叉双酚铅(II)","Lead(2+) 4,4'-isopropylidenebisphenolate",93858-23-2,299-255-0,1,REACH Annex XVII第63项限制对象；Lead and its compounds。具体限制条件见法规条款：Regulation。,Regulation,,https://eur-lex.europa.eu/legal-content/EN/TXT/?uri=CELEX%3A32023R0923&qid=1629107278018,100.090.189,100.239.187,CAS/EC与ECHA英文名逐条核对,已核对
1093,63,(Z)-9-十六烯酸铅(II),Lead(2+) (Z)-hexadec-9-enoate,93858-24-3,299-256-6,1,REACH Annex XVII第63项限制对象；Lead and its compounds。具体限制条件见法规条款：Regulation。,Regulation,,https://eur-lex.europa.eu/legal-content/EN/TXT/?uri=CELEX%3A32023R0923&qid=1629107278018,100.090.190,100.239.187,CAS/EC与ECHA英文名逐条核对,已核对
1094,63,乙基苯基二硫代氨基甲酸铅(II),Lead(2+) ethylphenyldithiocarbamate,93892-65-0,299-550-4,1,REACH Annex XVII第63项限制对象；Lead and its compounds。具体限制条件见法规条款：Regulation。,Regulation,,https://eur-lex.europa.eu/legal-content/EN/TXT/?uri=CELEX%3A32023R0923&qid=1629107278018,100.090.458,100.239.187,CAS/EC与ECHA英文名逐条核对,已核对
1095,63,新壬酸铅(II),Lead(2+) neononanoate,93894-48-5,299-747-5,1,REACH Annex XVII第63项限制对象；Lead and its compounds。具体限制条件见法规条款：Regulation。,Regulation,,https://eur-lex.europa.eu/legal-content/EN/TXT/?uri=CELEX%3A32023R0923&qid=1629107278018,100.090.636,100.239.187,CAS/EC与ECHA英文名逐条核对,已核对
1096,63,新十一烷酸铅(II),Lead(2+) neoundecanoate,93894-49-6,299-748-0,1,REACH Annex XVII第63项限制对象；Lead and its compounds。具体限制条件见法规条款：Regulation。,Regulation,,https://eur-lex.europa.eu/legal-content/EN/TXT/?uri=CELEX%3A32023R0923&qid=1629107278018,100.090.637,100.239.187,CAS/EC与ECHA英文名逐条核对,已核对
1097,63,新壬酸新十一烷酸铅,(neononanoato-O)(neoundecanoato-O)lead,93894-64-5,299-764-8,1,REACH Annex XVII第63项限制对象；Lead and its compounds。具体限制条件见法规条款：Regulation。,Regulation,,https://eur-lex.europa.eu/legal-content/EN/TXT/?uri=CELEX%3A32023R0923&qid=1629107278018,100.090.652,100.239.187,CAS/EC与ECHA英文名逐条核对,已核对
1098,63,磷酸混合丁基和己基二酯铅(II)盐,"Phosphoric acid, mixed Bu and hexyl diesters, lead(2+) salts",93925-27-0,300-328-7,1,REACH Annex XVII第63项限制对象；Lead and its compounds。具体限制条件见法规条款：Regulation。,Regulation,,https://eur-lex.europa.eu/legal-content/EN/TXT/?uri=CELEX%3A32023R0923&qid=1629107278018,100.091.165,100.239.187,CAS/EC与ECHA英文名逐条核对,已核对
1099,63,双(异十一烷酸)铅,Lead bis(isoundecanoate),93965-29-8,300-979-7,1,REACH Annex XVII第63项限制对象；Lead and its compounds。具体限制条件见法规条款：Regulation。,Regulation,,https://eur-lex.europa.eu/legal-content/EN/TXT/?uri=CELEX%3A32023R0923&qid=1629107278018,100.091.758,100.239.187,CAS/EC与ECHA英文名逐条核对,已核对
1100,63,双(二十三烷酸)铅,Lead bis(tricosanoate),93966-37-1,300-988-6,1,REACH Annex XVII第63项限制对象；Lead and its compounds。具体限制条件见法规条款：Regulation。,Regulation,,https://eur-lex.europa.eu/legal-content/EN/TXT/?uri=CELEX%3A32023R0923&qid=1629107278018,100.091.766,100.239.187,CAS/EC与ECHA英文名逐条核对,已核对
1101,63,二十四烷酸铅,Lead tetracosanoate,93966-38-2,300-989-1,1,REACH Annex XVII第63项限制对象；Lead and its compounds。具体限制条件见法规条款：Regulation。,Regulation,,https://eur-lex.europa.eu/legal-content/EN/TXT/?uri=CELEX%3A32023R0923&qid=1629107278018,100.091.767,100.239.187,CAS/EC与ECHA英文名逐条核对,已核对
1102,63,十五烷酸铅,Lead pentadecanoate,93966-74-6,301-027-3,1,REACH Annex XVII第63项限制对象；Lead and its compounds。具体限制条件见法规条款：Regulation。,Regulation,,https://eur-lex.europa.eu/legal-content/EN/TXT/?uri=CELEX%3A32023R0923&qid=1629107278018,100.091.802,100.239.187,CAS/EC与ECHA英文名逐条核对,已核对
1103,63,异辛酸铅(II),Lead(II) isooctanoate,93981-67-0,301-153-9,1,REACH Annex XVII第63项限制对象；Lead and its compounds。具体限制条件见法规条款：Regulation。,Regulation,,https://eur-lex.europa.eu/legal-content/EN/TXT/?uri=CELEX%3A32023R0923&qid=1629107278018,100.091.916,100.239.187,CAS/EC与ECHA英文名逐条核对,已核对
1104,63,二十六烷酸铅,"Hexacosanoic acid, lead salt",94006-20-9,301-357-8,1,REACH Annex XVII第63项限制对象；Lead and its compounds。具体限制条件见法规条款：Regulation。,Regulation,,https://eur-lex.europa.eu/legal-content/EN/TXT/?uri=CELEX%3A32023R0923&qid=1629107278018,100.092.101,100.239.187,CAS/EC与ECHA英文名逐条核对,已核对
1105,63,"μ-[5,5'-偶氮双(四唑根)]二羟基二铅","[μ-[[5,5'-azobis[1H-tetrazolato]](2-)]]dihydroxydilead",94015-57-3,301-376-1,1,REACH Annex XVII第63项限制对象；Lead and its compounds。具体限制条件见法规条款：Regulation。,Regulation,,https://eur-lex.europa.eu/legal-content/EN/TXT/?uri=CELEX%3A32023R0923&qid=1629107278018,100.092.118,100.239.187,CAS/EC与ECHA英文名逐条核对,已核对
1106,63,双(10-十一烯酸)铅,Lead diundec-10-enoate,94232-40-3,303-968-5,1,REACH Annex XVII第63项限制对象；Lead and its compounds。具体限制条件见法规条款：Regulation。,Regulation,,https://eur-lex.europa.eu/legal-content/EN/TXT/?uri=CELEX%3A32023R0923&qid=1629107278018,100.094.473,100.239.187,CAS/EC与ECHA英文名逐条核对,已核对
1107,63,异壬酸异辛酸铅,(isononanoato-O)(isooctanoato-O)lead,94246-84-1,304-157-9,1,REACH Annex XVII第63项限制对象；Lead and its compounds。具体限制条件见法规条款：Regulation。,Regulation,,https://eur-lex.europa.eu/legal-content/EN/TXT/?uri=CELEX%3A32023R0923&qid=1629107278018,100.094.646,100.239.187,CAS/EC与ECHA英文名逐条核对,已核对
1108,63,异癸酸异辛酸铅,(isodecanoato-O)(isooctanoato-O)lead,94246-85-2,304-158-4,1,REACH Annex XVII第63项限制对象；Lead and its compounds。具体限制条件见法规条款：Regulation。,Regulation,,https://eur-lex.europa.eu/legal-content/EN/TXT/?uri=CELEX%3A32023R0923&qid=1629107278018,100.094.647,100.239.187,CAS/EC与ECHA英文名逐条核对,已核对
1109,63,异癸酸异壬酸铅,(isodecanoato-O)(isononanoato-O)lead,94246-86-3,304-160-5,1,REACH Annex XVII第63项限制对象；Lead and its compounds。具体限制条件见法规条款：Regulation。,Regulation,,https://eur-lex.europa.eu/legal-content/EN/TXT/?uri=CELEX%3A32023R0923&qid=1629107278018,100.094.648,100.239.187,CAS/EC与ECHA英文名逐条核对,已核对
1110,63,异癸酸新癸酸铅,(isodecanoato-O)(neodecanoato-O)lead,94246-87-4,304-161-0,1,REACH Annex XVII第63项限制对象；Lead and its compounds。具体限制条件见法规条款：Regulation。,Regulation,,https://eur-lex.europa.eu/legal-content/EN/TXT/?uri=CELEX%3A32023R0923&qid=1629107278018,100.094.649,100.239.187,CAS/EC与ECHA英文名逐条核对,已核对
1111,63,2-乙基己酸异辛酸铅,(2-ethylhexanoato-O)(isooctanoato-O)lead,94246-90-9,304-164-7,1,REACH Annex XVII第63项限制对象；Lead and its compounds。具体限制条件见法规条款：Regulation。,Regulation,,https://eur-lex.europa.eu/legal-content/EN/TXT/?uri=CELEX%3A32023R0923&qid=1629107278018,100.094.652,100.239.187,CAS/EC与ECHA英文名逐条核对,已核对
1112,63,2-乙基己酸异壬酸铅,(2-ethylhexanoato-O)(isononanoato-O)lead,94246-91-0,304-165-2,1,REACH Annex XVII第63项限制对象；Lead and its compounds。具体限制条件见法规条款：Regulation。,Regulation,,https://eur-lex.europa.eu/legal-content/EN/TXT/?uri=CELEX%3A32023R0923&qid=1629107278018,100.094.653,100.239.187,CAS/EC与ECHA英文名逐条核对,已核对
1113,63,2-乙基己酸异癸酸铅,(2-ethylhexanoato-O)(isodecanoato-O)lead,94246-92-1,304-166-8,1,REACH Annex XVII第63项限制对象；Lead and its compounds。具体限制条件见法规条款：Regulation。,Regulation,,https://eur-lex.europa.eu/legal-content/EN/TXT/?uri=CELEX%3A32023R0923&qid=1629107278018,100.094.654,100.239.187,CAS/EC与ECHA英文名逐条核对,已核对
1114,63,2-乙基己酸新癸酸铅,(2-ethylhexanoato-O)(neodecanoato-O)lead,94246-93-2,304-167-3,1,REACH Annex XVII第63项限制对象；Lead and its compounds。具体限制条件见法规条款：Regulation。,Regulation,,https://eur-lex.europa.eu/legal-content/EN/TXT/?uri=CELEX%3A32023R0923&qid=1629107278018,100.094.655,100.239.187,CAS/EC与ECHA英文名逐条核对,已核对
1115,63,二十烷酸铅（1:2）,Lead icosanoate (1:2),94266-31-6,304-438-6,1,REACH Annex XVII第63项限制对象；Lead and its compounds。具体限制条件见法规条款：Regulation。,Regulation,,https://eur-lex.europa.eu/legal-content/EN/TXT/?uri=CELEX%3A32023R0923&qid=1629107278018,100.094.901,100.239.187,CAS/EC与ECHA英文名逐条核对,已核对
1116,63,二十烷酸铅,Lead icosanoate,94266-32-7,304-439-1,1,REACH Annex XVII第63项限制对象；Lead and its compounds。具体限制条件见法规条款：Regulation。,Regulation,,https://eur-lex.europa.eu/legal-content/EN/TXT/?uri=CELEX%3A32023R0923&qid=1629107278018,100.094.902,100.239.187,CAS/EC与ECHA英文名逐条核对,已核对
1117,63,牛脂脂肪酸与氧化铅的反应产物,"Fatty acids, tallow, reaction products with lead oxide",94349-78-7,305-196-4,1,REACH Annex XVII第63项限制对象；Lead and its compounds。具体限制条件见法规条款：Regulation。,Regulation,,https://eur-lex.europa.eu/legal-content/EN/TXT/?uri=CELEX%3A32023R0923&qid=1629107278018,100.095.591,100.239.187,CAS/EC与ECHA英文名逐条核对,已核对
1118,63,异壬酸新癸酸铅,(isononanoato-O)(neodecanoato-O)lead,94481-58-0,305-385-1,1,REACH Annex XVII第63项限制对象；Lead and its compounds。具体限制条件见法规条款：Regulation。,Regulation,,https://eur-lex.europa.eu/legal-content/EN/TXT/?uri=CELEX%3A32023R0923&qid=1629107278018,100.095.762,100.239.187,CAS/EC与ECHA英文名逐条核对,已核对
1119,63,铅锌浮渣,"Lead, zinc dross",94551-60-7,305-409-0,1,REACH Annex XVII第63项限制对象；Lead and its compounds。具体限制条件见法规条款：Regulation。,Regulation,,https://eur-lex.europa.eu/legal-content/EN/TXT/?uri=CELEX%3A32023R0923&qid=1629107278018,100.095.784,100.239.187,CAS/EC与ECHA英文名逐条核对,已核对
1120,63,铅锌矿精矿焙烧物,"Calcines, lead-zinc ore conc.",94551-62-9,305-411-1,1,"A thermally agglomerated substance formed by heating a mixture of metal sulfide concentrates, limestone, sand, furnace dross, miscellaneous zinc, lead and copper bearing materials, together with already roasted material to a temperature of 1000°C to 1200°C (538°F to 649°F).",Regulation,,https://eur-lex.europa.eu/legal-content/EN/TXT/?uri=CELEX%3A32023R0923&qid=1629107278018,100.095.786,100.239.187,CAS/EC与ECHA英文名逐条核对,已核对
1121,63,铅烟尘,"Fumes, lead",94551-66-3,305-414-8,1,"Residue produced in lead smelting operations from the volatillsation of lead from materials smelted. Consists primarily of chlorides and oxides of antimony, arsenic and zinc.",Regulation,,https://eur-lex.europa.eu/legal-content/EN/TXT/?uri=CELEX%3A32023R0923&qid=1629107278018,100.095.789,100.239.187,CAS/EC与ECHA英文名逐条核对,已核对
1122,63,铜铅浸出残渣,"Leach residues, copper-lead",94551-72-1,305-420-0,1,Substance formed by the oxidative leaching of lead- and copper-containing materials with sulfuric acid. Consists primarily of lead sulfates and other lead compounds with lesser amounts of other non-ferrous compounds.,Regulation,,https://eur-lex.europa.eu/legal-content/EN/TXT/?uri=CELEX%3A32023R0923&qid=1629107278018,100.095.794,100.239.187,CAS/EC与ECHA英文名逐条核对,已核对
1123,63,铜铅锍,"Matte, copper-lead",94551-74-3,305-422-1,1,Substance produced as a by-product of lead smelting operations. Consists primarily of copper sulfide with significant amounts of lead sulfide and precious metals.,Regulation,,https://eur-lex.europa.eu/legal-content/EN/TXT/?uri=CELEX%3A32023R0923&qid=1629107278018,100.095.796,100.239.187,CAS/EC与ECHA英文名逐条核对,已核对
1124,63,铅熔炼废水处理残渣,"Residues, lead smelting wastewater treatment",94551-78-7,305-424-2,1,"Material obtained during waste water treatment in lead production. Consists primarily of lead with additional metal carbonates, hydroxides, sulfides or sulfates.",Regulation,,https://eur-lex.europa.eu/legal-content/EN/TXT/?uri=CELEX%3A32023R0923&qid=1629107278018,100.095.798,100.239.187,CAS/EC与ECHA英文名逐条核对,已核对
1125,63,铅锌熔炼废水处理残渣,"Residues, lead-zinc smelting wastewater treatment",94551-79-8,305-425-8,1,"Product of hydrolysis and neutralisation of zinc/lead smelter waste waters. Consists primarily of cadmium hydroxide, calcium sulfate, calcium sulfite, iron hydroxide, lead hydroxide and zinc hydroxide.",Regulation,,https://eur-lex.europa.eu/legal-content/EN/TXT/?uri=CELEX%3A32023R0923&qid=1629107278018,100.095.799,100.239.187,CAS/EC与ECHA英文名逐条核对,已核对
1126,63,铅蓄电池再加工废物,"Wastes, lead battery reprocessing",94551-99-2,305-445-7,1,Material obtained during the recycling of exhausted lead storage batteries. Consists primarily of oxides and sulfates of lead and lead alloys.,Regulation,,https://eur-lex.europa.eu/legal-content/EN/TXT/?uri=CELEX%3A32023R0923&qid=1629107278018,100.095.817,100.239.187,CAS/EC与ECHA英文名逐条核对,已核对
1127,63,铅银阳极废固体,"Waste solids, lead silver anode",94552-05-3,305-449-9,1,The slag or residue obtained when lead/silver anodes used in the electrolytic production of zinc are recast. Fusion of the alloys of lead and silver (manganese may also be present) and simultaneous oxidation occur.,Regulation,,https://eur-lex.europa.eu/legal-content/EN/TXT/?uri=CELEX%3A32023R0923&qid=1629107278018,100.095.821,100.239.187,CAS/EC与ECHA英文名逐条核对,已核对
1128,63,异十六烷酸铅(II),Lead(2+) isohexadecanoate,95892-13-0,306-073-8,1,REACH Annex XVII第63项限制对象；Lead and its compounds。具体限制条件见法规条款：Regulation。,Regulation,,https://eur-lex.europa.eu/legal-content/EN/TXT/?uri=CELEX%3A32023R0923&qid=1629107278018,100.096.384,100.239.187,CAS/EC与ECHA英文名逐条核对,已核对
1129,63,乙酸铅制造泥渣,"Slimes and Sludges, lead acetate manuf.",96690-46-9,306-241-0,1,"The residue obtained from the treatment of lead with acetic acid. Composed primarily of elemental lead, lead acetate and basic lead carbonate hydroxide.",Regulation,,https://eur-lex.europa.eu/legal-content/EN/TXT/?uri=CELEX%3A32023R0923&qid=1629107278018,100.096.536,100.239.187,CAS/EC与ECHA英文名逐条核对,已核对
1130,63,粗铅,"Lead, bullion",97808-88-3,308-011-5,1,REACH Annex XVII第63项限制对象；Lead and its compounds。具体限制条件见法规条款：Regulation。,Regulation,,https://eur-lex.europa.eu/legal-content/EN/TXT/?uri=CELEX%3A32023R0923&qid=1629107278018,100.098.146,100.239.187,CAS/EC与ECHA英文名逐条核对,已核对
1131,63,氟化氢氧化铅,Lead fluoride hydroxide,97889-90-2,308-169-5,1,REACH Annex XVII第63项限制对象；Lead and its compounds。具体限制条件见法规条款：Regulation。,Regulation,,https://eur-lex.europa.eu/legal-content/EN/TXT/?uri=CELEX%3A32023R0923&qid=1629107278018,100.098.288,100.239.187,CAS/EC与ECHA英文名逐条核对,已核对
1132,63,7-甲基辛酸铅,"7-methyloctanoic acid, lead salt",97952-39-1,308-331-5,1,REACH Annex XVII第63项限制对象；Lead and its compounds。具体限制条件见法规条款：Regulation。,Regulation,,https://eur-lex.europa.eu/legal-content/EN/TXT/?uri=CELEX%3A32023R0923&qid=1629107278018,100.098.435,100.239.187,CAS/EC与ECHA英文名逐条核对,已核对
1133,63,硝酸铅(II)与锡酸钠的反应产物,"Nitric acid, lead(2+) salt, reaction products with sodium tin oxide",97953-08-7,308-406-2,1,REACH Annex XVII第63项限制对象；Lead and its compounds。具体限制条件见法规条款：Regulation。,Regulation,,https://eur-lex.europa.eu/legal-content/EN/TXT/?uri=CELEX%3A32023R0923&qid=1629107278018,100.098.503,100.239.187,CAS/EC与ECHA英文名逐条核对,已核对
1134,63,含镍铅砷锑锍,"Speiss, lead, nickel-contg.",98246-91-4,308-765-5,1,Product obtained and separated during the melting of nickel and other non-ferrous metals containing raw materials. Consists primarily of antimonides and arsenides of copper and nickel.,Regulation,,https://eur-lex.europa.eu/legal-content/EN/TXT/?uri=CELEX%3A32023R0923&qid=1629107278018,100.098.823,100.239.187,CAS/EC与ECHA英文名逐条核对,已核对
1135,63,硫酸钡（铅掺杂）,"Sulfuric acid, barium salt (1:1), lead-doped",99328-54-8,308-972-0,1,REACH Annex XVII第63项限制对象；Lead and its compounds。具体限制条件见法规条款：Regulation。,Regulation,,https://eur-lex.europa.eu/legal-content/EN/TXT/?uri=CELEX%3A32023R0923&qid=1629107278018,100.099.011,100.239.187,CAS/EC与ECHA英文名逐条核对,已核对
1136,63,高氯酸与氧化铅和三乙醇胺的反应产物,"Perchloric acid, reaction products with lead oxide (PbO) and triethanolamine",99749-31-2,309-027-5,1,REACH Annex XVII第63项限制对象；Lead and its compounds。具体限制条件见法规条款：Regulation。,Regulation,,https://eur-lex.europa.eu/legal-content/EN/TXT/?uri=CELEX%3A32023R0923&qid=1629107278018,100.099.058,100.239.187,CAS/EC与ECHA英文名逐条核对,已核对
1137,63,硅酸钙（铅、锰掺杂）,"Silicic acid (H2SiO3), calcium salt (1:1), lead and manganese-doped",100402-96-8,309-535-7,1,REACH Annex XVII第63项限制对象；Lead and its compounds。具体限制条件见法规条款：Regulation。,Regulation,,https://eur-lex.europa.eu/legal-content/EN/TXT/?uri=CELEX%3A32023R0923&qid=1629107278018,100.099.513,100.239.187,CAS/EC与ECHA英文名逐条核对,已核对
1138,63,含钒锌铅浮渣,"Lead, dross, vanadium-zinc-contg.",100656-49-3,309-638-7,1,REACH Annex XVII第63项限制对象；Lead and its compounds。具体限制条件见法规条款：Regulation。,Regulation,,https://eur-lex.europa.eu/legal-content/EN/TXT/?uri=CELEX%3A32023R0923&qid=1629107278018,100.099.606,100.239.187,CAS/EC与ECHA英文名逐条核对,已核对
1139,63,含碲铜铅锍,"Matte, copper-lead, tellurium-contg.",100656-53-9,309-642-9,1,"A matte obtained from reduction of copper electrolysis sludge from which selenium has been removed with coal. Composed primarily of copper, lead and tellurium.",Regulation,,https://eur-lex.europa.eu/legal-content/EN/TXT/?uri=CELEX%3A32023R0923&qid=1629107278018,100.099.610,100.239.187,CAS/EC与ECHA英文名逐条核对,已核对
1140,63,铜铅鼓风炉富镉铟烟尘,"Flue dust, copper-lead blast furnace, cadmium-indium-enriched",100656-55-1,309-645-5,1,"A cadmium-indium-enriched product obtained from the recirculation of copper-lead blast furnace flue dusts. Composed primarily of cadmium, indium and lead.",Regulation,,https://eur-lex.europa.eu/legal-content/EN/TXT/?uri=CELEX%3A32023R0923&qid=1629107278018,100.099.612,100.239.187,CAS/EC与ECHA英文名逐条核对,已核对
1141,63,碱式异癸酸铅-环烷酸铅配合物,"Lead, isodecanoate naphthenate complexes, basic",101012-92-4,309-793-0,1,REACH Annex XVII第63项限制对象；Lead and its compounds。具体限制条件见法规条款：Regulation。,Regulation,,https://eur-lex.europa.eu/legal-content/EN/TXT/?uri=CELEX%3A32023R0923&qid=1629107278018,100.099.746,100.239.187,CAS/EC与ECHA英文名逐条核对,已核对
1142,63,异辛酸铅-新癸酸铅配合物,"Lead, isooctanoate neodecanoate complexes",101013-06-3,309-808-0,1,REACH Annex XVII第63项限制对象；Lead and its compounds。具体限制条件见法规条款：Regulation。,Regulation,,https://eur-lex.europa.eu/legal-content/EN/TXT/?uri=CELEX%3A32023R0923&qid=1629107278018,100.099.760,100.239.187,CAS/EC与ECHA英文名逐条核对,已核对
1143,63,磷酸钙-氯化钙-氟化钙-氧化钙-五氧化二磷-氧化锶固溶体（铅、锰掺杂）,"Phosphoric acid, calcium salt (1:1), solid soln. with calcium chloride, calcium fluoride, calcium oxide, phosphorus oxide (P2O5) and strontium oxide, lead and manganese-doped",102047-25-6,310-002-6,1,REACH Annex XVII第63项限制对象；Lead and its compounds。具体限制条件见法规条款：Regulation。,Regulation,,https://eur-lex.europa.eu/legal-content/EN/TXT/?uri=CELEX%3A32023R0923&qid=1629107278018,100.099.935,100.239.187,CAS/EC与ECHA英文名逐条核对,已核对
1144,63,氧化钡-氧化钙-氧化锶-三氧化钨固溶体（铅掺杂）,"Barium oxide (BaO), solid soln. with calcium oxide, strontium oxide and tungsten oxide (WO3), lead-doped",102110-24-7,310-023-0,1,REACH Annex XVII第63项限制对象；Lead and its compounds。具体限制条件见法规条款：Regulation。,Regulation,,https://eur-lex.europa.eu/legal-content/EN/TXT/?uri=CELEX%3A32023R0923&qid=1629107278018,100.099.954,100.239.187,CAS/EC与ECHA英文名逐条核对,已核对
1145,63,硼酸-氧化钡-氧化钙-氧化锶固溶体（铅、锰掺杂）,"Boric acid (H3BO3), solid soln. with barium oxide, calcium oxide and strontium oxide, lead and manganese-doped",102110-26-9,310-025-1,1,REACH Annex XVII第63项限制对象；Lead and its compounds。具体限制条件见法规条款：Regulation。,Regulation,,https://eur-lex.europa.eu/legal-content/EN/TXT/?uri=CELEX%3A32023R0923&qid=1629107278018,100.099.956,100.239.187,CAS/EC与ECHA英文名逐条核对,已核对
1146,63,硅酸钙（铅、锰掺杂）,"Silicic acid, calcium salt, lead and manganese-doped",102110-36-1,310-036-1,1,REACH Annex XVII第63项限制对象；Lead and its compounds。具体限制条件见法规条款：Regulation。,Regulation,,https://eur-lex.europa.eu/legal-content/EN/TXT/?uri=CELEX%3A32023R0923&qid=1629107278018,100.099.966,100.239.187,CAS/EC与ECHA英文名逐条核对,已核对
1147,63,浸出铅矿精矿,"Lead ores, concs., leached",102110-48-5,310-049-2,1,The residue obtained from leaching of a lead concentrate or ore to remove some of the soluble elements such as arsenic or iron. Composed primarily of lead but also containing other non-ferrous metals and gangue constituents.,Regulation,,https://eur-lex.europa.eu/legal-content/EN/TXT/?uri=CELEX%3A32023R0923&qid=1629107278018,100.099.978,100.239.187,CAS/EC与ECHA英文名逐条核对,已核对
1148,63,铜铁铅镍锍硫酸不溶残渣,"Residues, copper-iron-lead-nickel matte, sulfuric acid-insol.",102110-49-6,310-050-8,1,REACH Annex XVII第63项限制对象；Lead and its compounds。具体限制条件见法规条款：Regulation。,Regulation,,https://eur-lex.europa.eu/legal-content/EN/TXT/?uri=CELEX%3A32023R0923&qid=1629107278018,100.099.979,100.239.187,CAS/EC与ECHA英文名逐条核对,已核对
1149,63,废电池富锑铅泥渣,"Slimes and Sludges, battery scrap, antimony- and lead-rich",102110-60-1,310-061-8,1,A product obtained by the treatment of battery scraps to recover lead. Composed primarily of oxides and sulfates of antimony and lead.,Regulation,,https://eur-lex.europa.eu/legal-content/EN/TXT/?uri=CELEX%3A32023R0923&qid=1629107278018,100.099.989,100.239.187,CAS/EC与ECHA英文名逐条核对,已核对
1150,63,铜精矿焙烧尾气洗涤泥渣（含铅、汞、硒）,"Slimes and Sludges, copper conc. roasting off gas scrubbing, lead-mercury-selenium-contg.",102110-61-2,310-062-3,1,"The product obtained by the purification of copper ore concentrate roasting offgas. Composed primarily of lead, mercury and selenium.",Regulation,,https://eur-lex.europa.eu/legal-content/EN/TXT/?uri=CELEX%3A32023R0923&qid=1629107278018,100.099.990,100.239.187,CAS/EC与ECHA英文名逐条核对,已核对
1151,63,铜铅矿焙烧尾气洗涤含砷泥渣,"Slimes and Sludges, copper-lead ore roasting off gas scrubbing, arsenic-contg.",102110-62-3,310-063-9,1,The product obtained by the purification of copper-lead ore concentrate roasting offgas. Composed primarily of arsenic oxide (As2O3).,Regulation,,https://eur-lex.europa.eu/legal-content/EN/TXT/?uri=CELEX%3A32023R0923&qid=1629107278018,100.099.991,100.239.187,CAS/EC与ECHA英文名逐条核对,已核对
1152,63,铕掺杂溴化物-氯化物-氟化物-碘化物钡钙铯铅钐锶盐,barium calcium cesium lead samarium strontium bromide chloride fluoride iodide europium doped,199876-46-5,431-780-4,1,REACH Annex XVII第63项限制对象；Lead and its compounds。具体限制条件见法规条款：Regulation。,Regulation,,https://eur-lex.europa.eu/legal-content/EN/TXT/?uri=CELEX%3A32023R0923&qid=1629107278018,100.103.007,100.239.187,CAS/EC与ECHA英文名逐条核对,已核对
1153,63,铅C3-13烷基羧酸盐-环烷酸盐配合物,Lead C3-13-alkanecarboxylate naphthenate complexes,79803-79-5,616-735-0,1,REACH Annex XVII第63项限制对象；Lead and its compounds。具体限制条件见法规条款：Regulation。,Regulation,,https://eur-lex.europa.eu/legal-content/EN/TXT/?uri=CELEX%3A32023R0923&qid=1629107278018,100.107.845,100.239.187,CAS/EC与ECHA英文名逐条核对,已核对
1154,63,乙酸、油酸、小烛树蜡和牛脂的钙铅复合盐,"Acetic acid, oleic acid, candelilla wax, tallow, calcium-lead complex salt",69103-03-3,614-927-9,1,REACH Annex XVII第63项限制对象；Lead and its compounds。具体限制条件见法规条款：Regulation。,Regulation,,https://eur-lex.europa.eu/legal-content/EN/TXT/?uri=CELEX%3A32023R0923&qid=1629107278018,100.113.592,100.239.187,CAS/EC与ECHA英文名逐条核对,已核对
1155,63,膦酸铅(II),lead(2+) phosphonate,13453-65-1,603-832-8,1,REACH Annex XVII第63项限制对象；Lead and its compounds。具体限制条件见法规条款：Regulation。,Regulation,,https://eur-lex.europa.eu/legal-content/EN/TXT/?uri=CELEX%3A32023R0923&qid=1629107278018,100.125.603,100.239.187,CAS/EC与ECHA英文名逐条核对,已核对
1156,63,二氯二乙基铅烷,Plumbane dichlorodiethyl-,13231-90-8,621-088-2,1,REACH Annex XVII第63项限制对象；Lead and its compounds。具体限制条件见法规条款：Regulation。,Regulation,,https://eur-lex.europa.eu/legal-content/EN/TXT/?uri=CELEX%3A32023R0923&qid=1629107278018,100.149.973,100.239.187,CAS/EC与ECHA英文名逐条核对,已核对
1157,63,乙酸三乙基铅,Triethyllead acetate,2587-81-7,624-392-3,1,REACH Annex XVII第63项限制对象；Lead and its compounds。具体限制条件见法规条款：Regulation。,Regulation,,https://eur-lex.europa.eu/legal-content/EN/TXT/?uri=CELEX%3A32023R0923&qid=1629107278018,100.152.987,100.239.187,CAS/EC与ECHA英文名逐条核对,已核对
1158,63,酞菁铅,Lead phthalocyanine,15187-16-3,628-401-1,1,REACH Annex XVII第63项限制对象；Lead and its compounds。具体限制条件见法规条款：Regulation。,Regulation,,https://eur-lex.europa.eu/legal-content/EN/TXT/?uri=CELEX%3A32023R0923&qid=1629107278018,100.156.674,100.239.187,CAS/EC与ECHA英文名逐条核对,已核对
1159,63,"2-羟基丙烷-1,2,3-三羧酸铅(II)三水合物","2-hydroxypropane-1,2,3-tricarboxylate;lead(2+);trihydrate",6107-83-1,629-552-6,1,REACH Annex XVII第63项限制对象；Lead and its compounds。具体限制条件见法规条款：Regulation。,Regulation,,https://eur-lex.europa.eu/legal-content/EN/TXT/?uri=CELEX%3A32023R0923&qid=1629107278018,100.157.724,100.239.187,CAS/EC与ECHA英文名逐条核对,已核对
1160,63,高氯酸铅(II)三水合物,lead(II) perchlorate trihydrate,13453-62-8,638-754-3,1,REACH Annex XVII第63项限制对象；Lead and its compounds。具体限制条件见法规条款：Regulation。,Regulation,,https://eur-lex.europa.eu/legal-content/EN/TXT/?uri=CELEX%3A32023R0923&qid=1629107278018,100.166.369,100.239.187,CAS/EC与ECHA英文名逐条核对,已核对
1161,63,三苯基(苯硫基)铅,"Lead, triphenyl(phenylthio)- (7CI)",15590-77-9,654-801-0,1,REACH Annex XVII第63项限制对象；Lead and its compounds。具体限制条件见法规条款：Regulation。,Regulation,,https://eur-lex.europa.eu/legal-content/EN/TXT/?uri=CELEX%3A32023R0923&qid=1629107278018,100.181.887,100.239.187,CAS/EC与ECHA英文名逐条核对,已核对
1162,63,乙酰氧基三丙基铅烷,"Plumbane, acetoxytripropyl-",13266-07-4,654-802-6,1,REACH Annex XVII第63项限制对象；Lead and its compounds。具体限制条件见法规条款：Regulation。,Regulation,,https://eur-lex.europa.eu/legal-content/EN/TXT/?uri=CELEX%3A32023R0923&qid=1629107278018,100.181.888,100.239.187,CAS/EC与ECHA英文名逐条核对,已核对
1163,63,三乙基铅氰化物,triethylplumbanecarbonitrile,13732-17-7,667-806-8,1,REACH Annex XVII第63项限制对象；Lead and its compounds。具体限制条件见法规条款：Regulation。,Regulation,,https://eur-lex.europa.eu/legal-content/EN/TXT/?uri=CELEX%3A32023R0923&qid=1629107278018,100.193.756,100.239.187,CAS/EC与ECHA英文名逐条核对,已核对
1164,63,六氟硅酸铅,Lead hexafluoro-silicate,1310-03-8,677-594-9,1,REACH Annex XVII第63项限制对象；Lead and its compounds。具体限制条件见法规条款：Regulation。,Regulation,,https://eur-lex.europa.eu/legal-content/EN/TXT/?uri=CELEX%3A32023R0923&qid=1629107278018,100.202.722,100.239.187,CAS/EC与ECHA英文名逐条核对,已核对
1165,63,偏硼酸铅(II)一水合物,"Boric acid (HBO2), lead(2+) salt, monohydrate",10214-39-8,677-597-5,1,REACH Annex XVII第63项限制对象；Lead and its compounds。具体限制条件见法规条款：Regulation。,Regulation,,https://eur-lex.europa.eu/legal-content/EN/TXT/?uri=CELEX%3A32023R0923&qid=1629107278018,100.202.724,100.239.187,CAS/EC与ECHA英文名逐条核对,已核对
1166,63,苦味酸铅（干燥）,Lead picrate (dry),25721-38-4,684-862-9,1,REACH Annex XVII第63项限制对象；Lead and its compounds。具体限制条件见法规条款：Regulation。,Regulation,,https://eur-lex.europa.eu/legal-content/EN/TXT/?uri=CELEX%3A32023R0923&qid=1629107278018,100.210.303,100.239.187,CAS/EC与ECHA英文名逐条核对,已核对
1167,63,碱式2-硝基间苯二酚铅盐,"1,3-Benzenediol, 2-nitro-, lead salt, basic",68411-33-6,685-313-6,1,REACH Annex XVII第63项限制对象；Lead and its compounds。具体限制条件见法规条款：Regulation。,Regulation,,https://eur-lex.europa.eu/legal-content/EN/TXT/?uri=CELEX%3A32023R0923&qid=1629107278018,100.210.849,100.239.187,CAS/EC与ECHA英文名逐条核对,已核对
1168,63,铅化合物,Lead compounds,法规组级：无单一CAS/EC,法规组级：无单一CAS/EC,1,REACH Annex XVII第63项限制对象；Lead and its compounds。具体限制条件见法规条款：Regulation。,Regulation,,https://eur-lex.europa.eu/legal-content/EN/TXT/?uri=CELEX%3A32023R0923&qid=1629107278018,100.239.189,100.239.187,CAS/EC与ECHA英文名逐条核对,已核对
1169,63,四聚丙烯基苯酚铅(II)盐,"Phenol, tetrapropylene-, lead(2+) salt",122332-23-4,法规组级：无单一CAS/EC,1,REACH Annex XVII第63项限制对象；Lead and its compounds。具体限制条件见法规条款：Regulation。,Regulation,,https://eur-lex.europa.eu/legal-content/EN/TXT/?uri=CELEX%3A32023R0923&qid=1629107278018,100.289.670,100.239.187,CAS/EC与ECHA英文名逐条核对,已核对
1170,63,C4-20支链脂肪酸铅盐,"Fatty acids, C4-20-branched, lead salts",125328-49-6,法规组级：无单一CAS/EC,1,REACH Annex XVII第63项限制对象；Lead and its compounds。具体限制条件见法规条款：Regulation。,Regulation,,https://eur-lex.europa.eu/legal-content/EN/TXT/?uri=CELEX%3A32023R0923&qid=1629107278018,100.289.808,100.239.187,CAS/EC与ECHA英文名逐条核对,已核对
1171,63,碱式铅C9-28新羧酸盐-2-乙基己酸盐配合物,"Lead, C9-28-neocarboxylate 2-ethylhexanoate complexes, basic",125494-56-6,法规组级：无单一CAS/EC,1,REACH Annex XVII第63项限制对象；Lead and its compounds。具体限制条件见法规条款：Regulation。,Regulation,,https://eur-lex.europa.eu/legal-content/EN/TXT/?uri=CELEX%3A32023R0923&qid=1629107278018,100.289.819,100.239.187,CAS/EC与ECHA英文名逐条核对,已核对
1172,63,铬酸铅与钼酸铅复盐,Chromic acid lead salt with lead molybdate,12709-98-7,法规组级：无单一CAS/EC,1,REACH Annex XVII第63项限制对象；Lead and its compounds。具体限制条件见法规条款：Regulation。,Regulation,,https://eur-lex.europa.eu/legal-content/EN/TXT/?uri=CELEX%3A32023R0923&qid=1629107278018,100.289.900,100.239.187,CAS/EC与ECHA英文名逐条核对,已核对
1173,63,草酸铅(II)三水合物,"Ethanedioic acid, lead(2+) salt (1:1), trihydrate",128226-81-3,法规组级：无单一CAS/EC,1,REACH Annex XVII第63项限制对象；Lead and its compounds。具体限制条件见法规条款：Regulation。,Regulation,,https://eur-lex.europa.eu/legal-content/EN/TXT/?uri=CELEX%3A32023R0923&qid=1629107278018,100.289.939,100.239.187,CAS/EC与ECHA英文名逐条核对,已核对
1174,63,氢氧化氧化铅,Lead hydroxide oxide (Pb2(OH)2O),1311-11-1,法规组级：无单一CAS/EC,1,REACH Annex XVII第63项限制对象；Lead and its compounds。具体限制条件见法规条款：Regulation。,Regulation,,https://eur-lex.europa.eu/legal-content/EN/TXT/?uri=CELEX%3A32023R0923&qid=1629107278018,100.290.002,100.239.187,CAS/EC与ECHA英文名逐条核对,已核对
1175,63,碳酸铅,"Carbonic acid, lead salt",13427-42-4,法规组级：无单一CAS/EC,1,REACH Annex XVII第63项限制对象；Lead and its compounds。具体限制条件见法规条款：Regulation。,Regulation,,https://eur-lex.europa.eu/legal-content/EN/TXT/?uri=CELEX%3A32023R0923&qid=1629107278018,100.290.132,100.239.187,CAS/EC与ECHA英文名逐条核对,已核对
1176,63,亚磷酸氢氧化氧化铅水合物,"Lead hydroxide oxide phosphite (Pb3(OH)O(PO3)), hydrate (2:1)",1344-40-7,法规组级：无单一CAS/EC,1,REACH Annex XVII第63项限制对象；Lead and its compounds。具体限制条件见法规条款：Regulation。,Regulation,,https://eur-lex.europa.eu/legal-content/EN/TXT/?uri=CELEX%3A32023R0923&qid=1629107278018,100.290.136,100.239.187,CAS/EC与ECHA英文名逐条核对,已核对
1177,63,氯酸铅(II)一水合物,"Chloric acid, lead(2+) salt, monohydrate",13510-96-8,法规组级：无单一CAS/EC,1,REACH Annex XVII第63项限制对象；Lead and its compounds。具体限制条件见法规条款：Regulation。,Regulation,,https://eur-lex.europa.eu/legal-content/EN/TXT/?uri=CELEX%3A32023R0923&qid=1629107278018,100.290.187,100.239.187,CAS/EC与ECHA英文名逐条核对,已核对
1178,63,铬酸铅(II)钾盐,"Chromic acid (H2CrO4), lead(2+) potassium salt (2:1:2)",13845-31-3,法规组级：无单一CAS/EC,1,REACH Annex XVII第63项限制对象；Lead and its compounds。具体限制条件见法规条款：Regulation。,Regulation,,https://eur-lex.europa.eu/legal-content/EN/TXT/?uri=CELEX%3A32023R0923&qid=1629107278018,100.290.285,100.239.187,CAS/EC与ECHA英文名逐条核对,已核对
1179,63,四异丙基铅烷,"Plumbane, tetrakis(1-methylethyl)-",14846-40-3,法规组级：无单一CAS/EC,1,REACH Annex XVII第63项限制对象；Lead and its compounds。具体限制条件见法规条款：Regulation。,Regulation,,https://eur-lex.europa.eu/legal-content/EN/TXT/?uri=CELEX%3A32023R0923&qid=1629107278018,100.290.453,100.239.187,CAS/EC与ECHA英文名逐条核对,已核对
1180,63,铅及铅化合物（以铅计）,Lead and Lead compounds (as Pb),14931-82-9,法规组级：无单一CAS/EC,1,REACH Annex XVII第63项限制对象；Lead and its compounds。具体限制条件见法规条款：Regulation。,Regulation,,https://eur-lex.europa.eu/legal-content/EN/TXT/?uri=CELEX%3A32023R0923&qid=1629107278018,100.290.477,100.239.187,CAS/EC与ECHA英文名逐条核对,已核对
1181,63,乙酸铅(II)一水合物,"Acetic acid, lead(2+) salt, monohydrate",15773-48-5,法规组级：无单一CAS/EC,1,REACH Annex XVII第63项限制对象；Lead and its compounds。具体限制条件见法规条款：Regulation。,Regulation,,https://eur-lex.europa.eu/legal-content/EN/TXT/?uri=CELEX%3A32023R0923&qid=1629107278018,100.290.619,100.239.187,CAS/EC与ECHA英文名逐条核对,已核对
1182,63,磷酸铅盐,"Phosphoric acid, lead salt",16040-38-3,法规组级：无单一CAS/EC,1,REACH Annex XVII第63项限制对象；Lead and its compounds。具体限制条件见法规条款：Regulation。,Regulation,,https://eur-lex.europa.eu/legal-content/EN/TXT/?uri=CELEX%3A32023R0923&qid=1629107278018,100.290.667,100.239.187,CAS/EC与ECHA英文名逐条核对,已核对
1183,63,磷酸铅(II)盐（2:1）,"Phosphoric acid, lead(2+) salt (2:1)",16180-04-4,法规组级：无单一CAS/EC,1,REACH Annex XVII第63项限制对象；Lead and its compounds。具体限制条件见法规条款：Regulation。,Regulation,,https://eur-lex.europa.eu/legal-content/EN/TXT/?uri=CELEX%3A32023R0923&qid=1629107278018,100.290.683,100.239.187,CAS/EC与ECHA英文名逐条核对,已核对
1184,63,铅-198,198Pb,16646-00-7,法规组级：无单一CAS/EC,1,REACH Annex XVII第63项限制对象；Lead and its compounds。具体限制条件见法规条款：Regulation。,Regulation,,https://eur-lex.europa.eu/legal-content/EN/TXT/?uri=CELEX%3A32023R0923&qid=1629107278018,100.290.735,100.239.187,CAS/EC与ECHA英文名逐条核对,已核对
1185,63,邻苯二甲酸铅(II),"1,2-Benzenedicarboxylic acid, lead(2+) salt",18608-34-9,法规组级：无单一CAS/EC,1,REACH Annex XVII第63项限制对象；Lead and its compounds。具体限制条件见法规条款：Regulation。,Regulation,,https://eur-lex.europa.eu/legal-content/EN/TXT/?uri=CELEX%3A32023R0923&qid=1629107278018,100.290.999,100.239.187,CAS/EC与ECHA英文名逐条核对,已核对
1186,63,乙酸铅(II)二水合物,"Acetic acid, lead(2+) salt, dihydrate",22723-52-0,法规组级：无单一CAS/EC,1,REACH Annex XVII第63项限制对象；Lead and its compounds。具体限制条件见法规条款：Regulation。,Regulation,,https://eur-lex.europa.eu/legal-content/EN/TXT/?uri=CELEX%3A32023R0923&qid=1629107278018,100.291.323,100.239.187,CAS/EC与ECHA英文名逐条核对,已核对
1187,63,膦酸铅(II)盐,"Phosphonic acid, lead(2+) salt",24824-71-3,法规组级：无单一CAS/EC,1,REACH Annex XVII第63项限制对象；Lead and its compounds。具体限制条件见法规条款：Regulation。,Regulation,,https://eur-lex.europa.eu/legal-content/EN/TXT/?uri=CELEX%3A32023R0923&qid=1629107278018,100.291.445,100.239.187,CAS/EC与ECHA英文名逐条核对,已核对
1188,63,四丙基铅,"Lead, tetrapropyl-",3440-75-3,法规组级：无单一CAS/EC,1,REACH Annex XVII第63项限制对象；Lead and its compounds。具体限制条件见法规条款：Regulation。,Regulation,,https://eur-lex.europa.eu/legal-content/EN/TXT/?uri=CELEX%3A32023R0923&qid=1629107278018,100.292.135,100.239.187,CAS/EC与ECHA英文名逐条核对,已核对
1189,63,硫酸铅(II)铅(IV)盐（3:1:1）,"Sulfuric acid, lead(2+) lead(4+) salt (3:1:1)",35830-81-0,法规组级：无单一CAS/EC,1,REACH Annex XVII第63项限制对象；Lead and its compounds。具体限制条件见法规条款：Regulation。,Regulation,,https://eur-lex.europa.eu/legal-content/EN/TXT/?uri=CELEX%3A32023R0923&qid=1629107278018,100.292.189,100.239.187,CAS/EC与ECHA英文名逐条核对,已核对
1190,63,锡合金,Tin alloy,39412-44-7,法规组级：无单一CAS/EC,1,REACH Annex XVII第63项限制对象；Lead and its compounds。具体限制条件见法规条款：Regulation。,Regulation,,https://eur-lex.europa.eu/legal-content/EN/TXT/?uri=CELEX%3A32023R0923&qid=1629107278018,100.292.370,100.239.187,CAS/EC与ECHA英文名逐条核对,已核对
1191,63,铬酸硫酸铅,Lead chromate sulfate (Pb9(CrO4)5(SO4)4),51899-02-6,法规组级：无单一CAS/EC,1,REACH Annex XVII第63项限制对象；Lead and its compounds。具体限制条件见法规条款：Regulation。,Regulation,,https://eur-lex.europa.eu/legal-content/EN/TXT/?uri=CELEX%3A32023R0923&qid=1629107278018,100.292.834,100.239.187,CAS/EC与ECHA英文名逐条核对,已核对
1192,63,四仲丁基铅烷,"Plumbane, tetrakis(1-methylpropyl)-",65151-08-8,法规组级：无单一CAS/EC,1,REACH Annex XVII第63项限制对象；Lead and its compounds。具体限制条件见法规条款：Regulation。,Regulation,,https://eur-lex.europa.eu/legal-content/EN/TXT/?uri=CELEX%3A32023R0923&qid=1629107278018,100.294.253,100.239.187,CAS/EC与ECHA英文名逐条核对,已核对
1193,63,树脂酸和松香酸钙盐与树脂酸铅及皂化亚麻籽油的聚合物,"Resin acids and Rosin acids, calcium salts, polymers with lead resinates and sapond. linseed oil",68139-27-5,法规组级：无单一CAS/EC,1,REACH Annex XVII第63项限制对象；Lead and its compounds。具体限制条件见法规条款：Regulation。,Regulation,,https://eur-lex.europa.eu/legal-content/EN/TXT/?uri=CELEX%3A32023R0923&qid=1629107278018,100.294.621,100.239.187,CAS/EC与ECHA英文名逐条核对,已核对
1194,63,研磨油,Grounding oil,68152-99-8,法规组级：无单一CAS/EC,1,REACH Annex XVII第63项限制对象；Lead and its compounds。具体限制条件见法规条款：Regulation。,Regulation,,https://eur-lex.europa.eu/legal-content/EN/TXT/?uri=CELEX%3A32023R0923&qid=1629107278018,100.294.625,100.239.187,CAS/EC与ECHA英文名逐条核对,已核对
1195,63,甲基丙烯酸甲酯-苯乙烯-甲基丙烯酸铅(II)-聚乙二醇二甲基丙烯酸酯共聚物,"2-Propenoic acid, 2-methyl-, methyl ester, polymer with ethenylbenzene, lead(2+) 2-methyl-2-propenoate (1:2) and alpha-(2-methyl-1-oxo-2-propen-1-yl)-omega-((2-methyl-1-oxo-2-propen-1-yl)oxy)poly(oxy-1,2-ethanediyl)",68155-47-5,法规组级：无单一CAS/EC,1,REACH Annex XVII第63项限制对象；Lead and its compounds。具体限制条件见法规条款：Regulation。,Regulation,,https://eur-lex.europa.eu/legal-content/EN/TXT/?uri=CELEX%3A32023R0923&qid=1629107278018,100.294.626,100.239.187,CAS/EC与ECHA英文名逐条核对,已核对
1196,63,碱式妥尔油羧酸铅盐,"Carboxylic acids, tall-oil, lead salts, basic",68603-93-0,法规组级：无单一CAS/EC,1,REACH Annex XVII第63项限制对象；Lead and its compounds。具体限制条件见法规条款：Regulation。,Regulation,,https://eur-lex.europa.eu/legal-content/EN/TXT/?uri=CELEX%3A32023R0923&qid=1629107278018,100.294.848,100.239.187,CAS/EC与ECHA英文名逐条核对,已核对
1197,63,脱水蓖麻油-松香聚合物钙铅锌盐,"Castor oil, dehydrated, polymer with rosin, calcium lead zinc salt",68604-05-7,法规组级：无单一CAS/EC,1,REACH Annex XVII第63项限制对象；Lead and its compounds。具体限制条件见法规条款：Regulation。,Regulation,,https://eur-lex.europa.eu/legal-content/EN/TXT/?uri=CELEX%3A32023R0923&qid=1629107278018,100.294.849,100.239.187,CAS/EC与ECHA英文名逐条核对,已核对
1198,63,乙酸与癸酸、辛酸、椰子油及氢化牛脂脂肪酸反应产物的钙铅盐,"Acetic acid, reaction products with capric acid, carpylic acid, coconut oil, and hydrogenated tallow fatty acids, calcium, lead salts",68784-59-8,法规组级：无单一CAS/EC,1,REACH Annex XVII第63项限制对象；Lead and its compounds。具体限制条件见法规条款：Regulation。,Regulation,,https://eur-lex.europa.eu/legal-content/EN/TXT/?uri=CELEX%3A32023R0923&qid=1629107278018,100.294.885,100.239.187,CAS/EC与ECHA英文名逐条核对,已核对
1199,63,砷和铅掺杂硅酸镁锰锌盐,"Silicic acid (H4SiO4), magnesium manganese(2+) zinc salt, arsenic and lead-doped",68784-76-9,法规组级：无单一CAS/EC,1,REACH Annex XVII第63项限制对象；Lead and its compounds。具体限制条件见法规条款：Regulation。,Regulation,,https://eur-lex.europa.eu/legal-content/EN/TXT/?uri=CELEX%3A32023R0923&qid=1629107278018,100.294.886,100.239.187,CAS/EC与ECHA英文名逐条核对,已核对
1200,63,松香-一氧化铅聚合物,"Gum rosin, litharge polymer",68952-91-0,法规组级：无单一CAS/EC,1,REACH Annex XVII第63项限制对象；Lead and its compounds。具体限制条件见法规条款：Regulation。,Regulation,,https://eur-lex.europa.eu/legal-content/EN/TXT/?uri=CELEX%3A32023R0923&qid=1629107278018,100.294.965,100.239.187,CAS/EC与ECHA英文名逐条核对,已核对
1201,63,碱式β-间苯二酚酸铅,Basic lead beta-resorcylate,68954-05-2,法规组级：无单一CAS/EC,1,REACH Annex XVII第63项限制对象；Lead and its compounds。具体限制条件见法规条款：Regulation。,Regulation,,https://eur-lex.europa.eu/legal-content/EN/TXT/?uri=CELEX%3A32023R0923&qid=1629107278018,100.294.967,100.239.187,CAS/EC与ECHA英文名逐条核对,已核对
1202,63,硬沥青-环戊二烯-二环戊二烯-亚麻籽油聚合物铅盐,"Gilsonite, polymer with cyclopentadiene, dicyclopentadiene and linseed oil, lead salts",68956-49-0,法规组级：无单一CAS/EC,1,REACH Annex XVII第63项限制对象；Lead and its compounds。具体限制条件见法规条款：Regulation。,Regulation,,https://eur-lex.europa.eu/legal-content/EN/TXT/?uri=CELEX%3A32023R0923&qid=1629107278018,100.294.977,100.239.187,CAS/EC与ECHA英文名逐条核对,已核对
1203,63,硬沥青-亚麻籽油聚合物铅盐,"Gilsonite, linseed oil polymer, lead salt",68989-89-9,法规组级：无单一CAS/EC,1,REACH Annex XVII第63项限制对象；Lead and its compounds。具体限制条件见法规条款：Regulation。,Regulation,,https://eur-lex.europa.eu/legal-content/EN/TXT/?uri=CELEX%3A32023R0923&qid=1629107278018,100.295.016,100.239.187,CAS/EC与ECHA英文名逐条核对,已核对
1204,63,亚麻籽油-桐油聚合物铅盐,"Linseed oil, polymer with tung oil, lead salt",68990-75-0,法规组级：无单一CAS/EC,1,REACH Annex XVII第63项限制对象；Lead and its compounds。具体限制条件见法规条款：Regulation。,Regulation,,https://eur-lex.europa.eu/legal-content/EN/TXT/?uri=CELEX%3A32023R0923&qid=1629107278018,100.295.018,100.239.187,CAS/EC与ECHA英文名逐条核对,已核对
1205,63,锑铅合金,Antimonial lead,69029-50-1,法规组级：无单一CAS/EC,1,REACH Annex XVII第63项限制对象；Lead and its compounds。具体限制条件见法规条款：Regulation。,Regulation,,https://eur-lex.europa.eu/legal-content/EN/TXT/?uri=CELEX%3A32023R0923&qid=1629107278018,100.295.044,100.239.187,CAS/EC与ECHA英文名逐条核对,已核对
1206,63,乙酸、癸酸、辛酸、椰子油和氢化牛脂脂肪酸钙铅复合盐,"Acetic acid, capric acid, caprylic acid, coconut oil, hydrogenated tallow fatty acids, calcium-lead complex salt",69103-04-4,法规组级：无单一CAS/EC,1,REACH Annex XVII第63项限制对象；Lead and its compounds。具体限制条件见法规条款：Regulation。,Regulation,,https://eur-lex.europa.eu/legal-content/EN/TXT/?uri=CELEX%3A32023R0923&qid=1629107278018,100.295.059,100.239.187,CAS/EC与ECHA英文名逐条核对,已核对
1207,63,脱水蓖麻油脂肪酸-甘油-C36脂肪酸二聚体-一氧化铅聚合物,"Dehydrated castor oil fatty acids, glycerine, C36 fatty acid dimers, litharge polymer",70879-91-3,法规组级：无单一CAS/EC,1,REACH Annex XVII第63项限制对象；Lead and its compounds。具体限制条件见法规条款：Regulation。,Regulation,,https://eur-lex.europa.eu/legal-content/EN/TXT/?uri=CELEX%3A32023R0923&qid=1629107278018,100.295.275,100.239.187,CAS/EC与ECHA英文名逐条核对,已核对
1208,63,硅酸钡锌盐（铅掺杂）,"Silicic acid (H6Si2O7), barium zinc salt (1:1:2), lead-doped",71799-66-1,法规组级：无单一CAS/EC,1,REACH Annex XVII第63项限制对象；Lead and its compounds。具体限制条件见法规条款：Regulation。,Regulation,,https://eur-lex.europa.eu/legal-content/EN/TXT/?uri=CELEX%3A32023R0923&qid=1629107278018,100.295.443,100.239.187,CAS/EC与ECHA英文名逐条核对,已核对
1209,63,硬脂酸钡铅盐,"Octadecanoic acid, barium lead salt",73105-55-2,法规组级：无单一CAS/EC,1,REACH Annex XVII第63项限制对象；Lead and its compounds。具体限制条件见法规条款：Regulation。,Regulation,,https://eur-lex.europa.eu/legal-content/EN/TXT/?uri=CELEX%3A32023R0923&qid=1629107278018,100.295.880,100.239.187,CAS/EC与ECHA英文名逐条核对,已核对
1210,63,苯乙基二硫代氨基甲酸铅盐,"Carbamodithioic acid, phenylethyl-, lead salt",75790-73-7,法规组级：无单一CAS/EC,1,REACH Annex XVII第63项限制对象；Lead and its compounds。具体限制条件见法规条款：Regulation。,Regulation,,https://eur-lex.europa.eu/legal-content/EN/TXT/?uri=CELEX%3A32023R0923&qid=1629107278018,100.296.159,100.239.187,CAS/EC与ECHA英文名逐条核对,已核对
1211,63,铋铅镉锡合金,"Bismuth alloy, Bi 50,Pb 25,Cd 12,Sn 12 (L-pbbi50Sn12.5Cd12.5)",76093-98-6,法规组级：无单一CAS/EC,1,REACH Annex XVII第63项限制对象；Lead and its compounds。具体限制条件见法规条款：Regulation。,Regulation,,https://eur-lex.europa.eu/legal-content/EN/TXT/?uri=CELEX%3A32023R0923&qid=1629107278018,100.296.172,100.239.187,CAS/EC与ECHA英文名逐条核对,已核对
1212,63,耐晒钼酸铅橙颜料OS,Pigment Lightfast Lead-Molybdate Orange OS (9CI),78690-68-3,法规组级：无单一CAS/EC,1,REACH Annex XVII第63项限制对象；Lead and its compounds。具体限制条件见法规条款：Regulation。,Regulation,,https://eur-lex.europa.eu/legal-content/EN/TXT/?uri=CELEX%3A32023R0923&qid=1629107278018,100.296.292,100.239.187,CAS/EC与ECHA英文名逐条核对,已核对
1213,63,次氮基三乙酸铅(II),2-[carboxylatomethyl(carboxymethyl)amino]acetate;lead(2+),79849-02-8,法规组级：无单一CAS/EC,1,REACH Annex XVII第63项限制对象；Lead and its compounds。具体限制条件见法规条款：Regulation。,Regulation,,https://eur-lex.europa.eu/legal-content/EN/TXT/?uri=CELEX%3A32023R0923&qid=1629107278018,100.296.360,100.239.187,CAS/EC与ECHA英文名逐条核对,已核对
1214,63,羟基水杨酸铅(II),Lead (II) hydroxide salicylate,87903-39-7,法规组级：无单一CAS/EC,1,REACH Annex XVII第63项限制对象；Lead and its compounds。具体限制条件见法规条款：Regulation。,Regulation,,https://eur-lex.europa.eu/legal-content/EN/TXT/?uri=CELEX%3A32023R0923&qid=1629107278018,100.296.868,100.239.187,CAS/EC与ECHA英文名逐条核对,已核对
1215,63,铬酸铅(II)钠盐,"Chromic acid (H2CrO4), lead(2+) sodium salt (2:1:2)",93215-61-3,法规组级：无单一CAS/EC,1,REACH Annex XVII第63项限制对象；Lead and its compounds。具体限制条件见法规条款：Regulation。,Regulation,,https://eur-lex.europa.eu/legal-content/EN/TXT/?uri=CELEX%3A32023R0923&qid=1629107278018,100.297.126,100.239.187,CAS/EC与ECHA英文名逐条核对,已核对
1216,63,"二-μ-羟基(2-甲基-4,6-二硝基苯酚根)(硝酸根)二铅","Lead, di-mu-hydroxy(2-methyl-4,6-dinitrophenolato-kappaO)(nitrato-kappaO)di-",96471-22-6,法规组级：无单一CAS/EC,1,REACH Annex XVII第63项限制对象；Lead and its compounds。具体限制条件见法规条款：Regulation。,Regulation,,https://eur-lex.europa.eu/legal-content/EN/TXT/?uri=CELEX%3A32023R0923&qid=1629107278018,100.297.231,100.239.187,CAS/EC与ECHA英文名逐条核对,已核对
1217,63,镧铅钛锆氧化物,Lanthanum lead titanium zirconium oxide,1227908-26-0,法规组级：无单一CAS/EC,1,REACH Annex XVII第63项限制对象；Lead and its compounds。具体限制条件见法规条款：Regulation。,Regulation,,https://eur-lex.europa.eu/legal-content/EN/TXT/?uri=CELEX%3A32023R0923&qid=1629107278018,100.297.966,100.239.187,CAS/EC与ECHA英文名逐条核对,已核对
1218,63,双[二异丙基二硫代氨基甲酸]铅,"Lead, bis[bis(1-methylethyl)carbamodithioato-S,S']-, (T-4)-",30051-53-7,法规组级：无单一CAS/EC,1,REACH Annex XVII第63项限制对象；Lead and its compounds。具体限制条件见法规条款：Regulation。,Regulation,,https://eur-lex.europa.eu/legal-content/EN/TXT/?uri=CELEX%3A32023R0923&qid=1629107278018,100.298.230,100.239.187,CAS/EC与ECHA英文名逐条核对,已核对
1219,63,双[二异丁基二硫代氨基甲酸]铅,"Lead, bis[bis(2-methylpropyl)carbamodithioato-S,S']-, (T-4)-",69090-73-9,法规组级：无单一CAS/EC,1,REACH Annex XVII第63项限制对象；Lead and its compounds。具体限制条件见法规条款：Regulation。,Regulation,,https://eur-lex.europa.eu/legal-content/EN/TXT/?uri=CELEX%3A32023R0923&qid=1629107278018,100.298.266,100.239.187,CAS/EC与ECHA英文名逐条核对,已核对
1220,63,双(二丙基二硫代氨基甲酸)铅,"Lead, bis(dipropylcarbamodithioato-S,S')-, (T-4)-",70995-63-0,法规组级：无单一CAS/EC,1,REACH Annex XVII第63项限制对象；Lead and its compounds。具体限制条件见法规条款：Regulation。,Regulation,,https://eur-lex.europa.eu/legal-content/EN/TXT/?uri=CELEX%3A32023R0923&qid=1629107278018,100.298.268,100.239.187,CAS/EC与ECHA英文名逐条核对,已核对
1221,63,亚硫酸铅,Lead sulfite,25666-92-6,法规组级：无单一CAS/EC,1,REACH Annex XVII第63项限制对象；Lead and its compounds。具体限制条件见法规条款：Regulation。,Regulation,,https://eur-lex.europa.eu/legal-content/EN/TXT/?uri=CELEX%3A32023R0923&qid=1629107278018,100.298.580,100.239.187,CAS/EC与ECHA英文名逐条核对,已核对
1222,63,六氟硅酸铅四水合物,"Hexafluorosilicate(2-), lead(2+) (1:1), tetrahydrate",83689-82-1,法规组级：无单一CAS/EC,1,REACH Annex XVII第63项限制对象；Lead and its compounds。具体限制条件见法规条款：Regulation。,Regulation,,https://eur-lex.europa.eu/legal-content/EN/TXT/?uri=CELEX%3A32023R0923&qid=1629107278018,100.298.670,100.239.187,CAS/EC与ECHA英文名逐条核对,已核对
1223,63,亚氯酸铅,Lead dichlorite,13453-57-1,法规组级：无单一CAS/EC,1,REACH Annex XVII第63项限制对象；Lead and its compounds。具体限制条件见法规条款：Regulation。,Regulation,,https://eur-lex.europa.eu/legal-content/EN/TXT/?uri=CELEX%3A32023R0923&qid=1629107278018,100.298.790,100.239.187,CAS/EC与ECHA英文名逐条核对,已核对
1224,63,一氯化铅,Lead chloride (PbCl),13931-84-5,法规组级：无单一CAS/EC,1,REACH Annex XVII第63项限制对象；Lead and its compounds。具体限制条件见法规条款：Regulation。,Regulation,,https://eur-lex.europa.eu/legal-content/EN/TXT/?uri=CELEX%3A32023R0923&qid=1629107278018,100.298.799,100.239.187,CAS/EC与ECHA英文名逐条核对,已核对
1225,63,二氧化二铅,Dilead dioxide,35229-41-5,法规组级：无单一CAS/EC,1,REACH Annex XVII第63项限制对象；Lead and its compounds。具体限制条件见法规条款：Regulation。,Regulation,,https://eur-lex.europa.eu/legal-content/EN/TXT/?uri=CELEX%3A32023R0923&qid=1629107278018,100.298.847,100.239.187,CAS/EC与ECHA英文名逐条核对,已核对
1226,63,氯三丁基铅烷,"Plumbane, tributylchloro-",13302-14-2,法规组级：无单一CAS/EC,1,REACH Annex XVII第63项限制对象；Lead and its compounds。具体限制条件见法规条款：Regulation。,Regulation,,https://eur-lex.europa.eu/legal-content/EN/TXT/?uri=CELEX%3A32023R0923&qid=1629107278018,100.299.146,100.239.187,CAS/EC与ECHA英文名逐条核对,已核对
1227,63,氯三丙基铅烷,"Plumbane, chlorotripropyl-",1520-71-4,法规组级：无单一CAS/EC,1,REACH Annex XVII第63项限制对象；Lead and its compounds。具体限制条件见法规条款：Regulation。,Regulation,,https://eur-lex.europa.eu/legal-content/EN/TXT/?uri=CELEX%3A32023R0923&qid=1629107278018,100.299.165,100.239.187,CAS/EC与ECHA英文名逐条核对,已核对
1228,63,二乙酰氧基二乙基铅,"Lead, diacetoxydiethyl- (7CI)",15773-47-4,法规组级：无单一CAS/EC,1,REACH Annex XVII第63项限制对象；Lead and its compounds。具体限制条件见法规条款：Regulation。,Regulation,,https://eur-lex.europa.eu/legal-content/EN/TXT/?uri=CELEX%3A32023R0923&qid=1629107278018,100.299.173,100.239.187,CAS/EC与ECHA英文名逐条核对,已核对
1229,63,(4-溴丁基)三苯基铅烷,"Plumbane, (4-bromobutyl)triphenyl-",16035-34-0,法规组级：无单一CAS/EC,1,REACH Annex XVII第63项限制对象；Lead and its compounds。具体限制条件见法规条款：Regulation。,Regulation,,https://eur-lex.europa.eu/legal-content/EN/TXT/?uri=CELEX%3A32023R0923&qid=1629107278018,100.299.174,100.239.187,CAS/EC与ECHA英文名逐条核对,已核对
1230,63,(4-叠氮丁基)三苯基铅烷,"Plumbane, (4-azidobutyl)triphenyl-",16035-39-5,法规组级：无单一CAS/EC,1,REACH Annex XVII第63项限制对象；Lead and its compounds。具体限制条件见法规条款：Regulation。,Regulation,,https://eur-lex.europa.eu/legal-content/EN/TXT/?uri=CELEX%3A32023R0923&qid=1629107278018,100.299.175,100.239.187,CAS/EC与ECHA英文名逐条核对,已核对
1231,63,1-(三丁基铅基)-1H-咪唑,"1H-Imidazole, 1-(tributylplumbyl)-",16128-42-0,法规组级：无单一CAS/EC,1,REACH Annex XVII第63项限制对象；Lead and its compounds。具体限制条件见法规条款：Regulation。,Regulation,,https://eur-lex.europa.eu/legal-content/EN/TXT/?uri=CELEX%3A32023R0923&qid=1629107278018,100.299.183,100.239.187,CAS/EC与ECHA英文名逐条核对,已核对
1232,63,双(乙酰氧基)二丁基铅烷,"Plumbane, bis(acetyloxy)dibutyl-",2587-84-0,法规组级：无单一CAS/EC,1,REACH Annex XVII第63项限制对象；Lead and its compounds。具体限制条件见法规条款：Regulation。,Regulation,,https://eur-lex.europa.eu/legal-content/EN/TXT/?uri=CELEX%3A32023R0923&qid=1629107278018,100.299.233,100.239.187,CAS/EC与ECHA英文名逐条核对,已核对
1233,63,三(乙酰氧基)苯基铅烷,"Plumbane, tris(acetyloxy)phenyl-",3076-54-8,法规组级：无单一CAS/EC,1,REACH Annex XVII第63项限制对象；Lead and its compounds。具体限制条件见法规条款：Regulation。,Regulation,,https://eur-lex.europa.eu/legal-content/EN/TXT/?uri=CELEX%3A32023R0923&qid=1629107278018,100.299.263,100.239.187,CAS/EC与ECHA英文名逐条核对,已核对
1234,63,三乙基[(4-甲基苯基)磺酰氧基]铅烷,"Plumbane, triethyl[[(4-methylphenyl)sulfonyl]oxy]-",43135-86-0,法规组级：无单一CAS/EC,1,REACH Annex XVII第63项限制对象；Lead and its compounds。具体限制条件见法规条款：Regulation。,Regulation,,https://eur-lex.europa.eu/legal-content/EN/TXT/?uri=CELEX%3A32023R0923&qid=1629107278018,100.299.326,100.239.187,CAS/EC与ECHA英文名逐条核对,已核对
1235,63,9-(三苯基铅基)-9H-咔唑,"9H-Carbazole, 9-(triphenylplumbyl)-",56240-91-6,法规组级：无单一CAS/EC,1,REACH Annex XVII第63项限制对象；Lead and its compounds。具体限制条件见法规条款：Regulation。,Regulation,,https://eur-lex.europa.eu/legal-content/EN/TXT/?uri=CELEX%3A32023R0923&qid=1629107278018,100.299.334,100.239.187,CAS/EC与ECHA英文名逐条核对,已核对
1236,63,1-(三苯基铅基)-1H-吲哚,"1H-Indole, 1-(triphenylplumbyl)-",56240-92-7,法规组级：无单一CAS/EC,1,REACH Annex XVII第63项限制对象；Lead and its compounds。具体限制条件见法规条款：Regulation。,Regulation,,https://eur-lex.europa.eu/legal-content/EN/TXT/?uri=CELEX%3A32023R0923&qid=1629107278018,100.299.335,100.239.187,CAS/EC与ECHA英文名逐条核对,已核对
1237,63,1-(三苯基铅基)-1H-吡咯,"1H-Pyrrole, 1-(triphenylplumbyl)-",56240-93-8,法规组级：无单一CAS/EC,1,REACH Annex XVII第63项限制对象；Lead and its compounds。具体限制条件见法规条款：Regulation。,Regulation,,https://eur-lex.europa.eu/legal-content/EN/TXT/?uri=CELEX%3A32023R0923&qid=1629107278018,100.299.336,100.239.187,CAS/EC与ECHA英文名逐条核对,已核对
1238,63,油酸三乙基铅,"Lead, triethyl-, oleate",63916-98-3,法规组级：无单一CAS/EC,1,REACH Annex XVII第63项限制对象；Lead and its compounds。具体限制条件见法规条款：Regulation。,Regulation,,https://eur-lex.europa.eu/legal-content/EN/TXT/?uri=CELEX%3A32023R0923&qid=1629107278018,100.299.391,100.239.187,CAS/EC与ECHA英文名逐条核对,已核对
1239,63,"4,5,6,7-四氯-2-(三乙基铅基)-1H-异吲哚-1,3(2H)-二酮","1H-Isoindole-1,3(2H)-dione, 4,5,6, 7-tetrachloro-2-(triethylplumbyl)-",73928-23-1,法规组级：无单一CAS/EC,1,REACH Annex XVII第63项限制对象；Lead and its compounds。具体限制条件见法规条款：Regulation。,Regulation,,https://eur-lex.europa.eu/legal-content/EN/TXT/?uri=CELEX%3A32023R0923&qid=1629107278018,100.299.408,100.239.187,CAS/EC与ECHA英文名逐条核对,已核对
1240,63,"α,α-二甲基-1-[4-(三苯基铅基)丁基]-1H-1,2,3-三唑-5-甲醇","1H-1,2,3-Triazole-5-methanol, .alpha.,.alpha.-dimethyl-1-[4-(triphenylplumbyl)butyl]-",73826-06-9,法规组级：无单一CAS/EC,1,REACH Annex XVII第63项限制对象；Lead and its compounds。具体限制条件见法规条款：Regulation。,Regulation,,https://eur-lex.europa.eu/legal-content/EN/TXT/?uri=CELEX%3A32023R0923&qid=1629107278018,100.299.430,100.239.187,CAS/EC与ECHA英文名逐条核对,已核对
1241,63,[(4-氨基苯甲酰基)氧基]三乙基铅烷,"Plumbane, [(4-aminobenzoyl)oxy]triethyl-",73928-17-3,法规组级：无单一CAS/EC,1,REACH Annex XVII第63项限制对象；Lead and its compounds。具体限制条件见法规条款：Regulation。,Regulation,,https://eur-lex.europa.eu/legal-content/EN/TXT/?uri=CELEX%3A32023R0923&qid=1629107278018,100.299.433,100.239.187,CAS/EC与ECHA英文名逐条核对,已核对
1242,63,铬酸铅(II),"Chromic acid (H2CrO4), lead(2 ) salt",15804-54-3,法规组级：无单一CAS/EC,1,REACH Annex XVII第63项限制对象；Lead and its compounds。具体限制条件见法规条款：Regulation。,Regulation,,https://eur-lex.europa.eu/legal-content/EN/TXT/?uri=CELEX%3A32023R0923&qid=1629107278018,100.299.971,100.239.187,CAS/EC与ECHA英文名逐条核对,已核对
1243,63,三甲基铅鎓,"Plumbylium, trimethyl-",14570-16-2,法规组级：无单一CAS/EC,1,REACH Annex XVII第63项限制对象；Lead and its compounds。具体限制条件见法规条款：Regulation。,Regulation,,https://eur-lex.europa.eu/legal-content/EN/TXT/?uri=CELEX%3A32023R0923&qid=1629107278018,100.300.060,100.239.187,CAS/EC与ECHA英文名逐条核对,已核对
1244,63,二乙基铅,Diethyllead,24952-65-6,法规组级：无单一CAS/EC,1,REACH Annex XVII第63项限制对象；Lead and its compounds。具体限制条件见法规条款：Regulation。,Regulation,,https://eur-lex.europa.eu/legal-content/EN/TXT/?uri=CELEX%3A32023R0923&qid=1629107278018,100.300.061,100.239.187,CAS/EC与ECHA英文名逐条核对,已核对
15,64,"1,4-二氯苯","1,4-Dichlorobenzene",106-46-7,203-400-5,0,"REACH Annex XVII第64项限制对象；1,4-Dichlorobenzene。具体限制条件见法规条款：Regulation。",Regulation,,https://eur-lex.europa.eu/legal-content/EN/TXT/?uri=uriserv:OJ.L_.2014.136.01.0019.01.ENG&toc=OJ:L:2014:136:TOC,100.003.092,100.003.092,共享核验表 + ECHA官方限制清单,已核对
66,65,无机铵盐,Inorganic ammonium salts,法规组级：无单一CAS/EC,法规组级：无单一CAS/EC,0,REACH Annex XVII第65项限制对象；Inorganic ammonium salts。具体限制条件见法规条款：Regulation。,Regulation,,https://eur-lex.europa.eu/legal-content/EN/TXT/?uri=uriserv:OJ.L_.2016.166.01.0001.01.ENG&toc=OJ:L:2016:166:TOC,100.244.130,100.244.130,共享核验表 + ECHA官方限制清单,已核对
1702,65,四氰合铂酸二铵,Diammonium tetracyanoplatinate,562-79-8,209-237-6,1,REACH Annex XVII第65项限制对象；Inorganic ammonium salts。具体限制条件见法规条款：Regulation。,Regulation,,https://eur-lex.europa.eu/legal-content/EN/TXT/?uri=uriserv:OJ.L_.2016.166.01.0001.01.ENG&toc=OJ:L:2016:166:TOC,100.008.398,100.244.130,CAS/EC与ECHA英文名逐条核对,已核对
1703,65,四硫酸合铈酸四铵,Tetraammonium cerium tetrakis(sulphate),7637-03-8,231-567-4,1,REACH Annex XVII第65项限制对象；Inorganic ammonium salts。具体限制条件见法规条款：Regulation。,Regulation,,https://eur-lex.europa.eu/legal-content/EN/TXT/?uri=uriserv:OJ.L_.2016.166.01.0001.01.ENG&toc=OJ:L:2016:166:TOC,100.028.698,100.244.130,CAS/EC与ECHA英文名逐条核对,已核对
1704,65,亚硒酸铵,Ammonium selenite,7783-19-9,231-983-6,1,REACH Annex XVII第65项限制对象；Inorganic ammonium salts。具体限制条件见法规条款：Regulation。,Regulation,,https://eur-lex.europa.eu/legal-content/EN/TXT/?uri=uriserv:OJ.L_.2016.166.01.0001.01.ENG&toc=OJ:L:2016:166:TOC,100.029.075,100.244.130,CAS/EC与ECHA英文名逐条核对,已核对
1705,65,硒酸铵,Ammonium selenate,7783-21-3,231-985-7,1,REACH Annex XVII第65项限制对象；Inorganic ammonium salts。具体限制条件见法规条款：Regulation。,Regulation,,https://eur-lex.europa.eu/legal-content/EN/TXT/?uri=uriserv:OJ.L_.2016.166.01.0001.01.ENG&toc=OJ:L:2016:166:TOC,100.029.077,100.244.130,CAS/EC与ECHA英文名逐条核对,已核对
1706,65,七氧化二铀酸二铵,Diammonium diuranium heptaoxide,7783-22-4,231-986-2,1,REACH Annex XVII第65项限制对象；Inorganic ammonium salts。具体限制条件见法规条款：Regulation。,Regulation,,https://eur-lex.europa.eu/legal-content/EN/TXT/?uri=uriserv:OJ.L_.2016.166.01.0001.01.ENG&toc=OJ:L:2016:166:TOC,100.029.078,100.244.130,CAS/EC与ECHA英文名逐条核对,已核对
1707,65,六氟铝酸三铵,Triammonium hexafluoroaluminate,7784-19-2,232-052-7,1,REACH Annex XVII第65项限制对象；Inorganic ammonium salts。具体限制条件见法规条款：Regulation。,Regulation,,https://eur-lex.europa.eu/legal-content/EN/TXT/?uri=uriserv:OJ.L_.2016.166.01.0001.01.ENG&toc=OJ:L:2016:166:TOC,100.029.138,100.244.130,CAS/EC与ECHA英文名逐条核对,已核对
1708,65,硫酸铝铵,Aluminium ammonium bis(sulphate),7784-25-0,232-055-3,1,REACH Annex XVII第65项限制对象；Inorganic ammonium salts。具体限制条件见法规条款：Regulation。,Regulation,,https://eur-lex.europa.eu/legal-content/EN/TXT/?uri=uriserv:OJ.L_.2016.166.01.0001.01.ENG&toc=OJ:L:2016:166:TOC,100.029.141,100.244.130,CAS/EC与ECHA英文名逐条核对,已核对
1709,65,砷酸氢二铵,Diammonium hydrogenarsenate,7784-44-3,232-067-9,1,REACH Annex XVII第65项限制对象；Inorganic ammonium salts。具体限制条件见法规条款：Regulation。,Regulation,,https://eur-lex.europa.eu/legal-content/EN/TXT/?uri=uriserv:OJ.L_.2016.166.01.0001.01.ENG&toc=OJ:L:2016:166:TOC,100.029.152,100.244.130,CAS/EC与ECHA英文名逐条核对,已核对
1710,65,铬酸铵,Ammonium chromate,7788-98-9,232-138-4,1,REACH Annex XVII第65项限制对象；Inorganic ammonium salts。具体限制条件见法规条款：Regulation。,Regulation,,https://eur-lex.europa.eu/legal-content/EN/TXT/?uri=uriserv:OJ.L_.2016.166.01.0001.01.ENG&toc=OJ:L:2016:166:TOC,100.029.217,100.244.130,CAS/EC与ECHA英文名逐条核对,已核对
1711,65,重铬酸铵,Ammonium dichromate,7789-09-5,232-143-1,1,REACH Annex XVII第65项限制对象；Inorganic ammonium salts。具体限制条件见法规条款：Regulation。,Regulation,,https://eur-lex.europa.eu/legal-content/EN/TXT/?uri=uriserv:OJ.L_.2016.166.01.0001.01.ENG&toc=OJ:L:2016:166:TOC,100.029.221,100.244.130,CAS/EC与ECHA英文名逐条核对,已核对
1712,65,偏钒酸铵,Ammonium trioxovanadate,7803-55-6,232-261-3,1,REACH Annex XVII第65项限制对象；Inorganic ammonium salts。具体限制条件见法规条款：Regulation。,Regulation,,https://eur-lex.europa.eu/legal-content/EN/TXT/?uri=uriserv:OJ.L_.2016.166.01.0001.01.ENG&toc=OJ:L:2016:166:TOC,100.029.329,100.244.130,CAS/EC与ECHA英文名逐条核对,已核对
1713,65,硫酸亚铁铵,Diammonium iron bis(sulphate),10045-89-3,233-151-8,1,REACH Annex XVII第65项限制对象；Inorganic ammonium salts。具体限制条件见法规条款：Regulation。,Regulation,,https://eur-lex.europa.eu/legal-content/EN/TXT/?uri=uriserv:OJ.L_.2016.166.01.0001.01.ENG&toc=OJ:L:2016:166:TOC,100.030.125,100.244.130,CAS/EC与ECHA英文名逐条核对,已核对
1714,65,磷酸铁铵,Ammonium iron phosphate,10101-60-7,233-255-3,1,REACH Annex XVII第65项限制对象；Inorganic ammonium salts。具体限制条件见法规条款：Regulation。,Regulation,,https://eur-lex.europa.eu/legal-content/EN/TXT/?uri=uriserv:OJ.L_.2016.166.01.0001.01.ENG&toc=OJ:L:2016:166:TOC,100.030.219,100.244.130,CAS/EC与ECHA英文名逐条核对,已核对
1715,65,硫酸铁铵,Ammonium iron bis(sulphate),10138-04-2,233-382-4,1,REACH Annex XVII第65项限制对象；Inorganic ammonium salts。具体限制条件见法规条款：Regulation。,Regulation,,https://eur-lex.europa.eu/legal-content/EN/TXT/?uri=uriserv:OJ.L_.2016.166.01.0001.01.ENG&toc=OJ:L:2016:166:TOC,100.030.335,100.244.130,CAS/EC与ECHA英文名逐条核对,已核对
1716,65,钨酸铵,Ammonium wolframate,11120-25-5,234-364-9,1,REACH Annex XVII第65项限制对象；Inorganic ammonium salts。具体限制条件见法规条款：Regulation。,Regulation,,https://eur-lex.europa.eu/legal-content/EN/TXT/?uri=uriserv:OJ.L_.2016.166.01.0001.01.ENG&toc=OJ:L:2016:166:TOC,100.031.228,100.244.130,CAS/EC与ECHA英文名逐条核对,已核对
1717,65,四硼酸二铵,Diammonium tetraborate,12007-58-8,234-513-8,1,REACH Annex XVII第65项限制对象；Inorganic ammonium salts。具体限制条件见法规条款：Regulation。,Regulation,,https://eur-lex.europa.eu/legal-content/EN/TXT/?uri=uriserv:OJ.L_.2016.166.01.0001.01.ENG&toc=OJ:L:2016:166:TOC,100.031.363,100.244.130,CAS/EC与ECHA英文名逐条核对,已核对
1718,65,七钼酸六铵,Hexaammonium heptamolybdate,12027-67-7,234-722-4,1,REACH Annex XVII第65项限制对象；Inorganic ammonium salts。具体限制条件见法规条款：Regulation。,Regulation,,https://eur-lex.europa.eu/legal-content/EN/TXT/?uri=uriserv:OJ.L_.2016.166.01.0001.01.ENG&toc=OJ:L:2016:166:TOC,100.031.553,100.244.130,CAS/EC与ECHA英文名逐条核对,已核对
1719,65,钨酸铵,Ammonium wolframate,12028-06-7,234-732-9,1,REACH Annex XVII第65项限制对象；Inorganic ammonium salts。具体限制条件见法规条款：Regulation。,Regulation,,https://eur-lex.europa.eu/legal-content/EN/TXT/?uri=uriserv:OJ.L_.2016.166.01.0001.01.ENG&toc=OJ:L:2016:166:TOC,100.031.562,100.244.130,CAS/EC与ECHA英文名逐条核对,已核对
1720,65,氮化四锰,Tetramanganese nitride,12033-07-7,234-785-8,1,REACH Annex XVII第65项限制对象；Inorganic ammonium salts。具体限制条件见法规条款：Regulation。,Regulation,,https://eur-lex.europa.eu/legal-content/EN/TXT/?uri=uriserv:OJ.L_.2016.166.01.0001.01.ENG&toc=OJ:L:2016:166:TOC,100.031.610,100.244.130,CAS/EC与ECHA英文名逐条核对,已核对
1721,65,六氯合铼酸二铵,Diammonium hexachlororhenate,12051-87-5,234-991-8,1,REACH Annex XVII第65项限制对象；Inorganic ammonium salts。具体限制条件见法规条款：Regulation。,Regulation,,https://eur-lex.europa.eu/legal-content/EN/TXT/?uri=uriserv:OJ.L_.2016.166.01.0001.01.ENG&toc=OJ:L:2016:166:TOC,100.031.798,100.244.130,CAS/EC与ECHA英文名逐条核对,已核对
1722,65,钒酸四铵二钠,Tetraammonium disodium vanadate,12055-09-3,235-012-7,1,REACH Annex XVII第65项限制对象；Inorganic ammonium salts。具体限制条件见法规条款：Regulation。,Regulation,,https://eur-lex.europa.eu/legal-content/EN/TXT/?uri=uriserv:OJ.L_.2016.166.01.0001.01.ENG&toc=OJ:L:2016:166:TOC,100.031.817,100.244.130,CAS/EC与ECHA英文名逐条核对,已核对
1723,65,六氯合锇酸二铵,Diammonium hexachloroosmate,12125-08-5,235-188-5,1,REACH Annex XVII第65项限制对象；Inorganic ammonium salts。具体限制条件见法规条款：Regulation。,Regulation,,https://eur-lex.europa.eu/legal-content/EN/TXT/?uri=uriserv:OJ.L_.2016.166.01.0001.01.ENG&toc=OJ:L:2016:166:TOC,100.031.977,100.244.130,CAS/EC与ECHA英文名逐条核对,已核对
1724,65,八氧化三钒酸铵,Ammonium trivanadium octaoxide,12207-63-5,235-384-0,1,REACH Annex XVII第65项限制对象；Inorganic ammonium salts。具体限制条件见法规条款：Regulation。,Regulation,,https://eur-lex.europa.eu/legal-content/EN/TXT/?uri=uriserv:OJ.L_.2016.166.01.0001.01.ENG&toc=OJ:L:2016:166:TOC,100.032.155,100.244.130,CAS/EC与ECHA英文名逐条核对,已核对
1725,65,十三氧化四钨酸二铵,Diammonium tetratungsten tridecaoxide,12398-61-7,235-638-0,1,REACH Annex XVII第65项限制对象；Inorganic ammonium salts。具体限制条件见法规条款：Regulation。,Regulation,,https://eur-lex.europa.eu/legal-content/EN/TXT/?uri=uriserv:OJ.L_.2016.166.01.0001.01.ENG&toc=OJ:L:2016:166:TOC,100.032.385,100.244.130,CAS/EC与ECHA英文名逐条核对,已核对
1726,65,六钼酸四铵,Tetraammonium hexamolybdate,12411-64-2,235-650-6,1,REACH Annex XVII第65项限制对象；Inorganic ammonium salts。具体限制条件见法规条款：Regulation。,Regulation,,https://eur-lex.europa.eu/legal-content/EN/TXT/?uri=uriserv:OJ.L_.2016.166.01.0001.01.ENG&toc=OJ:L:2016:166:TOC,100.032.396,100.244.130,CAS/EC与ECHA英文名逐条核对,已核对
1727,65,钼酸铵(VI),Ammonium molybdate(VI),13106-76-8,236-031-3,1,REACH Annex XVII第65项限制对象；Inorganic ammonium salts。具体限制条件见法规条款：Regulation。,Regulation,,https://eur-lex.europa.eu/legal-content/EN/TXT/?uri=uriserv:OJ.L_.2016.166.01.0001.01.ENG&toc=OJ:L:2016:166:TOC,100.032.741,100.244.130,CAS/EC与ECHA英文名逐条核对,已核对
1728,65,四氧合碲酸二铵,Diammonium tetraoxotellurate,13453-06-0,236-622-6,1,REACH Annex XVII第65项限制对象；Inorganic ammonium salts。具体限制条件见法规条款：Regulation。,Regulation,,https://eur-lex.europa.eu/legal-content/EN/TXT/?uri=uriserv:OJ.L_.2016.166.01.0001.01.ENG&toc=OJ:L:2016:166:TOC,100.033.279,100.244.130,CAS/EC与ECHA英文名逐条核对,已核对
1729,65,砷酸二氢铵,Ammonium dihydrogenarsenate,13462-93-6,236-667-1,1,REACH Annex XVII第65项限制对象；Inorganic ammonium salts。具体限制条件见法规条款：Regulation。,Regulation,,https://eur-lex.europa.eu/legal-content/EN/TXT/?uri=uriserv:OJ.L_.2016.166.01.0001.01.ENG&toc=OJ:L:2016:166:TOC,100.033.320,100.244.130,CAS/EC与ECHA英文名逐条核对,已核对
1730,65,硫酸铬铵,Ammonium chromium bis(sulphate),13548-43-1,236-923-2,1,REACH Annex XVII第65项限制对象；Inorganic ammonium salts。具体限制条件见法规条款：Regulation。,Regulation,,https://eur-lex.europa.eu/legal-content/EN/TXT/?uri=uriserv:OJ.L_.2016.166.01.0001.01.ENG&toc=OJ:L:2016:166:TOC,100.033.552,100.244.130,CAS/EC与ECHA英文名逐条核对,已核对
1731,65,五硝酸合镧酸二铵,Diammonium lanthanum pentanitrate,13566-21-7,236-968-8,1,REACH Annex XVII第65项限制对象；Inorganic ammonium salts。具体限制条件见法规条款：Regulation。,Regulation,,https://eur-lex.europa.eu/legal-content/EN/TXT/?uri=uriserv:OJ.L_.2016.166.01.0001.01.ENG&toc=OJ:L:2016:166:TOC,100.033.593,100.244.130,CAS/EC与ECHA英文名逐条核对,已核对
1732,65,硫酸锰铵,Diammonium manganese bis(sulphate),13566-22-8,236-969-3,1,REACH Annex XVII第65项限制对象；Inorganic ammonium salts。具体限制条件见法规条款：Regulation。,Regulation,,https://eur-lex.europa.eu/legal-content/EN/TXT/?uri=uriserv:OJ.L_.2016.166.01.0001.01.ENG&toc=OJ:L:2016:166:TOC,100.033.594,100.244.130,CAS/EC与ECHA英文名逐条核对,已核对
1733,65,二氨四异硫氰酸合铬酸铵,Ammonium diamminetetrakis(thiocyanato-N)chromate(1-),13573-16-5,237-003-3,1,REACH Annex XVII第65项限制对象；Inorganic ammonium salts。具体限制条件见法规条款：Regulation。,Regulation,,https://eur-lex.europa.eu/legal-content/EN/TXT/?uri=uriserv:OJ.L_.2016.166.01.0001.01.ENG&toc=OJ:L:2016:166:TOC,100.033.625,100.244.130,CAS/EC与ECHA英文名逐条核对,已核对
1734,65,硫酸铜铵,Diammonium copper(2+) disulphate,13587-25-2,237-021-1,1,REACH Annex XVII第65项限制对象；Inorganic ammonium salts。具体限制条件见法规条款：Regulation。,Regulation,,https://eur-lex.europa.eu/legal-content/EN/TXT/?uri=uriserv:OJ.L_.2016.166.01.0001.01.ENG&toc=OJ:L:2016:166:TOC,100.033.641,100.244.130,CAS/EC与ECHA英文名逐条核对,已核对
1735,65,硫酸钴铵,Diammonium cobalt bis(sulphate),13596-46-8,237-043-1,1,REACH Annex XVII第65项限制对象；Inorganic ammonium salts。具体限制条件见法规条款：Regulation。,Regulation,,https://eur-lex.europa.eu/legal-content/EN/TXT/?uri=uriserv:OJ.L_.2016.166.01.0001.01.ENG&toc=OJ:L:2016:166:TOC,100.033.661,100.244.130,CAS/EC与ECHA英文名逐条核对,已核对
1736,65,高铼酸铵,Ammonium perrhenate,13598-65-7,237-075-6,1,REACH Annex XVII第65项限制对象；Inorganic ammonium salts。具体限制条件见法规条款：Regulation。,Regulation,,https://eur-lex.europa.eu/legal-content/EN/TXT/?uri=uriserv:OJ.L_.2016.166.01.0001.01.ENG&toc=OJ:L:2016:166:TOC,100.033.690,100.244.130,CAS/EC与ECHA英文名逐条核对,已核对
1737,65,五硝酸合钆酸二铵,Diammonium gadolinium pentanitrate,13628-49-4,237-111-0,1,REACH Annex XVII第65项限制对象；Inorganic ammonium salts。具体限制条件见法规条款：Regulation。,Regulation,,https://eur-lex.europa.eu/legal-content/EN/TXT/?uri=uriserv:OJ.L_.2016.166.01.0001.01.ENG&toc=OJ:L:2016:166:TOC,100.033.723,100.244.130,CAS/EC与ECHA英文名逐条核对,已核对
1738,65,三硝酸钙铵,Ammonium calcium trinitrate,13780-11-5,237-425-8,1,REACH Annex XVII第65项限制对象；Inorganic ammonium salts。具体限制条件见法规条款：Regulation。,Regulation,,https://eur-lex.europa.eu/legal-content/EN/TXT/?uri=uriserv:OJ.L_.2016.166.01.0001.01.ENG&toc=OJ:L:2016:166:TOC,100.034.009,100.244.130,CAS/EC与ECHA英文名逐条核对,已核对
1739,65,硫酸锌铵,Diammonium zinc disulphate,13814-87-4,237-483-4,1,REACH Annex XVII第65项限制对象；Inorganic ammonium salts。具体限制条件见法规条款：Regulation。,Regulation,,https://eur-lex.europa.eu/legal-content/EN/TXT/?uri=uriserv:OJ.L_.2016.166.01.0001.01.ENG&toc=OJ:L:2016:166:TOC,100.034.062,100.244.130,CAS/EC与ECHA英文名逐条核对,已核对
1740,65,四氯合钯酸二铵,Diammonium tetrachloropalladate,13820-40-1,237-498-6,1,REACH Annex XVII第65项限制对象；Inorganic ammonium salts。具体限制条件见法规条款：Regulation。,Regulation,,https://eur-lex.europa.eu/legal-content/EN/TXT/?uri=uriserv:OJ.L_.2016.166.01.0001.01.ENG&toc=OJ:L:2016:166:TOC,100.034.075,100.244.130,CAS/EC与ECHA英文名逐条核对,已核对
1741,65,四氯合铂酸二铵,Diammonium tetrachloroplatinate,13820-41-2,237-499-1,1,REACH Annex XVII第65项限制对象；Inorganic ammonium salts。具体限制条件见法规条款：Regulation。,Regulation,,https://eur-lex.europa.eu/legal-content/EN/TXT/?uri=uriserv:OJ.L_.2016.166.01.0001.01.ENG&toc=OJ:L:2016:166:TOC,100.034.076,100.244.130,CAS/EC与ECHA英文名逐条核对,已核对
1742,65,五氯亚硝酰合钌酸二铵,Diammonium pentachloronitrosylruthenate,13820-58-1,237-504-7,1,REACH Annex XVII第65项限制对象；Inorganic ammonium salts。具体限制条件见法规条款：Regulation。,Regulation,,https://eur-lex.europa.eu/legal-content/EN/TXT/?uri=uriserv:OJ.L_.2016.166.01.0001.01.ENG&toc=OJ:L:2016:166:TOC,100.034.081,100.244.130,CAS/EC与ECHA英文名逐条核对,已核对
1743,65,四氟硼酸铵,Ammonium tetrafluoroborate,13826-83-0,237-531-4,1,REACH Annex XVII第65项限制对象；Inorganic ammonium salts。具体限制条件见法规条款：Regulation。,Regulation,,https://eur-lex.europa.eu/legal-content/EN/TXT/?uri=uriserv:OJ.L_.2016.166.01.0001.01.ENG&toc=OJ:L:2016:166:TOC,100.034.106,100.244.130,CAS/EC与ECHA英文名逐条核对,已核对
1744,65,硫酸铈铵,"Sulphuric acid, ammonium cerium salt",13840-04-5,237-557-6,1,REACH Annex XVII第65项限制对象；Inorganic ammonium salts。具体限制条件见法规条款：Regulation。,Regulation,,https://eur-lex.europa.eu/legal-content/EN/TXT/?uri=uriserv:OJ.L_.2016.166.01.0001.01.ENG&toc=OJ:L:2016:166:TOC,100.034.129,100.244.130,CAS/EC与ECHA英文名逐条核对,已核对
1745,65,五氟合锆酸铵,Ammonium pentafluorozirconate(1-),13859-62-6,237-596-9,1,REACH Annex XVII第65项限制对象；Inorganic ammonium salts。具体限制条件见法规条款：Regulation。,Regulation,,https://eur-lex.europa.eu/legal-content/EN/TXT/?uri=uriserv:OJ.L_.2016.166.01.0001.01.ENG&toc=OJ:L:2016:166:TOC,100.034.165,100.244.130,CAS/EC与ECHA英文名逐条核对,已核对
1746,65,硫酸铵钠,Ammonium sodium sulphate,13863-45-1,237-603-5,1,REACH Annex XVII第65项限制对象；Inorganic ammonium salts。具体限制条件见法规条款：Regulation。,Regulation,,https://eur-lex.europa.eu/legal-content/EN/TXT/?uri=uriserv:OJ.L_.2016.166.01.0001.01.ENG&toc=OJ:L:2016:166:TOC,100.034.170,100.244.130,CAS/EC与ECHA英文名逐条核对,已核对
1747,65,六氰合铁酸三铵,Triammonium hexacyanoferrate,14221-48-8,238-091-6,1,REACH Annex XVII第65项限制对象；Inorganic ammonium salts。具体限制条件见法规条款：Regulation。,Regulation,,https://eur-lex.europa.eu/legal-content/EN/TXT/?uri=uriserv:OJ.L_.2016.166.01.0001.01.ENG&toc=OJ:L:2016:166:TOC,100.034.613,100.244.130,CAS/EC与ECHA英文名逐条核对,已核对
1748,65,铬酸铵,"Chromic acid, ammonium salt",14445-91-1,238-422-4,1,REACH Annex XVII第65项限制对象；Inorganic ammonium salts。具体限制条件见法规条款：Regulation。,Regulation,,https://eur-lex.europa.eu/legal-content/EN/TXT/?uri=uriserv:OJ.L_.2016.166.01.0001.01.ENG&toc=OJ:L:2016:166:TOC,100.034.914,100.244.130,CAS/EC与ECHA英文名逐条核对,已核对
1749,65,六氰合铁酸四铵,Tetraammonium hexacyanoferrate,14481-29-9,238-476-9,1,REACH Annex XVII第65项限制对象；Inorganic ammonium salts。具体限制条件见法规条款：Regulation。,Regulation,,https://eur-lex.europa.eu/legal-content/EN/TXT/?uri=uriserv:OJ.L_.2016.166.01.0001.01.ENG&toc=OJ:L:2016:166:TOC,100.034.963,100.244.130,CAS/EC与ECHA英文名逐条核对,已核对
1750,65,磷酸钴铵,Ammonium cobalt phosphate,14590-13-7,238-633-1,1,REACH Annex XVII第65项限制对象；Inorganic ammonium salts。具体限制条件见法规条款：Regulation。,Regulation,,https://eur-lex.europa.eu/legal-content/EN/TXT/?uri=uriserv:OJ.L_.2016.166.01.0001.01.ENG&toc=OJ:L:2016:166:TOC,100.035.106,100.244.130,CAS/EC与ECHA英文名逐条核对,已核对
1751,65,三硫酸合铈酸二铵,Diammonium cerium(4+) trisulphate,14638-69-8,238-682-9,1,REACH Annex XVII第65项限制对象；Inorganic ammonium salts。具体限制条件见法规条款：Regulation。,Regulation,,https://eur-lex.europa.eu/legal-content/EN/TXT/?uri=uriserv:OJ.L_.2016.166.01.0001.01.ENG&toc=OJ:L:2016:166:TOC,100.035.151,100.244.130,CAS/EC与ECHA英文名逐条核对,已核对
1752,65,四氯合锌酸二铵,Diammonium tetrachlorozincate(2-),14639-97-5,238-687-6,1,REACH Annex XVII第65项限制对象；Inorganic ammonium salts。具体限制条件见法规条款：Regulation。,Regulation,,https://eur-lex.europa.eu/legal-content/EN/TXT/?uri=uriserv:OJ.L_.2016.166.01.0001.01.ENG&toc=OJ:L:2016:166:TOC,100.035.155,100.244.130,CAS/EC与ECHA英文名逐条核对,已核对
1753,65,五氯合锌酸三铵,Triammonium pentachlorozincate(3-),14639-98-6,238-688-1,1,REACH Annex XVII第65项限制对象；Inorganic ammonium salts。具体限制条件见法规条款：Regulation。,Regulation,,https://eur-lex.europa.eu/legal-content/EN/TXT/?uri=uriserv:OJ.L_.2016.166.01.0001.01.ENG&toc=OJ:L:2016:166:TOC,100.035.156,100.244.130,CAS/EC与ECHA英文名逐条核对,已核对
1754,65,硫酸镁铵,Diammonium magnesium bis(sulphate),14727-95-8,238-782-2,1,REACH Annex XVII第65项限制对象；Inorganic ammonium salts。具体限制条件见法规条款：Regulation。,Regulation,,https://eur-lex.europa.eu/legal-content/EN/TXT/?uri=uriserv:OJ.L_.2016.166.01.0001.01.ENG&toc=OJ:L:2016:166:TOC,100.035.242,100.244.130,CAS/EC与ECHA英文名逐条核对,已核对
1755,65,四氟合铍酸二铵,Beryllium diammonium tetrafluoride,14874-86-3,238-948-4,1,REACH Annex XVII第65项限制对象；Inorganic ammonium salts。具体限制条件见法规条款：Regulation。,Regulation,,https://eur-lex.europa.eu/legal-content/EN/TXT/?uri=uriserv:OJ.L_.2016.166.01.0001.01.ENG&toc=OJ:L:2016:166:TOC,100.035.393,100.244.130,CAS/EC与ECHA英文名逐条核对,已核对
1756,65,硫酸钪铵,Ammonium scandium(3+) disulphate,15091-94-8,239-145-1,1,REACH Annex XVII第65项限制对象；Inorganic ammonium salts。具体限制条件见法规条款：Regulation。,Regulation,,https://eur-lex.europa.eu/legal-content/EN/TXT/?uri=uriserv:OJ.L_.2016.166.01.0001.01.ENG&toc=OJ:L:2016:166:TOC,100.035.572,100.244.130,CAS/EC与ECHA英文名逐条核对,已核对
1757,65,硝酸钙铵,"Nitric acid, ammonium calcium salt",15245-12-2,239-289-5,1,REACH Annex XVII第65项限制对象；Inorganic ammonium salts。具体限制条件见法规条款：Regulation。,Regulation,,https://eur-lex.europa.eu/legal-content/EN/TXT/?uri=uriserv:OJ.L_.2016.166.01.0001.01.ENG&toc=OJ:L:2016:166:TOC,100.035.702,100.244.130,CAS/EC与ECHA英文名逐条核对,已核对
1758,65,三氟羟基硼酸铵,Ammonium trifluorohydroxyborate(1-),15283-48-4,239-326-5,1,REACH Annex XVII第65项限制对象；Inorganic ammonium salts。具体限制条件见法规条款：Regulation。,Regulation,,https://eur-lex.europa.eu/legal-content/EN/TXT/?uri=uriserv:OJ.L_.2016.166.01.0001.01.ENG&toc=OJ:L:2016:166:TOC,100.035.735,100.244.130,CAS/EC与ECHA英文名逐条核对,已核对
1759,65,六氯合铑酸三铵,Triammonium hexachlororhodate,15336-18-2,239-364-2,1,REACH Annex XVII第65项限制对象；Inorganic ammonium salts。具体限制条件见法规条款：Regulation。,Regulation,,https://eur-lex.europa.eu/legal-content/EN/TXT/?uri=uriserv:OJ.L_.2016.166.01.0001.01.ENG&toc=OJ:L:2016:166:TOC,100.035.770,100.244.130,CAS/EC与ECHA英文名逐条核对,已核对
1760,65,五硝酸合钇酸二铵,Diammonium yttrium pentanitrate,15552-06-4,239-605-1,1,REACH Annex XVII第65项限制对象；Inorganic ammonium salts。具体限制条件见法规条款：Regulation。,Regulation,,https://eur-lex.europa.eu/legal-content/EN/TXT/?uri=uriserv:OJ.L_.2016.166.01.0001.01.ENG&toc=OJ:L:2016:166:TOC,100.035.989,100.244.130,CAS/EC与ECHA英文名逐条核对,已核对
1761,65,磷酸锰铵,Ammonium manganese phosphate,15609-81-1,239-688-4,1,REACH Annex XVII第65项限制对象；Inorganic ammonium salts。具体限制条件见法规条款：Regulation。,Regulation,,https://eur-lex.europa.eu/legal-content/EN/TXT/?uri=uriserv:OJ.L_.2016.166.01.0001.01.ENG&toc=OJ:L:2016:166:TOC,100.036.065,100.244.130,CAS/EC与ECHA英文名逐条核对,已核对
1762,65,五硝酸合钕酸二铵,Diammonium neodymium pentanitrate,15653-40-4,239-721-2,1,REACH Annex XVII第65项限制对象；Inorganic ammonium salts。具体限制条件见法规条款：Regulation。,Regulation,,https://eur-lex.europa.eu/legal-content/EN/TXT/?uri=uriserv:OJ.L_.2016.166.01.0001.01.ENG&toc=OJ:L:2016:166:TOC,100.036.095,100.244.130,CAS/EC与ECHA英文名逐条核对,已核对
1763,65,四溴合钯酸二铵,Diammonium tetrabromopalladate(2-),15661-00-4,239-731-7,1,REACH Annex XVII第65项限制对象；Inorganic ammonium salts。具体限制条件见法规条款：Regulation。,Regulation,,https://eur-lex.europa.eu/legal-content/EN/TXT/?uri=uriserv:OJ.L_.2016.166.01.0001.01.ENG&toc=OJ:L:2016:166:TOC,100.036.104,100.244.130,CAS/EC与ECHA英文名逐条核对,已核对
1764,65,硫酸镍铵,Diammonium nickel bis(sulphate),15699-18-0,239-793-5,1,REACH Annex XVII第65项限制对象；Inorganic ammonium salts。具体限制条件见法规条款：Regulation。,Regulation,,https://eur-lex.europa.eu/legal-content/EN/TXT/?uri=uriserv:OJ.L_.2016.166.01.0001.01.ENG&toc=OJ:L:2016:166:TOC,100.036.160,100.244.130,CAS/EC与ECHA英文名逐条核对,已核对
1765,65,六氯合铱酸三铵,Triammonium hexachloroiridate,15752-05-3,239-842-0,1,REACH Annex XVII第65项限制对象；Inorganic ammonium salts。具体限制条件见法规条款：Regulation。,Regulation,,https://eur-lex.europa.eu/legal-content/EN/TXT/?uri=uriserv:OJ.L_.2016.166.01.0001.01.ENG&toc=OJ:L:2016:166:TOC,100.036.205,100.244.130,CAS/EC与ECHA英文名逐条核对,已核对
1766,65,六氟硅酸铵,Ammonium hexafluorosilicate,16919-19-0,240-968-3,1,REACH Annex XVII第65项限制对象；Inorganic ammonium salts。具体限制条件见法规条款：Regulation。,Regulation,,https://eur-lex.europa.eu/legal-content/EN/TXT/?uri=uriserv:OJ.L_.2016.166.01.0001.01.ENG&toc=OJ:L:2016:166:TOC,100.037.229,100.244.130,CAS/EC与ECHA英文名逐条核对,已核对
1767,65,六氟锆酸铵,Ammonium hexafluorozirconate,16919-31-6,240-970-4,1,REACH Annex XVII第65项限制对象；Inorganic ammonium salts。具体限制条件见法规条款：Regulation。,Regulation,,https://eur-lex.europa.eu/legal-content/EN/TXT/?uri=uriserv:OJ.L_.2016.166.01.0001.01.ENG&toc=OJ:L:2016:166:TOC,100.037.231,100.244.130,CAS/EC与ECHA英文名逐条核对,已核对
1768,65,六氯合铂酸二铵,Diammonium hexachloroplatinate,16919-58-7,240-973-0,1,REACH Annex XVII第65项限制对象；Inorganic ammonium salts。具体限制条件见法规条款：Regulation。,Regulation,,https://eur-lex.europa.eu/legal-content/EN/TXT/?uri=uriserv:OJ.L_.2016.166.01.0001.01.ENG&toc=OJ:L:2016:166:TOC,100.037.233,100.244.130,CAS/EC与ECHA英文名逐条核对,已核对
1769,65,六氯合锡酸二铵,Diammonium hexachlorostannate,16960-53-5,241-033-2,1,REACH Annex XVII第65项限制对象；Inorganic ammonium salts。具体限制条件见法规条款：Regulation。,Regulation,,https://eur-lex.europa.eu/legal-content/EN/TXT/?uri=uriserv:OJ.L_.2016.166.01.0001.01.ENG&toc=OJ:L:2016:166:TOC,100.037.288,100.244.130,CAS/EC与ECHA英文名逐条核对,已核对
1770,65,六氟钛酸铵,Ammonium hexafluorotitanate,16962-40-6,241-036-9,1,REACH Annex XVII第65项限制对象；Inorganic ammonium salts。具体限制条件见法规条款：Regulation。,Regulation,,https://eur-lex.europa.eu/legal-content/EN/TXT/?uri=uriserv:OJ.L_.2016.166.01.0001.01.ENG&toc=OJ:L:2016:166:TOC,100.037.291,100.244.130,CAS/EC与ECHA英文名逐条核对,已核对
1771,65,六氟锗酸铵,Ammonium hexafluorogermanate(4),16962-47-3,241-037-4,1,REACH Annex XVII第65项限制对象；Inorganic ammonium salts。具体限制条件见法规条款：Regulation。,Regulation,,https://eur-lex.europa.eu/legal-content/EN/TXT/?uri=uriserv:OJ.L_.2016.166.01.0001.01.ENG&toc=OJ:L:2016:166:TOC,100.037.292,100.244.130,CAS/EC与ECHA英文名逐条核对,已核对
1772,65,七氟合锆酸三铵,Triammonium heptafluorozirconate(3-),17250-81-6,241-283-2,1,REACH Annex XVII第65项限制对象；Inorganic ammonium salts。具体限制条件见法规条款：Regulation。,Regulation,,https://eur-lex.europa.eu/legal-content/EN/TXT/?uri=uriserv:OJ.L_.2016.166.01.0001.01.ENG&toc=OJ:L:2016:166:TOC,100.037.515,100.244.130,CAS/EC与ECHA英文名逐条核对,已核对
1773,65,六溴合铂酸铵,Ammonium hexabromoplatinate,17363-02-9,241-394-6,1,REACH Annex XVII第65项限制对象；Inorganic ammonium salts。具体限制条件见法规条款：Regulation。,Regulation,,https://eur-lex.europa.eu/legal-content/EN/TXT/?uri=uriserv:OJ.L_.2016.166.01.0001.01.ENG&toc=OJ:L:2016:166:TOC,100.037.615,100.244.130,CAS/EC与ECHA英文名逐条核对,已核对
1774,65,三碳酸合铀酰酸四铵（贫化铀-235）,"Tetraammonium uranyl tricarbonate, of uranium depleted in uranium-235",18077-77-5,241-988-5,1,REACH Annex XVII第65项限制对象；Inorganic ammonium salts。具体限制条件见法规条款：Regulation。,Regulation,,https://eur-lex.europa.eu/legal-content/EN/TXT/?uri=uriserv:OJ.L_.2016.166.01.0001.01.ENG&toc=OJ:L:2016:166:TOC,100.038.156,100.244.130,CAS/EC与ECHA英文名逐条核对,已核对
1775,65,六氯合钌酸二铵,Diammonium hexachlororuthenate,18746-63-9,242-552-7,1,REACH Annex XVII第65项限制对象；Inorganic ammonium salts。具体限制条件见法规条款：Regulation。,Regulation,,https://eur-lex.europa.eu/legal-content/EN/TXT/?uri=uriserv:OJ.L_.2016.166.01.0001.01.ENG&toc=OJ:L:2016:166:TOC,100.038.668,100.244.130,CAS/EC与ECHA英文名逐条核对,已核对
1776,65,六氯合钯酸二铵,Diammonium hexachloropalladate,19168-23-1,242-854-9,1,REACH Annex XVII第65项限制对象；Inorganic ammonium salts。具体限制条件见法规条款：Regulation。,Regulation,,https://eur-lex.europa.eu/legal-content/EN/TXT/?uri=uriserv:OJ.L_.2016.166.01.0001.01.ENG&toc=OJ:L:2016:166:TOC,100.038.943,100.244.130,CAS/EC与ECHA英文名逐条核对,已核对
1777,65,六硫氰酸合铂酸二铵,Diammonium hexakis(thiocyanato)platinate,19372-45-3,243-002-9,1,REACH Annex XVII第65项限制对象；Inorganic ammonium salts。具体限制条件见法规条款：Regulation。,Regulation,,https://eur-lex.europa.eu/legal-content/EN/TXT/?uri=uriserv:OJ.L_.2016.166.01.0001.01.ENG&toc=OJ:L:2016:166:TOC,100.039.078,100.244.130,CAS/EC与ECHA英文名逐条核对,已核对
1778,65,氧代双硫酸合钛酸二铵,Diammonium oxobis[sulphato(2-)-O]titanate(2-),19468-86-1,243-090-9,1,REACH Annex XVII第65项限制对象；Inorganic ammonium salts。具体限制条件见法规条款：Regulation。,Regulation,,https://eur-lex.europa.eu/legal-content/EN/TXT/?uri=uriserv:OJ.L_.2016.166.01.0001.01.ENG&toc=OJ:L:2016:166:TOC,100.039.158,100.244.130,CAS/EC与ECHA英文名逐条核对,已核对
1779,65,硫酸镁铵,"Sulphuric acid, ammonium magnesium salt",20861-69-2,244-089-6,1,REACH Annex XVII第65项限制对象；Inorganic ammonium salts。具体限制条件见法规条款：Regulation。,Regulation,,https://eur-lex.europa.eu/legal-content/EN/TXT/?uri=uriserv:OJ.L_.2016.166.01.0001.01.ENG&toc=OJ:L:2016:166:TOC,100.040.066,100.244.130,CAS/EC与ECHA英文名逐条核对,已核对
1780,65,硫酸钐铵,Ammonium samarium(3+) disulphate,21995-29-9,244-699-2,1,REACH Annex XVII第65项限制对象；Inorganic ammonium salts。具体限制条件见法规条款：Regulation。,Regulation,,https://eur-lex.europa.eu/legal-content/EN/TXT/?uri=uriserv:OJ.L_.2016.166.01.0001.01.ENG&toc=OJ:L:2016:166:TOC,100.040.621,100.244.130,CAS/EC与ECHA英文名逐条核对,已核对
1781,65,硫酸铕铵,Ammonium europium(3+) disulphate,21995-30-2,244-700-6,1,REACH Annex XVII第65项限制对象；Inorganic ammonium salts。具体限制条件见法规条款：Regulation。,Regulation,,https://eur-lex.europa.eu/legal-content/EN/TXT/?uri=uriserv:OJ.L_.2016.166.01.0001.01.ENG&toc=OJ:L:2016:166:TOC,100.040.622,100.244.130,CAS/EC与ECHA英文名逐条核对,已核对
1782,65,硫酸钆铵,Ammonium gadolinium(3+) disulphate,21995-31-3,244-701-1,1,REACH Annex XVII第65项限制对象；Inorganic ammonium salts。具体限制条件见法规条款：Regulation。,Regulation,,https://eur-lex.europa.eu/legal-content/EN/TXT/?uri=uriserv:OJ.L_.2016.166.01.0001.01.ENG&toc=OJ:L:2016:166:TOC,100.040.623,100.244.130,CAS/EC与ECHA英文名逐条核对,已核对
1783,65,硫酸镧铵,Ammonium lanthanum(3+) disulphate,21995-32-4,244-702-7,1,REACH Annex XVII第65项限制对象；Inorganic ammonium salts。具体限制条件见法规条款：Regulation。,Regulation,,https://eur-lex.europa.eu/legal-content/EN/TXT/?uri=uriserv:OJ.L_.2016.166.01.0001.01.ENG&toc=OJ:L:2016:166:TOC,100.040.624,100.244.130,CAS/EC与ECHA英文名逐条核对,已核对
1784,65,硫酸镨铵,Ammonium praseodymium(3+) disulphate,21995-33-5,244-703-2,1,REACH Annex XVII第65项限制对象；Inorganic ammonium salts。具体限制条件见法规条款：Regulation。,Regulation,,https://eur-lex.europa.eu/legal-content/EN/TXT/?uri=uriserv:OJ.L_.2016.166.01.0001.01.ENG&toc=OJ:L:2016:166:TOC,100.040.625,100.244.130,CAS/EC与ECHA英文名逐条核对,已核对
1785,65,硫酸钕铵,Ammonium neodymium(3+) disulphate,21995-34-6,244-704-8,1,REACH Annex XVII第65项限制对象；Inorganic ammonium salts。具体限制条件见法规条款：Regulation。,Regulation,,https://eur-lex.europa.eu/legal-content/EN/TXT/?uri=uriserv:OJ.L_.2016.166.01.0001.01.ENG&toc=OJ:L:2016:166:TOC,100.040.626,100.244.130,CAS/EC与ECHA英文名逐条核对,已核对
1786,65,四氯合铁酸铵,Ammonium iron tetrachloride,24411-12-9,246-234-9,1,REACH Annex XVII第65项限制对象；Inorganic ammonium salts。具体限制条件见法规条款：Regulation。,Regulation,,https://eur-lex.europa.eu/legal-content/EN/TXT/?uri=uriserv:OJ.L_.2016.166.01.0001.01.ENG&toc=OJ:L:2016:166:TOC,100.042.016,100.244.130,CAS/EC与ECHA英文名逐条核对,已核对
1787,65,六溴合锇酸二铵,Diammonium hexabromoosmate(2-),24598-62-7,246-340-5,1,REACH Annex XVII第65项限制对象；Inorganic ammonium salts。具体限制条件见法规条款：Regulation。,Regulation,,https://eur-lex.europa.eu/legal-content/EN/TXT/?uri=uriserv:OJ.L_.2016.166.01.0001.01.ENG&toc=OJ:L:2016:166:TOC,100.042.112,100.244.130,CAS/EC与ECHA英文名逐条核对,已核对
1788,65,三氯合镍酸铵,Ammonium nickel trichloride,24640-21-9,246-378-2,1,REACH Annex XVII第65项限制对象；Inorganic ammonium salts。具体限制条件见法规条款：Regulation。,Regulation,,https://eur-lex.europa.eu/legal-content/EN/TXT/?uri=uriserv:OJ.L_.2016.166.01.0001.01.ENG&toc=OJ:L:2016:166:TOC,100.042.147,100.244.130,CAS/EC与ECHA英文名逐条核对,已核对
1789,65,水合五氯合钌酸二铵,Diammonium aquapentachlororuthenate,25461-53-4,247-008-2,1,REACH Annex XVII第65项限制对象；Inorganic ammonium salts。具体限制条件见法规条款：Regulation。,Regulation,,https://eur-lex.europa.eu/legal-content/EN/TXT/?uri=uriserv:OJ.L_.2016.166.01.0001.01.ENG&toc=OJ:L:2016:166:TOC,100.042.720,100.244.130,CAS/EC与ECHA英文名逐条核对,已核对
1790,65,二水八氯-μ-氮合二钌酸三铵,Triammonium diaquaoctachloro-μ-nitridodiruthenate(3-),27316-90-1,248-399-2,1,REACH Annex XVII第65项限制对象；Inorganic ammonium salts。具体限制条件见法规条款：Regulation。,Regulation,,https://eur-lex.europa.eu/legal-content/EN/TXT/?uri=uriserv:OJ.L_.2016.166.01.0001.01.ENG&toc=OJ:L:2016:166:TOC,100.043.985,100.244.130,CAS/EC与ECHA英文名逐条核对,已核对
1791,65,二氰合金酸铵,Ammonium bis(cyano-C)aurate,31096-40-9,250-464-5,1,REACH Annex XVII第65项限制对象；Inorganic ammonium salts。具体限制条件见法规条款：Regulation。,Regulation,,https://eur-lex.europa.eu/legal-content/EN/TXT/?uri=uriserv:OJ.L_.2016.166.01.0001.01.ENG&toc=OJ:L:2016:166:TOC,100.045.862,100.244.130,CAS/EC与ECHA英文名逐条核对,已核对
1792,65,四氯合金酸铵,Ammonium tetrachloroaurate,31113-23-2,250-476-0,1,REACH Annex XVII第65项限制对象；Inorganic ammonium salts。具体限制条件见法规条款：Regulation。,Regulation,,https://eur-lex.europa.eu/legal-content/EN/TXT/?uri=uriserv:OJ.L_.2016.166.01.0001.01.ENG&toc=OJ:L:2016:166:TOC,100.045.873,100.244.130,CAS/EC与ECHA英文名逐条核对,已核对
1793,65,三碳酸羟基合锆酸三铵,Triammonium tris[carbonato(2-)-O]hydroxyzirconate(3-),32535-84-5,251-086-3,1,REACH Annex XVII第65项限制对象；Inorganic ammonium salts。具体限制条件见法规条款：Regulation。,Regulation,,https://eur-lex.europa.eu/legal-content/EN/TXT/?uri=uriserv:OJ.L_.2016.166.01.0001.01.ENG&toc=OJ:L:2016:166:TOC,100.046.427,100.244.130,CAS/EC与ECHA英文名逐条核对,已核对
1794,65,硫酸亚铁铵十二水合物,Ammonium Iron(II) Sulfate dodecahydrate,7783-83-7,616-517-5,1,REACH Annex XVII第65项限制对象；Inorganic ammonium salts。具体限制条件见法规条款：Regulation。,Regulation,,https://eur-lex.europa.eu/legal-content/EN/TXT/?uri=uriserv:OJ.L_.2016.166.01.0001.01.ENG&toc=OJ:L:2016:166:TOC,100.107.412,100.244.130,CAS/EC与ECHA英文名逐条核对,已核对
1795,65,六氟合钒酸三铵,"Vanadate(3-), hexafluoro-, triammonium salt",13815-31-1,621-084-0,1,REACH Annex XVII第65项限制对象；Inorganic ammonium salts。具体限制条件见法规条款：Regulation。,Regulation,,https://eur-lex.europa.eu/legal-content/EN/TXT/?uri=uriserv:OJ.L_.2016.166.01.0001.01.ENG&toc=OJ:L:2016:166:TOC,100.149.969,100.244.130,CAS/EC与ECHA英文名逐条核对,已核对
1796,65,四硫代钨酸铵,Ammonium tetrathiotungstate [(NH4)2WS4],13862-78-7,628-727-4,1,REACH Annex XVII第65项限制对象；Inorganic ammonium salts。具体限制条件见法规条款：Regulation。,Regulation,,https://eur-lex.europa.eu/legal-content/EN/TXT/?uri=uriserv:OJ.L_.2016.166.01.0001.01.ENG&toc=OJ:L:2016:166:TOC,100.156.973,100.244.130,CAS/EC与ECHA英文名逐条核对,已核对
1797,65,硫酸铬铵十二水合物,Ammonium chromic sulfate dodecahydrate,10022-47-6,680-414-1,1,REACH Annex XVII第65项限制对象；Inorganic ammonium salts。具体限制条件见法规条款：Regulation。,Regulation,,https://eur-lex.europa.eu/legal-content/EN/TXT/?uri=uriserv:OJ.L_.2016.166.01.0001.01.ENG&toc=OJ:L:2016:166:TOC,100.205.501,100.244.130,CAS/EC与ECHA英文名逐条核对,已核对
1798,65,硫酸镍铵六水合物,Nickel ammonium sulfate hexahydrate,7785-20-8,680-452-9,1,REACH Annex XVII第65项限制对象；Inorganic ammonium salts。具体限制条件见法规条款：Regulation。,Regulation,,https://eur-lex.europa.eu/legal-content/EN/TXT/?uri=uriserv:OJ.L_.2016.166.01.0001.01.ENG&toc=OJ:L:2016:166:TOC,100.205.536,100.244.130,CAS/EC与ECHA英文名逐条核对,已核对
1799,65,二氟磷酸合铝酸氢铵,"Aluminate(2-), difluoro[phosphato(3-)-κO]-, ammonium hydrogen (1:1:1)",11095-65-1,法规组级：无单一CAS/EC,1,REACH Annex XVII第65项限制对象；Inorganic ammonium salts。具体限制条件见法规条款：Regulation。,Regulation,,https://eur-lex.europa.eu/legal-content/EN/TXT/?uri=uriserv:OJ.L_.2016.166.01.0001.01.ENG&toc=OJ:L:2016:166:TOC,100.289.118,100.244.130,CAS/EC与ECHA英文名逐条核对,已核对
1800,65,氟硅酸铵,Cryptohalite,1309-32-6,法规组级：无单一CAS/EC,1,REACH Annex XVII第65项限制对象；Inorganic ammonium salts。具体限制条件见法规条款：Regulation。,Regulation,,https://eur-lex.europa.eu/legal-content/EN/TXT/?uri=uriserv:OJ.L_.2016.166.01.0001.01.ENG&toc=OJ:L:2016:166:TOC,100.289.995,100.244.130,CAS/EC与ECHA英文名逐条核对,已核对
1801,65,磷酸镉铵,"Phosphoric acid, ammonium cadmium salt (1:1:1)",14520-70-8,法规组级：无单一CAS/EC,1,REACH Annex XVII第65项限制对象；Inorganic ammonium salts。具体限制条件见法规条款：Regulation。,Regulation,,https://eur-lex.europa.eu/legal-content/EN/TXT/?uri=uriserv:OJ.L_.2016.166.01.0001.01.ENG&toc=OJ:L:2016:166:TOC,100.290.404,100.244.130,CAS/EC与ECHA英文名逐条核对,已核对
1802,65,亚硒酸铵,"Selenious acid, ammonium salt (2:1)",25425-97-2,法规组级：无单一CAS/EC,1,REACH Annex XVII第65项限制对象；Inorganic ammonium salts。具体限制条件见法规条款：Regulation。,Regulation,,https://eur-lex.europa.eu/legal-content/EN/TXT/?uri=uriserv:OJ.L_.2016.166.01.0001.01.ENG&toc=OJ:L:2016:166:TOC,100.291.536,100.244.130,CAS/EC与ECHA英文名逐条核对,已核对
1803,65,硫酸铵镁,"Sulfuric acid, ammonium magnesium salt (3:2:2)",27733-50-2,法规组级：无单一CAS/EC,1,REACH Annex XVII第65项限制对象；Inorganic ammonium salts。具体限制条件见法规条款：Regulation。,Regulation,,https://eur-lex.europa.eu/legal-content/EN/TXT/?uri=uriserv:OJ.L_.2016.166.01.0001.01.ENG&toc=OJ:L:2016:166:TOC,100.291.726,100.244.130,CAS/EC与ECHA英文名逐条核对,已核对
1804,65,四硝酸合镧酸铵,azanium;lanthanum(3+);tetranitrate,31178-09-3,法规组级：无单一CAS/EC,1,REACH Annex XVII第65项限制对象；Inorganic ammonium salts。具体限制条件见法规条款：Regulation。,Regulation,,https://eur-lex.europa.eu/legal-content/EN/TXT/?uri=uriserv:OJ.L_.2016.166.01.0001.01.ENG&toc=OJ:L:2016:166:TOC,100.291.948,100.244.130,CAS/EC与ECHA英文名逐条核对,已核对
1805,65,硫酸铵钠二水合物,"Sulfuric acid, ammonium sodium salt, dihydrate",7783-10-0,法规组级：无单一CAS/EC,1,REACH Annex XVII第65项限制对象；Inorganic ammonium salts。具体限制条件见法规条款：Regulation。,Regulation,,https://eur-lex.europa.eu/legal-content/EN/TXT/?uri=uriserv:OJ.L_.2016.166.01.0001.01.ENG&toc=OJ:L:2016:166:TOC,100.296.244,100.244.130,CAS/EC与ECHA英文名逐条核对,已核对
1806,65,硫酸镁铵六水合物,"Sulfuric acid, ammonium magnesium salt (2:2:1), hexahydrate",7785-18-4,法规组级：无单一CAS/EC,1,REACH Annex XVII第65项限制对象；Inorganic ammonium salts。具体限制条件见法规条款：Regulation。,Regulation,,https://eur-lex.europa.eu/legal-content/EN/TXT/?uri=uriserv:OJ.L_.2016.166.01.0001.01.ENG&toc=OJ:L:2016:166:TOC,100.296.255,100.244.130,CAS/EC与ECHA英文名逐条核对,已核对
1807,65,硫酸铈(III)铵四水合物,Ammonium cerous sulfate tetrahydrate,10049-02-2,法规组级：无单一CAS/EC,1,REACH Annex XVII第65项限制对象；Inorganic ammonium salts。具体限制条件见法规条款：Regulation。,Regulation,,https://eur-lex.europa.eu/legal-content/EN/TXT/?uri=uriserv:OJ.L_.2016.166.01.0001.01.ENG&toc=OJ:L:2016:166:TOC,100.317.291,100.244.130,CAS/EC与ECHA英文名逐条核对,已核对
1808,65,磷钨酸铵三水合物,"Ammonium phosphotungstenate, trihydrate",12704-02-8,法规组级：无单一CAS/EC,1,REACH Annex XVII第65项限制对象；Inorganic ammonium salts。具体限制条件见法规条款：Regulation。,Regulation,,https://eur-lex.europa.eu/legal-content/EN/TXT/?uri=uriserv:OJ.L_.2016.166.01.0001.01.ENG&toc=OJ:L:2016:166:TOC,100.317.425,100.244.130,CAS/EC与ECHA英文名逐条核对,已核对
1809,65,十二钨磷酸铵,Ammonium 12-tungstophosphate,1311-90-6,法规组级：无单一CAS/EC,1,REACH Annex XVII第65项限制对象；Inorganic ammonium salts。具体限制条件见法规条款：Regulation。,Regulation,,https://eur-lex.europa.eu/legal-content/EN/TXT/?uri=uriserv:OJ.L_.2016.166.01.0001.01.ENG&toc=OJ:L:2016:166:TOC,100.317.427,100.244.130,CAS/EC与ECHA英文名逐条核对,已核对
1810,65,钴铵配合物,Cobalt ammonium complex,14695-95-5,法规组级：无单一CAS/EC,1,REACH Annex XVII第65项限制对象；Inorganic ammonium salts。具体限制条件见法规条款：Regulation。,Regulation,,https://eur-lex.europa.eu/legal-content/EN/TXT/?uri=uriserv:OJ.L_.2016.166.01.0001.01.ENG&toc=OJ:L:2016:166:TOC,100.317.436,100.244.130,CAS/EC与ECHA英文名逐条核对,已核对
1811,65,五硝酸合铈(III)酸二铵,"Nitric acid, ammonium cerium(3+) salt (5:2:1)",15318-60-2,法规组级：无单一CAS/EC,1,REACH Annex XVII第65项限制对象；Inorganic ammonium salts。具体限制条件见法规条款：Regulation。,Regulation,,https://eur-lex.europa.eu/legal-content/EN/TXT/?uri=uriserv:OJ.L_.2016.166.01.0001.01.ENG&toc=OJ:L:2016:166:TOC,100.317.441,100.244.130,CAS/EC与ECHA英文名逐条核对,已核对
1812,65,二氧二硫代钨酸二铵,"Tungstate(2-), dioxodithioxo-, diammonium (9CI)",16150-61-1,法规组级：无单一CAS/EC,1,REACH Annex XVII第65项限制对象；Inorganic ammonium salts。具体限制条件见法规条款：Regulation。,Regulation,,https://eur-lex.europa.eu/legal-content/EN/TXT/?uri=uriserv:OJ.L_.2016.166.01.0001.01.ENG&toc=OJ:L:2016:166:TOC,100.317.443,100.244.130,CAS/EC与ECHA英文名逐条核对,已核对
1813,65,五氟合铀酰酸三铵,Triammonium uranyl pentafluoride,12062-03-2,法规组级：无单一CAS/EC,1,REACH Annex XVII第65项限制对象；Inorganic ammonium salts。具体限制条件见法规条款：Regulation。,Regulation,,https://eur-lex.europa.eu/legal-content/EN/TXT/?uri=uriserv:OJ.L_.2016.166.01.0001.01.ENG&toc=OJ:L:2016:166:TOC,100.317.450,100.244.130,CAS/EC与ECHA英文名逐条核对,已核对
1814,65,碳酸钚铵,"Carbonic acid, ammoniumplutonium salt (8CI)",24917-46-2,法规组级：无单一CAS/EC,1,REACH Annex XVII第65项限制对象；Inorganic ammonium salts。具体限制条件见法规条款：Regulation。,Regulation,,https://eur-lex.europa.eu/legal-content/EN/TXT/?uri=uriserv:OJ.L_.2016.166.01.0001.01.ENG&toc=OJ:L:2016:166:TOC,100.317.461,100.244.130,CAS/EC与ECHA英文名逐条核对,已核对
1815,65,铀酸二铵水合物,"Uranic acid, diammonium salt, hydrate",28347-83-3,法规组级：无单一CAS/EC,1,REACH Annex XVII第65项限制对象；Inorganic ammonium salts。具体限制条件见法规条款：Regulation。,Regulation,,https://eur-lex.europa.eu/legal-content/EN/TXT/?uri=uriserv:OJ.L_.2016.166.01.0001.01.ENG&toc=OJ:L:2016:166:TOC,100.317.466,100.244.130,CAS/EC与ECHA英文名逐条核对,已核对
1816,65,四氟二氧合钼酸二铵,"Molybdate(2-),tetrafluorodioxo-, diammonium (8CI,9CI)",30291-63-5,法规组级：无单一CAS/EC,1,REACH Annex XVII第65项限制对象；Inorganic ammonium salts。具体限制条件见法规条款：Regulation。,Regulation,,https://eur-lex.europa.eu/legal-content/EN/TXT/?uri=uriserv:OJ.L_.2016.166.01.0001.01.ENG&toc=OJ:L:2016:166:TOC,100.317.470,100.244.130,CAS/EC与ECHA英文名逐条核对,已核对
1817,65,四氯合铝酸铵,"Ammonium Tetrachloroaluminate, NH4AlCl4",7784-14-7,885-776-6,1,REACH Annex XVII第65项限制对象；Inorganic ammonium salts。具体限制条件见法规条款：Regulation。,Regulation,,https://eur-lex.europa.eu/legal-content/EN/TXT/?uri=uriserv:OJ.L_.2016.166.01.0001.01.ENG&toc=OJ:L:2016:166:TOC,100.317.498,100.244.130,CAS/EC与ECHA英文名逐条核对,已核对
1818,65,铬酸铁铵,Ammonium ferric chromate,7789-08-4,法规组级：无单一CAS/EC,1,REACH Annex XVII第65项限制对象；Inorganic ammonium salts。具体限制条件见法规条款：Regulation。,Regulation,,https://eur-lex.europa.eu/legal-content/EN/TXT/?uri=uriserv:OJ.L_.2016.166.01.0001.01.ENG&toc=OJ:L:2016:166:TOC,100.317.499,100.244.130,CAS/EC与ECHA英文名逐条核对,已核对
13,66,双酚A,"4,4'-isopropylidenediphenol",80-05-7,201-245-8,0,"REACH Annex XVII第66项限制对象；4,4'-isopropylidenediphenol。具体限制条件见法规条款：Regulation。",Regulation,,https://eur-lex.europa.eu/legal-content/EN/TXT/?uri=uriserv:OJ.L_.2016.337.01.0003.01.ENG&toc=OJ:L:2016:337:TOC,100.001.133,100.001.133,共享核验表 + ECHA官方限制清单,已核对
75,68,C9–C14全氟羧酸、其盐及相关物质,"C9-C14 linear and/or branched perfluorocarboxylic acids (C9-C14 PFCAs), their salts and C9-C14 PFCAs-related substances；perfluorononan-1-oic acid (PFNA); nonadecafluorodecanoic acid (PFDA); henicosafluoroundecanoic acid (PFUnDA); tricosafluorododecanoic acid (PFDoDA); pentacosafluorotridecanoic acid (PFTrDA); heptacosafluorotetradecanoic acid (PFTDA); including their salts and precursors",法规组级：无单一CAS/EC,法规组级：无单一CAS/EC,0,"REACH Annex XVII第68项限制对象；C9-C14 linear and/or branched perfluorocarboxylic acids (C9-C14 PFCAs), their salts and C9-C14 PFCAs-related substances；perfluorononan-1-oic acid (PFNA); nonadecafluorodecanoic acid (PFDA); henicosafluoroundecanoic acid (PFUnDA); tricosafluorododecanoic acid (PFDoDA); pentacosafluorotridecanoic acid (PFTrDA); heptacosafluorotetradecanoic acid (PFTDA); including their salts and precursors。具体限制条件见法规条款：Regulation。",Regulation,,https://eur-lex.europa.eu/legal-content/EN/TXT/?uri=CELEX%3A32021R1297R%2801%29&qid=1629107278018,100.256.331,100.256.331,共享核验表 + ECHA官方限制清单,已核对
1843,68,全氟十二烷酸,Tricosafluorododecanoic acid,307-55-1,206-203-2,1,"REACH Annex XVII第68项限制对象；C9-C14 linear and/or branched perfluorocarboxylic acids (C9-C14 PFCAs), their salts and C9-C14 PFCAs-related substances；perfluorononan-1-oic acid (PFNA); nonadecafluorodecanoic acid (PFDA); henicosafluoroundecanoic acid (PFUnDA); tricosafluorododecanoic acid (PFDoDA); pentacosafluorotridecanoic acid (PFTrDA); heptacosafluorotetradecanoic acid (PFTDA); including their salts and precursors。具体限制条件见法规条款：Regulation。",Regulation,,https://eur-lex.europa.eu/legal-content/EN/TXT/?uri=CELEX%3A32021R1297R%2801%29&qid=1629107278018,100.005.641,100.256.331,CAS/EC与ECHA英文名逐条核对,已核对
1844,68,全氟癸酸,Nonadecafluorodecanoic acid,335-76-2,206-400-3,1,"REACH Annex XVII第68项限制对象；C9-C14 linear and/or branched perfluorocarboxylic acids (C9-C14 PFCAs), their salts and C9-C14 PFCAs-related substances；perfluorononan-1-oic acid (PFNA); nonadecafluorodecanoic acid (PFDA); henicosafluoroundecanoic acid (PFUnDA); tricosafluorododecanoic acid (PFDoDA); pentacosafluorotridecanoic acid (PFTrDA); heptacosafluorotetradecanoic acid (PFTDA); including their salts and precursors。具体限制条件见法规条款：Regulation。",Regulation,,https://eur-lex.europa.eu/legal-content/EN/TXT/?uri=CELEX%3A32021R1297R%2801%29&qid=1629107278018,100.005.819,100.256.331,CAS/EC与ECHA英文名逐条核对,已核对
1845,68,全氟壬酸,Perfluorononan-1-oic acid,375-95-1,206-801-3,1,"REACH Annex XVII第68项限制对象；C9-C14 linear and/or branched perfluorocarboxylic acids (C9-C14 PFCAs), their salts and C9-C14 PFCAs-related substances；perfluorononan-1-oic acid (PFNA); nonadecafluorodecanoic acid (PFDA); henicosafluoroundecanoic acid (PFUnDA); tricosafluorododecanoic acid (PFDoDA); pentacosafluorotridecanoic acid (PFTrDA); heptacosafluorotetradecanoic acid (PFTDA); including their salts and precursors。具体限制条件见法规条款：Regulation。",Regulation,,https://eur-lex.europa.eu/legal-content/EN/TXT/?uri=CELEX%3A32021R1297R%2801%29&qid=1629107278018,100.006.184,100.256.331,CAS/EC与ECHA英文名逐条核对,已核对
1846,68,全氟十四烷酸,Heptacosafluorotetradecanoic acid,376-06-7,206-803-4,1,"REACH Annex XVII第68项限制对象；C9-C14 linear and/or branched perfluorocarboxylic acids (C9-C14 PFCAs), their salts and C9-C14 PFCAs-related substances；perfluorononan-1-oic acid (PFNA); nonadecafluorodecanoic acid (PFDA); henicosafluoroundecanoic acid (PFUnDA); tricosafluorododecanoic acid (PFDoDA); pentacosafluorotridecanoic acid (PFTrDA); heptacosafluorotetradecanoic acid (PFTDA); including their salts and precursors。具体限制条件见法规条款：Regulation。",Regulation,,https://eur-lex.europa.eu/legal-content/EN/TXT/?uri=CELEX%3A32021R1297R%2801%29&qid=1629107278018,100.006.186,100.256.331,CAS/EC与ECHA英文名逐条核对,已核对
1847,68,全氟十一烷酸,Henicosafluoroundecanoic acid,2058-94-8,218-165-4,1,"REACH Annex XVII第68项限制对象；C9-C14 linear and/or branched perfluorocarboxylic acids (C9-C14 PFCAs), their salts and C9-C14 PFCAs-related substances；perfluorononan-1-oic acid (PFNA); nonadecafluorodecanoic acid (PFDA); henicosafluoroundecanoic acid (PFUnDA); tricosafluorododecanoic acid (PFDoDA); pentacosafluorotridecanoic acid (PFTrDA); heptacosafluorotetradecanoic acid (PFTDA); including their salts and precursors。具体限制条件见法规条款：Regulation。",Regulation,,https://eur-lex.europa.eu/legal-content/EN/TXT/?uri=CELEX%3A32021R1297R%2801%29&qid=1629107278018,100.016.515,100.256.331,CAS/EC与ECHA英文名逐条核对,已核对
1848,68,全氟十三烷酸,Pentacosafluorotridecanoic acid,72629-94-8,276-745-2,1,"REACH Annex XVII第68项限制对象；C9-C14 linear and/or branched perfluorocarboxylic acids (C9-C14 PFCAs), their salts and C9-C14 PFCAs-related substances；perfluorononan-1-oic acid (PFNA); nonadecafluorodecanoic acid (PFDA); henicosafluoroundecanoic acid (PFUnDA); tricosafluorododecanoic acid (PFDoDA); pentacosafluorotridecanoic acid (PFTrDA); heptacosafluorotetradecanoic acid (PFTDA); including their salts and precursors。具体限制条件见法规条款：Regulation。",Regulation,,https://eur-lex.europa.eu/legal-content/EN/TXT/?uri=CELEX%3A32021R1297R%2801%29&qid=1629107278018,100.069.747,100.256.331,CAS/EC与ECHA英文名逐条核对,已核对
1,69,甲醇,Methanol,67-56-1,200-659-6,0,REACH Annex XVII第69项限制对象；Methanol。具体限制条件见法规条款：Regulation。,Regulation,,https://eur-lex.europa.eu/legal-content/EN/TXT/?uri=uriserv:OJ.L_.2018.102.01.0099.01.ENG&toc=OJ:L:2018:102:TOC,100.000.599,100.000.599,共享核验表 + ECHA官方限制清单,已核对
72,70,D4、D5、D6,Octamethylcyclotetrasiloxane (D4); Decamethylcyclopentasiloxane (D5); dodecamethylcyclohexasiloxane (D6),法规组级：无单一CAS/EC,法规组级：无单一CAS/EC,0,REACH Annex XVII第70项限制对象；Octamethylcyclotetrasiloxane (D4); Decamethylcyclopentasiloxane (D5); dodecamethylcyclohexasiloxane (D6)。具体限制条件见法规条款：Regulation。,Regulation,,https://eur-lex.europa.eu/legal-content/EN/TXT/?uri=OJ%3AL_202401328&qid=1715919472757,100.256.323,100.256.323,共享核验表 + ECHA官方限制清单,已核对
1839,70,十二甲基环六硅氧烷（D6）,Dodecamethylcyclohexasiloxane,540-97-6,208-762-8,1,REACH Annex XVII第70项限制对象；Octamethylcyclotetrasiloxane (D4); Decamethylcyclopentasiloxane (D5); dodecamethylcyclohexasiloxane (D6)。具体限制条件见法规条款：Regulation。,Regulation,,https://eur-lex.europa.eu/legal-content/EN/TXT/?uri=OJ%3AL_202401328&qid=1715919472757,100.007.967,100.256.323,ECHA法规条目与条目组级核对,已核对
1840,70,十甲基环五硅氧烷（D5）,Decamethylcyclopentasiloxane,541-02-6,208-764-9,1,REACH Annex XVII第70项限制对象；Octamethylcyclotetrasiloxane (D4); Decamethylcyclopentasiloxane (D5); dodecamethylcyclohexasiloxane (D6)。具体限制条件见法规条款：Regulation。,Regulation,,https://eur-lex.europa.eu/legal-content/EN/TXT/?uri=OJ%3AL_202401328&qid=1715919472757,100.007.969,100.256.323,ECHA法规条目与条目组级核对,已核对
1841,70,八甲基环四硅氧烷（D4）,Octamethylcyclotetrasiloxane,556-67-2,209-136-7,1,REACH Annex XVII第70项限制对象；Octamethylcyclotetrasiloxane (D4); Decamethylcyclopentasiloxane (D5); dodecamethylcyclohexasiloxane (D6)。具体限制条件见法规条款：Regulation。,Regulation,,https://eur-lex.europa.eu/legal-content/EN/TXT/?uri=OJ%3AL_202401328&qid=1715919472757,100.008.307,100.256.323,ECHA法规条目与条目组级核对,已核对
27,71,N-甲基-2-吡咯烷酮,1-methyl-2-pyrrolidone,872-50-4,212-828-1,0,REACH Annex XVII第71项限制对象；1-methyl-2-pyrrolidone。具体限制条件见法规条款：Regulation。,Regulation,,https://eur-lex.europa.eu/legal-content/EN/TXT/?uri=uriserv:OJ.L_.2018.099.01.0003.01.ENG&toc=OJ:L:2018:099:TOC,100.011.662,100.011.662,共享核验表 + ECHA官方限制清单,已核对
76,72,服装、相关配件、纺织品和鞋类中的特定CMR物质,"The following substances which are classified as carcinogenic, mutagenic or toxic for reproduction, category 1A or 1B (See group members) [Entry 72]",法规组级：无单一CAS/EC,法规组级：无单一CAS/EC,0,"REACH Annex XVII第72项限制对象；The following substances which are classified as carcinogenic, mutagenic or toxic for reproduction, category 1A or 1B (See group members) [Entry 72]。具体限制条件见法规条款：Regulation。",Regulation,,https://eur-lex.europa.eu/legal-content/EN/TXT/?uri=uriserv:OJ.L_.2018.256.01.0001.01.ENG&toc=OJ:L:2018:256:TOC,100.267.621,100.267.621,共享核验表 + ECHA官方限制清单,已核对
68,73,特定全氟辛基硅烷三醇及其衍生物,"(3,3,4,4,5,5,6,6,7,7,8,8,8-tridecafluorooctyl)silanetriol and any of its mono-, di- or tri-O-(alkyl) derivatives",法规组级：无单一CAS/EC,法规组级：无单一CAS/EC,0,"REACH Annex XVII第73项限制对象；(3,3,4,4,5,5,6,6,7,7,8,8,8-tridecafluorooctyl)silanetriol and any of its mono-, di- or tri-O-(alkyl) derivatives。具体限制条件见法规条款：Regulation。",Regulation,,https://eur-lex.europa.eu/legal-content/EN/TXT/?uri=uriserv:OJ.L_.2019.154.01.0037.01.ENG&toc=OJ:L:2019:154:TOC,100.251.377,100.251.377,共享核验表 + ECHA官方限制清单,已核对
1819,73,三乙氧基(十三氟辛基)硅烷,"Triethoxy(3,3,4,4,5,5,6,6,7,7,8,8,8-tridecafluorooctyl)silane",51851-37-7,257-473-3,1,"REACH Annex XVII第73项限制对象；(3,3,4,4,5,5,6,6,7,7,8,8,8-tridecafluorooctyl)silanetriol and any of its mono-, di- or tri-O-(alkyl) derivatives。具体限制条件见法规条款：Regulation。",Regulation,,https://eur-lex.europa.eu/legal-content/EN/TXT/?uri=uriserv:OJ.L_.2019.154.01.0037.01.ENG&toc=OJ:L:2019:154:TOC,100.052.232,100.251.377,CAS/EC与ECHA英文名逐条核对,已核对
1820,73,三甲氧基(十三氟辛基)硅烷,"Trimethoxy(3,3,4,4,5,5,6,6,7,7,8,8,8-tridecafluorooctyl)silane",85857-16-5,288-657-1,1,"REACH Annex XVII第73项限制对象；(3,3,4,4,5,5,6,6,7,7,8,8,8-tridecafluorooctyl)silanetriol and any of its mono-, di- or tri-O-(alkyl) derivatives。具体限制条件见法规条款：Regulation。",Regulation,,https://eur-lex.europa.eu/legal-content/EN/TXT/?uri=uriserv:OJ.L_.2019.154.01.0037.01.ENG&toc=OJ:L:2019:154:TOC,100.080.569,100.251.377,CAS/EC与ECHA英文名逐条核对,已核对
70,74,二异氰酸酯,Diisocyanates,法规组级：无单一CAS/EC,法规组级：无单一CAS/EC,0,REACH Annex XVII第74项限制对象；Diisocyanates。具体限制条件见法规条款：Regulation。,Regulation,,https://eur-lex.europa.eu/legal-content/EN/ALL/?uri=uriserv:OJ.L_.2020.252.01.0024.01.ENG,100.251.385,100.251.385,共享核验表 + ECHA官方限制清单,已核对
1825,74,"2,6-甲苯二异氰酸酯",2-methyl-m-phenylene diisocyanate,91-08-7,202-039-0,1,REACH Annex XVII第74项限制对象；Diisocyanates。具体限制条件见法规条款：Regulation。,Regulation,,https://eur-lex.europa.eu/legal-content/EN/ALL/?uri=uriserv:OJ.L_.2020.252.01.0024.01.ENG,100.001.854,100.251.385,CAS/EC与ECHA英文名逐条核对,已核对
1826,74,"3,3'-二甲基联苯-4,4'-二异氰酸酯","3,3'-dimethylbiphenyl-4,4'-diyl diisocyanate",91-97-4,202-112-7,1,REACH Annex XVII第74项限制对象；Diisocyanates。具体限制条件见法规条款：Regulation。,Regulation,,https://eur-lex.europa.eu/legal-content/EN/ALL/?uri=uriserv:OJ.L_.2020.252.01.0024.01.ENG,100.001.921,100.251.385,CAS/EC与ECHA英文名逐条核对,已核对
1827,74,"4,4'-二苯基甲烷二异氰酸酯","4,4’-Methylenediphenyl diisocyanate",101-68-8,202-966-0,1,REACH Annex XVII第74项限制对象；Diisocyanates。具体限制条件见法规条款：Regulation。,Regulation,,https://eur-lex.europa.eu/legal-content/EN/ALL/?uri=uriserv:OJ.L_.2020.252.01.0024.01.ENG,100.002.697,100.251.385,CAS/EC与ECHA英文名逐条核对,已核对
1828,74,"2,4-甲苯二异氰酸酯",4-methyl-m-phenylene diisocyanate,584-84-9,209-544-5,1,REACH Annex XVII第74项限制对象；Diisocyanates。具体限制条件见法规条款：Regulation。,Regulation,,https://eur-lex.europa.eu/legal-content/EN/ALL/?uri=uriserv:OJ.L_.2020.252.01.0024.01.ENG,100.008.678,100.251.385,CAS/EC与ECHA英文名逐条核对,已核对
1829,74,六亚甲基二异氰酸酯,Hexamethylene diisocyanate,822-06-0,212-485-8,1,REACH Annex XVII第74项限制对象；Diisocyanates。具体限制条件见法规条款：Regulation。,Regulation,,https://eur-lex.europa.eu/legal-content/EN/ALL/?uri=uriserv:OJ.L_.2020.252.01.0024.01.ENG,100.011.350,100.251.385,ECHA法规条目与条目组级核对,已核对
1830,74,"2,4,6-三异丙基间苯二异氰酸酯","2,4,6-triisopropyl-m-phenylene diisocyanate",2162-73-4,218-485-4,1,REACH Annex XVII第74项限制对象；Diisocyanates。具体限制条件见法规条款：Regulation。,Regulation,,https://eur-lex.europa.eu/legal-content/EN/ALL/?uri=uriserv:OJ.L_.2020.252.01.0024.01.ENG,100.016.806,100.251.385,CAS/EC与ECHA英文名逐条核对,已核对
1831,74,"2,2'-二苯基甲烷二异氰酸酯","2,2’-Methylenediphenyl diisocyanate",2536-05-2,219-799-4,1,REACH Annex XVII第74项限制对象；Diisocyanates。具体限制条件见法规条款：Regulation。,Regulation,,https://eur-lex.europa.eu/legal-content/EN/ALL/?uri=uriserv:OJ.L_.2020.252.01.0024.01.ENG,100.018.000,100.251.385,CAS/EC与ECHA英文名逐条核对,已核对
1832,74,"1,3-双(1-异氰酸根合-1-甲基乙基)苯","1,3-bis(1-isocyanato-1-methylethyl)benzene",2778-42-9,220-474-4,1,REACH Annex XVII第74项限制对象；Diisocyanates。具体限制条件见法规条款：Regulation。,Regulation,,https://eur-lex.europa.eu/legal-content/EN/ALL/?uri=uriserv:OJ.L_.2020.252.01.0024.01.ENG,100.018.614,100.251.385,CAS/EC与ECHA英文名逐条核对,已核对
1833,74,"1,5-萘二异氰酸酯","1,5-naphthylene diisocyanate",3173-72-6,221-641-4,1,REACH Annex XVII第74项限制对象；Diisocyanates。具体限制条件见法规条款：Regulation。,Regulation,,https://eur-lex.europa.eu/legal-content/EN/ALL/?uri=uriserv:OJ.L_.2020.252.01.0024.01.ENG,100.019.675,100.251.385,CAS/EC与ECHA英文名逐条核对,已核对
1834,74,"1,3-苯二甲基二异氰酸酯","1,3-bis(isocyanatomethyl)benzene",3634-83-1,222-852-4,1,REACH Annex XVII第74项限制对象；Diisocyanates。具体限制条件见法规条款：Regulation。,Regulation,,https://eur-lex.europa.eu/legal-content/EN/ALL/?uri=uriserv:OJ.L_.2020.252.01.0024.01.ENG,100.020.776,100.251.385,CAS/EC与ECHA英文名逐条核对,已核对
1835,74,异佛尔酮二异氰酸酯,"3-isocyanatomethyl-3,5,5-trimethylcyclohexyl isocyanate",4098-71-9,223-861-6,1,REACH Annex XVII第74项限制对象；Diisocyanates。具体限制条件见法规条款：Regulation。,Regulation,,https://eur-lex.europa.eu/legal-content/EN/ALL/?uri=uriserv:OJ.L_.2020.252.01.0024.01.ENG,100.021.692,100.251.385,ECHA法规条目与条目组级核对,已核对
1836,74,"4,4'-二环己基甲烷二异氰酸酯","4,4'-methylenedicyclohexyl diisocyanate",5124-30-1,225-863-2,1,REACH Annex XVII第74项限制对象；Diisocyanates。具体限制条件见法规条款：Regulation。,Regulation,,https://eur-lex.europa.eu/legal-content/EN/ALL/?uri=uriserv:OJ.L_.2020.252.01.0024.01.ENG,100.023.512,100.251.385,CAS/EC与ECHA英文名逐条核对,已核对
1837,74,"2,4'-二苯基甲烷二异氰酸酯","2,4’-Methylenediphenyl diisocyanate",5873-54-1,227-534-9,1,REACH Annex XVII第74项限制对象；Diisocyanates。具体限制条件见法规条款：Regulation。,Regulation,,https://eur-lex.europa.eu/legal-content/EN/ALL/?uri=uriserv:OJ.L_.2020.252.01.0024.01.ENG,100.025.031,100.251.385,CAS/EC与ECHA英文名逐条核对,已核对
1838,74,甲苯二异氰酸酯,m-tolylidene diisocyanate,26471-62-5,247-722-4,1,REACH Annex XVII第74项限制对象；Diisocyanates。具体限制条件见法规条款：Regulation。,Regulation,,https://eur-lex.europa.eu/legal-content/EN/ALL/?uri=uriserv:OJ.L_.2020.252.01.0024.01.ENG,100.043.369,100.251.385,CAS/EC与ECHA英文名逐条核对,已核对
71,75,纹身油墨和永久化妆品中的危险物质,Substances in tattoo inks and permanent make up,法规组级：无单一CAS/EC,法规组级：无单一CAS/EC,0,REACH Annex XVII第75项限制对象；Substances in tattoo inks and permanent make up。具体限制条件见法规条款：Regulation。,Regulation,,https://eur-lex.europa.eu/legal-content/EN/TXT/?uri=uriserv%3AOJ.L_.2020.423.01.0006.01.ENG&toc=OJ%3AL%3A2020%3A423%3ATOC,100.251.395,100.251.395,共享核验表 + ECHA官方限制清单,已核对
4,76,"N,N-二甲基甲酰胺","N,N-dimethylformamide",68-12-2,200-679-5,0,"REACH Annex XVII第76项限制对象；N,N-dimethylformamide。具体限制条件见法规条款：Regulation。",Regulation,,https://eur-lex.europa.eu/legal-content/EN/TXT/?uri=CELEX%3A32021R2030&qid=1629107278018,100.000.617,100.000.617,共享核验表 + ECHA官方限制清单,已核对
73,77,甲醛及甲醛释放物质,formaldehyde and formaldehyde releasers,法规组级：无单一CAS/EC,法规组级：无单一CAS/EC,0,REACH Annex XVII第77项限制对象；formaldehyde and formaldehyde releasers。具体限制条件见法规条款：Regulation。,Regulation,,https://eur-lex.europa.eu/legal-content/EN/TXT/?uri=CELEX%3A32023R1464&qid=1629107278018,100.256.326,100.256.326,共享核验表 + ECHA官方限制清单,已核对
1842,77,甲醛,Formaldehyde,50-00-0,200-001-8,1,REACH Annex XVII第77项限制对象；formaldehyde and formaldehyde releasers。具体限制条件见法规条款：Regulation。,Regulation,,https://eur-lex.europa.eu/legal-content/EN/TXT/?uri=CELEX%3A32023R1464&qid=1629107278018,100.000.002,100.256.326,ECHA法规条目与条目组级核对,已核对
74,78,合成聚合物微粒,synthetic polymer microparticles,法规组级：无单一CAS/EC,法规组级：无单一CAS/EC,0,REACH Annex XVII第78项限制对象；synthetic polymer microparticles。具体限制条件见法规条款：Regulation。,Regulation,,https://eur-lex.europa.eu/legal-content/EN/TXT/?uri=OJ%3AJOL_2023_238_R_0003&qid=1629107278018,100.256.329,100.256.329,共享核验表 + ECHA官方限制清单,已核对
77,79,十一氟己酸、其盐及相关物质,"undecafluorohexanoic acid (PFHxA), its salts and related substances",法规组级：无单一CAS/EC,法规组级：无单一CAS/EC,0,"REACH Annex XVII第79项限制对象；undecafluorohexanoic acid (PFHxA), its salts and related substances。具体限制条件见法规条款：Regulation。",Regulation,,https://eur-lex.europa.eu/legal-content/EN/TXT/?uri=OJ%3AL_202402462,100.273.069,100.273.069,共享核验表 + ECHA官方限制清单,已核对
1849,79,全氟己酸钠,Sodium undecafluorohexanoate,2923-26-4,220-881-7,1,"REACH Annex XVII第79项限制对象；undecafluorohexanoic acid (PFHxA), its salts and related substances。具体限制条件见法规条款：Regulation。",Regulation,,https://eur-lex.europa.eu/legal-content/EN/TXT/?uri=OJ%3AL_202402462,100.018.984,100.273.069,CAS/EC与ECHA英文名逐条核对,已核对
1850,79,全氟己酸及其铵盐,undecafluorohexanoic acid and its ammonium salt,法规组级：无单一CAS/EC,法规组级：无单一CAS/EC,1,"REACH Annex XVII第79项限制对象；undecafluorohexanoic acid (PFHxA), its salts and related substances。具体限制条件见法规条款：Regulation。",Regulation,,https://eur-lex.europa.eu/legal-content/EN/TXT/?uri=OJ%3AL_202402462,100.273.067,100.273.069,CAS/EC与ECHA英文名逐条核对,已核对
23,80,"N,N-二甲基乙酰胺","N,N-dimethylacetamide (DMAC)",127-19-5,204-826-4,0,"REACH Annex XVII第80项限制对象；N,N-dimethylacetamide (DMAC)。具体限制条件见法规条款：R 2025/1090 (Annex VII entry 80)。",R 2025/1090 (Annex VII entry 80),,https://eur-lex.europa.eu/eli/reg/2025/1090/oj,100.004.389,100.004.389,共享核验表 + ECHA官方限制清单,已核对
28,81,N-乙基-2-吡咯烷酮,1-ethylpyrrolidin-2-one (NEP),2687-91-4,220-250-6,0,REACH Annex XVII第81项限制对象；1-ethylpyrrolidin-2-one (NEP)。具体限制条件见法规条款：R 2025/1090 (Annex VII entry 81)。,R 2025/1090 (Annex VII entry 81),,https://eur-lex.europa.eu/eli/reg/2025/1090/oj,100.018.409,100.018.409,共享核验表 + ECHA官方限制清单,已核对
78,82,全氟和多氟烷基物质（消防泡沫）,Per- and polyfluoroalkyl substances (PFAS),法规组级：无单一CAS/EC,法规组级：无单一CAS/EC,0,REACH Annex XVII第82项限制对象；Per- and polyfluoroalkyl substances (PFAS)。具体限制条件见法规条款：R 2025/1988。,R 2025/1988,,https://eur-lex.europa.eu/eli/reg/2025/1988/oj,100.308.021,100.308.021,共享核验表 + ECHA官方限制清单,已核对
21,83,"2,4-二硝基甲苯","2,4-dinitrotoluene",121-14-2,204-450-0,0,"REACH Annex XVII第83项限制对象；2,4-dinitrotoluene。具体限制条件见法规条款：R 2026/859。",R 2026/859,,https://eur-lex.europa.eu/legal-content/EN/TXT/?uri=CELEX%3A32026R0859,100.004.046,100.004.046,共享核验表 + ECHA官方限制清单,已核对
