序号(ID),所属板块(Section),类别(Category),材质分组(Material Group),中文名称,英文名称,源CAS号,标准CAS号,源EC号,标准EC号,适用范围(Scope),限制类型,限值(Limit),单位(Unit),测试方法,备注说明,是否组别/类,重复统计
1,BSBL 主清单,Aldehydes｜醛类,,丙烯醛,Acrolein,107-02-8,107-02-8,,,All,Usage ban,50,mg/kg,—,—,0,1
2,BSBL 主清单,Aldehydes｜醛类,,乙醛,Acetaldehyde,75-07-0,75-07-0,,,All,Usage ban,500,mg/kg,LC-MS,—,0,1
3,BSBL 主清单,Aldehydes｜醛类,,戊二醛,Glutaraldehyde,111-30-8,111-30-8,,,All,Usage ban,1000,mg/kg,LC-MS,允许作为罐内防腐剂使用（<1000 ppm）,0,1
4,BSBL 主清单,Alkylphenolethoxylates (APEOs)｜烷基酚聚氧乙烯醚,,壬基酚聚氧乙烯醚（NPEO）,Nonylphenol ethoxylates (NPEO),Several,9016-45-9 / 26027-38-3,,,All,Usage ban,100,mg/kg,ISO 18254-1 (2016),所有归属成员/物质的总和；单个成员/物质列于 Annex,0,1
5,BSBL 主清单,Alkylphenolethoxylates (APEOs)｜烷基酚聚氧乙烯醚,,辛基酚聚氧乙烯醚（OPEO）,Octylphenol ethoxylates (OPEO),Several,9002-93-1 / 9036-19-5,,,All,Usage ban,100,mg/kg,ISO 18254-1 (2016),所有归属成员/物质的总和；单个成员/物质列于 Annex,0,1
6,BSBL 主清单,Alkylphenols (APs)｜烷基酚,,4-叔丁基苯酚,4-tert-Butylphenol,98-54-4,98-54-4,,,All,Usage ban,100,mg/kg,ISO 21084 (2019),—,0,1
7,BSBL 主清单,Alkylphenols (APs)｜烷基酚,,对叔戊基苯酚,"p-(1,1-Dimethylpropyl) phenol",80-46-6,80-46-6,,,All,Usage ban,100,mg/kg,ISO 21084 (2019),—,0,1
8,BSBL 主清单,Alkylphenols (APs)｜烷基酚,,4-庚基苯酚（支链和直链）,"4-Heptylphenol, branched and linear",Several,1987-50-4 / 72624-02-3,,,All,Usage ban,100,mg/kg,ISO 21084 (2019),—,0,1
9,BSBL 主清单,Alkylphenols (APs)｜烷基酚,,辛基酚（OP），混合异构体,"Octylphenol (OP), mixed isomers",Several,27193-28-8 / 140-66-9,,,All,Usage ban,100,mg/kg,ISO 21084 (2019),—,0,1
10,BSBL 主清单,Alkylphenols (APs)｜烷基酚,,壬基酚（NP），混合异构体,"Nonylphenol (NP), mixed isomers",Several,25154-52-3 / 84852-15-3 / 104-40-5,,,All,Usage ban,100,mg/kg,ISO 21084 (2019),—,0,1
11,BSBL 主清单,Alkylphenols (APs)｜烷基酚,,十二烷基苯酚，混合异构体,"Dodecylphenol, mixed isomers",27193-86-8,27193-86-8,,,All,Usage ban,100,mg/kg,ISO 21084 (2019),—,0,1
12,BSBL 主清单,Amines（胺类）,,氨基乙基乙醇胺（AEEA）,Aminoethylethanolamine (AEEA),111-41-1,111-41-1,,,All,Usage ban,10,mg/kg,GC-MS,—,0,1
13,BSBL 主清单,Amines（胺类）,,可裂解生成 AEEA 的 AEEA 脂肪酸缩合产物,Fatty acid condensation products with AEEA which may cleave to AEEA,—,111-41-1 (AEEA母体),,,All,Usage ban,100,mg/kg,LC-MS,—,0,1
14,BSBL 主清单,Amines（胺类）,,乙二胺,Ethylenediamine,107-15-3,107-15-3,,,All,Usage ban,1000,mg/kg,GC-MS,—,0,1
15,BSBL 主清单,Amines（胺类）,,咪唑,Imidazole,288-32-4,288-32-4,,,All,Usage ban,10,mg/kg,GC-MS,—,0,1
16,BSBL 主清单,Amines（胺类）,,三聚氰胺,Melamine,108-78-1,108-78-1,,,All,Usage ban,1000,mg/kg,GC-MS,—,0,1
17,BSBL 主清单,Amines（胺类）,,2-萘基苯胺,2-Naphthylphenylamine,135-88-6,135-88-6,,,All,Usage ban,10,mg/kg,GC-MS,—,0,1
18,BSBL 主清单,Amines（胺类）,,苯胺及其盐和化合物,"Anilines, its salts and compounds",Several,62-53-3,,,—,—,—,—,—,物质组,0,1
19,BSBL 主清单,Amines（胺类）,,苯胺（游离含量）,Aniline - free content,62-53-3,62-53-3,,,All,Usage restriction,500,mg/kg,LC-MS,游离含量；靛蓝例外限值为 2000 mg/kg，仅适用于制剂中靛蓝含量 ≥30%,0,1
20,BSBL 主清单,Amines（胺类）,,"2,5-二氨基甲苯及其盐","2,5-Diaminotoluene and its salts",Several,95-70-5 (母体) / 615-50-9 (硫酸盐),,,All,Usage ban,150,mg/kg,GC-MS / 甲醇萃取,限值适用于所有成员的总和；化学产品最迟于 2027-07-01 符合要求,0,1
21,BSBL 主清单,Amines（胺类）,,"2,5-二氨基甲苯硫酸盐","2,5-Diaminotoluene sulfate",615-50-9,615-50-9,,,—,—,—,—,—,归属于上述物质组,0,1
22,BSBL 主清单,Amines（胺类）,,"2,5-二氨基甲苯","2,5-Diaminotoluene",95-70-5,95-70-5,,,—,—,—,—,—,归属于上述物质组,0,1
23,BSBL 主清单,Amines（胺类）,,苯二胺及其盐,Phenylenediamines and its salts,Several,106-50-3 (对苯二胺) / 95-54-5 (邻苯二胺),,,—,—,—,—,—,物质组,0,1
24,BSBL 主清单,Amines（胺类）,,对苯二胺及其盐,p-Phenylenediamine and its salts,Several,106-50-3,,,—,—,—,—,—,子物质组,0,1
25,BSBL 主清单,Amines（胺类）,,对苯二胺,p-Phenylenediamine,106-50-3,106-50-3,,,All,Usage ban,150,mg/kg,GC-MS,—,0,1
26,BSBL 主清单,Amines（胺类）,,对苯二胺二盐酸盐,p-Phenylenediamine-dihydrochloride,624-18-0,624-18-0,,,All,Usage ban,150,mg/kg,GC-MS,—,0,1
27,BSBL 主清单,Arylamines（芳香胺）,,芳香胺,Arylamines,Several,62-53-3 (类目基准),,,All,Usage ban,150,mg/kg,LC-MS / LC-DAD,每个归属的芳香胺及其相应盐限值 150 mg/kg；目标值 100 mg/kg,0,1
28,BSBL 主清单,Arylamines（芳香胺）,,邻氨基偶氮甲苯及其盐,o-Aminoazotoluene and its salts,Several,97-56-3,,,All,Usage ban,150,mg/kg,LC-MS / LC-DAD,—,0,1
29,BSBL 主清单,Arylamines（芳香胺）,,对氨基偶氮苯及其盐,p-Aminoazobenzene and its salts,Several,60-09-3,,,All,Usage ban,150,mg/kg,LC-MS / LC-DAD,—,0,1
30,BSBL 主清单,Arylamines（芳香胺）,,4-氨基联苯及其盐,4-Aminobiphenyl and its salts,Several,92-67-1 / 2113-61-3 (盐酸盐),,,All,Usage ban,150,mg/kg,LC-MS / LC-DAD,—,0,1
31,BSBL 主清单,Arylamines（芳香胺）,,6-氨基-2-乙氧基萘及其盐,6-Amino-2-ethoxynaphthalene and its salts,Several,293733-21-8,,,All,Usage ban,150,mg/kg,LC-MS / LC-DAD,—,0,1
32,BSBL 主清单,Arylamines（芳香胺）,,4-氨基-3-氟苯酚及其盐,4-Amino-3-fluorophenol and its salts,Several,399-95-1,,,All,Usage ban,150,mg/kg,LC-MS / LC-DAD,—,0,1
33,BSBL 主清单,Arylamines（芳香胺）,,4-氯苯胺及其盐,4-Chloroaniline and its salts,Several,106-47-8 / 20265-96-7 (盐酸盐),,,All,Usage ban,150,mg/kg,LC-MS / LC-DAD,—,0,1
34,BSBL 主清单,Arylamines（芳香胺）,,"2,4-二氨基苯甲醚及其盐","2,4-Diaminoanisole and its salts",Several,615-05-4 / 39156-41-7 (硫酸盐),,,All,Usage ban,150,mg/kg,LC-MS / LC-DAD,—,0,1
35,BSBL 主清单,Arylamines（芳香胺）,,"4,4′-二氨基二苯甲烷及其盐","4,4'-Diaminodiphenylmethane and its salts",Several,101-77-9 / 13552-44-8 (二盐酸盐),,,All,Usage ban,150,mg/kg,LC-MS / LC-DAD,—,0,1
36,BSBL 主清单,Arylamines（芳香胺）,,"2,4-二氨基甲苯及其盐","2,4-Diaminotoluene and its salts",Several,95-80-7 / 636-23-7 (二盐酸盐),,,All,Usage ban,150,mg/kg,LC-MS / LC-DAD,—,0,1
37,BSBL 主清单,Arylamines（芳香胺）,,"4,4′-亚甲基双(2-氯苯胺)及其盐","4,4'-Methylenebis-(2-chloraniline) and its salts",Several,101-14-4,,,All,Usage ban,150,mg/kg,LC-MS / LC-DAD,—,0,1
38,BSBL 主清单,Arylamines（芳香胺）,,2-萘胺及其盐,2-Naphthylamine and its salts,Several,91-59-8 / 612-52-2 (盐酸盐) / 553-00-4 (乙酸盐),,,All,Usage ban,150,mg/kg,LC-MS / LC-DAD,—,0,1
39,BSBL 主清单,Arylamines（芳香胺）,,邻甲氧基苯胺及其盐,2-Anisidine and its salts,Several,90-04-0 / 134-29-2 (盐酸盐),,,All,Usage ban,150,mg/kg,LC-MS / LC-DAD,—,0,1
40,BSBL 主清单,Arylamines（芳香胺）,,联苯胺及其盐,Benzidine and its salts,Several,92-87-5 / 531-85-1 (二盐酸盐) / 531-86-2 (硫酸盐),,,All,Usage ban,150,mg/kg,LC-MS / LC-DAD,—,0,1
41,BSBL 主清单,Arylamines（芳香胺）,,"3,3′-二甲基联苯胺及其盐","3,3'-Dimethylbenzidine and its salts",Several,119-93-7 / 612-82-8 (二盐酸盐),,,All,Usage ban,150,mg/kg,LC-MS / LC-DAD,—,0,1
42,BSBL 主清单,Arylamines（芳香胺）,,"3,3′-二氯联苯胺及其盐","3,3'-Dichlorobenzidine and its salts",Several,91-94-1 / 612-83-9 (二盐酸盐),,,All,Usage ban,150,mg/kg,LC-MS / LC-DAD,—,0,1
43,BSBL 主清单,Arylamines（芳香胺）,,邻联茴香胺及其盐,o-Dianisidines and its salts,Several,119-90-4 / 20325-40-0 (二盐酸盐),,,All,Usage ban,150,mg/kg,LC-MS / LC-DAD,Goal：100 mg/kg；单一物质列于 Annex,0,1
44,BSBL 主清单,Arylamines（芳香胺）,,二氨基联苯及其盐,Dianilines and its salts,Several,92-87-5,,,—,—,—,—,—,物质组,0,1
45,BSBL 主清单,Arylamines（芳香胺）,,"4,4′-二氨基二苯醚及其盐","4,4'-Oxydianiline and its salts",Several,101-80-4,,,All,Usage ban,150,mg/kg,LC-MS / LC-DAD,Goal：100 mg/kg；单一物质列于 Annex,0,1
46,BSBL 主清单,Arylamines（芳香胺）,,"4,4′-硫代二苯胺及其盐","4,4'-Thiodianiline and its salts",Several,139-65-1,,,All,Usage ban,150,mg/kg,LC-MS / LC-DAD,Goal：100 mg/kg；单一物质列于 Annex,0,1
47,BSBL 主清单,Arylamines（芳香胺）,,甲苯胺及其盐,Toluidines and its salts,Several,95-53-4 (邻) / 106-49-0 (对) / 108-44-1 (间),,,—,—,—,—,—,物质组,0,1
48,BSBL 主清单,Arylamines（芳香胺）,,对甲氧基间甲苯胺及其盐,p-Cresidine and its salts,Several,120-71-8,,,All,Usage ban,150,mg/kg,LC-MS / LC-DAD,Goal：100 mg/kg,0,1
49,BSBL 主清单,Arylamines（芳香胺）,,间甲苯胺及其盐,m-Toluidine and its salts,Several,108-44-1 / 638-03-9 (盐酸盐),,,All,Usage ban,150,mg/kg,LC-MS / LC-DAD,Goal：100 mg/kg,0,1
50,BSBL 主清单,Arylamines（芳香胺）,,邻甲苯胺及其盐,o-Toluidine and its salts,Several,95-53-4 / 636-21-5 (盐酸盐),,,All,Usage ban,150,mg/kg,LC-MS / LC-DAD,Goal：100 mg/kg,0,1
51,BSBL 主清单,Arylamines（芳香胺）,,对甲苯胺及其盐,p-Toluidine and its salts,Several,106-49-0 / 540-23-8 (盐酸盐),,,All,Usage ban,150,mg/kg,LC-MS / LC-DAD,Goal：100 mg/kg,0,1
52,BSBL 主清单,Arylamines（芳香胺）,,"4,4′-亚甲基二邻甲苯胺及其盐","4,4'-Methylenedi-o-toluidine and its salts",Several,838-88-0,,,All,Usage ban,150,mg/kg,LC-MS / LC-DAD,Goal：100 mg/kg,0,1
53,BSBL 主清单,Arylamines（芳香胺）,,硝基甲苯胺及其盐,Nitrotoluidines and its salts,Several,99-55-8 (2-氨基-4-硝基甲苯基准),,,—,—,—,—,—,物质组,0,1
54,BSBL 主清单,Arylamines（芳香胺）,,2-氨基-4-硝基甲苯及其盐,2-Amino-4-nitrotoluene and its salts,Several,99-55-8,,,All,Usage ban,150,mg/kg,LC-MS / LC-DAD,Goal：100 mg/kg；单一物质列于 Annex,0,1
55,BSBL 主清单,Arylamines（芳香胺）,,氯甲苯胺及其盐,Chlorotoluidines and its salts,Several,95-69-2 (4-氯-2-甲苯胺基准),,,—,—,—,—,—,物质组，内容延续至第16页,0,1
56,BSBL 主清单,Arylamines（芳香胺）,,4-氯-2-甲苯胺及其盐,4-Chloro-2-toluidine and its salts,Several,95-69-2 / 3165-93-3 (盐酸盐),,,All,Usage ban,150,mg/kg,LC-MS / LC-DAD,Goal：100 mg/kg；单一物质列于 Annex,0,1
57,BSBL 主清单,Arylamines（芳香胺）,,三甲基苯胺及其盐,Trimethylanilines and its salts,Several,"137-17-7 (2,4,5-三甲基苯胺基准)",,,—,—,—,—,—,物质组,0,1
58,BSBL 主清单,Arylamines（芳香胺）,,"2,4,5-三甲基苯胺及其盐","2,4,5-Trimethylaniline and its salts",Several,137-17-7 / 21436-97-5 (盐酸盐),,,All,Usage ban,150,mg/kg,LC-MS / LC-DAD,Goal：100 mg/kg；单一物质列于 Annex,0,1
59,BSBL 主清单,Arylamines（芳香胺）,,二甲基苯胺及其盐,Xylidines and its salts,Several,"95-68-1 (2,4-二甲基苯胺基准)",,,—,—,—,—,—,物质组,0,1
60,BSBL 主清单,Arylamines（芳香胺）,,"2,4-二甲基苯胺及其盐","2,4-Xylidine and its salts",Several,95-68-1 / 21436-96-4 (盐酸盐),,,All,Usage ban,150,mg/kg,LC-MS / LC-DAD,Goal：100 mg/kg,0,1
61,BSBL 主清单,Arylamines（芳香胺）,,"2,6-二甲基苯胺及其盐","2,6-Xylidine and its salts",Several,87-62-7 / 21436-98-6 (盐酸盐),,,All,Usage ban,150,mg/kg,LC-MS / LC-DAD,Goal：100 mg/kg；单一物质列于 Annex,0,1
62,BSBL 主清单,Biocides（杀生物剂）,,2-氯乙酰胺,2-Chloroacetamide,1979/7/2,79-07-2,,,All,Usage ban,10,mg/kg,GC-MS,—,0,1
63,BSBL 主清单,Biocides（杀生物剂）,,二氯酚,Dichlorophen,97-23-4,97-23-4,,,All,Usage ban,10,mg/kg,LC-MS,—,0,1
64,BSBL 主清单,Biocides（杀生物剂）,,富马酸二甲酯,Dimethylfumarate,624-49-7,624-49-7,,,All,Usage ban,10,mg/kg,ISO 16186 (2021),—,0,1
65,BSBL 主清单,Biocides（杀生物剂）,,N-羟甲基氯乙酰胺,N-Methylol-chloroacetamide,2832-19-1,2832-19-1,,,All,Usage ban,100,mg/kg,GC-MS,—,0,1
66,BSBL 主清单,Biocides（杀生物剂）,,氯菊酯,Permethrin,52645-53-1,52645-53-1,,,All,Usage ban,10,mg/kg,GC-MS / LC-MS,使用范围 C 的化学产品存在例外；参见 bluesign 杀生物产品和抗微生物活性物质标准,0,1
67,BSBL 主清单,Biocides（杀生物剂）,,吡硫翁锌,Pyrithione zinc,13463-41-7,13463-41-7,,,All,Usage ban,50,mg/kg,ICP/AAS；确认：HPLC-DAD、LC-MS 或 LC-MS/MS,先检测金属含量；阳性结果再采用确认方法,0,1
68,BSBL 主清单,Biocides（杀生物剂）,,三氯生,Triclosan,3380-34-5,3380-34-5,,,All,Usage ban,10,mg/kg,ISO 22992-2,—,0,1
69,BSBL 主清单,Biocides（杀生物剂）,,氯化和非氯化异噻唑啉酮衍生物,Chlorinated and non-chlorinated Isothiazolinone-derivatives,Several,55965-84-9 (CIT/MIT) / 26172-55-4 / 2682-20-4,,,All,Usage ban,—,—,LC-MS,每个归属成员/物质均禁止使用,0,1
70,BSBL 主清单,Biocides（杀生物剂）,,二氯辛基异噻唑啉酮（DCOIT）,Dichlorooctyl isothiazolinone (DCOIT),64359-81-5,64359-81-5,,,All,Usage ban,100,mg/kg,LC-MS/MS,—,0,1
71,BSBL 主清单,Biocides（杀生物剂）,,邻苯基苯酚及其盐,o-Phenylphenol and its salts,Several,90-43-7 (邻苯基苯酚) / 132-27-4 (钠盐),,,Textiles,Usage restriction,5000,mg/kg,EN 17134-1 (2024),物质组,0,1
72,BSBL 主清单,Biocides（杀生物剂）,,邻苯基苯酚及其盐,o-Phenylphenol and its salts,Several,90-43-7 (邻苯基苯酚) / 132-27-4 (钠盐),,,Leather,Usage restriction,5000,mg/kg,ISO 13365-1 (2020),化学产品最迟于 2027-07-01 符合要求,0,1
73,BSBL 主清单,Biocides（杀生物剂）,,邻苯基苯酚,o-Phenylphenol,90-43-7,90-43-7,,,—,—,—,—,—,上述物质组成员,0,1
74,BSBL 主清单,Biocides（杀生物剂）,,2-联苯酚钠,Sodium 2-biphenylate,132-27-4,132-27-4,,,—,—,—,—,—,上述物质组成员,0,1
75,BSBL 主清单,Chlorinated Benzenes and Toluenes（氯化苯和氯化甲苯）,,氯化苯和氯化甲苯,Chlorinated Benzenes and Toluenes,Several,108-90-7 / 108-88-3,,,All,Usage ban,25,mg/kg,参考 EN 17137 (2024)，低进样温度 GC-MS 确认,所有归属成员/物质总和限值；总和目标值 10 mg/kg；每个成员另适用 10 mg/kg，目标值 5 mg/kg,0,1
76,BSBL 主清单,Chlorinated Benzenes and Toluenes（氯化苯和氯化甲苯）,,氯化苯,Chlorinated Benzenes,Several,108-90-7 (氯苯类基准),,,—,—,—,—,—,物质组,0,1
77,BSBL 主清单,Chlorinated Benzenes and Toluenes（氯化苯和氯化甲苯）,,一氯苯,Monochlorobenzene,108-90-7,108-90-7,,,All,Usage ban,10,mg/kg,同上,Goal：5 mg/kg,0,1
78,BSBL 主清单,Chlorinated Benzenes and Toluenes（氯化苯和氯化甲苯）,,五氯苯,Pentachlorobenzene,608-93-5,608-93-5,,,All,Usage ban,10,mg/kg,同上,Goal：5 mg/kg,0,1
79,BSBL 主清单,Chlorinated Benzenes and Toluenes（氯化苯和氯化甲苯）,,六氯苯,Hexachlorobenzene,118-74-1,118-74-1,,,All,Usage ban,10,mg/kg,同上,Goal：5 mg/kg,0,1
80,BSBL 主清单,Chlorinated Benzenes and Toluenes（氯化苯和氯化甲苯）,,二氯苯（所有异构体）,"Dichlorobenzenes, all isomers",Several,25321-22-6 (混合) / 95-50-1 (邻) / 106-46-7 (对),,,All,Usage ban,—,—,参考 EN 17137 (2024)，低进样温度 GC-MS 确认,单一物质列于 Annex,0,1
81,BSBL 主清单,Chlorinated Benzenes and Toluenes（氯化苯和氯化甲苯）,,三氯苯（所有异构体）,"Trichlorobenzenes, all isomers",Several,12002-48-1 (混合) / 120-82-1 / 87-61-6,,,All,Usage ban,—,—,同上,单一物质列于 Annex,0,1
82,BSBL 主清单,Chlorinated Benzenes and Toluenes（氯化苯和氯化甲苯）,,四氯苯（所有异构体）,"Tetrachlorobenzenes, all isomers",Several,12408-10-5 (混合) / 634-66-2 / 95-94-3,,,All,Usage ban,—,—,同上,单一物质列于 Annex,0,1
83,BSBL 主清单,Chlorinated Benzenes and Toluenes（氯化苯和氯化甲苯）,,氯化甲苯,Chlorinated Toluenes,Several,25168-05-2 (氯甲苯基准),,,—,—,—,—,—,物质组,0,1
84,BSBL 主清单,Chlorinated Benzenes and Toluenes（氯化苯和氯化甲苯）,,五氯甲苯,Pentachlorotoluene,877-11-2,877-11-2,,,All,Usage ban,10,mg/kg,同上,Goal：5 mg/kg,0,1
85,BSBL 主清单,Chlorinated Benzenes and Toluenes（氯化苯和氯化甲苯）,,氯甲苯，未指定混合物,"Chlorotoluene, unspecific mixture",25168-05-2,25168-05-2,,,All,Usage ban,10,mg/kg,同上,Goal：5 mg/kg,0,1
86,BSBL 主清单,Chlorinated Benzenes and Toluenes（氯化苯和氯化甲苯）,,一氯甲苯（所有异构体）,"Monochlorotoluenes, all isomers",Several,25168-05-2 (混合) / 95-49-8 (邻) / 106-43-4 (对),,,All,Usage ban,—,—,同上,单一物质列于 Annex,0,1
87,BSBL 主清单,Chlorinated Benzenes and Toluenes（氯化苯和氯化甲苯）,,二氯甲苯（所有异构体）,"Dichlorotoluenes, all isomers",Several,29797-40-8 (混合) / 95-73-8 / 19398-61-9,,,All,Usage ban,—,—,同上,单一物质列于 Annex,0,1
88,BSBL 主清单,Chlorinated Benzenes and Toluenes（氯化苯和氯化甲苯）,,三氯甲苯（所有异构体）,"Trichlorotoluenes, all isomers",Several,2077-46-5 (混合) / 2077-47-6,,,All,Usage ban,10,mg/kg,同上,单一物质列于 Annex；最迟 2027-07-01 符合要求,0,1
89,BSBL 主清单,Chlorinated Benzenes and Toluenes（氯化苯和氯化甲苯）,,四氯甲苯（所有异构体）,"Tetrachlorotoluenes, all isomers",Several,875-40-1 (混合) / 1006-31-1,,,All,Usage ban,10,mg/kg,同上,单一物质列于 Annex；最迟 2027-07-01 符合要求,0,1
90,BSBL 主清单,"Chlorinated paraffins, all chain lengths（全链长氯化石蜡）",,短链氯化石蜡（SCCP），C10-C13,"Paraffin, C10-C13, chlorinated (SCCP)",85535-84-8,85535-84-8,,,Textiles / Down-feather / Polymer parts / Metal parts,Usage ban,250,mg/kg,ISO 22818 (2021),—,0,1
91,BSBL 主清单,"Chlorinated paraffins, all chain lengths（全链长氯化石蜡）",,短链氯化石蜡（SCCP），C10-C13,"Paraffin, C10-C13, chlorinated (SCCP)",85535-84-8,85535-84-8,,,Leather,Usage ban,250,mg/kg,ISO 18219-1 (2021),—,0,1
92,BSBL 主清单,"Chlorinated paraffins, all chain lengths（全链长氯化石蜡）",,中链氯化石蜡（MCCP），C14-C17,"Paraffin, C14-C17, chlorinated (MCCP)",85535-85-9,85535-85-9,,,Textiles / Down-feather / Polymer parts / Metal parts,Usage ban,250,mg/kg,ISO 22818 (2021),—,0,1
93,BSBL 主清单,"Chlorinated paraffins, all chain lengths（全链长氯化石蜡）",,中链氯化石蜡（MCCP），C14-C17,"Paraffin, C14-C17, chlorinated (MCCP)",85535-85-9,85535-85-9,,,Leather,Usage ban,250,mg/kg,ISO 18219-2 (2021),限值适用于所有成员总和,0,1
94,BSBL 主清单,"Chlorinated paraffins, all chain lengths（全链长氯化石蜡）",,C14-16 氯代烷烃,"Alkanes, C14-16, chloro",1372804-76-6,1372804-76-6,,,—,—,—,—,—,MCCP 相关成员,0,1
95,BSBL 主清单,"Chlorinated paraffins, all chain lengths（全链长氯化石蜡）",,氯代十四烷衍生物,"Tetradecane, chloro derivs.",198840-65-2,198840-65-2,,,—,—,—,—,—,MCCP 相关成员,0,1
96,BSBL 主清单,"Chlorinated paraffins, all chain lengths（全链长氯化石蜡）",,二、三和四氯十四烷,"Di-, tri- and tetrachlorotetradecane",—,85535-85-9 (中链氯化石蜡 MCCP代表CAS),,,—,—,—,—,—,MCCP 相关成员,0,1
97,BSBL 主清单,"Chlorinated paraffins, all chain lengths（全链长氯化石蜡）",,长链氯化石蜡（LCCP），C18-C28,"Paraffin, C18-C28, chlorinated (LCCP)",85535-86-0,85535-86-0,,,Textiles / Down-feather / Polymer parts / Metal parts,Usage ban,250,mg/kg,LC-MS,限值适用于所有成员总和,0,1
98,BSBL 主清单,"Chlorinated paraffins, all chain lengths（全链长氯化石蜡）",,长链氯化石蜡（LCCP），C18-C28,"Paraffin, C18-C28, chlorinated (LCCP)",85535-86-0,85535-86-0,,,Leather,Usage ban,250,mg/kg,LC-MS,限值适用于所有成员总和,0,1
99,BSBL 主清单,"Chlorinated paraffins, all chain lengths（全链长氯化石蜡）",,氯化石蜡,"Paraffin wax, chlorinated",63449-39-8,63449-39-8,,,—,—,—,—,—,LCCP 相关成员,0,1
100,BSBL 主清单,Chlorinated Phenols（氯化酚）,,三氯苯酚（所有异构体）,"Trichlorophenol, all isomers",25167-82-2,25167-82-2,,,All,Usage ban,5,mg/kg,EN 17134-2:2023 / EN ISO 17070 (Leather),所有归属成员/物质总和；每个成员另适用 5 mg/kg,0,1
101,BSBL 主清单,Chlorinated Phenols（氯化酚）,,"2,3,4-三氯苯酚","2,3,4-Trichlorophenol",15950-66-0,15950-66-0,,,All,Usage ban,5,mg/kg,同上,—,0,1
102,BSBL 主清单,Chlorinated Phenols（氯化酚）,,"2,3,5-三氯苯酚","2,3,5-Trichlorophenol",933-78-8,933-78-8,,,All,Usage ban,5,mg/kg,同上,—,0,1
103,BSBL 主清单,Chlorinated Phenols（氯化酚）,,"2,3,6-三氯苯酚","2,3,6-Trichlorophenol",933-75-5,933-75-5,,,All,Usage ban,5,mg/kg,同上,—,0,1
104,BSBL 主清单,Chlorinated Phenols（氯化酚）,,"2,4,5-三氯苯酚","2,4,5-Trichlorophenol",95-95-4,95-95-4,,,All,Usage ban,5,mg/kg,同上,—,0,1
105,BSBL 主清单,Chlorinated Phenols（氯化酚）,,"2,4,6-三氯苯酚","2,4,6-Trichlorophenol",1988/6/2,88-06-2,,,All,Usage ban,5,mg/kg,同上,—,0,1
106,BSBL 主清单,Chlorinated Phenols（氯化酚）,,"3,4,5-三氯苯酚","3,4,5-Trichlorophenol",609-19-8,609-19-8,,,All,Usage ban,5,mg/kg,同上,—,0,1
107,BSBL 主清单,Chlorinated Phenols（氯化酚）,,四氯苯酚及其盐和化合物,"Tetrachlorophenol, its salts and compounds",25167-83-3,25167-83-3,,,All,Usage ban,5,mg/kg,EN 17134-2:2023 / EN ISO 17070 (Leather),所有归属成员/物质总和；每个成员另适用 5 mg/kg,0,1
108,BSBL 主清单,Chlorinated Phenols（氯化酚）,,"2,3,4,5-四氯苯酚","2,3,4,5-Tetrachlorophenol",4901-51-3,4901-51-3,,,All,Usage ban,5,mg/kg,同上,—,0,1
109,BSBL 主清单,Chlorinated Phenols（氯化酚）,,"2,3,4,6-四氯苯酚","2,3,4,6-Tetrachlorophenol",58-90-2,58-90-2,,,All,Usage ban,5,mg/kg,同上,—,0,1
110,BSBL 主清单,Chlorinated Phenols（氯化酚）,,"2,3,5,6-四氯苯酚","2,3,5,6-Tetrachlorophenol",935-95-5,935-95-5,,,All,Usage ban,5,mg/kg,同上,—,0,1
111,BSBL 主清单,Chlorinated Phenols（氯化酚）,,五氯苯酚及其盐、酯和化合物,"Pentachlorophenol, its salts, esters and compounds",Several,87-86-5 (五氯苯酚) / 131-52-2 (钠盐),,,All,Usage ban,5,mg/kg,EN 17134-2:2023 / EN ISO 17070 (Leather),所有归属成员/物质总和,0,1
112,BSBL 主清单,Chlorinated Phenols（氯化酚）,,五氯苯酚,Pentachlorophenol,87-86-5,87-86-5,,,—,—,—,—,—,上述物质组明确列出的成员,0,1
113,BSBL 主清单,Chlorinated Phenols（氯化酚）,,一氯和二氯苯酚,Mono- and Dichlorophenols,Several,25167-80-0 (一氯酚) / 25167-81-1 (二氯酚),,,All,Usage ban,10,mg/kg,EN 17134-2:2023 / EN ISO 17070 (Leather),所有归属成员/物质总和；每个成员另适用 5 mg/kg,0,1
114,BSBL 主清单,Chlorinated Phenols（氯化酚）,,一氯苯酚（所有异构体）,"Monochlorophenols, all isomers",25167-80-0,25167-80-0,,,—,—,—,—,—,物质组,0,1
115,BSBL 主清单,Chlorinated Phenols（氯化酚）,,2-氯苯酚,2-Chlorophenol,95-57-8,95-57-8,,,All,Usage ban,5,mg/kg,同上,—,0,1
116,BSBL 主清单,Chlorinated Phenols（氯化酚）,,3-氯苯酚,3-Chlorophenol,108-43-0,108-43-0,,,All,Usage ban,5,mg/kg,,,0,1
117,BSBL 主清单,Chlorinated Phenols（氯化酚）,,4-氯苯酚,4-Chlorophenol,106-48-9,106-48-9,,,All,Usage ban,5,mg/kg,,,0,1
118,BSBL 主清单,Chlorinated Phenols（氯化酚）,,二氯苯酚（所有异构体）,"Dichlorophenols, all isomers",25167-81-1,25167-81-1,,,—,—,—,—,,,0,1
119,BSBL 主清单,Chlorinated Phenols（氯化酚）,,"2,3-二氯苯酚","2,3-Dichlorophenol",576-24-9,576-24-9,,,All,Usage ban,5,mg/kg,,,0,1
120,BSBL 主清单,Chlorinated Phenols（氯化酚）,,"2,4-二氯苯酚","2,4-Dichlorophenol",120-83-2,120-83-2,,,All,Usage ban,5,mg/kg,,,0,1
121,BSBL 主清单,Chlorinated Phenols（氯化酚）,,"2,5-二氯苯酚","2,5-Dichlorophenol",583-78-8,583-78-8,,,All,Usage ban,5,mg/kg,,,0,1
122,BSBL 主清单,Chlorinated Phenols（氯化酚）,,"2,6-二氯苯酚","2,6-Dichlorophenol",87-65-0,87-65-0,,,All,Usage ban,5,mg/kg,,,0,1
123,BSBL 主清单,Chlorinated Phenols（氯化酚）,,"3,4-二氯苯酚","3,4-Dichlorophenol",95-77-2,95-77-2,,,All,Usage ban,5,mg/kg,,,0,1
124,BSBL 主清单,Chlorinated Phenols（氯化酚）,,"3,5-二氯苯酚","3,5-Dichlorophenol",591-35-5,591-35-5,,,All,Usage ban,5,mg/kg,,,0,1
125,BSBL 主清单,Colorants（着色剂）,,具有致癌潜力的着色剂,Colorants with carcinogenic potential,Several,致癌染料大类管控 (C.I. Direct Black 38等),,,All,Usage ban,200*,mg/kg,,,0,1
126,BSBL 主清单,Colorants（着色剂）,,酸性红26,Acid Red 26,3761-53-3,3761-53-3,,,All,Usage ban,200,mg/kg,,,0,1
127,BSBL 主清单,Colorants（着色剂）,,无色孔雀石绿,Leucomalachite green,129-73-7,129-73-7,,,All,Usage ban,200,mg/kg,,,0,1
128,BSBL 主清单,Colorants（着色剂）,,碱性红9,Basic Red 9,569-61-9,569-61-9,,,All,Usage ban,200,mg/kg,,,0,1
129,BSBL 主清单,Colorants（着色剂）,,碱性紫14,Basic Violet 14,632-99-5,632-99-5,,,All,Usage ban,200,mg/kg,,,0,1
130,BSBL 主清单,Colorants（着色剂）,,直接黑38,Direct Black 38,1937-37-7,1937-37-7,,,All,Usage ban,200,mg/kg,,,0,1
131,BSBL 主清单,Colorants（着色剂）,,直接蓝6,Direct Blue 6,2602-46-2,2602-46-2,,,All,Usage ban,200,mg/kg,,,0,1
132,BSBL 主清单,Colorants（着色剂）,,直接棕95,Direct Brown 95,16071-86-6,16071-86-6,,,All,Usage ban,200,mg/kg,,,0,1
133,BSBL 主清单,Colorants（着色剂）,,直接红28,Direct Red 28,573-58-0,573-58-0,,,All,Usage ban,200,mg/kg,,,0,1
134,BSBL 主清单,Colorants（着色剂）,,分散蓝1,Disperse Blue 1,2475-45-8,2475-45-8,,,All,Usage ban,200,mg/kg,,,0,1
135,BSBL 主清单,Colorants（着色剂）,,分散橙11,Disperse Orange 11,82-28-0,82-28-0,,,All,Usage ban,200,mg/kg,,,0,1
136,BSBL 主清单,Colorants（着色剂）,,分散黄3,Disperse Yellow 3,2832-40-8,2832-40-8,,,All,Usage ban,200,mg/kg,,,0,1
137,BSBL 主清单,Colorants（着色剂）,,颜料黄34,Pigment Yellow 34,1344-37-2,1344-37-2,,,All,Usage ban,200,mg/kg,,,0,1
138,BSBL 主清单,Colorants（着色剂）,,颜料红104,Pigment Red 104,12656-85-8,12656-85-8,,,All,Usage ban,200,mg/kg,,,0,1
139,BSBL 主清单,Colorants（着色剂）,,溶剂红80,Solvent Red 80,6358-53-8,6358-53-8,,,All,Usage ban,200,mg/kg,,,0,1
140,BSBL 主清单,Colorants（着色剂）,,溶剂紫8（含 ≥0.1% 米氏酮或米氏碱）,Solvent Violet 8 – with ≥0.1% of Michler's ketone (EC 202-027-5) or Michler's base (EC 202-959-2),561-41-1,561-41-1,,,All,Usage ban,200,mg/kg,,,0,1
141,BSBL 主清单,Colorants（着色剂）,,溶剂黄2,Solvent Yellow 2,1960/11/7,1960-11-7,,,All,Usage ban,200,mg/kg,,,0,1
142,BSBL 主清单,Colorants（着色剂）,,碱性绿4（孔雀石绿）,Basic Green 4 (Malachite Green),Several,569-64-2 (氯化物) / 2437-29-8 (草酸盐),,,All,Usage ban,200,mg/kg,,所有归属成员/物质总和,0,1
143,BSBL 主清单,Colorants（着色剂）,,孔雀石绿,Malachite green,10309-95-2,10309-95-2,,,—,—,—,—,,组成员,0,1
144,BSBL 主清单,Colorants（着色剂）,,孔雀石绿氯化物,Malachite green chloride,569-64-2,569-64-2,,,—,—,—,—,,组成员,0,1
145,BSBL 主清单,Colorants（着色剂）,,孔雀石绿草酸盐,Malachite green oxalate,2437-29-8,2437-29-8,,,—,—,—,—,,组成员,0,1
146,BSBL 主清单,Colorants（着色剂）,,孔雀石绿乙酸盐,Malachite green acetate,41272-40-6,41272-40-6,,,—,—,—,—,,组成员,0,1
147,BSBL 主清单,Colorants（着色剂）,,具有致敏潜力的着色剂,Colorants with allergenic potential,Several,致敏分散染料大类管控 (C.I. Disperse Blue 1等),,,All,Usage ban,200*,mg/kg,,每个归属成员/物质,0,1
148,BSBL 主清单,Colorants（着色剂）,,分散蓝3,Disperse Blue 3,2475-46-9,2475-46-9,,,All,Usage ban,200,mg/kg,,—,0,1
149,BSBL 主清单,Colorants（着色剂）,,分散蓝7,Disperse Blue 7,3179-90-6,3179-90-6,,,All,Usage ban,200,mg/kg,,—,0,1
150,BSBL 主清单,Colorants（着色剂）,,分散蓝26,Disperse Blue 26,3860-63-7,3860-63-7,,,All,Usage ban,200,mg/kg,,—,0,1
151,BSBL 主清单,Colorants（着色剂）,,分散蓝102,Disperse Blue 102,12222-97-8 / 69766-79-6,12222-97-8; 69766-79-6,,,All,Usage ban,200,mg/kg,,原文件列两个 CAS,0,1
152,BSBL 主清单,Colorants（着色剂）,,分散蓝106,Disperse Blue 106,68516-81-4 / 12223-01-7,68516-81-4; 12223-01-7,,,All,Usage ban,200,mg/kg,,原文件列两个 CAS,0,1
153,BSBL 主清单,Colorants（着色剂）,,分散蓝124,Disperse Blue 124,61951-51-7 / 15141-18-1,61951-51-7; 15141-18-1,,,All,Usage ban,200,mg/kg,,原文件列两个 CAS,0,1
154,BSBL 主清单,Colorants（着色剂）,,分散棕1,Disperse Brown 1,23355-64-8,23355-64-8,,,All,Usage ban,200,mg/kg,,—,0,1
155,BSBL 主清单,Colorants（着色剂）,,分散橙1,Disperse Orange 1,2581-69-3,2581-69-3,,,All,Usage ban,200,mg/kg,,—,0,1
156,BSBL 主清单,Colorants（着色剂）,,分散橙3,Disperse Orange 3,730-40-5,730-40-5,,,All,Usage ban,200,mg/kg,,—,0,1
157,BSBL 主清单,Colorants（着色剂）,,分散红1,Disperse Red 1,2872-52-8,2872-52-8,,,All,Usage ban,200,mg/kg,,—,0,1
158,BSBL 主清单,Colorants（着色剂）,,分散红11,Disperse Red 11,2872-48-2,2872-48-2,,,All,Usage ban,200,mg/kg,,—,0,1
159,BSBL 主清单,Colorants（着色剂）,,分散红17,Disperse Red 17,3179-89-3,3179-89-3,,,All,Usage ban,200,mg/kg,,—,0,1
160,BSBL 主清单,Colorants（着色剂）,,分散黄1,Disperse Yellow 1,119-15-3,119-15-3,,,All,Usage ban,200,mg/kg,,—,0,1
161,BSBL 主清单,Colorants（着色剂）,,分散黄9,Disperse Yellow 9,6373-73-5,6373-73-5,,,All,Usage ban,200,mg/kg,,—,0,1
162,BSBL 主清单,Colorants（着色剂）,,分散黄39,Disperse Yellow 39,12236-29-2,12236-29-2,,,All,Usage ban,200,mg/kg,,—,0,1
163,BSBL 主清单,Colorants（着色剂）,,分散黄49,Disperse Yellow 49,54824-37-2 / 6858-49-7,54824-37-2; 6858-49-7,,,All,Usage ban,200,mg/kg,,原文件列两个 CAS,0,1
164,BSBL 主清单,Colorants（着色剂）,,溶剂黄14,Solvent Yellow 14,842-07-9,842-07-9,,,All,Usage ban,200,mg/kg,,—,0,1
165,BSBL 主清单,Colorants（着色剂）,,分散蓝35,Disperse Blue 35,Several,12222-75-2 / 56524-77-7,,,All,Usage ban,200,mg/kg,,所有归属成员/物质总和,0,1
166,BSBL 主清单,Colorants（着色剂）,,分散蓝35 [1],Disperse Blue 35 [1],12222-75-2,12222-75-2,,,—,—,—,—,,组成员,0,1
167,BSBL 主清单,Colorants（着色剂）,,分散蓝35 [2],Disperse Blue 35 [2],56524-77-7,56524-77-7,,,—,—,—,—,,组成员,0,1
168,BSBL 主清单,Colorants（着色剂）,,分散蓝35 B,Disperse Blue 35 B,56524-76-6,56524-76-6,,,—,—,—,—,,组成员,0,1
169,BSBL 主清单,Colorants（着色剂）,,分散橙37/59/76,Disperse Orange 37/59/76,Several,12223-33-5 / 13301-61-6 / 51811-42-8,,,All,Usage ban,200,mg/kg,,所有归属成员/物质总和,0,1
170,BSBL 主清单,Colorants（着色剂）,,分散橙37/59/76 [1],Disperse Orange 37/59/76 [1],12223-33-5,12223-33-5,,,—,—,—,—,,组成员,0,1
171,BSBL 主清单,Colorants（着色剂）,,分散橙37/59/76 [2],Disperse Orange 37/59/76 [2],13301-61-6,13301-61-6,,,—,—,—,—,,组成员,0,1
172,BSBL 主清单,Colorants（着色剂）,,分散橙37/59/76 [3],Disperse Orange 37/59/76 [3],51811-42-8,51811-42-8,,,—,—,—,—,,组成员,0,1
173,BSBL 主清单,Colorants（着色剂）,,因其他原因禁用的着色剂,Colorants banned for other reasons,Several,环境与健康禁用着色剂大类管控,,,All,Usage ban,200*,mg/kg,,每个归属成员/物质,0,1
174,BSBL 主清单,Colorants（着色剂）,,酸性橙24,Acid Orange 24,1320-07-6,1320-07-6,,,All,Usage ban,200,mg/kg,,—,0,1
175,BSBL 主清单,Colorants（着色剂）,,酸性紫49,Acid Violet 49,1694-09-3,1694-09-3,,,All,Usage ban,200,mg/kg,,—,0,1
176,BSBL 主清单,Colorants（着色剂）,,碱性蓝26（含≥0.1%米氏酮或米氏碱）,Basic Blue 26 - with ≥0.1% of Michler's ketone or Michler's base,2580-56-5,2580-56-5,,,All,Usage ban,200,mg/kg,,—,0,1
177,BSBL 主清单,Colorants（着色剂）,,碱性紫1,Basic Violet 1,8004-87-3,8004-87-3,,,All,Usage ban,200,mg/kg,,—,0,1
178,BSBL 主清单,Colorants（着色剂）,,直接黑91,Direct Black 91,6739-62-4,6739-62-4,,,All,Usage ban,200,mg/kg,,—,0,1
179,BSBL 主清单,Colorants（着色剂）,,直接蓝76,Direct Blue 76,16143-79-6,16143-79-6,,,All,Usage ban,200,mg/kg,,—,0,1
180,BSBL 主清单,Colorants（着色剂）,,直接蓝218,Direct Blue 218,28407-37-6,28407-37-6,,,All,Usage ban,200,mg/kg,,—,0,1
181,BSBL 主清单,Colorants（着色剂）,,直接黄1,Direct Yellow 1,6472-91-9,6472-91-9,,,All,Usage ban,200,mg/kg,,—,0,1
182,BSBL 主清单,Colorants（着色剂）,,分散黄23,Disperse Yellow 23,6250-23-3,6250-23-3,,,All,Usage ban,200,mg/kg,,—,0,1
183,BSBL 主清单,Colorants（着色剂）,,分散橙149,Disperse Orange 149,85136-74-9,85136-74-9,,,All,Usage ban,200,mg/kg,,—,0,1
184,BSBL 主清单,Colorants（着色剂）,,活性蓝69,Reactive Blue 69,70209-99-3,70209-99-3,,,All,Usage ban,200,mg/kg,,—,0,1
185,BSBL 主清单,Colorants（着色剂）,,活性红84,Reactive Red 84,85187-33-3,85187-33-3,,,All,Usage ban,200,mg/kg,,—,0,1
186,BSBL 主清单,Colorants（着色剂）,,活性棕51,Reactive Brown 51,EC 466-490-7,466-490-7,,,All,Usage ban,1000,mg/kg,,最迟 2027-07-01 符合要求,0,1
187,BSBL 主清单,Colorants（着色剂）,,溶剂蓝4,Solvent Blue 4,6786-83-0,6786-83-0,,,All,Usage ban,200,mg/kg,,—,0,1
188,BSBL 主清单,Colorants（着色剂）,,碱性紫3,Basic Violet 3,Several,548-62-9 (结晶紫),,,All,Usage ban,200,mg/kg,,所有归属成员/物质总和,0,1
189,BSBL 主清单,Colorants（着色剂）,,碱性紫3 [1],Basic Violet 3 [1],548-62-9,548-62-9,,,—,—,—,—,,组成员,0,1
190,BSBL 主清单,Colorants（着色剂）,,碱性紫3 [2],Basic Violet 3 [2],603-48-5,603-48-5,,,—,—,—,—,,组成员,0,1
191,BSBL 主清单,Colorants（着色剂）,,碱性紫3 [3],Basic Violet 3 [3],14426-25-6,14426-25-6,,,—,—,—,—,,组成员,0,1
192,BSBL 主清单,Colorants（着色剂）,,碱性紫3（含≥0.1%米氏酮或米氏碱）,Basic Violet 3 - with ≥0.1% of Michler's ketone or Michler's base,548-62-9,548-62-9,,,—,—,—,—,,—,0,1
193,BSBL 主清单,Colorants（着色剂）,,海军蓝复合着色剂,Navy Blue: A mixture of ... chromate complexes,Several,118685-33-9 (EC 405-665-4),,,All,Usage ban,200,mg/kg,,所有成员/物质总和；单一物质列于 Annex,0,1
194,BSBL 主清单,Colorants（着色剂）,,可裂解产生致癌胺的着色剂,Colorants which can cleave in carcinogenic amines,Several,可裂解致癌芳香胺偶氮染料组 (REACH附录XVII第43条),,,All,Usage ban,200*,mg/kg,,每个归属成员/物质；单一物质列于 Annex,0,1
195,BSBL 主清单,Dioxins and Furans,,二噁英和呋喃－第3组,Dioxins and Furans - Group 3,Several,"39227-28-6 (1,2,3,4,7,8-HxCDD基准)",,,All,Usage ban,95 μg/kg,,,,0,1
196,BSBL 主清单,Dioxins and Furans,,二噁英和呋喃－第1和2组,Dioxins and Furans - Group 1 and 2,Several,1746-01-6 / 40321-76-4,,,All,Usage ban,5.0 μg/kg,,,,0,1
197,BSBL 主清单,Dioxins and Furans,,二噁英和呋喃－第1组,Dioxins and Furans - Group 1,Several,"1746-01-6 (2,3,7,8-TCDD基准)",,,All,Usage ban,1.0 μg/kg,,,,0,1
198,BSBL 主清单,Dioxins and Furans,,二噁英和呋喃－第4和5组,Dioxins and Furans - Group 4 and 5,Several,51207-31-9 / 57117-41-6,,,All,Usage ban,5.0 μg/kg,,,,0,1
199,BSBL 主清单,Dioxins and Furans,,二噁英和呋喃－第4组,Dioxins and Furans - Group 4,Several,"51207-31-9 (2,3,7,8-TCDF基准)",,,All,Usage ban,1.0 μg/kg,,,,0,1
200,BSBL 主清单,Enzymes（酶）,,工业用酶,"Enzymes, industrial",Several,9014-01-1 (枯草杆菌蛋白酶等工业酶制剂),,,All,Usage ban,1000,mg/kg,,仅对粉末形式的酶制剂实施 Usage ban；1000 mg/kg 为所有酶总和,0,1
201,BSBL 主清单,Flame retardants（阻燃剂）,,阻燃剂,Flame retardants,Several,阻燃剂大类管控 (含卤素/有机磷系),,,,Usage ban,1000,mg/kg,,,0,1
202,BSBL 主清单,Flame retardants（阻燃剂）,,四溴双酚A（TBBPA）,Tetrabromobisphenol A,79-94-7,79-94-7,,,,Usage ban,50,mg/kg,,,0,1
203,BSBL 主清单,Flame retardants（阻燃剂）,,"四溴双酚A双(2,3-二溴丙基醚)","Tetrabromobisphenol A bis(2,3-dibromopropylether)",21850-44-2,21850-44-2,,,,Usage ban,50,mg/kg,,,0,1
204,BSBL 主清单,Flame retardants（阻燃剂）,,四溴邻苯二甲酸双(2-乙基己基)酯,Bis(2-ethylhexyl) tetrabromophthalate,26040-51-7,26040-51-7,,,,Usage ban,50,mg/kg,,,0,1
205,BSBL 主清单,Flame retardants（阻燃剂）,,三(氮丙啶-1-基)氧化膦（TEPA）,Tri(aziridin-1-yl) phosphine oxide,545-55-1,545-55-1,,,,Usage ban,50,mg/kg,,,0,1
206,BSBL 主清单,Flame retardants（阻燃剂）,,"双(2,3-二溴丙基)磷酸酯（BDBPP）","Bis(2,3-dibromopropyl) phosphate",5412-25-9,5412-25-9,,,,Usage ban,50,mg/kg,,,0,1
207,BSBL 主清单,Flame retardants（阻燃剂）,,磷酸三甲酯,Trimethyl phosphate,512-56-1,512-56-1,,,,Usage ban,50,mg/kg,,,0,1
208,BSBL 主清单,Flame retardants（阻燃剂）,,磷酸三邻甲苯酯,Tri-o-cresyl phosphate,78-30-8,78-30-8,,,,Usage ban,50,mg/kg,,,0,1
209,BSBL 主清单,Flame retardants（阻燃剂）,,磷酸三甲苯酯,Tris(methylphenyl) phosphate,1330-78-5,1330-78-5,,,,Usage ban,50,mg/kg,,,0,1
210,BSBL 主清单,Flame retardants（阻燃剂）,,磷酸三(2-氯乙基)酯（TCEP）,Tris(2-chloroethyl) phosphate,115-96-8,115-96-8,,,,Usage ban,50,mg/kg,,,0,1
211,BSBL 主清单,Flame retardants（阻燃剂）,,磷酸三(2-氯-1-甲基乙基)酯（TCPP）,Tris-(2-chloro-1-methylethyl) phosphate,13674-84-5,13674-84-5,,,,Usage ban,50,mg/kg,,,0,1
212,BSBL 主清单,Flame retardants（阻燃剂）,,磷酸三[2-氯-1-(氯甲基)乙基]酯（TDCP/TDCPP）,Tris-[2-chloro-1-(chloromethyl)ethyl] phosphate,13674-87-8,13674-87-8,,,,Usage ban,50,mg/kg,,,0,1
213,BSBL 主清单,Flame retardants（阻燃剂）,,"磷酸三(2,3-二溴丙基)酯（TRIS）","Tris(2,3-dibromopropyl) phosphate",126-72-7,126-72-7,,,,Usage ban,50,mg/kg,,,0,1
214,BSBL 主清单,Flame retardants（阻燃剂）,,磷酸三二甲苯酯（TXP）,Trixylyl phosphate,25155-23-1,25155-23-1,,,,Usage ban,50,mg/kg,,,0,1
215,BSBL 主清单,Flame retardants（阻燃剂）,,丙基膦酸二甲酯,Dimethyl propylphosphonate,18755-43-6,18755-43-6,,,,Usage ban,50,mg/kg,,,0,1
216,BSBL 主清单,Flame retardants（阻燃剂）,,"2-乙基己基-2,3,4,5-四溴苯甲酸酯（TBB）","2-Ethylhexyl 2,3,4,5-tetrabromobenzoate",183658-27-7,183658-27-7,,,,Usage ban,50,mg/kg,,最迟2027-07-01符合要求,0,1
217,BSBL 主清单,Flame retardants（阻燃剂）,,溴化烷基醇,Brominated alkyl alcohols,Several,3296-90-0 (BMP代表性CAS),,,,—,—,—,,物质组,0,1
218,BSBL 主清单,Flame retardants（阻燃剂）,,"2,2-双(溴甲基)-1,3-丙二醇（BBMP）","2,2-Bis(bromomethyl)-1,3-propanediol",3296-90-0,3296-90-0,,,,Usage ban,50,mg/kg,,—,0,1
219,BSBL 主清单,Flame retardants（阻燃剂）,,"2,3-二溴-1-丙醇（2,3-DBPA）","2,3-Dibromopropan-1-ol",96-13-9,96-13-9,,,,Usage ban,50,mg/kg,,—,0,1
220,BSBL 主清单,Flame retardants（阻燃剂）,,"2,2-二甲基-1-丙醇三溴衍生物","1-Propanol, 2,2-dimethyl-, tribromo deriv.",36483-57-5 / 1522-92-5,36483-57-5; 1522-92-5,,,,Usage ban,50,mg/kg,,原文件列两个 CAS,0,1
221,BSBL 主清单,Flame retardants（阻燃剂）,,得克隆及其 anti/syn 异构体或组合,Dechlorane Plus - covering any of its individual anti- and syn-isomers or any combination thereof,Several,13560-89-9 / 135821-03-3 / 135821-74-8,,,,Usage ban,1,mg/kg,,所有成员总和,0,1
222,BSBL 主清单,Flame retardants（阻燃剂）,,得克隆,Dechlorane Plus,13560-89-9,13560-89-9,,,,—,—,—,,组成员,0,1
223,BSBL 主清单,Flame retardants（阻燃剂）,,顺式得克隆,syn-Dechlorane Plus,135821-03-3,135821-03-3,,,,—,—,—,,组成员,0,1
224,BSBL 主清单,Flame retardants（阻燃剂）,,反式得克隆,anti-Dechlorane Plus,135821-74-8,135821-74-8,,,,—,—,—,,组成员,0,1
225,BSBL 主清单,Flame retardants（阻燃剂）,,六溴环十二烷（所有异构体）,"Hexabromocyclododecan, all isomers",Several,25637-99-4 / 3194-55-6,,,,Usage ban,50,mg/kg,,所有主要非对映异构体组,0,1
226,BSBL 主清单,Flame retardants（阻燃剂）,,多溴联苯,Polybrominated Biphenyls,59536-65-1,59536-65-1,,,,Usage ban,10,mg/kg,,所有多溴联苯总和,0,1
227,BSBL 主清单,Flame retardants（阻燃剂）,,一溴联苯,Monobromo biphenyl,26264-10-8,26264-10-8,,,,Usage ban,10,mg/kg,,—,0,1
228,BSBL 主清单,Flame retardants（阻燃剂）,,二溴联苯,Dibromobiphenyl,27479-65-8,27479-65-8,,,,Usage ban,10,mg/kg,,—,0,1
229,BSBL 主清单,Flame retardants（阻燃剂）,,六溴联苯,Hexabromo biphenyl,36355-01-8,36355-01-8,,,,Usage ban,10,mg/kg,,—,0,1
230,BSBL 主清单,Flame retardants（阻燃剂）,,八溴联苯,Octabromobiphenyl,27858-07-7,27858-07-7,,,,Usage ban,10,mg/kg,,—,0,1
231,BSBL 主清单,Flame retardants（阻燃剂）,,九溴联苯,Nonabromobiphenyl,27753-52-2,27753-52-2,,,,Usage ban,10,mg/kg,,—,0,1
232,BSBL 主清单,Flame retardants（阻燃剂）,,十溴联苯,"Decabromo-1,1'-biphenyl",13654-09-6,13654-09-6,,,,Usage ban,10,mg/kg,,—,0,1
233,BSBL 主清单,Flame retardants（阻燃剂）,,多溴二苯乙烷,Polybrominated diphenyl ethanes,Several,84852-53-9 (DBDPE),,,,—,—,—,,物质组,0,1
234,BSBL 主清单,Flame retardants（阻燃剂）,,十溴二苯乙烷（DBDPE）,Decabromodiphenylethane,84852-53-9,84852-53-9,,,,Usage ban,50,mg/kg,,—,0,1
235,BSBL 主清单,Flame retardants（阻燃剂）,,多溴二苯醚,Polybrominated diphenyl ethers,Several,1163-19-5 (十溴二苯醚等代表性CAS),,,,Usage ban,10,mg/kg,,所有组内物质总和；含再生材料的混合物或制品限值为200 mg/kg,0,1
236,BSBL 主清单,Flame retardants（阻燃剂）,,十溴二苯醚（DecaBDE）,Decabromodiphenyl ether,1163-19-5,1163-19-5,,,,Usage ban,10,mg/kg,,最迟2027-07-01符合要求,0,1
237,BSBL 主清单,Flame retardants（阻燃剂）,,一溴二苯醚（MonoBDE）,Monobromodiphenyl ether,Several,101-55-3 (4-溴二苯醚) / 7025-06-1 (2-溴二苯醚),,,,Usage ban,10,mg/kg,,所有异构体总和；单一物质列于 Annex,0,1
238,BSBL 主清单,Flame retardants（阻燃剂）,,三溴二苯醚（TriBDE）,Tribromodiphenyl ether,49690-94-0,49690-94-0,,,,Usage ban,10,mg/kg,,—,0,1
239,BSBL 主清单,Flame retardants（阻燃剂）,,四溴二苯醚（TetraBDE）,Tetrabromodiphenyl ether,40088-47-9,40088-47-9,,,,Usage ban,10,mg/kg,,单一物质列于 Annex,0,1
240,BSBL 主清单,Flame retardants（阻燃剂）,,五溴二苯醚（PentaBDE）,Pentabromodiphenyl ether,32534-81-9,32534-81-9,,,,Usage ban,10,mg/kg,,—,0,1
241,BSBL 主清单,Flame retardants（阻燃剂）,,六溴二苯醚（HexaBDE）,Hexabromodiphenyl ether,36483-60-0,36483-60-0,,,,Usage ban,10,mg/kg,,—,0,1
242,BSBL 主清单,Flame retardants（阻燃剂）,,七溴二苯醚（HeptaBDE）,Heptabromodiphenyl ether,68928-80-3,68928-80-3,,,,Usage ban,10,mg/kg,,单一物质列于 Annex,0,1
243,BSBL 主清单,Flame retardants（阻燃剂）,,八溴二苯醚（OctaBDE）,Octabromodiphenyl ether,32536-52-0,32536-52-0,,,,Usage ban,10,mg/kg,,—,0,1
244,BSBL 主清单,Flame retardants（阻燃剂）,,九溴二苯醚（NonaBDE）,Nonabromodiphenyl ether,63936-56-1,63936-56-1,,,,Usage ban,10,mg/kg,,—,0,1
245,BSBL 主清单,Glycols（乙二醇醚类）,,双(2-甲氧基乙基)醚,Bis(2-methoxyethyl) ether,111-96-6,111-96-6,,,All,Usage ban,50,mg/kg,LC-MS / GC-MS,—,0,1
246,BSBL 主清单,Glycols（乙二醇醚类）,,2-乙氧基乙醇,2-Ethoxyethanol,110-80-5,110-80-5,,,All,Usage ban,50,mg/kg,LC-MS / GC-MS,—,0,1
247,BSBL 主清单,Glycols（乙二醇醚类）,,乙酸-2-乙氧基乙酯,2-Ethoxyethyl acetate,111-15-9,111-15-9,,,All,Usage ban,50,mg/kg,LC-MS / GC-MS,—,0,1
248,BSBL 主清单,Glycols（乙二醇醚类）,,乙二醇二甲醚,Ethylene glycol dimethyl ether,110-71-4,110-71-4,,,All,Usage ban,50,mg/kg,LC-MS / GC-MS,—,0,1
249,BSBL 主清单,Glycols（乙二醇醚类）,,2-甲氧基乙醇,2-Methoxyethanol,109-86-4,109-86-4,,,All,Usage ban,50,mg/kg,LC-MS / GC-MS,—,0,1
250,BSBL 主清单,Glycols（乙二醇醚类）,,乙酸-2-甲氧基乙酯,2-Methoxyethyl acetate,110-49-6,110-49-6,,,All,Usage ban,50,mg/kg,LC-MS / GC-MS,—,0,1
251,BSBL 主清单,Glycols（乙二醇醚类）,,2-甲氧基-1-丙醇,2-Methoxy-1-propanol,1589-47-5,1589-47-5,,,Textiles / Down-feather / Polymer parts / Metal parts,Usage ban,50,mg/kg,LC-MS / GC-MS,—,0,1
252,BSBL 主清单,Glycols（乙二醇醚类）,,2-甲氧基-1-丙醇,2-Methoxy-1-propanol,1589-47-5,1589-47-5,,,Leather,Usage ban,200,mg/kg,LC-MS / GC-MS,—,0,1
253,BSBL 主清单,Glycols（乙二醇醚类）,,2-甲氧基丙基乙酸酯,2-Methoxypropyl acetate,70657-70-4,70657-70-4,,,Leather,Usage ban,50,mg/kg,LC-MS / GC-MS,皮革整理的特定限值：200 mg/kg,0,1
254,BSBL 主清单,Glycols（乙二醇醚类）,,2-甲氧基丙基乙酸酯,2-Methoxypropyl acetate,70657-70-4,70657-70-4,,,Textiles / Down-feather / Polymer parts / Metal parts,Usage ban,50,mg/kg,LC-MS / GC-MS,—,0,1
255,BSBL 主清单,Glycols（乙二醇醚类）,,三乙二醇二甲醚,Triethylene glycol dimethyl ether,112-49-2,112-49-2,,,All,Usage ban,50,mg/kg,LC-MS / GC-MS,—,0,1
256,BSBL 主清单,"Greenhouse Gases, fluorinated",,含氟温室气体,"Greenhouse Gases, fluorinated",Several,(EU) No 517/2014 含氟温室气体管控组 (HFCs/PFCs/SF6),,,All,Usage ban,10*,mg/kg,CEN/TS 13130-10 (2005),按 Regulation (EU) 2024/573 Article 2(1) 定义；具体物质列于 Annex,0,1
257,BSBL 主清单,"Halogenated Biphenyls, Terphenyls and Naphthalenes(卤代联苯、卤代三联苯和卤代萘)",,多氯联苯（PCB）,Polychlorinated Biphenyls,1336-36-3,1336-36-3,,,All,Usage ban,10,mg/kg,ISO 787-28 (2019),所有多氯联苯总和；单一物质列于 Annex,0,1
258,BSBL 主清单,"Halogenated Biphenyls, Terphenyls and Naphthalenes(卤代联苯、卤代三联苯和卤代萘)",,多氯三联苯（PCT）,Polychlorinated Terphenyls,61788-33-8,61788-33-8,,,All,Usage ban,10,mg/kg,GC-MS / 溶剂萃取,所有多氯三联苯总和,0,1
259,BSBL 主清单,"Halogenated Biphenyls, Terphenyls and Naphthalenes(卤代联苯、卤代三联苯和卤代萘)",,多溴三联苯,Polybrominated Terphenyls,Several,61788-33-8 (PBTs混合物CAS),,,All,Usage ban,10,mg/kg,GC-MS，参考 EN ISO 17881-1 (2016),所有多溴三联苯总和,0,1
260,BSBL 主清单,"Halogenated Biphenyls, Terphenyls and Naphthalenes(卤代联苯、卤代三联苯和卤代萘)",,多氯萘,Polychlorinated Naphthalenes,Several,70776-03-3 (PCNs混合物基准CAS),,,All,Usage ban,10,mg/kg,GC-MS / 溶剂萃取,所有多氯萘总和,0,1
261,BSBL 主清单,"Halogenated Biphenyls, Terphenyls and Naphthalenes(卤代联苯、卤代三联苯和卤代萘)",,一氯萘,Monochloro naphthalene,25586-43-0,25586-43-0,,,All,Usage ban,10,mg/kg,GC-MS / 溶剂萃取,—,0,1
262,BSBL 主清单,"Halogenated Biphenyls, Terphenyls and Naphthalenes(卤代联苯、卤代三联苯和卤代萘)",,二氯萘,Dichloro naphthalene,28699-88-9,28699-88-9,,,All,Usage ban,10,mg/kg,GC-MS / 溶剂萃取,—,0,1
263,BSBL 主清单,"Halogenated Biphenyls, Terphenyls and Naphthalenes(卤代联苯、卤代三联苯和卤代萘)",,三氯萘,Trichloro naphthalene,1321-65-9,1321-65-9,,,All,Usage ban,10,mg/kg,GC-MS / 溶剂萃取,—,0,1
264,BSBL 主清单,"Halogenated Biphenyls, Terphenyls and Naphthalenes(卤代联苯、卤代三联苯和卤代萘)",,四氯萘,Tetrachloro naphthalene,1335-88-2,1335-88-2,,,All,Usage ban,10,mg/kg,GC-MS / 溶剂萃取,—,0,1
265,BSBL 主清单,"Halogenated Biphenyls, Terphenyls and Naphthalenes(卤代联苯、卤代三联苯和卤代萘)",,五氯萘,Pentachloro naphthalene,1321-64-8,1321-64-8,,,All,Usage ban,10,mg/kg,GC-MS / 溶剂萃取,—,0,1
266,BSBL 主清单,"Halogenated Biphenyls, Terphenyls and Naphthalenes(卤代联苯、卤代三联苯和卤代萘)",,六氯萘,Hexachloro naphthalene,1335-87-1,1335-87-1,,,All,Usage ban,10,mg/kg,GC-MS / 溶剂萃取,—,0,1
267,BSBL 主清单,"Halogenated Biphenyls, Terphenyls and Naphthalenes(卤代联苯、卤代三联苯和卤代萘)",,七氯萘,Heptachloro naphthalene,32241-08-0,32241-08-0,,,All,Usage ban,10,mg/kg,GC-MS / 溶剂萃取,—,0,1
268,BSBL 主清单,"Halogenated Biphenyls, Terphenyls and Naphthalenes(卤代联苯、卤代三联苯和卤代萘)",,八氯萘,Octachloro naphthalene,2234-13-1,2234-13-1,,,All,Usage ban,10,mg/kg,GC-MS / 溶剂萃取,—,0,1
269,BSBL 主清单,"Halogenated Biphenyls, Terphenyls and Naphthalenes(卤代联苯、卤代三联苯和卤代萘)",,多溴萘,Polybrominated Naphthalenes,Several,27410-13-7 (PBNs类别基准CAS),,,All,Usage ban,10,mg/kg,GC-MS，参考 EN ISO 17881-1 (2016),所有多溴萘总和,0,1
270,BSBL 主清单,Halogenated Diarylalkanes（卤代二芳基烷）,,卤代二芳基烷,Halogenated Diarylalkanes,Several,99688-47-8 (UGILEC 121基准) / 81161-70-8,,,All,Usage ban,10*,mg/kg,GC-MS,,0,1
271,BSBL 主清单,Halogenated Diarylalkanes（卤代二芳基烷）,,单甲基二溴二苯基甲烷,Monomethyl-dibromo-diphenyl methane,99688-47-8,99688-47-8,,,All,Usage ban,10,mg/kg,GC-MS,,0,1
272,BSBL 主清单,Halogenated Diarylalkanes（卤代二芳基烷）,,单甲基二氯二苯基甲烷,Monomethyl-dichloro-diphenyl methane,81161-70-8,81161-70-8,,,All,Usage ban,10,mg/kg,GC-MS,,0,1
273,BSBL 主清单,Halogenated Diarylalkanes（卤代二芳基烷）,,单甲基四氯二苯基甲烷,Monomethyl-tetrachloro-diphenyl methane,76253-60-6,76253-60-6,,,All,Usage ban,10,mg/kg,GC-MS,,0,1
274,BSBL 主清单,Metals（金属）,,锑及其盐和化合物,"Antimony, its salts and compounds",Several,7440-36-0 (锑单质及锑盐化合物),,,,—,—,—,,物质组,0,1
275,BSBL 主清单,Metals（金属）,,锑（按元素含量）,Antimony - as content,7440-36-0,7440-36-0,,,,Usage restriction,50,mg/kg,,按金属含量；仅适用于染料和颜料；颜料限值250 mg/kg,0,1
276,BSBL 主清单,Metals（金属）,,砷及其盐和化合物,"Arsenic, its salts and compounds",Several,7440-38-2 (砷单质及砷盐化合物),,,,—,—,—,,物质组,0,1
277,BSBL 主清单,Metals（金属）,,砷（按元素含量）,Arsenic - as content,7440-38-2,7440-38-2,,,,Usage ban,50,mg/kg,,按金属含量；适用于所有类型配方,0,1
278,BSBL 主清单,Metals（金属）,,钡及其盐和化合物,"Barium, its salts and compounds",Several,7440-39-3 (钡单质及钡盐化合物),,,,—,—,—,,物质组,0,1
279,BSBL 主清单,Metals（金属）,,钡（按元素含量）,Barium - as content,7440-39-3,7440-39-3,,,,Usage restriction,100,mg/kg,,仅适用于染料和颜料；不适用于硫酸钡 CAS 7727-43-7 / C.I. Pigment White 21,0,1
280,BSBL 主清单,Metals（金属）,,镉及其盐和化合物,"Cadmium, its salts and compounds",Several,7440-43-9 (镉单质及镉盐化合物),,,,—,—,—,,物质组,0,1
281,BSBL 主清单,Metals（金属）,,镉（按元素含量）,Cadmium - as content,7440-43-9,7440-43-9,,,,Usage ban,20,mg/kg,,适用于所有配方；颜料限值50 mg/kg,0,1
282,BSBL 主清单,Metals（金属）,,铬及其盐和化合物（六价铬除外）,"Chromium, its salts and compounds - except Chromium VI",Several,7440-47-3 (总铬/三价铬化合物),,,,—,—,—,,物质组,0,1
283,BSBL 主清单,Metals（金属）,,铬（按元素含量）,Chromium - as content,7440-47-3,7440-47-3,,,,Usage restriction,100,mg/kg,,仅适用于染料和颜料；不适用于金属络合染料或某些阳离子染料的复盐,0,1
284,BSBL 主清单,Metals（金属）,,六价铬及其盐和化合物,"Chromium VI, its salts and compounds",Several,18540-29-9 (六价铬离子及各类铬酸盐),,,,—,—,—,,物质组,0,1
285,BSBL 主清单,Metals（金属）,,六价铬（按含量）,Chromium VI - as content,18540-29-9,18540-29-9,,,,Usage ban,10,mg/kg,,按金属含量；适用于所有类型配方,0,1
286,BSBL 主清单,Metals（金属）,,钴及其盐和化合物,"Cobalt, its salts and compounds",Several,7440-48-4 (钴单质及钴盐化合物),,,,—,—,—,,物质组,0,1
287,BSBL 主清单,Metals（金属）,,钴（按元素含量）,Cobalt - as content,7440-48-4,7440-48-4,,,,Usage restriction,500,mg/kg,,仅适用于染料；不适用于金属络合染料或某些阳离子染料的复盐,0,1
288,BSBL 主清单,Metals（金属）,,铜及其盐和化合物,"Copper, its salts and compounds",Several,7440-50-8 (铜单质及铜盐化合物),,,,—,—,—,,物质组,0,1
289,BSBL 主清单,Metals（金属）,,铜（按元素含量）,Copper - as content,7440-50-8,7440-50-8,,,,Usage restriction,250,mg/kg,,仅适用于染料；不适用于金属络合染料或某些阳离子染料的复盐,0,1
290,BSBL 主清单,Metals（金属）,,铅及其盐和化合物,"Lead, its salts and compounds",Several,7439-92-1 (铅单质及铅盐化合物),,,,—,—,—,,物质组,0,1
291,BSBL 主清单,Metals（金属）,,铅（按元素含量）,Lead - as content,7439-92-1,7439-92-1,,,,Usage ban,100,mg/kg,,适用于所有类型配方,0,1
292,BSBL 主清单,Metals（金属）,,汞及其盐和化合物,"Mercury, its salts and compounds",Several,7439-97-6 (汞单质及汞盐化合物),,,,—,—,—,,物质组,0,1
293,BSBL 主清单,Metals（金属）,,汞（按元素含量）,Mercury - as content,7439-97-6,7439-97-6,,,,Usage ban,4,mg/kg,,适用于所有配方；颜料限值25 mg/kg,0,1
294,BSBL 主清单,Metals（金属）,,镍及其盐和化合物,"Nickel, its salts and compounds",Several,7440-02-0 (镍单质及镍盐化合物),,,,—,—,—,,本页只出现组名，具体限值继续在后页,0,1
295,BSBL 主清单,Metals（金属）,,六价铬及其盐和化合物,"Chromium VI, its salts and compounds",Several,18540-29-9 (六价铬离子及各类铬酸盐),,,—,—,—,—,,物质组,0,1
296,BSBL 主清单,Metals（金属）,,六价铬（按含量）,Chromium VI - as content,18540-29-9,18540-29-9,,,All,Usage ban,10,mg/kg,,按金属含量；适用于所有类型配方,0,1
297,BSBL 主清单,Metals（金属）,,钴及其盐和化合物,"Cobalt, its salts and compounds",Several,7440-48-4 (钴单质及钴盐化合物),,,—,—,—,—,,物质组,0,1
298,BSBL 主清单,Metals（金属）,,钴（按元素含量）,Cobalt - as content,7440-48-4,7440-48-4,,,All,Usage restriction,500,mg/kg,,仅适用于染料；金属络合染料及某些阳离子染料复盐除外,0,1
299,BSBL 主清单,Metals（金属）,,铜及其盐和化合物,"Copper, its salts and compounds",Several,7440-50-8 (铜单质及铜盐化合物),,,—,—,—,—,,物质组,0,1
300,BSBL 主清单,Metals（金属）,,铜（按元素含量）,Copper - as content,7440-50-8,7440-50-8,,,All,Usage restriction,250,mg/kg,,仅适用于染料；金属络合染料及某些阳离子染料复盐除外,0,1
301,BSBL 主清单,Metals（金属）,,铅及其盐和化合物,"Lead, its salts and compounds",Several,7439-92-1 (铅单质及铅盐化合物),,,—,—,—,—,,物质组,0,1
302,BSBL 主清单,Metals（金属）,,铅（按元素含量）,Lead - as content,7439-92-1,7439-92-1,,,All,Usage ban,100,mg/kg,,适用于所有类型配方,0,1
303,BSBL 主清单,Metals（金属）,,汞及其盐和化合物,"Mercury, its salts and compounds",Several,7439-97-6 (汞单质及汞盐化合物),,,—,—,—,—,,物质组,0,1
304,BSBL 主清单,Metals（金属）,,汞（按元素含量）,Mercury - as content,7439-97-6,7439-97-6,,,All,Usage ban,4,mg/kg,,适用于所有类型配方；颜料限值 25 mg/kg,0,1
305,BSBL 主清单,Metals（金属）,,镍及其盐和化合物,"Nickel, its salts and compounds",Several,7440-02-0 (镍单质及镍盐化合物),,,—,—,—,—,,本页开始，限值见第36页,0,1
306,BSBL 主清单,Metals（金属）,,镍（按元素含量）,Nickel - as content,7440-02-0,7440-02-0,,,All,Usage restriction,250,mg/kg,,仅适用于染料；金属络合染料及某些阳离子染料复盐除外,0,1
307,BSBL 主清单,Metals（金属）,,硒及其盐和化合物,"Selenium, its salts and compounds",Several,7782-49-2 (硒单质及硒盐化合物),,,—,—,—,—,,物质组,0,1
308,BSBL 主清单,Metals（金属）,,硒（按元素含量）,Selenium - as content,7782-49-2,7782-49-2,,,All,Usage restriction,20,mg/kg,,仅适用于染料和颜料；颜料限值 100 mg/kg,0,1
309,BSBL 主清单,Metals（金属）,,银及其盐和化合物,"Silver, its salts and compounds",Several,7440-22-4 (银单质及银盐化合物),,,—,—,—,—,,物质组,0,1
310,BSBL 主清单,Metals（金属）,,银（按元素含量）,Silver - as content,7440-22-4,7440-22-4,,,All,Usage restriction,100,mg/kg,,仅适用于染料,0,1
311,BSBL 主清单,Metals（金属）,,锡及其盐和无机化合物,"Tin, its salts and inorganic compounds",Several,7440-31-5 (锡单质及无机锡化合物),,,—,—,—,—,,物质组,0,1
312,BSBL 主清单,Metals（金属）,,无机锡化合物（按锡含量）,"Tin compounds, inorganic - as content",7440-31-5,7440-31-5,,,All,Usage restriction,250,mg/kg,,按金属含量；仅适用于染料,0,1
313,BSBL 主清单,Monomers（单体）,,丙烯酰胺,Acrylamide,1979/6/1,79-06-1,,,All,Usage ban,1000,mg/kg,LC-MS；Goal 500 mg/kg；须确保 BSSL 消费者安全限值,,0,1
314,BSBL 主清单,Monomers（单体）,,丙烯腈,Acrylonitrile,107-13-1,107-13-1,,,All,Usage ban,100,mg/kg,顶空 GC-MS，参考 EN 13130-3 (2004),,0,1
315,BSBL 主清单,Monomers（单体）,,"2-氯-1,3-丁二烯（氯丁二烯）","2-Chlorobuta-1,3-diene",126-99-8,126-99-8,,,All,Usage ban,100,mg/kg,顶空 GC-MS，参考 BVL B 80.68-1,,0,1
316,BSBL 主清单,Monomers（单体）,,环氧氯丙烷,Epichlorohydrin,106-89-8,106-89-8,,,All,Usage ban,100,mg/kg,LC-MS，参考 CEN/TS 13130-20 (2005),,0,1
317,BSBL 主清单,Monomers（单体）,,N-羟甲基丙烯酰胺,N-Methylolacrylamide,924-42-5,924-42-5,,,All,Usage ban,100,mg/kg,LC-MS,,0,1
318,BSBL 主清单,Monomers（单体）,,氯乙烯,Vinyl chloride,1975/1/4,75-01-4,,,All,Usage ban,100,mg/kg,ISO 6401 (2022),,0,1
319,BSBL 主清单,Monomers（单体）,,偏二氯乙烯,Vinylidene chloride,75-35-4,75-35-4,,,All,Usage ban,100,mg/kg,GC-MS / Headspace；最迟 2027-07-01 符合要求,,0,1
320,BSBL 主清单,Monomers（单体）,,1-乙烯基咪唑,1-Vinylimidazole,1072-63-5,1072-63-5,,,All,Usage ban,500,mg/kg,GC-MS,,0,1
321,BSBL 主清单,Nitrosamines（亚硝胺）,,N-亚硝基二正丁胺,N-Nitroso-di-n-butylamine,924-16-3,924-16-3,,,,,1.0 mg/kg,,,,0,1
322,BSBL 主清单,Nitrosamines（亚硝胺）,,N-亚硝基二乙醇胺,N-Nitroso-di-ethanolamine,1116-54-7,1116-54-7,,,,,1.0 mg/kg,,,,0,1
323,BSBL 主清单,Nitrosamines（亚硝胺）,,N-亚硝基二乙胺,N-Nitroso-di-ethylamine,55-18-5,55-18-5,,,,,1.0 mg/kg,,,,0,1
324,BSBL 主清单,Nitrosamines（亚硝胺）,,N-亚硝基二异丙胺,N-Nitroso-di-isopropylamine,601-77-4,601-77-4,,,,,1.0 mg/kg,,,,0,1
325,BSBL 主清单,Nitrosamines（亚硝胺）,,N-亚硝基二甲胺,N-Nitroso-di-methylamine,62-75-9,62-75-9,,,,,1.0 mg/kg,,,,0,1
326,BSBL 主清单,Nitrosamines（亚硝胺）,,N-亚硝基二苄胺,N-Nitroso-di-benzylamine,5336-53-8,5336-53-8,,,,,1.0 mg/kg,,,,0,1
327,BSBL 主清单,Nitrosamines（亚硝胺）,,N-亚硝基二异丁胺,N-Nitroso-di-isobutylamine,997-95-5,997-95-5,,,,,1.0 mg/kg,,,,0,1
328,BSBL 主清单,Nitrosamines（亚硝胺）,,N-亚硝基二异壬胺,N-Nitroso-di-isononylamine,1207995-62-7,1207995-62-7,,,,,1.0 mg/kg,,,,0,1
329,BSBL 主清单,Nitrosamines（亚硝胺）,,N-亚硝基二正丙胺,N-Nitroso-di-n-propylamine,621-64-7,621-64-7,,,,,1.0 mg/kg,,,,0,1
330,BSBL 主清单,Nitrosamines（亚硝胺）,,N-亚硝基-N-乙基苯胺,N-Nitroso-ethylphenylamine,612-64-6,612-64-6,,,,,1.0 mg/kg,,,,0,1
331,BSBL 主清单,Nitrosamines（亚硝胺）,,N-亚硝基-N-甲基苯胺,N-Nitroso-methylphenylamine,614-00-6,614-00-6,,,,,1.0 mg/kg,,,,0,1
332,BSBL 主清单,Nitrosamines（亚硝胺）,,N-亚硝基-N-甲基正丁胺,N-Nitrosomethyl-n-butylamine,7068-83-9,7068-83-9,,,,,1.0 mg/kg,,,,0,1
333,BSBL 主清单,Nitrosamines（亚硝胺）,,N-亚硝基-N-甲基正丙胺,N-Nitrosomethyl-n-propylamine,924-46-9,924-46-9,,,,,1.0 mg/kg,,,,0,1
334,BSBL 主清单,Nitrosamines（亚硝胺）,,N-亚硝基吗啉,N-Nitroso-morpholine,59-89-2,59-89-2,,,,,1.0 mg/kg,,,,0,1
335,BSBL 主清单,Nitrosamines（亚硝胺）,,N-亚硝基哌啶,N-Nitroso-piperidine,100-75-4,100-75-4,,,,,1.0 mg/kg,,,,0,1
336,BSBL 主清单,Nitrosamines（亚硝胺）,,N-亚硝基吡咯烷,N-Nitroso-pyrrolidine,930-55-2,930-55-2,,,,,1.0 mg/kg,,,,0,1
337,BSBL 主清单,Other Chemical Substances（其他化学物质）,,烷基萘：所有衍生物,Alkylnaphthalenes: all derivatives,—,90-12-0 (1-甲基萘) / 91-57-6 (2-甲基萘),,,,Usage ban,10,mg/kg,,GC-MS,0,1
338,BSBL 主清单,Other Chemical Substances（其他化学物质）,,偶氮苯,Azobenzene,103-33-3 / 17082-12-1,103-33-3; 17082-12-1,,,,Usage ban,100,mg/kg,,GC-MS / LC-MS,0,1
339,BSBL 主清单,Other Chemical Substances（其他化学物质）,,偶氮二甲酰胺（ADCA）,Azodicarbonamide,123-77-3,123-77-3,,,,Usage ban,1000,mg/kg,,不允许用于 bluesign® APPROVED chemicals；现场无可行发泡替代方案时可容许使用，并须通过成品测试证明消费者安全限值,0,1
340,BSBL 主清单,Other Chemical Substances（其他化学物质）,,氯化苄,Benzyl chloride,100-44-7,100-44-7,,,,Usage ban,50,mg/kg,,染料限值例外：100 mg/kg,0,1
341,BSBL 主清单,Other Chemical Substances（其他化学物质）,,双酚A,Bisphenol A,1980/5/7,80-05-7,,,,Usage ban,10,mg/kg,,ISO 21135 (2024),0,1
342,BSBL 主清单,Other Chemical Substances（其他化学物质）,,双酚AF,Bisphenol AF,1478-61-1,1478-61-1,,,,Usage ban,100,mg/kg,,ISO 21135 (2024),0,1
343,BSBL 主清单,Other Chemical Substances（其他化学物质）,,双酚B,Bisphenol B,77-40-7,77-40-7,,,,Usage ban,100,mg/kg,,ISO 21135 (2024),0,1
344,BSBL 主清单,Other Chemical Substances（其他化学物质）,,双酚F,Bisphenol F,620-92-8,620-92-8,,,,Monitoring,1000,mg/kg,,监测,0,1
345,BSBL 主清单,Other Chemical Substances（其他化学物质）,,双酚S,Bisphenol S,1980/9/1,80-09-1,,,,Usage ban,10,mg/kg,,皮革鞣制和纺织后处理（聚酰胺固色剂）特定限值 1000 mg/kg,0,1
346,BSBL 主清单,Other Chemical Substances（其他化学物质）,,2-丁酮肟,2-Butanone oxime,96-29-7,96-29-7,,,,Usage ban,50,mg/kg,,禁令也适用于作为封闭剂使用,0,1
347,BSBL 主清单,Other Chemical Substances（其他化学物质）,,正丁基缩水甘油醚,1-Butyl glycidyl ether,2426/8/6,2426-08-6,,,,Usage ban,100,mg/kg,,GC-MS / 甲醇萃取,0,1
348,BSBL 主清单,Other Chemical Substances（其他化学物质）,,4-叔丁基甲苯,4-tert-Butyltoluene,98-51-1,98-51-1,,,,Usage ban,10,mg/kg,,GC-MS,0,1
349,BSBL 主清单,Other Chemical Substances（其他化学物质）,,"1,4-二氯-2-硝基苯","1,4-Dichloro-2-nitrobenzene",89-61-2,89-61-2,,,,Usage ban,100,mg/kg,,GC-ECD，参考 EPA Method 8091,0,1
350,BSBL 主清单,Other Chemical Substances（其他化学物质）,,"6,6′-二叔丁基-2,2′-亚甲基二对甲酚","6,6'-di-tert-butyl-2,2'-methylenedi-p-cresol",119-47-1,119-47-1,,,,Usage ban,1000,mg/kg,,GC-MS,0,1
351,BSBL 主清单,Other Chemical Substances（其他化学物质）,,"1,3-二氯-2-丙醇","1,3-Dichloro-2-propanol",96-23-1,96-23-1,,,All,Usage ban,100,mg/kg,—,,0,1
352,BSBL 主清单,Other Chemical Substances（其他化学物质）,,过氧化二异丙苯,Dicumyl peroxide,80-43-3,80-43-3,,,All,Usage ban,1000,mg/kg,LC-DAD / 溶剂萃取,,0,1
353,BSBL 主清单,Other Chemical Substances（其他化学物质）,,亚磷酸二甲酯,Dimethyl hydrogen phosphite,868-85-9,868-85-9,,,All,Usage ban,100,mg/kg,GC-MS / 甲醇萃取,,0,1
354,BSBL 主清单,Other Chemical Substances（其他化学物质）,,硫酸二甲酯,Dimethyl sulfate,77-78-1,77-78-1,,,All,Usage ban,100,mg/kg,GC-MS,,0,1
355,BSBL 主清单,Other Chemical Substances（其他化学物质）,,"2,4-二硝基甲苯","2,4-Dinitrotoluene",121-14-2,121-14-2,,,All,Usage ban,100,mg/kg,GC-MS,,0,1
356,BSBL 主清单,Other Chemical Substances（其他化学物质）,,"1,4-二噁烷","1,4-Dioxane",123-91-1,123-91-1,,,All,Usage ban,1000,mg/kg,GC-MS,,0,1
357,BSBL 主清单,Other Chemical Substances（其他化学物质）,,乙撑亚胺（氮丙环）,Ethyleneimine,151-56-4,151-56-4,,,All,Usage ban,100,mg/kg,GC-MS,,0,1
358,BSBL 主清单,Other Chemical Substances（其他化学物质）,,甲醛与苯胺的低聚反应产物,Formaldehyde oligomeric reaction product with aniline,25214-70-4,25214-70-4,,,All,Usage ban,20,mg/kg,LC-MS；通过二氨基二苯甲烷间接检测,,0,1
359,BSBL 主清单,Other Chemical Substances（其他化学物质）,,甲酰胺,Formamide,1975/12/7,1975-12-7,,,All,Usage ban,200,mg/kg,GC-MS,,0,1
360,BSBL 主清单,Other Chemical Substances（其他化学物质）,,异丙基缩水甘油醚,Glycidyl isopropyl ether,4016-14-2,4016-14-2,,,All,Usage ban,1000,mg/kg,GC-MS；己烷:二氯甲烷=1:1萃取；最迟2027-07-01符合,,0,1
361,BSBL 主清单,Other Chemical Substances（其他化学物质）,,甲基丙烯酸缩水甘油酯,Glycidyl methacrylate,106-91-2,106-91-2,,,All,Usage ban,100,mg/kg,GC-MS / 甲醇萃取,,0,1
362,BSBL 主清单,Other Chemical Substances（其他化学物质）,,异喹啉,Isoquinoline,119-65-3,119-65-3,,,All,Usage ban,1000,mg/kg,LC-MS/MS、LC-DAD、LC-MS；DIN 54231 (2022)；干扰时须LC-MS或LC-MS/MS确认,,0,1
363,BSBL 主清单,Other Chemical Substances（其他化学物质）,,2-甲基氮丙环,2-Methylaziridine,75-55-8,75-55-8,,,All,Usage ban,10,mg/kg,GC-MS,,0,1
364,BSBL 主清单,Other Chemical Substances（其他化学物质）,,"N,N-二甲基对甲苯胺","N,N-Dimethyl-p-toluidine",99-97-8,99-97-8,,,All,Usage ban,150,mg/kg,GC-MS,,0,1
365,BSBL 主清单,Other Chemical Substances（其他化学物质）,,米氏碱,Michler's base,101-61-1,101-61-1,,,All,Usage ban,1000,mg/kg,LC-MS/DAD，参考 DIN 54231,,0,1
366,BSBL 主清单,Other Chemical Substances（其他化学物质）,,米氏酮,Michler's ketone,90-94-8,90-94-8,,,All,Usage ban,1000,mg/kg,—,,0,1
367,BSBL 主清单,Other Chemical Substances（其他化学物质）,,"二苯基(2,4,6-三甲基苯甲酰基)氧化膦（TPO）","Diphenyl(2,4,6-trimethylbenzoyl)phosphine oxide",75980-60-8,75980-60-8,,,All,Usage ban,1000,mg/kg,GC-MS；己烷/DCM 1:1溶剂萃取,,0,1
368,BSBL 主清单,Other Chemical Substances（其他化学物质）,,硝基苯,Nitrobenzene,98-95-3,98-95-3,,,All,Usage ban,100,mg/kg,GC-MS / 丙酮萃取,,0,1
369,BSBL 主清单,Other Chemical Substances（其他化学物质）,,4-硝基联苯,4-Nitrobiphenyl,92-93-3,92-93-3,,,All,Usage ban,150,mg/kg,—,,0,1
370,BSBL 主清单,Other Chemical Substances（其他化学物质）,,异丙基化磷酸三苯酯（PIP 3:1）,"Phenol, isopropylated, phosphate - PIP 3:1",68937-41-7,68937-41-7,,,All,Usage ban,1000,mg/kg,GC-MS / 溶剂萃取；最迟2027-07-01符合,,0,1
371,BSBL 主清单,Other Chemical Substances（其他化学物质）,,磷酸三苯酯,Triphenyl phosphate,115-86-6,115-86-6,,,All,Usage ban,1000,mg/kg,EN ISO 17881-2 (2016),,0,1
372,BSBL 主清单,Other Chemical Substances（其他化学物质）,,五氯苯硫酚,Pentachlorothiophenol,133-49-3,133-49-3,,,All,Usage ban,1000,mg/kg,GC-MS / 甲苯萃取；最迟2027-07-01符合,,0,1
373,BSBL 主清单,Other Chemical Substances（其他化学物质）,,溴酸钾,Potassium bromate,7758/1/2,7758-01-2,,,All,Usage ban,100,mg/kg,IC,,0,1
374,BSBL 主清单,Other Chemical Substances（其他化学物质）,,间苯二酚,Resorcinol,108-46-3,108-46-3,,,All,Usage ban,1000,mg/kg,LC-MS,,0,1
375,BSBL 主清单,Other Chemical Substances（其他化学物质）,,溴酸钠,Sodium bromate,7789-38-0,7789-38-0,,,All,Usage ban,100,mg/kg,IC,,0,1
376,BSBL 主清单,Other Chemical Substances（其他化学物质）,,喹啉,Quinoline,91-22-5,91-22-5,,,All,Usage ban,1000,mg/kg,LC-MS / LC-MS/MS / LC-DAD；DIN 54231 (2022)；干扰时确认,,0,1
377,BSBL 主清单,Other Chemical Substances（其他化学物质）,,硼氢化钠,Sodium borohydride,16940-66-2,16940-66-2,,,All,Usage ban,250,mg/kg,ICP-MS / ICP-OES，通过硼间接检测，DL 100 mg/kg,,0,1
378,BSBL 主清单,Other Chemical Substances（其他化学物质）,,硫脲,Thiourea,62-56-6,62-56-6,,,All,Usage ban,1000,mg/kg,LC-MS,,0,1
379,BSBL 主清单,Other Chemical Substances（其他化学物质）,,"2,4,6-三叔丁基苯酚","2,4,6-tri-tert-butylphenol",732-26-3,732-26-3,,,All,Usage ban,1000,mg/kg,GC-MS / 甲苯萃取；最迟2027-07-01符合,,0,1
380,BSBL 主清单,Other Chemical Substances — Boric acid and derivatives 硼酸及其衍生物（Boric acid and derivatives）,,4-乙烯基环己烯二环氧化物,4-Vinylcyclohexene diepoxide,106-87-6,106-87-6,,,All,Usage ban,500,mg/kg,,,0,1
381,BSBL 主清单,Other Chemical Substances — Boric acid and derivatives 硼酸及其衍生物（Boric acid and derivatives）,,硼酸及其衍生物,Boric acid and derivatives,Several,10043-35-3 (硼酸基准) / 11113-50-1,,,All,Usage ban,250*,mg/kg,,,0,1
382,BSBL 主清单,Other Chemical Substances — Boric acid and derivatives 硼酸及其衍生物（Boric acid and derivatives）,,四氧化二硼钡,Barium diboron tetraoxide,13701-59-2,13701-59-2,,,All,Usage ban,250,mg/kg,,,0,1
383,BSBL 主清单,Other Chemical Substances — Boric acid and derivatives 硼酸及其衍生物（Boric acid and derivatives）,,硼酸锌盐,"Borate, zinc salt",1332-07-6,1332-07-6,,,All,Usage ban,250,mg/kg,,,0,1
384,BSBL 主清单,Other Chemical Substances — Boric acid and derivatives 硼酸及其衍生物（Boric acid and derivatives）,,硼锌氧化物,Boron zinc oxide,12767-90-7,12767-90-7,,,All,Usage ban,250,mg/kg,,,0,1
385,BSBL 主清单,Other Chemical Substances — Boric acid and derivatives 硼酸及其衍生物（Boric acid and derivatives）,,硼酸,Boric acid,10043-35-3 / 11113-50-1,10043-35-3; 11113-50-1,,,All,Usage ban,250,mg/kg,,,0,1
386,BSBL 主清单,Other Chemical Substances — Boric acid and derivatives 硼酸及其衍生物（Boric acid and derivatives）,,三氧化二硼,Diboron trioxide,1303-86-2,1303-86-2,,,All,Usage ban,250,mg/kg,,,0,1
387,BSBL 主清单,Other Chemical Substances — Boric acid and derivatives 硼酸及其衍生物（Boric acid and derivatives）,,七氧化四硼二钠水合物,"Tetraboron disodium heptaoxide, hydrate",12267-73-1,12267-73-1,,,All,Usage ban,250,mg/kg,,,0,1
388,BSBL 主清单,Other Chemical Substances — Boric acid and derivatives 硼酸及其衍生物（Boric acid and derivatives）,,四硼酸二钠,Disodium tetraborate,Several,1330-43-4 / 1303-96-4,,,All,Usage ban,250,mg/kg,,,0,1
389,BSBL 主清单,Other Chemical Substances — Boric acid and derivatives 硼酸及其衍生物（Boric acid and derivatives）,,四硼酸二钠十水合物,"Disodium tetraborate, decahydrate",1303-96-4,1303-96-4,,,—,—,—,—,,,0,1
390,BSBL 主清单,Other Chemical Substances — Boric acid and derivatives 硼酸及其衍生物（Boric acid and derivatives）,,无水四硼酸二钠,"Disodium tetraborate, anhydrous",1330-43-4,1330-43-4,,,—,—,—,—,,,0,1
391,BSBL 主清单,Other Chemical Substances — Boric acid and derivatives 硼酸及其衍生物（Boric acid and derivatives）,,四硼酸二钠五水合物,"Disodium tetraborate, pentahydrate",12179-04-3,12179-04-3,,,—,—,—,—,,,0,1
392,BSBL 主清单,Other Chemical Substances — Boric acid and derivatives 硼酸及其衍生物（Boric acid and derivatives）,,八硼酸二钠,Disodium octaborate,Several,12008-41-2 / 12280-03-4,,,All,Usage ban,250,mg/kg,,,0,1
393,BSBL 主清单,Other Chemical Substances — Boric acid and derivatives 硼酸及其衍生物（Boric acid and derivatives）,,无水八硼酸二钠,"Disodium octaborate, anhydrous",12008-41-2,12008-41-2,,,—,—,—,—,,,0,1
394,BSBL 主清单,Other Chemical Substances — Boric acid and derivatives 硼酸及其衍生物（Boric acid and derivatives）,,八硼酸二钠四水合物,"Disodium octaborate, tetrahydrate",12280-03-4,12280-03-4,,,—,—,—,—,,,0,1
395,BSBL 主清单,Other Chemical Substances — Boric acid and derivatives 硼酸及其衍生物（Boric acid and derivatives）,,正硼酸钠盐,Orthoboric acid sodium salt,13840-56-7 / 25747-83-5 / 1333-73-9,13840-56-7; 25747-83-5; 1333-73-9,,,,Usage ban,250,mg/kg,,All,0,1
396,BSBL 主清单,Other Chemical Substances — Boric acid and derivatives 硼酸及其衍生物（Boric acid and derivatives）,,硼酸一钠盐,"Boric acid, monosodium salt",14890-53-0,14890-53-0,,,,—,—,—,,上述组成员,0,1
397,BSBL 主清单,Other Chemical Substances — Boric acid and derivatives 硼酸及其衍生物（Boric acid and derivatives）,,硼酸二钠盐,"Boric acid, disodium salt",22454-04-2,22454-04-2,,,,—,—,—,,上述组成员,0,1
398,BSBL 主清单,Other Chemical Substances — Boric acid and derivatives 硼酸及其衍生物（Boric acid and derivatives）,,硼酸三钠盐,"Boric acid, trisodium salt",14312-40-4,14312-40-4,,,,—,—,—,,上述组成员,0,1
399,BSBL 主清单,Other Chemical Substances — Boric acid and derivatives 硼酸及其衍生物（Boric acid and derivatives）,,过硼酸钠,"Perboric acid, sodium salt",11138-47-9,11138-47-9,,,,Usage ban,250,mg/kg,,All,0,1
400,BSBL 主清单,Other Chemical Substances — Boric acid and derivatives 硼酸及其衍生物（Boric acid and derivatives）,,过硼酸钠一水合物,"Perboric acid (HBO(O₂)), sodium salt, monohydrate",10332-33-9,10332-33-9,,,,—,—,—,,组成员,0,1
401,BSBL 主清单,Other Chemical Substances — Boric acid and derivatives 硼酸及其衍生物（Boric acid and derivatives）,,过硼酸钠一水合物,"Perboric acid, sodium salt, monohydrate",12040-72-1,12040-72-1,,,,—,—,—,,组成员,0,1
402,BSBL 主清单,Other Chemical Substances — Boric acid and derivatives 硼酸及其衍生物（Boric acid and derivatives）,,过硼酸一钠三水合物,"Perboric acid (H₃BO₂(O₂)), monosodium salt, trihydrate",13517-20-9,13517-20-9,,,,—,—,—,,组成员,0,1
403,BSBL 主清单,Other Chemical Substances — Boric acid and derivatives 硼酸及其衍生物（Boric acid and derivatives）,,过硼酸钠四水合物,"Perboric acid, sodium salt, tetrahydrate",37244-98-7,37244-98-7,,,,—,—,—,,组成员,0,1
404,BSBL 主清单,Other Chemical Substances — Boric acid and derivatives 硼酸及其衍生物（Boric acid and derivatives）,,Hanssons salt,"Borate(2-), tetrahydroxybis[μ-(peroxy-κO¹:κO²)]di-, sodium, hydrate (1:2:6)",125022-34-6,125022-34-6,,,,—,—,—,,组成员,0,1
405,BSBL 主清单,Other Chemical Substances — Boric acid and derivatives 硼酸及其衍生物（Boric acid and derivatives）,,过氧硼酸钠盐,"Borate(2-), tetrahydroxybis[μ-(peroxy-κO¹:κO²)]di-, sodium (1:2)",90568-23-3,90568-23-3,,,,—,—,—,,组成员,0,1
406,BSBL 主清单,Other Chemical Substances — Boric acid and derivatives 硼酸及其衍生物（Boric acid and derivatives）,,过硼酸钠衍生物,Sodium perborate derivatives,Several,15120-21-5 / 11138-47-9 / 7632-04-4,,,,Usage ban,250,mg/kg,,All,0,1
407,BSBL 主清单,Other Chemical Substances — Boric acid and derivatives 硼酸及其衍生物（Boric acid and derivatives）,,过硼酸钠,Sodium perborate,15120-21-5,15120-21-5,,,—,—,—,—,,承接第43页过硼酸钠衍生物组,0,1
408,BSBL 主清单,Other Chemical Substances — Boric acid and derivatives 硼酸及其衍生物（Boric acid and derivatives）,,无水过硼酸钠,"Sodium perborate, anhydrous",7632/4/4,7632-04-4,,,—,—,—,—,,组成员,0,1
409,BSBL 主清单,Other Chemical Substances — Boric acid and derivatives 硼酸及其衍生物（Boric acid and derivatives）,,甲酚（所有异构体）,"Cresol, all isomers",1319-77-3,1319-77-3,,,All,Usage ban,100*,mg/kg,,每个归属成员/物质,0,1
410,BSBL 主清单,Other Chemical Substances — Boric acid and derivatives 硼酸及其衍生物（Boric acid and derivatives）,,邻甲酚,o-Cresol,95-48-7,95-48-7,,,All,Usage ban,100,mg/kg,,GC-MS,0,1
411,BSBL 主清单,Other Chemical Substances — Boric acid and derivatives 硼酸及其衍生物（Boric acid and derivatives）,,间甲酚,m-Cresol,108-39-4,108-39-4,,,All,Usage ban,100,mg/kg,,GC-MS,0,1
412,BSBL 主清单,Other Chemical Substances — Boric acid and derivatives 硼酸及其衍生物（Boric acid and derivatives）,,对甲酚,p-Cresol,106-44-5,106-44-5,,,All,Usage ban,100,mg/kg,,GC-MS,0,1
413,BSBL 主清单,Other Chemical Substances — Boric acid and derivatives 硼酸及其衍生物（Boric acid and derivatives）,,肼及其盐和水合物,"Hydrazine, its salts and hydrates",Several,302-01-2 (无水肼) / 7803-57-8 (一水合肼),,,All,Usage ban,10,mg/kg,,GC-MS / LC-DAD；溶剂萃取和衍生化；DIN 38413-1 / ASTM D1385-07,0,1
414,BSBL 主清单,Other Chemical Substances — Boric acid and derivatives 硼酸及其衍生物（Boric acid and derivatives）,,肼,Hydrazine,302-01-2,302-01-2,,,—,—,—,—,,组成员,0,1
415,BSBL 主清单,Other Chemical Substances — Boric acid and derivatives 硼酸及其衍生物（Boric acid and derivatives）,,硝基丙烷衍生物,Nitropropane derivatives,Several,79-46-9 (2-硝基丙烷基准),,,—,—,—,—,,物质组,0,1
416,BSBL 主清单,Other Chemical Substances — Boric acid and derivatives 硼酸及其衍生物（Boric acid and derivatives）,,2-硝基丙烷,2-Nitropropane,79-46-9,79-46-9,,,All,Usage ban,100,mg/kg,,GC-MS,0,1
417,BSBL 主清单,Other Chemical Substances — Boric acid and derivatives 硼酸及其衍生物（Boric acid and derivatives）,,硅氧烷,Siloxanes,Several,541-02-6 (D5) / 556-67-2 (D4) / 540-97-6 (D6),,,—,—,—,—,,物质组,0,1
418,BSBL 主清单,Other Chemical Substances — Boric acid and derivatives 硼酸及其衍生物（Boric acid and derivatives）,,D4 硅氧烷（八甲基环四硅氧烷）,D4-Siloxane (Octamethylcyclotetrasiloxane),556-67-2,556-67-2,,,All,Usage ban,1000,mg/kg,,ISO 23649 (2025) / TEGEWA method (2021),0,1
419,BSBL 主清单,Other Chemical Substances — Boric acid and derivatives 硼酸及其衍生物（Boric acid and derivatives）,,D5 硅氧烷（十甲基环五硅氧烷）,D5-Siloxane (Decamethylcyclopentasiloxane),541-02-6,541-02-6,,,All,Usage ban,1000,mg/kg,,同上,0,1
420,BSBL 主清单,Other Chemical Substances — Boric acid and derivatives 硼酸及其衍生物（Boric acid and derivatives）,,D6 硅氧烷（十二甲基环六硅氧烷）,D6-Siloxane (Dodecamethylcyclohexasiloxane),540-97-6,540-97-6,,,All,Usage ban,1000,mg/kg,,同上,0,1
421,BSBL 主清单,Other Chemical Substances — Boric acid and derivatives 硼酸及其衍生物（Boric acid and derivatives）,,十甲基四硅氧烷,Decamethyltetrasiloxane,141-62-8,141-62-8,,,All,Usage ban,1000,mg/kg,,TEGEWA / ISO 23649,0,1
422,BSBL 主清单,Other Chemical Substances — Boric acid and derivatives 硼酸及其衍生物（Boric acid and derivatives）,,甲基三(三甲基硅氧基)硅烷,Methyltris(trimethylsiloxy)silane,17928-28-8,17928-28-8,,,All,Usage ban,1000,mg/kg,,最迟 2027-07-01 符合要求,0,1
423,BSBL 主清单,Ozone Depleting Substances（消耗臭氧层物质）,,消耗臭氧层物质,Ozone Depleting Substances (according to Regulation (EU) 2024/590),Several,蒙特利尔议定书 / (EU) 2024/590 管控组,,,All,Usage ban,100,mg/kg,GC-MS,所有归属的 Class I + Class II 消耗臭氧层物质总和,0,1
424,BSBL 主清单,Ozone Depleting Substances（消耗臭氧层物质）,,I类消耗臭氧层物质（CFCs）,Ozone depleting substances (CFCs) class I,Several,蒙特利尔议定书附件A组I (CFC-11/12等),,,All,Usage ban,—,—,GC-MS,单一物质列于 Annex,0,1
425,BSBL 主清单,Ozone Depleting Substances（消耗臭氧层物质）,,II类消耗臭氧层物质（CFCs）,Ozone depleting substances (CFCs) class II,Several,蒙特利尔议定书附件B组I (CFC-13/114等),,,All,Usage ban,—,—,GC-MS,单一物质列于 Annex,0,1
426,BSBL 主清单,PFAS 总组 + PFAS dyes,,PFAS（多氟和全氟烷基物质）,PFAS (Poly- and perfluoroalkyl substances),Several,PFAS全氟和多氟烷基物质大类管控,,,All,Usage ban,50,mg/kg,ASTM D7359（总氟）、EN ISO 20999 (2026)、EN 17813 (2023)；限值指总氟含量；特定用途可能有例外,,0,1
427,BSBL 主清单,PFAS 总组 + PFAS dyes,,PFAS 染料,PFAS dyes,Several,含全氟烷基链功能性染料类目管控,,,All,Usage ban,250,μg/kg,所有成员总和；最迟 2027-07-01 符合,,0,1
428,BSBL 主清单,PFAS 总组 + PFAS dyes,,酸性红266,Acid Red 266,12217-37-7 / 57741-47-6,12217-37-7; 57741-47-6,,,All,Usage ban,25,μg/kg,LC-MS/MS,,0,1
429,BSBL 主清单,PFAS 总组 + PFAS dyes,,酸性红337,Acid Red 337,67786-14-5 / 12270-02-9 / 1244054-25-8 / 71598-24-8 / 39280-63-2,67786-14-5; 12270-02-9; 1244054-25-8; 71598-24-8; 39280-63-2,,,All,Usage ban,25,μg/kg,LC-MS/MS,,0,1
430,BSBL 主清单,PFAS 总组 + PFAS dyes,,颜料黄128,Pigment Yellow 128,79953-85-8 / 57971-97-8 / 521273-84-7,79953-85-8; 57971-97-8; 521273-84-7,,,All,Usage ban,25,μg/kg,LC-MS/MS,,0,1
431,BSBL 主清单,PFAS 总组 + PFAS dyes,,颜料黄154,Pigment Yellow 154,68134-22-5 / 63661-02-9,68134-22-5; 63661-02-9,,,All,Usage ban,25,μg/kg,LC-MS/MS,,0,1
432,BSBL 主清单,PFAS 总组 + PFAS dyes,,颜料橙60,Pigment Orange 60,68399-99-5,68399-99-5,,,All,Usage ban,25,μg/kg,LC-MS/MS,,0,1
433,BSBL 主清单,PFAS 总组 + PFAS dyes,,颜料红242,Pigment Red 242,52238-92-3 / 94188-99-5 / 118440-67-8,52238-92-3; 94188-99-5; 118440-67-8,,,All,Usage ban,25,μg/kg,LC-MS/MS,,0,1
434,BSBL 主清单,PFAS 总组 + PFAS dyes,,溶剂橙116,Solvent Orange 116,669005-94-1,669005-94-1,,,All,Usage ban,25,μg/kg,LC-MS/MS,,0,1
435,BSBL 主清单,PFAS 总组 + PFAS dyes,,还原蓝21,Vat Blue 21,6219-97-2,6219-97-2,,,All,Usage ban,25,μg/kg,LC-MS/MS,,0,1
436,BSBL 主清单,PFAS 总组 + PFAS dyes,,还原蓝30,Vat Blue 30,6492-78-0,6492-78-0,,,All,Usage ban,25,μg/kg,LC-MS/MS,,0,1
437,BSBL 主清单,PFAS 总组 + PFAS dyes,,2-萘磺酸类含三氟甲基偶氮染料,"2-Naphthalenesulfonic acid, 6-amino-5-[2-[4-chloro-2-(trifluoromethyl)phenyl]diazenyl]-4-hydroxy-",3836-78-0,3836-78-0,,,All,Usage ban,25,μg/kg,LC-MS/MS；最迟 2027-07-01 符合,,0,1
438,BSBL 主清单,PFAS 总组 + PFAS dyes,,含三氟甲基偶氮萘磺酸,"2-Naphthalenesulfonic acid, 5-[2-[4-(acetylamino)-2-(trifluoromethyl)phenyl]diazenyl]-6-amino-4-hydroxy-",68594-62-7,68594-62-7,,,All,Usage ban,25,μg/kg,,,0,1
439,BSBL 主清单,PFAS 总组 + PFAS dyes,,上述物质钠盐,2-Naphthalenesulfonic acid... sodium salt (1:1),75198-93-5,75198-93-5,,,All,Usage ban,25,μg/kg,,,0,1
440,BSBL 主清单,PFAS 总组 + PFAS dyes,,含三氟甲基苯偶氮萘磺酸,"2-Naphthalenesulfonic acid, 6-amino-4-hydroxy-5-[2-[2-(trifluoromethyl)phenyl]diazenyl]-",37078-97-0,37078-97-0,,,All,Usage ban,25,μg/kg,,,0,1
441,BSBL 主清单,PFAS 总组 + PFAS dyes,,含三氟甲基偶氮丙腈衍生物,"Propanenitrile, 3,3′-[[4-[2-[2-bromo-4-nitro-6-(trifluoromethyl)phenyl]diazenyl]phenyl]imino]bis-",246871-16-9,246871-16-9,,,All,Usage ban,25,μg/kg,,,0,1
442,BSBL 主清单,PFAS 总组 + PFAS dyes,,含三氟甲基偶氮吡啶腈复合物,3-Pyridinecarbonitrile... coupled with diazotized...,364069-33-0,364069-33-0,,,All,Usage ban,25,μg/kg,,,0,1
443,BSBL 主清单,PFAS 总组 + PFAS dyes,,PFAS 聚合物,PFAS Polymers,Several,含氟聚合物 (PTFE/PVDF等) 类目管控,,,All,Usage ban,50*,mg/kg,,,0,1
444,BSBL 主清单,PFAS 总组 + PFAS dyes,,聚四氟乙烯,Polytetrafluoroethylene - PTFE,9002-84-0,9002-84-0,,,—,—,—,—,,,0,1
445,BSBL 主清单,PFAS 总组 + PFAS dyes,,聚偏二氟乙烯,Polyvinylidene fluoride - PVDF,24937-79-9,24937-79-9,,,—,—,—,—,,,0,1
446,BSBL 主清单,PFAS 总组 + PFAS dyes,,乙烯-四氟乙烯共聚物（ETFE）,Ethylene-tetrafluoroethylene polymer - ETFE,25038-71-5,25038-71-5,,,,,,,,,0,1
447,BSBL 主清单,PFAS 总组 + PFAS dyes,,全氟乙烯-全氟丙烯聚合物（FEP）,Perfluoroethylene-perfluoropropylene polymer - FEP,25067-11-2,25067-11-2,,,,,,,,,0,1
448,BSBL 主清单,PFAS 总组 + PFAS dyes,,全氟丙基乙烯基醚-四氟乙烯共聚物（PFA）,Perfluoropropylvinyl ether-tetrafluoroethylene copolymer - PFA,26655-00-5,26655-00-5,,,,,,,,,0,1
449,BSBL 主清单,PFAS 总组 + PFAS dyes,,氯三氟乙烯-乙烯共聚物（ECTFE）,Chlorotrifluoroethylene-ethylene polymer - ECTFE,25101-45-5,25101-45-5,,,,,,,,,0,1
450,BSBL 主清单,PFAS 总组 + PFAS dyes,,聚氯三氟乙烯（PCTFE）,Poly(chlorotrifluoroethylene) - PCTFE,9002-83-9,9002-83-9,,,,,,,,,0,1
451,BSBL 主清单,PFAS 总组 + PFAS dyes,,全氟丙烯-偏二氟乙烯共聚物,Perfluoropropene-vinylidene fluoride copolymer,9011-17-0,9011-17-0,,,,,,,,,0,1
452,BSBL 主清单,PFAS 总组 + PFAS dyes,,四氟乙烯-全氟磺酸共聚物,"Tetrafluoroethylene-perfluoro(3,6-dioxa-4-methyl-7-octenesulfonic acid) copolymer",31175-20-9,31175-20-9,,,,,,,,,0,1
453,BSBL 主清单,PFAS 总组 + PFAS dyes,,聚三氟乙烯,Poly(vinyl trifluoride),24980-67-4,24980-67-4,,,,,,,,,0,1
454,BSBL 主清单,PFAS 总组 + PFAS dyes,,全氟壬基聚二甲基硅氧烷,Perfluorononyl dimethicone,259725-95-6,259725-95-6,,,,,,,,,0,1
455,BSBL 主清单,PFAS 总组 + PFAS dyes,非聚合物和非染料 PFAS,,,Several,PFAS非聚合物小分子化合物类目管控,,,Textiles / Down-feather / Leather / Metal parts,Usage ban,250,μg/kg,EN 17681-1 (2025),,1,1
456,BSBL 主清单,PFAS 总组 + PFAS dyes,非聚合物和非染料 PFAS,,,Several,PFAS非聚合物小分子化合物类目管控,,,Polymer parts,Usage ban,250,μg/kg,EN ISO 23702-1 (2023)，THF萃取后甲醇沉淀 1:1,,1,1
457,BSBL 主清单,PFAS 总组 + PFAS dyes,全氟丁酸及其盐,,,Several,375-22-4 (PFBA母体) / 2218-54-4 (钠盐),,,Textiles / Down-feather / Leather / Metal parts,Usage ban,250,μg/kg,EN 17681-1 (2025),,1,1
458,BSBL 主清单,PFBA / PFHxA / PFHpA 相关物质,Perfluorobutanoic acid related substances,全氟丁酸相关物质,,,375-22-4 (PFBA前体与衍生物),,,Polymer parts,Usage ban,250,μg/kg,,EN ISO 23702-1,0,1
459,BSBL 主清单,PFBA / PFHxA / PFHpA 相关物质,Perfluorobutanoic acid related substances,全氟丁酸相关物质,,,375-22-4 (PFBA前体与衍生物),,,Textiles / Down-feather / Leather / Metal parts,Usage ban,250,μg/kg,,EN 17681-1,0,1
460,BSBL 主清单,PFBA / PFHxA / PFHpA 相关物质,Perfluorohexanoic acid and its salts,全氟己酸及其盐,,,307-24-4 (PFHxA母体) / 2923-26-4 (钠盐),,,Polymer parts,Usage ban,25,μg/kg,,EN ISO 23702-1,0,1
461,BSBL 主清单,PFBA / PFHxA / PFHpA 相关物质,Perfluorohexanoic acid and its salts,全氟己酸及其盐,,,307-24-4 (PFHxA母体) / 2923-26-4 (钠盐),,,Textiles / Down-feather / Leather / Metal parts,Usage ban,25,μg/kg,,所有物质总和；每个单项亦为25 μg/kg,0,1
462,BSBL 主清单,PFBA / PFHxA / PFHpA 相关物质,Perfluorohexanoic acid related substances,全氟己酸相关物质,,,307-24-4 (PFHxA前体与衍生物),,,Textiles / Down-feather / Leather / Metal parts,Usage ban,250,μg/kg,,EN 17681-1,0,1
463,BSBL 主清单,PFBA / PFHxA / PFHpA 相关物质,Perfluorohexanoic acid related substances,全氟己酸相关物质,,,307-24-4 (PFHxA前体与衍生物),,,Polymer parts,Usage ban,250,μg/kg,,EN ISO 23702-1,0,1
464,BSBL 主清单,PFBA / PFHxA / PFHpA 相关物质,Perfluoroheptanoic acid and its salts,全氟庚酸及其盐,,,375-85-9 / 20109-59-5,,,Textiles / Down-feather / Leather / Metal parts,Usage ban,250,μg/kg,,EN 17681-1,0,1
465,BSBL 主清单,PFBA / PFHxA / PFHpA 相关物质,Perfluoroheptanoic acid and its salts,全氟庚酸及其盐,,,375-85-9 / 20109-59-5,,,Polymer parts,Usage ban,250,μg/kg,,EN ISO 23702-1,0,1
466,BSBL 主清单,PFOA + C9–C21 PFCAs,Perfluorooctanoic acid and its salts,全氟辛酸及其盐（PFOA及盐）,,,335-67-1 (PFOA母体) / 3825-26-1 (铵盐),,,Textiles / Down-feather / Leather / Metal parts,Usage ban,25,μg/kg,,EN 17681-1,0,1
467,BSBL 主清单,PFOA + C9–C21 PFCAs,Perfluorooctanoic acid and its salts,全氟辛酸及其盐,,,335-67-1 (PFOA母体) / 3825-26-1 (铵盐),,,Polymer parts,Usage ban,25,μg/kg,,EN ISO 23702-1,0,1
468,BSBL 主清单,PFOA + C9–C21 PFCAs,Perfluorooctanoic acid related substances,全氟辛酸相关物质,,,335-67-1 (PFOA前体与衍生物),,,Textiles / Down-feather / Leather / Metal parts,Usage ban,250,μg/kg,,EN 17681-1,0,1
469,BSBL 主清单,PFOA + C9–C21 PFCAs,Perfluorooctanoic acid related substances,全氟辛酸相关物质,,,335-67-1 (PFOA前体与衍生物),,,Polymer parts,Usage ban,250,μg/kg,,EN ISO 23702-1,0,1
470,BSBL 主清单,PFOA + C9–C21 PFCAs,Perfluorocarboxylic acids (C9-C21) and its salts,C9–C21 全氟羧酸及其盐,,,375-95-1 (C9 PFNA基准) / 335-76-2 (C10 PFDA),,,Textiles / Down-feather / Leather / Metal parts,Usage ban,25,μg/kg,,EN 17681-1,0,1
471,BSBL 主清单,PFOA + C9–C21 PFCAs,Perfluorocarboxylic acids (C9-C21) and its salts,C9–C21 全氟羧酸及其盐,,,375-95-1 (C9 PFNA基准) / 335-76-2 (C10 PFDA),,,Polymer parts,Usage ban,25,μg/kg,,EN ISO 23702-1,0,1
472,BSBL 主清单,PFOA + C9–C21 PFCAs,Perfluorocarboxylic acid (C9-C21) related substances,C9–C21 全氟羧酸相关物质,,,375-95-1 (C9-C21 PFCAs前体与衍生物),,,Textiles / Down-feather / Leather / Metal parts,Usage ban,250,μg/kg,,EN 17681-1,0,1
473,BSBL 主清单,PFOA + C9–C21 PFCAs,Perfluorocarboxylic acid (C9-C21) related substances,C9–C21 全氟羧酸相关物质,,,375-95-1 (C9-C21 PFCAs前体与衍生物),,,Polymer parts,Usage ban,250,μg/kg,,EN ISO 23702-1,0,1
474,BSBL 主清单,PFAS（续）,,支链全氟烷基化合物,"Perfluoroalkyl compounds, branched",Several,支链全氟烷基化合物类目管控,,,Textiles / Down-feather / Leather / Metal parts,Usage ban,250,μg/kg,EN 17681-1 (2025),,0,1
475,BSBL 主清单,PFAS（续）,,支链全氟烷基化合物,"Perfluoroalkyl compounds, branched",Several,支链全氟烷基化合物类目管控,,,Polymer parts,Usage ban,250,μg/kg,EN ISO 23702-1 (2023)；THF萃取后甲醇沉淀（1:1）,,0,1
476,BSBL 主清单,PFAS（续）,,全氟丁烷磺酸及其盐,Perfluorobutane sulfonic acid and its salts,Several,375-73-5 / 29420-49-3,,,Textiles / Down-feather / Leather / Metal parts,Usage ban,250,μg/kg,EN 17681-1 (2025),,0,1
477,BSBL 主清单,PFAS（续）,,全氟丁烷磺酸及其盐,Perfluorobutane sulfonic acid and its salts,Several,375-73-5 / 29420-49-3,,,Polymer parts,Usage ban,250,μg/kg,EN ISO 23702-1 (2023),,0,1
478,BSBL 主清单,PFAS（续）,,全氟丁烷磺酸及其衍生物,Perfluorobutane sulfonic acid and its derivatives,Several,375-73-5 / 29420-49-3,,,Textiles / Down-feather / Leather / Metal parts,Usage ban,250,μg/kg,EN 17681-1 (2025),,0,1
479,BSBL 主清单,PFAS（续）,,全氟丁烷磺酸及其衍生物,Perfluorobutane sulfonic acid and its derivatives,Several,375-73-5 / 29420-49-3,,,Polymer parts,Usage ban,250,μg/kg,EN ISO 23702-1 (2023),,0,1
480,BSBL 主清单,PFAS（续）,,全氟己烷磺酸及其盐（PFHxS及其盐）,Perfluorohexane sulfonic acid and its salts,Several,355-46-4 / 3871-99-6,,,Textiles / Down-feather / Leather / Metal parts,Usage ban,25,μg/kg,EN 17681-1 (2025),,0,1
481,BSBL 主清单,PFAS（续）,,全氟己烷磺酸及其盐（PFHxS及其盐）,Perfluorohexane sulfonic acid and its salts,Several,355-46-4 / 3871-99-6,,,Polymer parts,Usage ban,25,μg/kg,EN ISO 23702-1 (2023),,0,1
482,BSBL 主清单,PFAS（续）,,全氟己烷磺酸及其衍生物,Perfluorohexane sulfonic acid and its derivatives,Several,355-46-4 / 3871-99-6,,,Textiles / Down-feather / Leather / Metal parts,Usage ban,250,μg/kg,,,0,1
483,BSBL 主清单,PFAS（续）,,全氟己烷磺酸及其衍生物,Perfluorohexane sulfonic acid and its derivatives,Several,355-46-4 / 3871-99-6,,,Polymer parts,Usage ban,250,μg/kg,,,0,1
484,BSBL 主清单,PFAS（续）,,全氟辛烷磺酸及其盐（PFOS及其盐）,Perfluorooctane sulfonic acid and its salts,Several,1763-23-1 / 2795-39-3,,,Textiles / Down-feather / Leather / Metal parts,Usage ban,25,μg/kg,,,0,1
485,BSBL 主清单,PFAS（续）,,全氟辛烷磺酸及其盐（PFOS及其盐）,Perfluorooctane sulfonic acid and its salts,Several,1763-23-1 / 2795-39-3,,,Polymer parts,Usage ban,25,μg/kg,,,0,1
486,BSBL 主清单,PFAS（续）,,全氟辛烷磺酸及其衍生物,Perfluorooctane sulfonic acid and its derivatives,Several,1763-23-1,,,Textiles / Down-feather / Leather / Metal parts,Usage ban,250,μg/kg,,,0,1
487,BSBL 主清单,PFAS（续）,,全氟辛烷磺酸及其衍生物,Perfluorooctane sulfonic acid and its derivatives,Several,1763-23-1,,,Polymer parts,Usage ban,250,μg/kg,,,0,1
488,BSBL 主清单,PFAS（续）,,全氟烷基磺酸及其盐 F(CF₂)n，n>8,Perfluoroalkyl sulfonic acid and its salts - F(CF2)n [n>8],Several,335-77-3 (C10 PFDS基准) / 2806-15-7,,,Textiles / Down-feather / Leather / Metal parts,Usage ban,250,μg/kg,,,0,1
489,BSBL 主清单,PFAS（续）,,全氟烷基磺酸及其盐 F(CF₂)n，n>8,Perfluoroalkyl sulfonic acid and its salts - F(CF2)n [n>8],Several,335-77-3 (C10 PFDS基准) / 2806-15-7,,,Polymer parts,Usage ban,250,μg/kg,,,0,1
490,BSBL 主清单,PFAS（续）,,全氟烷基磺酸及其衍生物 F(CF₂)n，n>8,Perfluoroalkyl sulfonic acid and its derivatives - F(CF2)n [n>8],Several,335-77-3 (长链全氟磺酸前体衍生物),,,Textiles / Down-feather / Leather / Metal parts,Usage ban,250,μg/kg,EN 17681-1 (2025),,0,1
491,BSBL 主清单,PFAS（续）,,全氟烷基磺酸及其衍生物 F(CF₂)n，n>8,Perfluoroalkyl sulfonic acid and its derivatives - F(CF2)n [n>8],Several,335-77-3 (长链全氟磺酸前体衍生物),,,Polymer parts,Usage ban,250,μg/kg,EN ISO 23702-1 (2023)，THF萃取后甲醇沉淀（1:1）,,0,1
492,BSBL 主清单,Plasticizers（增塑剂）— Phthalic acid esters,,邻苯二甲酸酯,Phthalic acid esters,Several,117-81-7 (DEHP邻苯类代表性基准),,,All,Usage ban,250,mg/kg,,,0,1
493,BSBL 主清单,Plasticizers（增塑剂）— Phthalic acid esters,,邻苯二甲酸双(2-甲氧基乙基)酯（DMEP）,Bis-(2-methoxyethyl) phthalate (DMEP),117-82-8,117-82-8,,,All,Usage ban,250,mg/kg,,,0,1
494,BSBL 主清单,Plasticizers（增塑剂）— Phthalic acid esters,,邻苯二甲酸丁苄酯（BBP）,Butylbenzyl phthalate (BBP),85-68-7,85-68-7,,,All,Usage ban,250,mg/kg,,,0,1
495,BSBL 主清单,Plasticizers（增塑剂）— Phthalic acid esters,,邻苯二甲酸二甲酯（DMP）,Dimethyl phthalate (DMP),131-11-3,131-11-3,,,All,Usage ban,250,mg/kg,,,0,1
496,BSBL 主清单,Plasticizers（增塑剂）— Phthalic acid esters,,邻苯二甲酸二乙酯（DEP）,Diethyl phthalate (DEP),84-66-2,84-66-2,,,All,Usage ban,250,mg/kg,,,0,1
497,BSBL 主清单,Plasticizers（增塑剂）— Phthalic acid esters,,邻苯二甲酸二正丙酯（DPRP）,Di-n-propyl phthalate (DPRP),131-16-8,131-16-8,,,All,Usage ban,250,mg/kg,,,0,1
498,BSBL 主清单,Plasticizers（增塑剂）— Phthalic acid esters,,邻苯二甲酸二丁酯（DBP）,Dibutyl phthalate (DBP),84-74-2,84-74-2,,,All,Usage ban,250,mg/kg,,,0,1
499,BSBL 主清单,Plasticizers（增塑剂）— Phthalic acid esters,,邻苯二甲酸二异丁酯（DIBP）,Di-iso-butyl phthalate (DIBP),84-69-5,84-69-5,,,All,Usage ban,250,mg/kg,,,0,1
500,BSBL 主清单,Plasticizers（增塑剂）— Phthalic acid esters,,邻苯二甲酸二正戊酯（DnPP）,Di-n-pentyl phthalate (DnPP),131-18-0,131-18-0,,,All,Usage ban,250,mg/kg,,,0,1
501,BSBL 主清单,Plasticizers（增塑剂）— Phthalic acid esters,,邻苯二甲酸二异戊酯（DIPP）,Di-iso-pentyl phthalate (DIPP),605-50-5,605-50-5,,,All,Usage ban,250,mg/kg,,,0,1
502,BSBL 主清单,Plasticizers（增塑剂）— Phthalic acid esters,,邻苯二甲酸正戊基异戊基酯,n-Pentyl-isopentyl phthalate,776297-69-9,776297-69-9,,,All,Usage ban,250,mg/kg,,,0,1
503,BSBL 主清单,Plasticizers（增塑剂）— Phthalic acid esters,,邻苯二甲酸二正己酯（DnHP）,Di-n-hexyl phthalate (DnHP),84-75-3,84-75-3,,,All,Usage ban,250,mg/kg,,,0,1
504,BSBL 主清单,Plasticizers（增塑剂）— Phthalic acid esters,,邻苯二甲酸二环己酯（DCHP）,Di-cyclohexyl phthalate (DCHP),84-61-7,84-61-7,,,All,Usage ban,250,mg/kg,,,0,1
505,BSBL 主清单,Plasticizers（增塑剂）— Phthalic acid esters,,邻苯二甲酸二异己酯（DIHxP）,Di-iso-hexyl phthalate (DIHxP),71850-09-4,71850-09-4,,,All,Usage ban,250,mg/kg,,,0,1
506,BSBL 主清单,Plasticizers（增塑剂）— Phthalic acid esters,,邻苯二甲酸二正辛酯（DnOP）,Di-n-octyl phthalate (DnOP),117-84-0,117-84-0,,,All,Usage ban,250,mg/kg,,,0,1
507,BSBL 主清单,Plasticizers（增塑剂）— Phthalic acid esters,,邻苯二甲酸二异辛酯（DIOP）,Di-iso-octyl phthalate (DIOP),27554-26-3,27554-26-3,,,All,Usage ban,250,mg/kg,,,0,1
508,BSBL 主清单,Plasticizers（增塑剂）— Phthalic acid esters,,邻苯二甲酸二(2-乙基己基)酯（DEHP）,Diethylhexyl phthalate (DEHP),117-81-7,117-81-7,,,All,Usage ban,250,mg/kg,,,0,1
509,BSBL 主清单,Plasticizers（增塑剂）— Phthalic acid esters,,邻苯二甲酸二壬酯（DNP）,Dinonyl phthalate (DNP),84-76-4,84-76-4,,,All,Usage ban,250,mg/kg,,,0,1
510,BSBL 主清单,Plasticizers（增塑剂）— Phthalic acid esters,,邻苯二甲酸二-C6-8支链烷基酯（富C7）,"1,2-Benzenedicarboxylic acid, di-C6-8-branched alkylesters, C7-rich",71888-89-6,71888-89-6,,,All,Usage ban,250,mg/kg,,,0,1
511,BSBL 主清单,Plasticizers（增塑剂）— Phthalic acid esters,,邻苯二甲酸苄基C7-9支链和直链烷基酯,"1,2-Benzenedicarboxylic acid, benzyl C7-9-branched and linear alkyl esters",68515-40-2,68515-40-2,,,All,Usage ban,250,mg/kg,,,0,1
512,BSBL 主清单,Plasticizers（增塑剂）— Phthalic acid esters,,邻苯二甲酸二-C7-11支链和直链烷基酯,"1,2-Benzenedicarboxylic acid, di-C7-11-branched and linear alkylesters",68515-42-4,68515-42-4,,,All,Usage ban,250,mg/kg,,,0,1
513,BSBL 主清单,Plasticizers（增塑剂）— Phthalic acid esters,,邻苯二甲酸二戊酯（支链和直链）,"1,2-Benzenedicarboxylic acid, dipentylester, branched and linear",84777-06-0,84777-06-0,,,All,Usage ban,250,mg/kg,,,0,1
514,BSBL 主清单,Plasticizers（增塑剂）— Phthalic acid esters,,邻苯二甲酸二己酯（支链和直链）,"1,2-Benzenedicarboxylic acid, dihexyl ester, branched and linear",68515-50-4,68515-50-4,,,All,Usage ban,250,mg/kg,,,0,1
515,BSBL 主清单,Plasticizers（增塑剂）— Phthalic acid esters,,邻苯二甲酸二-C6-10烷基酯或癸基/己基/辛基混合二酯,"1,2-Benzenedicarboxylic acid, di-C6-10-alkyl esters or mixed decyl and hexyl and octyl diesters",Several,68515-51-5 / 68648-93-1,,,All,Usage ban,250,mg/kg,,,0,1
516,BSBL 主清单,Plasticizers（增塑剂）— Phthalic acid esters,,邻苯二甲酸二-C6-10烷基酯,"1,2-Benzenedicarboxylic acid, di-C6-10-alkyl esters",68515-51-5,68515-51-5,,,—,—,—,—,,,0,1
517,BSBL 主清单,Plasticizers（增塑剂）— Phthalic acid esters,,邻苯二甲酸癸基、己基和辛基混合二酯,"1,2-Benzenedicarboxylic acid, mixed decyl and hexyl and octyl diesters",68648-93-1,68648-93-1,,,—,—,—,—,,,0,1
518,BSBL 主清单,Plasticizers（增塑剂）— Phthalic acid esters,,邻苯二甲酸二异壬酯（DINP）,Di-iso-nonyl phthalate (DINP),Several,28553-12-0 / 68515-48-0,,,All,Usage ban,250,mg/kg,,,0,1
519,BSBL 主清单,Plasticizers（增塑剂）— Phthalic acid esters,,邻苯二甲酸二异壬酯（Polygas工艺）,Di-iso-nonyl phthalate - polygas based,28553-12-0,28553-12-0,,,—,—,—,—,,,0,1
520,BSBL 主清单,Plasticizers（增塑剂）— Phthalic acid esters,,邻苯二甲酸二异壬酯（异丁烯/正丁烯工艺）,Di-iso-nonyl phthalate - iso & n-Butene based,68515-48-0,68515-48-0,,,—,—,—,—,,,0,1
521,BSBL 主清单,Plasticizers（增塑剂）— Phthalic acid esters,,邻苯二甲酸二异癸酯（DIDP）,Di-iso-decyl phthalate (DIDP),Several,26761-40-0 / 68515-49-1,,,All,Usage ban,250,mg/kg,,,0,1
522,BSBL 主清单,Plasticizers（增塑剂）— Phthalic acid esters,,邻苯二甲酸二异癸酯 [1],Di-iso-decyl phthalate [1],26761-40-0,26761-40-0,,,—,—,—,—,,,0,1
523,BSBL 主清单,Plasticizers（增塑剂）— Phthalic acid esters,,邻苯二甲酸二异癸酯 [2],Di-iso-decyl phthalate [2],68515-49-1,68515-49-1,,,—,—,—,—,,,0,1
524,BSBL 主清单,Polyaromatic hydrocarbons (PAHs) 多环芳烃,,多环芳烃（PAHs）,Polyaromatic hydrocarbons (PAHs),Several,50-32-8 (苯并[a]芘基准) 等16项PAHs,,,All,Usage ban,100,mg/kg,,,0,1
525,BSBL 主清单,Polyaromatic hydrocarbons (PAHs) 多环芳烃,,苯并[a]芘,Benzo(a)pyrene,50-32-8,50-32-8,,,All,Usage ban,1,mg/kg,,,0,1
526,BSBL 主清单,Polyaromatic hydrocarbons (PAHs) 多环芳烃,,苯并[e]芘,Benzo(e)pyrene,192-97-2,192-97-2,,,All,Usage ban,5,mg/kg,,,0,1
527,BSBL 主清单,Polyaromatic hydrocarbons (PAHs) 多环芳烃,,苯并[a]蒽,Benzo(a)anthracene,56-55-3,56-55-3,,,All,Usage ban,5,mg/kg,,,0,1
528,BSBL 主清单,Polyaromatic hydrocarbons (PAHs) 多环芳烃,,苯并[b]荧蒽,Benzo(b)fluoroanthene,205-99-2,205-99-2,,,All,Usage ban,5,mg/kg,,,0,1
529,BSBL 主清单,Polyaromatic hydrocarbons (PAHs) 多环芳烃,,苯并[j]荧蒽,Benzo(j)fluoroanthene,205-82-3,205-82-3,,,All,Usage ban,5,mg/kg,,,0,1
530,BSBL 主清单,Polyaromatic hydrocarbons (PAHs) 多环芳烃,,苯并[k]荧蒽,Benzo(k)fluoroanthene,207-08-9,207-08-9,,,All,Usage ban,5,mg/kg,,,0,1
531,BSBL 主清单,Polyaromatic hydrocarbons (PAHs) 多环芳烃,,䓛,Chrysene,218-01-9,218-01-9,,,All,Usage ban,5,mg/kg,,,0,1
532,BSBL 主清单,Polyaromatic hydrocarbons (PAHs) 多环芳烃,,"二苯并[a,h]蒽","Dibenzo(a,h)anthrene",53-70-3,53-70-3,,,All,Usage ban,5,mg/kg,,,0,1
533,BSBL 主清单,Polyaromatic hydrocarbons (PAHs) 多环芳烃,,"二苯并[def,p]䓛","Dibenzo[def,p]chrysene",191-30-0,191-30-0,,,All,Usage ban,10,mg/kg,,,0,1
534,BSBL 主清单,Polyaromatic hydrocarbons (PAHs) 多环芳烃,,苊,Acenaphthene,83-32-9,83-32-9,,,All,Usage ban,适用组限值,—,,,0,1
535,BSBL 主清单,Polyaromatic hydrocarbons (PAHs) 多环芳烃,,苊烯,Acenaphthylene,208-96-8,208-96-8,,,All,Usage ban,适用组限值,—,,,0,1
536,BSBL 主清单,Polyaromatic hydrocarbons (PAHs) 多环芳烃,,蒽,Anthracene,120-12-7,120-12-7,,,All,Usage ban,适用组限值,—,,,0,1
537,BSBL 主清单,Polyaromatic hydrocarbons (PAHs) 多环芳烃,,苯并[rst]戊芬,Benzo[rst]pentaphene,189-55-9,189-55-9,,,All,Usage ban,适用组限值,—,,,0,1
538,BSBL 主清单,Polyaromatic hydrocarbons (PAHs) 多环芳烃,,苯并[ghi]苝,Benzo(ghi)perylene,191-24-2,191-24-2,,,All,Usage ban,适用组限值,—,,,0,1
539,BSBL 主清单,Polyaromatic hydrocarbons (PAHs) 多环芳烃,,"环戊[c,d]芘","Cyclopenta[c,d]pyrene",27208-37-3,27208-37-3,,,All,Usage ban,适用组限值,—,,,0,1
540,BSBL 主清单,Polyaromatic hydrocarbons (PAHs) 多环芳烃,,"二苯并[b,def]䓛","Dibenzo[b,def]chrysene",189-64-0,189-64-0,,,All,Usage ban,适用组限值,—,,,0,1
541,BSBL 主清单,Polyaromatic hydrocarbons (PAHs) 多环芳烃,,荧蒽,Fluoranthene,206-44-0,206-44-0,,,All,Usage ban,适用组限值,—,,,0,1
542,BSBL 主清单,PAHs（续）+ Polymers（聚合物）,,芴,Fluorene,86-73-7,86-73-7,,,All,Usage ban,适用PAHs组限值100 mg/kg,,,,0,1
543,BSBL 主清单,PAHs（续）+ Polymers（聚合物）,,"茚并[1,2,3-cd]芘","Indeno(1,2,3-cd) pyrene",193-39-5,193-39-5,,,All,Usage ban,同上,,,,0,1
544,BSBL 主清单,PAHs（续）+ Polymers（聚合物）,,萘,Naphthalene,91-20-3,91-20-3,,,All,Usage ban,同上,,,,0,1
545,BSBL 主清单,PAHs（续）+ Polymers（聚合物）,,"萘并[1,2,3,4-def]䓛","Naphtho[1,2,3,4-def]chrysene",192-65-4,192-65-4,,,All,Usage ban,同上,,,,0,1
546,BSBL 主清单,PAHs（续）+ Polymers（聚合物）,,菲,Phenanthrene,1985/1/8,85-01-8,,,All,Usage ban,同上,,,,0,1
547,BSBL 主清单,PAHs（续）+ Polymers（聚合物）,,芘,Pyrene,129-00-0,129-00-0,,,All,Usage ban,同上,,,,0,1
548,BSBL 主清单,PAHs（续）+ Polymers（聚合物）,,1-甲基芘,"Methylpyrene, 1-",2381-21-7,2381-21-7,,,All,Usage ban,同上,,,,0,1
549,BSBL 主清单,PAHs（续）+ Polymers（聚合物）,,5-甲基䓛,5-Methylchrysene,3697-24-3,3697-24-3,,,All,Usage ban,同上；最迟2027-07-01符合,,,,0,1
550,BSBL 主清单,PAHs（续）+ Polymers（聚合物）,,聚氯乙烯（PVC）,Polyvinyl chloride,9002-86-2,9002-86-2,,,All,Usage ban,500 mg/kg,,,,0,1
551,BSBL 主清单,PAHs（续）+ Polymers（聚合物）,,聚偏二氯乙烯（PVDC）,Polyvinyliden chloride,9002-85-1,9002-85-1,,,All,Usage ban,500 mg/kg,,,,0,1
552,BSBL 主清单,Solvents（溶剂）,,苯,Benzene,71-43-2,71-43-2,,,,Usage ban,50,mg/kg,,GC-MS,0,1
553,BSBL 主清单,Solvents（溶剂）,,"1,2-二氯乙烷","1,2-Dichloroethane",107-06-2,107-06-2,,,,Usage ban,5,mg/kg,,GC-MS,0,1
554,BSBL 主清单,Solvents（溶剂）,,二氯甲烷,Dichloromethane,1975/9/2,75-09-2,,,,Usage ban,5,mg/kg,,密闭系统脱漆用化学品例外,0,1
555,BSBL 主清单,Solvents（溶剂）,,"1,2-二氯丙烷","1,2-Dichloropropane",78-87-5,78-87-5,,,,Usage ban,100,mg/kg,,GC-MS,0,1
556,BSBL 主清单,Solvents（溶剂）,,"1,3-二甲基-2-咪唑啉酮（DMI/DMEU）","1,3-Dimethyl-2-imidazolidinone",80-73-9,80-73-9,,,,Usage ban,100,mg/kg,,GC-MS/甲醇萃取；最迟2027-07-01符合,0,1
557,BSBL 主清单,Solvents（溶剂）,,"N,N-二甲基乙酰胺（DMAc）","N,N-Dimethylacetamide",127-19-5,127-19-5,,,,Usage ban,500,mg/kg,,ISO 16189 (2021),0,1
558,BSBL 主清单,Solvents（溶剂）,,"N,N-二甲基甲酰胺（DMF）","N,N-Dimethylformamide",1968/12/2,1968-12-2,,,,Usage ban,500,mg/kg,,纤维制造、溶剂涂层及层压用化学品例外,0,1
559,BSBL 主清单,Solvents（溶剂）,,2-乙基己酸,2-Ethylhexanoic acid,149-57-5,149-57-5,,,,Usage ban,500,mg/kg,,GC-MS；Hexane:DCM 1:1萃取,0,1
560,BSBL 主清单,Solvents（溶剂）,,六氯丁二烯,Hexachlorobutadiene,87-68-3,87-68-3,,,,Usage ban,100,mg/kg,,GC-MS,0,1
561,BSBL 主清单,Solvents（溶剂）,,正己烷,n-Hexane,110-54-3,110-54-3,,,,Usage ban,1000,mg/kg,,Headspace GC-MS；最迟2027-07-01符合,0,1
562,BSBL 主清单,Solvents（溶剂）,,2-吡咯烷酮,2-Pyrrolidone,616-45-5,616-45-5,,,,Usage ban,1000,mg/kg,,LC-MS,0,1
563,BSBL 主清单,Solvents（溶剂）,,N-乙基-2-吡咯烷酮（NEP）,N-Ethyl-2-pyrrolidone,2687-91-4,2687-91-4,,,,Usage ban,50,mg/kg,,ISO 16189 (2021),0,1
564,BSBL 主清单,Solvents（溶剂）,,N-甲基吡咯烷酮（NMP）,N-Methylpyrrolidone,872-50-4,872-50-4,,,,Usage ban,50,mg/kg,,ISO 16189 (2021),0,1
565,BSBL 主清单,Solvents（溶剂）,,四氯乙烯,Tetrachloroethylene,127-18-4,127-18-4,,,,Usage ban,5,mg/kg,,密闭系统干洗用化学品例外,0,1
566,BSBL 主清单,Solvents（溶剂）,,甲苯,Toluene,108-88-3,108-88-3,,,,Usage ban,500,mg/kg,,溶剂涂层、层压及涂装/喷漆用途不适用该限值,0,1
567,BSBL 主清单,Solvents（溶剂）,,三氯乙烯,Trichloroethylene,1979/1/6,79-01-6,,,,Usage ban,40,mg/kg,,GC-MS,0,1
568,BSBL 主清单,Solvents（溶剂）,,三氯甲烷（氯仿）,Trichloromethane,67-66-3,67-66-3,,,,Usage ban,100,mg/kg,,GC-MS,0,1
569,BSBL 主清单,Solvents（溶剂）,,"1,2,3-三氯丙烷","1,2,3-Trichloropropane",96-18-4,96-18-4,,,,Usage ban,5,mg/kg,,—,0,1
570,BSBL 主清单,Solvents（溶剂）,,氯代乙烷类（所有异构体）,"Chlorinated ethanes, all isomers",Several,75-00-3 (氯乙烷) / 75-34-3 / 107-06-2,,,,Usage ban,10,mg/kg,,每个归属成员/物质10 mg/kg,0,1
571,BSBL 主清单,Solvents（溶剂）,,"1,1,1-三氯乙烷","1,1,1-Trichloroethane",71-55-6,71-55-6,,,,Usage ban,10,mg/kg,,属消耗臭氧层物质,0,1
572,BSBL 主清单,Solvents（溶剂）,,"1,1,2-三氯乙烷","1,1,2-Trichloroethane",79-00-5,79-00-5,,,,Usage ban,10,mg/kg,,—,0,1
573,BSBL 主清单,Solvents（溶剂）,,"1,1,1,2-四氯乙烷","1,1,1,2-Tetrachloroethane",630-20-6,630-20-6,,,,Usage ban,10,mg/kg,,—,0,1
574,BSBL 主清单,Solvents（溶剂）,,"1,1,2,2-四氯乙烷","1,1,2,2-Tetrachloroethane",79-34-5,79-34-5,,,,Usage ban,10,mg/kg,,—,0,1
575,BSBL 主清单,Solvents（溶剂）,,五氯乙烷,Pentachloroethane,1976/1/7,76-01-7,,,,Usage ban,10,mg/kg,,—,0,1
576,BSBL 主清单,Solvents（溶剂）,,六氯乙烷,Hexachloroethane,67-72-1,67-72-1,,,,Usage ban,10,mg/kg,,—,0,1
577,BSBL 主清单,Solvents（溶剂）,,二甲苯（所有异构体）,"Xylene, all isomers",1330-20-7,1330-20-7,,,,Usage ban,500,mg/kg,,所有异构体之和,0,1
578,BSBL 主清单,Solvents（溶剂）,,间二甲苯,m-Xylene,108-38-3,108-38-3,,,,—,—,—,,二甲苯组成员,0,1
579,BSBL 主清单,Solvents（溶剂）,,邻二甲苯,o-Xylene,95-47-6,95-47-6,,,,—,—,—,,二甲苯组成员,0,1
580,BSBL 主清单,Solvents（溶剂）,,对二甲苯,p-Xylene,106-42-3,106-42-3,,,,—,—,—,,二甲苯组成员,0,1
581,BSBL 主清单,Substances with usage restrictions but no consumer safety limits 有使用限制但无消费者安全限值的物质。,,双(氯甲基)醚,Bis(chloromethyl)ether,542-88-1,542-88-1,,,,Usage ban,10,mg/kg,,GC-MS,0,1
582,BSBL 主清单,Substances with usage restrictions but no consumer safety limits 有使用限制但无消费者安全限值的物质。,,"1,3-丁二烯","1,3-Butadiene",106-99-0,106-99-0,,,,Usage ban,100,mg/kg,,GC-MS；EN 13130-4 (2004),0,1
583,BSBL 主清单,Substances with usage restrictions but no consumer safety limits 有使用限制但无消费者安全限值的物质。,,环氧乙烷,Ethylene oxide,75-21-8,75-21-8,,,,Usage ban,100,mg/kg,,Headspace GC-FID/GC-MS；CEN/TS 13130-22 (2005),0,1
584,BSBL 主清单,Substances with usage restrictions but no consumer safety limits 有使用限制但无消费者安全限值的物质。,,环氧丙烷,Propylene oxide,75-56-9,75-56-9,,,,Usage ban,100,mg/kg,,Headspace GC-FID；CEN/TS 13130-22 (2005),0,1
585,BSBL 主清单,Substances with usage restrictions but no consumer safety limits 有使用限制但无消费者安全限值的物质。,,高锰酸钾,Potassium permanganate,7722-64-7,7722-64-7,,,,Usage ban,1000,mg/kg,,牛仔布整理允许过渡性现场使用，但必须有明确结束日期的淘汰计划,0,1
586,BSBL 主清单,Substances with usage restrictions but no consumer safety limits 有使用限制但无消费者安全限值的物质。,,二(氢化牛脂烷基)二甲基氯化铵,Di(hydrogenated tallow alkyl) dimethyl ammonium chloride,61789-80-8,61789-80-8,,,,Usage ban,200,mg/kg,,LC,0,1
587,BSBL 主清单,Substances with usage restrictions but no consumer safety limits 有使用限制但无消费者安全限值的物质。,,二硬脂基二甲基氯化铵,Distearyl dimethyl ammonium chloride,107-64-2,107-64-2,,,,Usage ban,200,mg/kg,,LC,0,1
588,BSBL 主清单,Substances with usage restrictions but no consumer safety limits 有使用限制但无消费者安全限值的物质。,,二牛脂基二甲基氯化铵,Ditallow dimethyl ammonium chloride,68783-78-8,68783-78-8,,,,Usage ban,200,mg/kg,,LC,0,1
589,BSBL 主清单,Substances with usage restrictions but no consumer safety limits 有使用限制但无消费者安全限值的物质。,,EDTA/DTPA及其盐,EDTA/DTPA and its salts,Several,60-00-4 (EDTA) / 67-43-6 (DTPA),,,,—,—,—,,物质组,0,1
590,BSBL 主清单,Substances with usage restrictions but no consumer safety limits 有使用限制但无消费者安全限值的物质。,,乙二胺四乙酸二钾盐,Ethylenediaminetetraacetic acid dipotassium salt,2001-94-7 / 25102-12-9,2001-94-7; 25102-12-9,,,,Monitoring,1000,mg/kg,,—,0,1
591,BSBL 主清单,Substances with usage restrictions but no consumer safety limits 有使用限制但无消费者安全限值的物质。,,乙二胺四乙酸镁二钠盐,Ethylenediaminetetraacetic acid magnesium disodium salt,14402-88-1,14402-88-1,,,,Monitoring,1000,mg/kg,,—,0,1
592,BSBL 主清单,Substances with usage restrictions but no consumer safety limits 有使用限制但无消费者安全限值的物质。,,乙二胺四乙酸四钠盐,"Ethylene diamine tetraacetic acid (EDTA), tetrasodium salt",10378-23-1 / 64-02-8,10378-23-1; 64-02-8,,,,Monitoring,1000,mg/kg,,—,0,1
593,BSBL 主清单,Substances with usage restrictions but no consumer safety limits 有使用限制但无消费者安全限值的物质。,,乙二胺四乙酸氢三钠,Trisodium hydrogen ethylenediaminetetraacetate,150-38-9,150-38-9,,,,Monitoring,1000,mg/kg,,—,0,1
594,BSBL 主清单,Substances with usage restrictions but no consumer safety limits 有使用限制但无消费者安全限值的物质。,,乙二胺四乙酸二钠盐,"Ethylene diamine tetraacetic acid (EDTA), disodium salt",139-33-3 / 6381-92-6,139-33-3; 6381-92-6,,,,Monitoring,1000,mg/kg,,—,0,1
595,BSBL 主清单,Substances with usage restrictions but no consumer safety limits 有使用限制但无消费者安全限值的物质。,,乙二胺四乙酸四铵盐,Ethylenediaminetetraacetic acid tetraammonium salt,22473-78-5,22473-78-5,,,All,Monitoring,1000,mg/kg,,GC-MS，参考 EN ISO 16588 (2004),0,1
596,BSBL 主清单,Substances with usage restrictions but no consumer safety limits 有使用限制但无消费者安全限值的物质。,,乙二胺四乙酸（EDTA）,Edetic acid,60-00-4,60-00-4,,,All,Monitoring,1000,mg/kg,,禁止作为淡水及工艺水制备中的软水剂；锅炉给水软化允许,0,1
597,BSBL 主清单,Substances with usage restrictions but no consumer safety limits 有使用限制但无消费者安全限值的物质。,,二乙烯三胺五乙酸（DTPA）,Diethylenetriaminepentaacetic acid,67-43-6,67-43-6,,,All,Usage ban,1000,mg/kg,,GC-MS，参考 EN ISO 16588 (2004),0,1
598,BSBL 主清单,Substances with usage restrictions but no consumer safety limits 有使用限制但无消费者安全限值的物质。,,二乙烯三胺五乙酸钠盐,"Diethylene triamine pentaacetic acid (DTPA), sodium salt",140-01-2,140-01-2,,,All,Usage ban,1000,mg/kg,,—,0,1
599,BSBL 主清单,Substances with usage restrictions but no consumer safety limits 有使用限制但无消费者安全限值的物质。,,次氯酸盐/氯,Hypochlorite/Chlorine,Several,7778-54-3 (次氯酸钙) / 7681-52-9 (次氯酸钠) / 7782-50-5 (氯气),,,All,Usage ban,100*,mg/kg,,每个归属成员/物质,0,1
600,BSBL 主清单,Substances with usage restrictions but no consumer safety limits 有使用限制但无消费者安全限值的物质。,,次氯酸钙,Calcium hypochlorite,7778-54-3,7778-54-3,,,All,Usage ban,100,mg/kg,,—,0,1
601,BSBL 主清单,Substances with usage restrictions but no consumer safety limits 有使用限制但无消费者安全限值的物质。,,次氯酸钠,Sodium hypochlorite,7681-52-9,7681-52-9,,,All,Usage ban,100,mg/kg,,—,0,1
602,BSBL 主清单,Substances with usage restrictions but no consumer safety limits 有使用限制但无消费者安全限值的物质。,,氯,Chlorine,7782-50-5,7782-50-5,,,All,Usage ban,100,mg/kg,,—,0,1
603,BSBL 主清单,Substances with usage restrictions but no consumer safety limits 有使用限制但无消费者安全限值的物质。,,亚氯酸钠,Sodium chlorite,7758-19-2,7758-19-2,,,All,Usage ban,100,mg/kg,,—,0,1
604,BSBL 主清单,Phosphonates and salts（膦酸盐及其盐）,,膦酸盐及其盐,Phosphonates and salts,Several,6419-19-8 (ATMP) / 2809-21-4 (HEDP),,,All,Monitoring,—,,,,0,1
605,BSBL 主清单,Phosphonates and salts（膦酸盐及其盐）,,氨基三(亚甲基膦酸),"Amino, tris(methylene phosphonic acid)",6419-19-8,6419-19-8,,,All,Monitoring,1000 mg/kg,,,,0,1
606,BSBL 主清单,Phosphonates and salts（膦酸盐及其盐）,,二乙烯三胺五(亚甲基膦酸),Diethylenetriaminepenta(methylenephosphonic acid),15827-60-8,15827-60-8,,,All,Monitoring,1000 mg/kg,,,,0,1
607,BSBL 主清单,Phosphonates and salts（膦酸盐及其盐）,,二乙烯三胺五(亚甲基膦酸)钠盐,Diethylenetriaminepenta(methylenephosphonic acid) sodium salt,22042-96-2,22042-96-2,,,All,Monitoring,1000 mg/kg,,,,0,1
608,BSBL 主清单,Phosphonates and salts（膦酸盐及其盐）,,乙二胺四(亚甲基膦酸),Ethylenediaminetetra(methylenephosphonic acid),1429-50-1,1429-50-1,,,All,Monitoring,1000 mg/kg,,,,0,1
609,BSBL 主清单,Phosphonates and salts（膦酸盐及其盐）,,"1-羟基乙烷-1,1-二膦酸（HEDP）","1-Hydroxyethane-1,1-diphosphonic acid",2809-21-4,2809-21-4,,,All,Monitoring,1000 mg/kg,,,,0,1
610,BSBL 主清单,Phosphonates and salts（膦酸盐及其盐）,,"1-羟基乙烷-1,1-二膦酸钠盐","1-Hydroxyethane-1,1-diphosphonic acid sodium salts",29329-71-3 / 7414-83-7,29329-71-3; 7414-83-7,,,All,Monitoring,1000 mg/kg,,,,0,1
611,BSBL 主清单,Phosphonates and salts（膦酸盐及其盐）,,"1-羟基乙烷-1,1-二膦酸钾盐","1-Hydroxyethane-1,1-diphosphonic acid potassium salt",67953-76-8,67953-76-8,,,All,Monitoring,1000 mg/kg,,,,0,1
612,BSBL 主清单,Tin-organic Compounds（有机锡化合物）,,甲基锡化合物,Methyltin compounds,Several,993-16-8 (基准三氯甲基锡母核),,,—,—,—,,,,0,1
613,BSBL 主清单,Tin-organic Compounds（有机锡化合物）,,单甲基锡化合物（MMT）,Monomethyltin compounds,Several,993-16-8 (三氯甲基锡),,,All,Usage ban,5 mg/kg,,,,0,1
614,BSBL 主清单,Tin-organic Compounds（有机锡化合物）,,二甲基锡化合物（DMT）,Dimethyltin compounds,Several,753-73-1 (二氯二甲基锡),,,All,Usage ban,1 mg/kg,,,,0,1
615,BSBL 主清单,Tin-organic Compounds（有机锡化合物）,,三甲基锡化合物（TMT）,Trimethyltin compounds,Several,1066-45-1 (三甲基氯化锡),,,All,Usage ban,1 mg/kg,,,,0,1
616,BSBL 主清单,Tin-organic Compounds（有机锡化合物）,,乙基锡化合物,Ethyltin compounds,Several,597-64-8 (四乙基锡母核),,,—,—,—,,,,0,1
617,BSBL 主清单,Tin-organic Compounds（有机锡化合物）,,四乙基锡化合物（TeET）,Tetraethyltin compounds,Several,597-64-8 (四乙基锡),,,All,Usage ban,1 mg/kg,,,,0,1
618,BSBL 主清单,Tin-organic Compounds（有机锡化合物）,,丙基锡化合物,Propyltin compounds,Several,867-36-7 (基准二氯二丙基锡母核),,,—,—,—,,,,0,1
619,BSBL 主清单,Tin-organic Compounds（有机锡化合物）,,二丙基锡化合物（DPT）,Dipropyltin compounds,Several,867-36-7 (二氯二丙基锡),,,All,Usage ban,5 mg/kg,,,,0,1
620,BSBL 主清单,Tin-organic Compounds（有机锡化合物）,,三丙基锡化合物（TPT）,Tripropyltin compounds,Several,2279-76-7 (三丙基氯化锡),,,All,Usage ban,1 mg/kg,,,,0,1
621,BSBL 主清单,Tin-organic Compounds（有机锡化合物）,,丁基锡化合物,Butyltin compounds,Several,1118-46-3 (基准单丁基锡母核),,,—,—,—,,,,0,1
622,BSBL 主清单,Tin-organic Compounds（有机锡化合物）,,单丁基锡化合物（MBT）,Monobutyltin compounds,Several,1118-46-3 (三氯单丁基锡),,,All,Usage ban,5 mg/kg,,,,0,1
623,BSBL 主清单,Tin-organic Compounds（有机锡化合物）,,二丁基锡化合物（DBT）,Dibutyltin compounds,Several,683-18-1 (二氯二丁基锡) / 818-08-6 (氧化二丁基锡),,,All,Usage ban,5 mg/kg,,,,0,1
624,BSBL 主清单,Tin-organic Compounds（有机锡化合物）,,三丁基锡化合物（TBT）,Tributyltin compounds,Several,56-35-9 (氧化三丁基锡) / 1461-22-9 (三丁基氯化锡),,,All,Usage ban,1 mg/kg,,,,0,1
625,BSBL 主清单,Tin-organic Compounds（有机锡化合物）,,四丁基锡化合物（TeBT）,Tetrabutyltin compounds,Several,1461-25-2 (四丁基锡),,,All,Usage ban,1 mg/kg,,,,0,1
626,BSBL 主清单,Tin-organic Compounds（有机锡化合物）,,己基锡化合物,Hexyltin compounds,Several,3091-32-5 (三环己基锡母核),,,—,—,—,,,,0,1
627,BSBL 主清单,Tin-organic Compounds（有机锡化合物）,,三环己基锡化合物（TCyHT）,Tricyclohexyltin compounds,Several,3091-32-5 (三环己基氯化锡),,,All,Usage ban,1 mg/kg,,,,0,1
628,BSBL 主清单,Tin-organic Compounds（有机锡化合物）,,辛基锡化合物,Octyltin compounds,Several,3091-25-6 (基准单辛基锡母核),,,—,—,—,,,,0,1
629,BSBL 主清单,Tin-organic Compounds（有机锡化合物）,,单辛基锡化合物（MOT）,Monooctyltin compounds,Several,3091-25-6 (三氯单辛基锡),,,All,Usage ban,5 mg/kg,,,,0,1
630,BSBL 主清单,Tin-organic Compounds（有机锡化合物）,,二辛基锡化合物（DOT）,Dioctyltin compounds,Several,3542-36-7 (二氯二辛基锡) / 3648-18-8 (二月桂酸二辛基锡),,,,Usage ban,5 mg/kg,,,,0,1
631,BSBL 主清单,Tin-organic Compounds（有机锡化合物）,,三辛基锡化合物（TOT）,Trioctyltin compounds,Several,2587-76-0 (三辛基氯化锡),,,,Usage ban,1 mg/kg,,,,0,1
632,BSBL 主清单,Tin-organic Compounds（有机锡化合物）,,四辛基锡化合物（TeOT）,Tetraoctyltin compounds,Several,3590-84-9 (四辛基锡),,,,Usage ban,1 mg/kg,,,,0,1
633,BSBL 主清单,Tin-organic Compounds（有机锡化合物）,,苯基锡化合物,Phenyltin compounds,Several,1124-19-2 (基准单苯基锡母核),,,,—,—,,,,0,1
634,BSBL 主清单,Tin-organic Compounds（有机锡化合物）,,单苯基锡化合物（MPhT）,Monophenyltin compounds,Several,1124-19-2 (三氯苯基锡),,,,Usage ban,5 mg/kg,,,,0,1
635,BSBL 主清单,Tin-organic Compounds（有机锡化合物）,,二苯基锡化合物（DPhT）,Diphenyltin compounds,Several,1135-99-5 (二氯二苯基锡),,,,Usage ban,5 mg/kg,,,,0,1
636,BSBL 主清单,Tin-organic Compounds（有机锡化合物）,,三苯基锡化合物（TPhT）,Triphenyltin compounds,Several,668-34-8 (三苯基锡) / 639-58-7 (三苯基氯化锡),,,,Usage ban,1 mg/kg,,,,0,1
637,BSBL 主清单,UV stabilizers（紫外线稳定剂）,,UV-320,UV-320,3846-71-7,3846-71-7,,,All,Usage ban,1000,mg/kg,,,0,1
638,BSBL 主清单,UV stabilizers（紫外线稳定剂）,,UV-326,UV-326,3896/11/5,3896-11-5,,,All,Usage ban,1000,mg/kg,,,0,1
639,BSBL 主清单,UV stabilizers（紫外线稳定剂）,,UV-327,UV-327,3864-99-1,3864-99-1,,,All,Usage ban,1000,mg/kg,,,0,1
640,BSBL 主清单,UV stabilizers（紫外线稳定剂）,,UV-328,UV-328,25973-55-1,25973-55-1,,,All,Usage ban,1,mg/kg,,,0,1
641,BSBL 主清单,UV stabilizers（紫外线稳定剂）,,UV-329,UV-329,3147-75-9,3147-75-9,,,All,Usage ban,1000,mg/kg,,,0,1
642,BSBL 主清单,UV stabilizers（紫外线稳定剂）,,UV-350,UV-350,36437-37-3,36437-37-3,,,All,Usage ban,1000,mg/kg,,,0,1
643,Annex I Compilation of Individual Substances,(1) Alkylphenolethoxylates (APEOs) 烷基酚聚氧乙烯醚,,壬基酚聚氧乙烯醚（NPEO）,Nonylphenol ethoxylates (NPEO),Several,9016-45-9 / 26027-38-3,,,,,,,,,0,1
644,Annex I Compilation of Individual Substances,(1) Alkylphenolethoxylates (APEOs) 烷基酚聚氧乙烯醚,,2-(壬基苯氧基)乙醇,"Ethanol, 2-(nonylphenoxy)-",27986-36-3,27986-36-3,,,,,,,,,0,1
645,Annex I Compilation of Individual Substances,(1) Alkylphenolethoxylates (APEOs) 烷基酚聚氧乙烯醚,,2-[2-(壬基苯氧基)乙氧基]乙醇,"Ethanol, 2-[2-(nonylphenoxy)ethoxy]-",27176-93-8,27176-93-8,,,,,,,,,0,1
646,Annex I Compilation of Individual Substances,(1) Alkylphenolethoxylates (APEOs) 烷基酚聚氧乙烯醚,,壬基酚五乙氧基化物,Nonylphenol pentaethoxylate,26264-02-8,26264-02-8,,,,,,,,,0,1
647,Annex I Compilation of Individual Substances,(1) Alkylphenolethoxylates (APEOs) 烷基酚聚氧乙烯醚,,壬基酚八乙氧基化物,Nonylphenol octaethoxylate,27177-05-5,27177-05-5,,,,,,,,,0,1
648,Annex I Compilation of Individual Substances,(1) Alkylphenolethoxylates (APEOs) 烷基酚聚氧乙烯醚,,异壬基酚聚氧乙烯醚,"Isononylphenol, ethoxylated",37205-87-1,37205-87-1,,,,,,,,,0,1
649,Annex I Compilation of Individual Substances,(1) Alkylphenolethoxylates (APEOs) 烷基酚聚氧乙烯醚,,异壬基酚聚氧乙烯醚，≥2.5–<5 EO,"Isononylphenol, ethoxylated - ≥2.5 - <5 EO",37205-87-1,37205-87-1,,,,,,,,,0,1
650,Annex I Compilation of Individual Substances,(1) Alkylphenolethoxylates (APEOs) 烷基酚聚氧乙烯醚,,异壬基酚聚氧乙烯醚，≥5–<8 EO,"Isononylphenol, ethoxylated - ≥5 - <8 EO",37205-87-1,37205-87-1,,,,,,,,,0,1
651,Annex I Compilation of Individual Substances,(1) Alkylphenolethoxylates (APEOs) 烷基酚聚氧乙烯醚,,异壬基酚聚氧乙烯醚，≥8–<11 EO,"Isononylphenol, ethoxylated - ≥8 - <11 EO",37205-87-1,37205-87-1,,,,,,,,,0,1
652,Annex I Compilation of Individual Substances,(1) Alkylphenolethoxylates (APEOs) 烷基酚聚氧乙烯醚,,异壬基酚聚氧乙烯醚，≥11–<15 EO,"Isononylphenol, ethoxylated - ≥11 - <15 EO",37205-87-1,37205-87-1,,,,,,,,,0,1
653,Annex I Compilation of Individual Substances,(1) Alkylphenolethoxylates (APEOs) 烷基酚聚氧乙烯醚,,异壬基酚聚氧乙烯醚，≥15–<30 EO,"Isononylphenol, ethoxylated - ≥15 - <30 EO",37205-87-1,37205-87-1,,,,,,,,,0,1
654,Annex I Compilation of Individual Substances,(1) Alkylphenolethoxylates (APEOs) 烷基酚聚氧乙烯醚,,异壬基酚聚氧乙烯醚，30 EO,"Isononylphenol, ethoxylated - 30 EO",37205-87-1,37205-87-1,,,,,,,,,0,1
655,Annex I Compilation of Individual Substances,(1) Alkylphenolethoxylates (APEOs) 烷基酚聚氧乙烯醚,,异壬基酚聚氧乙烯醚，>30 EO,"Isononylphenol, ethoxylated - >30 EO",37205-87-1,37205-87-1,,,,,,,,,0,1
656,Annex I Compilation of Individual Substances,(1) Alkylphenolethoxylates (APEOs) 烷基酚聚氧乙烯醚,,壬基酚聚氧乙烯醚,"Nonylphenol, ethoxylated",9016-45-9,9016-45-9,,,,,,,,,0,1
657,Annex I Compilation of Individual Substances,(1) Alkylphenolethoxylates (APEOs) 烷基酚聚氧乙烯醚,,壬基酚聚氧乙烯醚，15 EO,"Nonylphenol, ethoxylated - 15 EO",9016-45-9,9016-45-9,,,,,,,,,0,1
658,Annex I Compilation of Individual Substances,(1) Alkylphenolethoxylates (APEOs) 烷基酚聚氧乙烯醚,,壬基酚聚氧乙烯醚，10 EO,"Nonylphenol, ethoxylated - 10 EO",9016-45-9,9016-45-9,,,,,,,,,0,1
659,Annex I Compilation of Individual Substances,(1) Alkylphenolethoxylates (APEOs) 烷基酚聚氧乙烯醚,,壬基酚聚氧乙烯醚，8 EO,"Nonylphenol, ethoxylated - 8 EO",9016-45-9,9016-45-9,,,,,,,,,0,1
660,Annex I Compilation of Individual Substances,(1) Alkylphenolethoxylates (APEOs) 烷基酚聚氧乙烯醚,,壬基酚聚氧乙烯醚，6.5 EO,"Nonylphenol, ethoxylated - 6.5 EO",9016-45-9,9016-45-9,,,,,,,,,0,1
661,Annex I Compilation of Individual Substances,(1) Alkylphenolethoxylates (APEOs) 烷基酚聚氧乙烯醚,,壬基酚聚氧乙烯醚，≥2.5–<5 EO,"Nonylphenol, ethoxylated - ≥2.5 - <5 EO",9016-45-9,9016-45-9,,,,,,,,,0,1
662,Annex I Compilation of Individual Substances,(1) Alkylphenolethoxylates (APEOs) 烷基酚聚氧乙烯醚,,壬基酚聚氧乙烯醚，≥5–<8 EO,"Nonylphenol, ethoxylated - ≥5 - <8 EO",9016-45-9,9016-45-9,,,,,,,,,0,1
663,Annex I Compilation of Individual Substances,(1) Alkylphenolethoxylates (APEOs) 烷基酚聚氧乙烯醚,,壬基酚聚氧乙烯醚，≥8–<11 EO,"Nonylphenol, ethoxylated - ≥8 - <11 EO",9016-45-9,9016-45-9,,,,,,,,,0,1
664,Annex I Compilation of Individual Substances,(1) Alkylphenolethoxylates (APEOs) 烷基酚聚氧乙烯醚,,壬基酚聚氧乙烯醚，≥11–<15 EO,"Nonylphenol, ethoxylated - ≥11 - <15 EO",9016-45-9,9016-45-9,,,,,,,,,0,1
665,Annex I Compilation of Individual Substances,(1) Alkylphenolethoxylates (APEOs) 烷基酚聚氧乙烯醚,,壬基酚聚氧乙烯醚，≥15–<30 EO,"Nonylphenol, ethoxylated - ≥15 - <30 EO",9016-45-9,9016-45-9,,,,,,,,,0,1
666,Annex I Compilation of Individual Substances,(1) Alkylphenolethoxylates (APEOs) 烷基酚聚氧乙烯醚,,壬基酚聚氧乙烯醚，30 EO,"Nonylphenol, ethoxylated - 30 EO",9016-45-9,9016-45-9,,,,,,,,,0,1
667,Annex I Compilation of Individual Substances,(1) Alkylphenolethoxylates (APEOs) 烷基酚聚氧乙烯醚,,壬基酚聚氧乙烯醚，>30 EO,"Nonylphenol, ethoxylated - >30 EO",9016-45-9,9016-45-9,,,,,,,,,0,1
668,Annex I Compilation of Individual Substances,(1) Alkylphenolethoxylates (APEOs) 烷基酚聚氧乙烯醚,,壬基酚聚氧乙烯醚，4 EO,"Nonylphenol, ethoxylated - 4 EO",9016-45-9,9016-45-9,,,,,,,,,0,1
669,Annex I Compilation of Individual Substances,(1) Alkylphenolethoxylates (APEOs) 烷基酚聚氧乙烯醚,,"26-(壬基苯氧基)-3,6,9,12,15,18,21,24-八氧杂二十六烷-1-醇","26-(Nonylphenoxy)-3,6,9,12,15,18,21,24-octaoxahexacosan-1-ol",26571-11-9,26571-11-9,,,,,,,,,0,1
670,Annex I Compilation of Individual Substances,(1) Alkylphenolethoxylates (APEOs) 烷基酚聚氧乙烯醚,,支链壬基酚聚氧乙烯醚,"Nonylphenol, branched, ethoxylated",68412-54-4,68412-54-4,,,,,,,,,0,1
671,Annex I Compilation of Individual Substances,(1) Alkylphenolethoxylates (APEOs) 烷基酚聚氧乙烯醚,,支链壬基酚聚氧乙烯醚，1–2.5 EO,"Nonylphenol, branched, ethoxylated - 1 - 2.5 EO",68412-54-4,68412-54-4,,,,,,,,,0,1
672,Annex I Compilation of Individual Substances,(1) Alkylphenolethoxylates (APEOs) 烷基酚聚氧乙烯醚,,支链壬基酚聚氧乙烯醚，≥2.5–<5 EO,"Nonylphenol, branched, ethoxylated - ≥2.5 - <5 EO",68412-54-4,68412-54-4,,,,,,,,,0,1
673,Annex I Compilation of Individual Substances,(1) Alkylphenolethoxylates (APEOs) 烷基酚聚氧乙烯醚,,支链壬基酚聚氧乙烯醚，≥5–<8 EO,"Nonylphenol, branched, ethoxylated - ≥5 - <8 EO",68412-54-4,68412-54-4,,,,,,,,,0,1
674,Annex I Compilation of Individual Substances,(1) Alkylphenolethoxylates (APEOs) 烷基酚聚氧乙烯醚,,支链壬基酚聚氧乙烯醚，≥8–<11 EO,"Nonylphenol, branched, ethoxylated - ≥8 - <11 EO",68412-54-4,68412-54-4,,,,,,,,,0,1
675,Annex I Compilation of Individual Substances,(1) Alkylphenolethoxylates (APEOs) 烷基酚聚氧乙烯醚,,支链壬基酚聚氧乙烯醚，≥11–<15 EO,"Nonylphenol, branched, ethoxylated - ≥11 - <15 EO",68412-54-4,68412-54-4,,,,,,,,,0,1
676,Annex I Compilation of Individual Substances,(1) Alkylphenolethoxylates (APEOs) 烷基酚聚氧乙烯醚,,支链壬基酚聚氧乙烯醚，≥15–<30 EO,"Nonylphenol, branched, ethoxylated - ≥15 - <30 EO",68412-54-4,68412-54-4,,,,,,,,,0,1
677,Annex I Compilation of Individual Substances,(1) Alkylphenolethoxylates (APEOs) 烷基酚聚氧乙烯醚,,支链壬基酚聚氧乙烯醚，30 EO,"Nonylphenol, branched, ethoxylated - 30 EO",68412-54-4,68412-54-4,,,,,,,,,0,1
678,Annex I Compilation of Individual Substances,(1) Alkylphenolethoxylates (APEOs) 烷基酚聚氧乙烯醚,,支链壬基酚聚氧乙烯醚，>30 EO,"Nonylphenol, branched, ethoxylated - >30 EO",68412-54-4,68412-54-4,,,,,,,,,0,1
679,Annex I Compilation of Individual Substances,(1) Alkylphenolethoxylates (APEOs) 烷基酚聚氧乙烯醚,,支链壬基酚聚氧乙烯醚磷酸酯,"Nonylphenol, branched, ethoxylated, phosphated",68412-53-3,68412-53-3,,,,,,,,,0,1
680,Annex I Compilation of Individual Substances,(1) Alkylphenolethoxylates (APEOs) 烷基酚聚氧乙烯醚,,支链壬基苯基聚氧乙烯醚磷酸酯，≥6–≤12 EO,"Polyoxy-1,2-ethanediyl, α-nonylphenyl-ω-hydroxy-, branched, phosphates - ≥6 - ≤12 EO",68412-53-3,68412-53-3,,,,,,,,,0,1
681,Annex I Compilation of Individual Substances,(1) Alkylphenolethoxylates (APEOs) 烷基酚聚氧乙烯醚,,支链壬基苯基聚氧乙烯醚磷酸酯，>12 EO,"Polyoxy-1,2-ethanediyl... phosphates - >12 EO",68412-53-3,68412-53-3,,,,,,,,,0,1
682,Annex I Compilation of Individual Substances,(1) Alkylphenolethoxylates (APEOs) 烷基酚聚氧乙烯醚,,4-壬基酚聚氧乙烯醚,"4-Nonylphenol, ethoxylated",26027-38-3,26027-38-3,,,,,,,,,0,1
683,Annex I Compilation of Individual Substances,(1) Alkylphenolethoxylates (APEOs) 烷基酚聚氧乙烯醚,,4-壬基酚聚氧乙烯醚，1–2.5 EO,"4-Nonylphenol, ethoxylated - 1 - 2.5 EO",26027-38-3,26027-38-3,,,,,,,,,0,1
684,Annex I Compilation of Individual Substances,(1) Alkylphenolethoxylates (APEOs) 烷基酚聚氧乙烯醚,,4-壬基酚聚氧乙烯醚，≥2.5–<5 EO,"4-Nonylphenol, ethoxylated - ≥2.5 - <5 EO",26027-38-3,26027-38-3,,,,,,,,,0,1
685,Annex I Compilation of Individual Substances,(1) Alkylphenolethoxylates (APEOs) 烷基酚聚氧乙烯醚,,4-壬基酚聚氧乙烯醚，≥5–<8 EO,"4-Nonylphenol, ethoxylated - ≥5 - <8 EO",26027-38-3,26027-38-3,,,,,,,,,0,1
686,Annex I Compilation of Individual Substances,(1) Alkylphenolethoxylates (APEOs) 烷基酚聚氧乙烯醚,,4-壬基酚聚氧乙烯醚，≥8–<11 EO,"4-Nonylphenol, ethoxylated - ≥8 - <11 EO",26027-38-3,26027-38-3,,,,,,,,,0,1
687,Annex I Compilation of Individual Substances,(1) Alkylphenolethoxylates (APEOs) 烷基酚聚氧乙烯醚,,4-壬基酚聚氧乙烯醚，≥11–<15 EO,"4-Nonylphenol, ethoxylated - ≥11 - <15 EO",26027-38-3,26027-38-3,,,,,,,,,0,1
688,Annex I Compilation of Individual Substances,(1) Alkylphenolethoxylates (APEOs) 烷基酚聚氧乙烯醚,,4-壬基酚聚氧乙烯醚，≥15–<30 EO,"4-Nonylphenol, ethoxylated - ≥15 - <30 EO",26027-38-3,26027-38-3,,,,,,,,,0,1
689,Annex I Compilation of Individual Substances,(1) Alkylphenolethoxylates (APEOs) 烷基酚聚氧乙烯醚,,4-壬基酚聚氧乙烯醚，30 EO,"4-Nonylphenol, ethoxylated - 30 EO",26027-38-3,26027-38-3,,,,,,,,,0,1
690,Annex I Compilation of Individual Substances,(1) Alkylphenolethoxylates (APEOs) 烷基酚聚氧乙烯醚,,4-壬基酚聚氧乙烯醚，>30 EO,"4-Nonylphenol, ethoxylated - >30 EO",26027-38-3,26027-38-3,,,,,,,,,0,1
691,Annex I Compilation of Individual Substances,(2) APEOs（续）+ Alkylphenols（APs）开始,,"26-(4-壬基苯氧基)-3,6,9,12,15,18,21,24-八氧杂二十六烷-1-醇","26-(4-Nonylphenoxy)-3,6,9,12,15,18,21,24-Octaoxahexacosan-1-ol",14409-72-4,14409-72-4,,,,,,,,,0,1
692,Annex I Compilation of Individual Substances,(2) APEOs（续）+ Alkylphenols（APs）开始,,支链4-壬基酚聚氧乙烯醚,"4-Nonylphenol, branched, ethoxylated",127087-87-0,127087-87-0,,,,,,,,,0,1
693,Annex I Compilation of Individual Substances,(2) APEOs（续）+ Alkylphenols（APs）开始,,支链4-壬基酚聚氧乙烯醚，1–2.5 EO,"4-Nonylphenol, branched, ethoxylated - 1 - 2.5 EO",127087-87-0,127087-87-0,,,,,,,,,0,1
694,Annex I Compilation of Individual Substances,(2) APEOs（续）+ Alkylphenols（APs）开始,,支链4-壬基酚聚氧乙烯醚，≥2.5–<5 EO,同左,127087-87-0,127087-87-0,,,,,,,,,0,1
695,Annex I Compilation of Individual Substances,(2) APEOs（续）+ Alkylphenols（APs）开始,,支链4-壬基酚聚氧乙烯醚，≥5–<8 EO,同左,127087-87-0,127087-87-0,,,,,,,,,0,1
696,Annex I Compilation of Individual Substances,(2) APEOs（续）+ Alkylphenols（APs）开始,,支链4-壬基酚聚氧乙烯醚，≥8–<11 EO,同左,127087-87-0,127087-87-0,,,,,,,,,0,1
697,Annex I Compilation of Individual Substances,(2) APEOs（续）+ Alkylphenols（APs）开始,,支链4-壬基酚聚氧乙烯醚，≥11–<15 EO,同左,127087-87-0,127087-87-0,,,,,,,,,0,1
698,Annex I Compilation of Individual Substances,(2) APEOs（续）+ Alkylphenols（APs）开始,,支链4-壬基酚聚氧乙烯醚，≥15–<30 EO,同左,127087-87-0,127087-87-0,,,,,,,,,0,1
699,Annex I Compilation of Individual Substances,(2) APEOs（续）+ Alkylphenols（APs）开始,,支链4-壬基酚聚氧乙烯醚，30 EO,同左,127087-87-0,127087-87-0,,,,,,,,,0,1
700,Annex I Compilation of Individual Substances,(2) APEOs（续）+ Alkylphenols（APs）开始,,支链4-壬基酚聚氧乙烯醚，>30 EO,同左,127087-87-0,127087-87-0,,,,,,,,,0,1
701,Annex I Compilation of Individual Substances,(2) APEOs（续）+ Alkylphenols（APs）开始,,"2-{2-[4-(3,6-二甲基庚烷-3-基)苯氧基]乙氧基}乙醇","2-{2-[4-(3,6-Dimethylheptan-3-yl) phenoxy]ethoxy} ethanol",1119449-38-5,1119449-38-5,,,,,,,,,0,1
702,Annex I Compilation of Individual Substances,(2) APEOs（续）+ Alkylphenols（APs）开始,,支链和直链4-壬基酚聚氧乙烯醚,"4-Nonylphenol, branched and linear, ethoxylated",1442463-06-0,1442463-06-0,,,,,,,,,0,1
703,Annex I Compilation of Individual Substances,(2) APEOs（续）+ Alkylphenols（APs）开始,,支链和直链4-壬基酚聚氧乙烯醚，≥2.5–<5 EO,同左,1442463-06-0,1442463-06-0,,,,,,,,,0,1
704,Annex I Compilation of Individual Substances,(2) APEOs（续）+ Alkylphenols（APs）开始,,支链和直链4-壬基酚聚氧乙烯醚，≥5–<8 EO,同左,1442463-06-0,1442463-06-0,,,,,,,,,0,1
705,Annex I Compilation of Individual Substances,(2) APEOs（续）+ Alkylphenols（APs）开始,,支链和直链4-壬基酚聚氧乙烯醚，≥8–<11 EO,同左,1442463-06-0,1442463-06-0,,,,,,,,,0,1
706,Annex I Compilation of Individual Substances,(2) APEOs（续）+ Alkylphenols（APs）开始,,支链和直链4-壬基酚聚氧乙烯醚，≥11–<15 EO,同左,1442463-06-0,1442463-06-0,,,,,,,,,0,1
707,Annex I Compilation of Individual Substances,(2) APEOs（续）+ Alkylphenols（APs）开始,,支链和直链4-壬基酚聚氧乙烯醚，≥15–<30 EO,同左,1442463-06-0,1442463-06-0,,,,,,,,,0,1
708,Annex I Compilation of Individual Substances,(2) APEOs（续）+ Alkylphenols（APs）开始,,支链和直链4-壬基酚聚氧乙烯醚，30 EO,同左,1442463-06-0,1442463-06-0,,,,,,,,,0,1
709,Annex I Compilation of Individual Substances,(2) APEOs（续）+ Alkylphenols（APs）开始,,支链和直链4-壬基酚聚氧乙烯醚，>30 EO,同左,1442463-06-0,1442463-06-0,,,,,,,,,0,1
710,Annex I Compilation of Individual Substances,(2) APEOs（续）+ Alkylphenols（APs）开始,,4-壬基苯氧基聚乙二醇衍生物,2-[2-[2-[2-(4-Nonylphenoxy) ethoxy] ethoxy] ethoxy] ethanol,7311-27-5,7311-27-5,,,,,,,,,0,1
711,Annex I Compilation of Individual Substances,(2) APEOs（续）+ Alkylphenols（APs）开始,,4-壬基苯氧基六乙氧基醇,"20-(4-Nonylphenoxy)-3,6,9,12,15,18-hexaoxaicosan-1-ol",27942-27-4,27942-27-4,,,,,,,,,0,1
712,Annex I Compilation of Individual Substances,(2) APEOs（续）+ Alkylphenols（APs）开始,,2-[2-(4-壬基苯氧基)乙氧基]乙醇,2-[2-(4-Nonylphenoxy) ethoxy] ethanol,20427-84-3,20427-84-3,,,,,,,,,0,1
713,Annex I Compilation of Individual Substances,(2) APEOs（续）+ Alkylphenols（APs）开始,,"2-[4-(3,6-二甲基庚烷-3-基)苯氧基]乙醇","2-[4-(3,6-Dimethylheptan-3-yl) phenoxy] ethanol",1119449-37-4,1119449-37-4,,,,,,,,,0,1
714,Annex I Compilation of Individual Substances,(2) APEOs（续）+ Alkylphenols（APs）开始,,辛基酚聚氧乙烯醚（OPEO）,Octylphenol ethoxylates (OPEO),Several,9002-93-1 / 9036-19-5,,,,,,,,,0,1
715,Annex I Compilation of Individual Substances,(2) APEOs（续）+ Alkylphenols（APs）开始,,支链辛基酚聚氧乙烯醚,"Octylphenol branched, ethoxylated",68987-90-6,68987-90-6,,,,,,,,,0,1
716,Annex I Compilation of Individual Substances,(2) APEOs（续）+ Alkylphenols（APs）开始,,支链辛基酚聚氧乙烯醚，9.5 EO,"Octylphenol branched, ethoxylated - 9.5 EO",68987-90-6,68987-90-6,,,,,,,,,0,1
717,Annex I Compilation of Individual Substances,(2) APEOs（续）+ Alkylphenols（APs）开始,,叔辛基酚聚氧乙烯醚,"tert-Octylphenol, ethoxylated",9036-19-5,9036-19-5,,,,,,,,,0,1
718,Annex I Compilation of Individual Substances,(2) APEOs（续）+ Alkylphenols（APs）开始,,叔辛基酚聚氧乙烯醚，≥2.5–<5 EO,同左,9036-19-5,9036-19-5,,,,,,,,,0,1
719,Annex I Compilation of Individual Substances,(2) APEOs（续）+ Alkylphenols（APs）开始,,叔辛基酚聚氧乙烯醚，≥5–<8 EO,同左,9036-19-5,9036-19-5,,,,,,,,,0,1
720,Annex I Compilation of Individual Substances,(2) APEOs（续）+ Alkylphenols（APs）开始,,叔辛基酚聚氧乙烯醚，≥8–<11 EO,同左,9036-19-5,9036-19-5,,,,,,,,,0,1
721,Annex I Compilation of Individual Substances,(2) APEOs（续）+ Alkylphenols（APs）开始,,叔辛基酚聚氧乙烯醚，≥11–<15 EO,同左,9036-19-5,9036-19-5,,,,,,,,,0,1
722,Annex I Compilation of Individual Substances,(2) APEOs（续）+ Alkylphenols（APs）开始,,叔辛基酚聚氧乙烯醚，≥15–<30 EO,同左,9036-19-5,9036-19-5,,,,,,,,,0,1
723,Annex I Compilation of Individual Substances,(2) APEOs（续）+ Alkylphenols（APs）开始,,叔辛基酚聚氧乙烯醚，30 EO,同左,9036-19-5,9036-19-5,,,,,,,,,0,1
724,Annex I Compilation of Individual Substances,(2) APEOs（续）+ Alkylphenols（APs）开始,,叔辛基酚聚氧乙烯醚，>30 EO,同左,9036-19-5,9036-19-5,,,,,,,,,0,1
725,Annex I Compilation of Individual Substances,(2) APEOs（续）+ Alkylphenols（APs）开始,,"4-(1,1,3,3-四甲基丁基)苯酚乙氧基化物","4-(1,1,3,3-Tetramethylbutyl)phenol, ethoxylated…",Several,9002-93-1 / 9036-19-5,,,,,,,,,0,1
726,Annex I Compilation of Individual Substances,(2) APEOs（续）+ Alkylphenols（APs）开始,,"20-[4-(1,1,3,3-四甲基丁基)苯氧基]-聚醚醇","20-[4-(1,1,3,3-Tetramethylbutyl)phenoxy]-3,6,9,12,15,18-hexaoxaicosan-1-ol",2497-59-8,2497-59-8,,,,,,,,,0,1
727,Annex I Compilation of Individual Substances,(2) APEOs（续）+ Alkylphenols（APs）开始,,4-叔辛基酚单乙氧基化物,4-tert-Octylphenol monoethoxylate,2315-67-5,2315-67-5,,,,,,,,,0,1
728,Annex I Compilation of Individual Substances,(2) APEOs（续）+ Alkylphenols（APs）开始,,4-叔辛基酚二乙氧基化物,4-tert-Octylphenol diethoxylate,2315-61-9,2315-61-9,,,,,,,,,0,1
729,Annex I Compilation of Individual Substances,(2) APEOs（续）+ Alkylphenols（APs）开始,,4-叔辛基酚聚氧乙烯醚,"4-tert-Octylphenol, ethoxylated",9002-93-1,9002-93-1,,,,,,,,,0,1
730,Annex I Compilation of Individual Substances,(2) APEOs（续）+ Alkylphenols（APs）开始,,4-叔辛基酚聚氧乙烯醚，≥2.5–<5 EO,同左,9002-93-1,9002-93-1,,,,,,,,,0,1
731,Annex I Compilation of Individual Substances,(2) APEOs（续）+ Alkylphenols（APs）开始,,4-叔辛基酚聚氧乙烯醚，≥5–<8 EO,同左,9002-93-1,9002-93-1,,,,,,,,,0,1
732,Annex I Compilation of Individual Substances,(2) APEOs（续）+ Alkylphenols（APs）开始,,4-叔辛基酚聚氧乙烯醚，≥8–<11 EO,同左,9002-93-1,9002-93-1,,,,,,,,,0,1
733,Annex I Compilation of Individual Substances,(2) APEOs（续）+ Alkylphenols（APs）开始,,4-叔辛基酚聚氧乙烯醚，≥11–<15 EO,同左,9002-93-1,9002-93-1,,,,,,,,,0,1
734,Annex I Compilation of Individual Substances,(2) APEOs（续）+ Alkylphenols（APs）开始,,4-叔辛基酚聚氧乙烯醚，≥15–<30 EO,同左,9002-93-1,9002-93-1,,,,,,,,,0,1
735,Annex I Compilation of Individual Substances,(2) APEOs（续）+ Alkylphenols（APs）开始,,4-叔辛基酚聚氧乙烯醚，30 EO,同左,9002-93-1,9002-93-1,,,,,,,,,0,1
736,Annex I Compilation of Individual Substances,(2) APEOs（续）+ Alkylphenols（APs）开始,,4-叔辛基酚聚氧乙烯醚，>30 EO,同左,9002-93-1,9002-93-1,,,,,,,,,0,1
737,Annex I Compilation of Individual Substances,(2) APEOs（续）+ Alkylphenols（APs）开始,,支链和直链4-庚基酚,"4-Heptylphenol, branched and linear",Several,1987-50-4 / 72624-02-3,,,,,,,,,0,1
738,Annex I Compilation of Individual Substances,(3) Alkylphenols（APs）+ Arylamines（芳胺）,,4-庚基酚,4-Heptylphenol,1987-50-4,1987-50-4,,,,,,,,,0,1
739,Annex I Compilation of Individual Substances,(3) Alkylphenols（APs）+ Arylamines（芳胺）,,庚基苯酚衍生物,"Phenol, heptyl derivates",72624-02-3,72624-02-3,,,,,,,,,0,1
740,Annex I Compilation of Individual Substances,(3) Alkylphenols（APs）+ Arylamines（芳胺）,,辛基酚（混合异构体）,"Octylphenol (OP), mixed isomers",Several,27193-28-8 / 140-66-9,,,,,,,,,0,1
741,Annex I Compilation of Individual Substances,(3) Alkylphenols（APs）+ Arylamines（芳胺）,,辛基酚,Octylphenol,27193-28-8,27193-28-8,,,,,,,,,0,1
742,Annex I Compilation of Individual Substances,(3) Alkylphenols（APs）+ Arylamines（芳胺）,,4-辛基酚,4-Octylphenol,1806-26-4,1806-26-4,,,,,,,,,0,1
743,Annex I Compilation of Individual Substances,(3) Alkylphenols（APs）+ Arylamines（芳胺）,,4-叔辛基酚,4-tert-Octylphenol,140-66-9,140-66-9,,,,,,,,,0,1
744,Annex I Compilation of Individual Substances,(3) Alkylphenols（APs）+ Arylamines（芳胺）,,壬基酚（NP，混合异构体）,"Nonylphenol (NP), mixed isomers",Several,25154-52-3 / 84852-15-3 / 104-40-5,,,,,,,,,0,1
745,Annex I Compilation of Individual Substances,(3) Alkylphenols（APs）+ Arylamines（芳胺）,,支链壬基酚,"Phenol, nonyl-, branched",90481-04-2,90481-04-2,,,,,,,,,0,1
746,Annex I Compilation of Individual Substances,(3) Alkylphenols（APs）+ Arylamines（芳胺）,,壬基酚（混合异构体）,"Nonylphenol, mixed isomers",25154-52-3,25154-52-3,,,,,,,,,0,1
747,Annex I Compilation of Individual Substances,(3) Alkylphenols（APs）+ Arylamines（芳胺）,,异壬基酚,Isononylphenol,11066-49-2,11066-49-2,,,,,,,,,0,1
748,Annex I Compilation of Individual Substances,(3) Alkylphenols（APs）+ Arylamines（芳胺）,,4-壬基酚（支链和直链）,"4-Nonylphenol, branched and linear",Several,84852-15-3 / 104-40-5,,,,,,,,,0,1
749,Annex I Compilation of Individual Substances,(3) Alkylphenols（APs）+ Arylamines（芳胺）,,对壬基酚,p-Nonylphenol,104-40-5,104-40-5,,,,,,,,,0,1
750,Annex I Compilation of Individual Substances,(3) Alkylphenols（APs）+ Arylamines（芳胺）,,4-(1-乙基-1-甲基己基)苯酚,4-(1-Ethyl-1-methylhexyl)phenol,52427-13-1,52427-13-1,,,,,,,,,0,1
751,Annex I Compilation of Individual Substances,(3) Alkylphenols（APs）+ Arylamines（芳胺）,,"4-(3,6-二甲基-3-庚基)苯酚","4-(3,6-Dimethyl-3-heptyl)phenol",142731-63-3,142731-63-3,,,,,,,,,0,1
752,Annex I Compilation of Individual Substances,(3) Alkylphenols（APs）+ Arylamines（芳胺）,,"4-(3,5-二甲基-3-庚基)苯酚","4-(3,5-Dimethyl-3-heptyl)phenol",186825-36-5,186825-36-5,,,,,,,,,0,1
753,Annex I Compilation of Individual Substances,(3) Alkylphenols（APs）+ Arylamines（芳胺）,,支链4-壬基酚,"Phenol, 4-nonyl-, branched",84852-15-3,84852-15-3,,,,,,,,,0,1
754,Annex I Compilation of Individual Substances,(3) Alkylphenols（APs）+ Arylamines（芳胺）,,"对-(1,1-二甲基庚基)苯酚","p-(1,1-Dimethylheptyl)phenol",30784-30-6,30784-30-6,,,,,,,,,0,1
755,Annex I Compilation of Individual Substances,(3) Alkylphenols（APs）+ Arylamines（芳胺）,,对-(1-甲基辛基)苯酚,p-(1-Methyloctyl)phenol,17404-66-9,17404-66-9,,,,,,,,,0,1
756,Annex I Compilation of Individual Substances,(3) Alkylphenols（APs）+ Arylamines（芳胺）,,对异壬基酚,p-Isononylphenol,26543-97-5,26543-97-5,,,,,,,,,0,1
757,Annex I Compilation of Individual Substances,(3) Alkylphenols（APs）+ Arylamines（芳胺）,,"4-(2,6-二甲基-2-庚基)苯酚","4-(2,6-Dimethyl-2-heptyl)phenol",521947-27-3,521947-27-3,,,,,,,,,0,1
758,Annex I Compilation of Individual Substances,(3) Alkylphenols（APs）+ Arylamines（芳胺）,,4-(3-乙基庚烷-2-基)苯酚,4-(3-Ethylheptan-2-yl)phenol,186825-39-8,186825-39-8,,,,,,,,,0,1
759,Annex I Compilation of Individual Substances,(3) Alkylphenols（APs）+ Arylamines（芳胺）,,4-叔壬基酚,"Phenol, 4-tert-nonyl-",58865-77-3,58865-77-3,,,,,,,,,0,1
760,Annex I Compilation of Individual Substances,(3) Alkylphenols（APs）+ Arylamines（芳胺）,,"4-(1,1,3-三甲基己基)苯酚","Phenol, 4-(1,1,3-trimethylhexyl)-",174305-83-0,174305-83-0,,,,,,,,,0,1
761,Annex I Compilation of Individual Substances,(3) Alkylphenols（APs）+ Arylamines（芳胺）,,"4-(1,3-二甲基-1-丙基丁基)苯酚","Phenol, 4-(1,3-dimethyl-1-propylbutyl)-",142731-65-5,142731-65-5,,,,,,,,,0,1
762,Annex I Compilation of Individual Substances,(3) Alkylphenols（APs）+ Arylamines（芳胺）,,"4-(1,2,5-三甲基己基)苯酚","Phenol, 4-(1,2,5-trimethylhexyl)-",142731-55-3,142731-55-3,,,,,,,,,0,1
763,Annex I Compilation of Individual Substances,(3) Alkylphenols（APs）+ Arylamines（芳胺）,,十二烷基酚（混合异构体）,"Dodecylphenol, mixed isomers",27193-86-8,27193-86-8,,,,,,,,,0,1
764,Annex I Compilation of Individual Substances,(3) Alkylphenols（APs）+ Arylamines（芳胺）,,支链十二烷基酚,"Phenol, dodecyl-, branched",121158-58-5,121158-58-5,,,,,,,,,0,1
765,Annex I Compilation of Individual Substances,(3) Alkylphenols（APs）+ Arylamines（芳胺）,,支链4-十二烷基酚,"Phenol, 4-dodecyl-, branched",210555-94-5,210555-94-5,,,,,,,,,0,1
766,Annex I Compilation of Individual Substances,(3) Alkylphenols（APs）+ Arylamines（芳胺）,,4-异十二烷基酚,"Phenol, 4-isododecyl",27459-10-5 / 27147-75-7,27459-10-5; 27147-75-7,,,,,,,,,0,1
767,Annex I Compilation of Individual Substances,(3) Alkylphenols（APs）+ Arylamines（芳胺）,,四丙烯基苯酚,"Phenol, tetrapropylene",57427-55-1,57427-55-1,,,,,,,,,0,1
768,Annex I Compilation of Individual Substances,(3) Alkylphenols（APs）+ Arylamines（芳胺）,,四丙烯基苯酚衍生物,"Phenol, (tetrapropenyl) derivatives",74499-35-7,74499-35-7,,,,,,,,,0,1
769,Annex I Compilation of Individual Substances,(3) Alkylphenols（APs）+ Arylamines（芳胺）,,4-十二烷基酚,"Phenol, 4-dodecyl-",104-43-8,104-43-8,,,,,,,,,0,1
770,Annex I Compilation of Individual Substances,(3) Alkylphenols（APs）+ Arylamines（芳胺）,,邻氨基偶氮甲苯及其盐,o-Aminoazotoluene and its salts,Several,97-56-3,,,,,,,,,0,1
771,Annex I Compilation of Individual Substances,(3) Alkylphenols（APs）+ Arylamines（芳胺）,,邻氨基偶氮甲苯,o-Aminoazotoluene,97-56-3,97-56-3,,,,,,,,,0,1
772,Annex I Compilation of Individual Substances,(3) Alkylphenols（APs）+ Arylamines（芳胺）,,对氨基偶氮苯及其盐,p-Aminoazobenzene and its salts,Several,60-09-3,,,,,,,,,0,1
773,Annex I Compilation of Individual Substances,(3) Alkylphenols（APs）+ Arylamines（芳胺）,,对氨基偶氮苯,p-Aminoazobenzene,1960/9/3,60-09-3,,,,,,,,,0,1
774,Annex I Compilation of Individual Substances,(3) Alkylphenols（APs）+ Arylamines（芳胺）,,4-氨基联苯及其盐,4-Aminobiphenyl and its salts,Several,92-67-1 / 2113-61-3 (盐酸盐),,,,,,,,,0,1
775,Annex I Compilation of Individual Substances,(3) Alkylphenols（APs）+ Arylamines（芳胺）,,4-氨基联苯,4-Aminobiphenyl,92-67-1,92-67-1,,,,,,,,,0,1
776,Annex I Compilation of Individual Substances,(3) Alkylphenols（APs）+ Arylamines（芳胺）,,6-氨基-2-乙氧基萘及其盐,6-Amino-2-ethoxynaphthalene and its salts,Several,293733-21-8,,,,,,,,,0,1
777,Annex I Compilation of Individual Substances,(3) Alkylphenols（APs）+ Arylamines（芳胺）,,6-氨基-2-乙氧基萘,6-Amino-2-ethoxynaphthalene,293733-21-8,293733-21-8,,,,,,,,,0,1
778,Annex I Compilation of Individual Substances,(3) Alkylphenols（APs）+ Arylamines（芳胺）,,4-氨基-3-氟苯酚及其盐,4-Amino-3-fluorophenol and its salts,Several,399-95-1,,,,,,,,,0,1
779,Annex I Compilation of Individual Substances,(3) Alkylphenols（APs）+ Arylamines（芳胺）,,4-氨基-3-氟苯酚,4-Amino-3-fluorophenol,399-95-1,399-95-1,,,,,,,,,0,1
780,Annex I Compilation of Individual Substances,(3) Alkylphenols（APs）+ Arylamines（芳胺）,,4-氯苯胺及其盐,4-Chloroaniline and its salts,Several,106-47-8 / 20265-96-7 (盐酸盐),,,,,,,,,0,1
781,Annex I Compilation of Individual Substances,(3) Alkylphenols（APs）+ Arylamines（芳胺）,,4-氯苯胺,4-Chloroaniline,106-47-8,106-47-8,,,,,,,,,0,1
782,Annex I Compilation of Individual Substances,(3) Alkylphenols（APs）+ Arylamines（芳胺）,,"2,4-二氨基苯甲醚及其盐","2,4-Diaminoanisole and its salts",Several,615-05-4 / 39156-41-7 (硫酸盐),,,,,,,,,0,1
783,Annex I Compilation of Individual Substances,(3) Alkylphenols（APs）+ Arylamines（芳胺）,,"2,4-二氨基苯甲醚","2,4-Diaminoanisole",615-05-4,615-05-4,,,,,,,,,0,1
784,Annex I Compilation of Individual Substances,(3) Alkylphenols（APs）+ Arylamines（芳胺）,,"2,4-二氨基苯甲醚硫酸盐","2,4-Diaminoanisole sulphate",39156-41-7,39156-41-7,,,,,,,,,0,1
785,Annex I Compilation of Individual Substances,(4)  Arylamines（芳胺，续）,,"4,4'-二氨基二苯甲烷及其盐","4,4'-Diaminodiphenylmethane and its salts",Several,101-77-9 / 13552-44-8 (二盐酸盐),,,,,,,,,0,1
786,Annex I Compilation of Individual Substances,(4)  Arylamines（芳胺，续）,,"4,4'-二氨基二苯甲烷","4,4'-Diaminodiphenylmethane",101-77-9,101-77-9,,,,,,,,,0,1
787,Annex I Compilation of Individual Substances,(4)  Arylamines（芳胺，续）,,"2,4-二氨基甲苯及其盐","2,4-Diaminotoluene and its salts",Several,95-80-7 / 636-23-7 (二盐酸盐),,,,,,,,,0,1
788,Annex I Compilation of Individual Substances,(4)  Arylamines（芳胺，续）,,"2,4-二氨基甲苯","2,4-Diaminotoluene",95-80-7,95-80-7,,,,,,,,,0,1
789,Annex I Compilation of Individual Substances,(4)  Arylamines（芳胺，续）,,"4,4'-亚甲基双(2-氯苯胺)及其盐","4,4'-Methylenebis-(2-chloraniline) and its salts",Several,101-14-4,,,,,,,,,0,1
790,Annex I Compilation of Individual Substances,(4)  Arylamines（芳胺，续）,,"4,4'-亚甲基双(2-氯苯胺)","4,4'-Methylenebis-(2-chloraniline)",101-14-4,101-14-4,,,,,,,,,0,1
791,Annex I Compilation of Individual Substances,(4)  Arylamines（芳胺，续）,,2-萘胺及其盐,2-Naphthylamine and its salts,Several,91-59-8 / 612-52-2 (盐酸盐) / 553-00-4 (乙酸盐),,,,,,,,,0,1
792,Annex I Compilation of Individual Substances,(4)  Arylamines（芳胺，续）,,2-萘胺盐酸盐,2-Naphthylammonium chloride,612-52-2,612-52-2,,,,,,,,,0,1
793,Annex I Compilation of Individual Substances,(4)  Arylamines（芳胺，续）,,2-萘胺,2-Naphthylamine,91-59-8,91-59-8,,,,,,,,,0,1
794,Annex I Compilation of Individual Substances,(4)  Arylamines（芳胺，续）,,2-萘胺乙酸盐,2-Naphthylammonium acetate,553-00-4,553-00-4,,,,,,,,,0,1
795,Annex I Compilation of Individual Substances,(4)  Arylamines（芳胺，续）,,茴香胺及其盐,Anisidines and its salts,Several,90-04-0 / 29191-52-4,,,,,,,,,0,1
796,Annex I Compilation of Individual Substances,(4)  Arylamines（芳胺，续）,,邻茴香胺及其盐,2-Anisidine and its salts,Several,90-04-0,,,,,,,,,0,1
797,Annex I Compilation of Individual Substances,(4)  Arylamines（芳胺，续）,,邻茴香胺,2-Anisidine,90-04-0,90-04-0,,,,,,,,,0,1
798,Annex I Compilation of Individual Substances,(4)  Arylamines（芳胺，续）,,茴香胺（邻、对异构体）,"Anisidine (o-, p-isomers)",29191-52-4,29191-52-4,,,,,,,,,0,1
799,Annex I Compilation of Individual Substances,(4)  Arylamines（芳胺，续）,,联苯胺及其盐,Benzidines and its salts,Several,92-87-5 / 531-85-1 (二盐酸盐) / 531-86-2 (硫酸盐),,,,,,,,,0,1
800,Annex I Compilation of Individual Substances,(4)  Arylamines（芳胺，续）,,联苯胺,Benzidine,92-87-5,92-87-5,,,,,,,,,0,1
801,Annex I Compilation of Individual Substances,(4)  Arylamines（芳胺，续）,,联苯胺二盐酸盐,Benzidine dihydrochloride,531-85-1,531-85-1,,,,,,,,,0,1
802,Annex I Compilation of Individual Substances,(4)  Arylamines（芳胺，续）,,联苯胺硫酸盐（1:1）,"Benzidine, sulfate (1:1)",531-86-2,531-86-2,,,,,,,,,0,1
803,Annex I Compilation of Individual Substances,(4)  Arylamines（芳胺，续）,,联苯胺硫酸盐,"Benzidine, sulfate",21136-70-9,21136-70-9,,,,,,,,,0,1
804,Annex I Compilation of Individual Substances,(4)  Arylamines（芳胺，续）,,联苯胺乙酸盐,Benzidine acetate,36341-27-2,36341-27-2,,,,,,,,,0,1
805,Annex I Compilation of Individual Substances,(4)  Arylamines（芳胺，续）,,"3,3'-二甲基联苯胺及其盐","3,3'-Dimethylbenzidine and its salts",Several,119-93-7 / 612-82-8 (二盐酸盐),,,,,,,,,0,1
806,Annex I Compilation of Individual Substances,(4)  Arylamines（芳胺，续）,,"3,3'-二甲基联苯胺","3,3'-Dimethylbenzidine",119-93-7,119-93-7,,,,,,,,,0,1
807,Annex I Compilation of Individual Substances,(4)  Arylamines（芳胺，续）,,"3,3'-二氯联苯胺及其盐","3,3'-Dichlorobenzidine and its salts",Several,91-94-1 / 612-83-9 (二盐酸盐),,,,,,,,,0,1
808,Annex I Compilation of Individual Substances,(4)  Arylamines（芳胺，续）,,"3,3'-二氯联苯胺","3,3'-Dichlorobenzidine",91-94-1,91-94-1,,,,,,,,,0,1
809,Annex I Compilation of Individual Substances,(4)  Arylamines（芳胺，续）,,邻联茴香胺及其盐,o-Dianisidines and its salts,Several,119-90-4 / 20325-40-0 (二盐酸盐),,,,,,,,,0,1
810,Annex I Compilation of Individual Substances,(4)  Arylamines（芳胺，续）,,"3,3'-二甲氧基联苯胺","3,3'-Dimethoxybenzidine",119-90-4,119-90-4,,,,,,,,,0,1
811,Annex I Compilation of Individual Substances,(4)  Arylamines（芳胺，续）,,二苯胺类及其盐,Dianilines and its salts,Several,122-39-4 (二苯胺母体),,,,,,,,,0,1
812,Annex I Compilation of Individual Substances,(4)  Arylamines（芳胺，续）,,"4,4'-二氨基二苯醚及其盐","4,4'-Oxydianiline and its salts",Several,101-80-4,,,,,,,,,0,1
813,Annex I Compilation of Individual Substances,(4)  Arylamines（芳胺，续）,,"4,4'-二氨基二苯醚","4,4'-Oxydianiline",101-80-4,101-80-4,,,,,,,,,0,1
814,Annex I Compilation of Individual Substances,(4)  Arylamines（芳胺，续）,,"4,4'-硫代二苯胺及其盐","4,4'-Thiodianiline and its salts",Several,139-65-1,,,,,,,,,0,1
815,Annex I Compilation of Individual Substances,(4)  Arylamines（芳胺，续）,,"4,4'-硫代二苯胺","4,4'-Thiodianiline",139-65-1,139-65-1,,,,,,,,,0,1
816,Annex I Compilation of Individual Substances,(4)  Arylamines（芳胺，续）,,甲苯胺及其盐,Toluidines and its salts,Several,95-53-4 (邻) / 106-49-0 (对) / 108-44-1 (间),,,,,,,,,0,1
817,Annex I Compilation of Individual Substances,(4)  Arylamines（芳胺，续）,,对甲氧基间甲苯胺及其盐（p-Cresidine）,p-Cresidine and its salts,Several,120-71-8,,,,,,,,,0,1
818,Annex I Compilation of Individual Substances,(4)  Arylamines（芳胺，续）,,对甲氧基间甲苯胺,p-Cresidine,120-71-8,120-71-8,,,,,,,,,0,1
819,Annex I Compilation of Individual Substances,(4)  Arylamines（芳胺，续）,,间甲苯胺及其盐,m-Toluidine and its salts,Several,108-44-1 / 638-03-9 (盐酸盐),,,,,,,,,0,1
820,Annex I Compilation of Individual Substances,(4)  Arylamines（芳胺，续）,,间甲苯胺,m-Toluidine,108-44-1,108-44-1,,,,,,,,,0,1
821,Annex I Compilation of Individual Substances,(4)  Arylamines（芳胺，续）,,间甲苯胺盐酸盐,m-Toluidine hydrochloride,638-03-9,638-03-9,,,,,,,,,0,1
822,Annex I Compilation of Individual Substances,(4)  Arylamines（芳胺，续）,,邻甲苯胺及其盐,o-Toluidine and its salts,Several,95-53-4 / 636-21-5 (盐酸盐),,,,,,,,,0,1
823,Annex I Compilation of Individual Substances,(4)  Arylamines（芳胺，续）,,邻甲苯胺,o-Toluidine,95-53-4,95-53-4,,,,,,,,,0,1
824,Annex I Compilation of Individual Substances,(4)  Arylamines（芳胺，续）,,对甲苯胺及其盐,p-Toluidine and its salts,Several,106-49-0 / 540-23-8 (盐酸盐),,,,,,,,,0,1
825,Annex I Compilation of Individual Substances,(4)  Arylamines（芳胺，续）,,对甲苯胺,p-Toluidine,106-49-0,106-49-0,,,,,,,,,0,1
826,Annex I Compilation of Individual Substances,(4)  Arylamines（芳胺，续）,,"4,4'-亚甲基二邻甲苯胺及其盐","4,4'-Methylenedi-o-toluidine and its salts",Several,838-88-0,,,,,,,,,0,1
827,Annex I Compilation of Individual Substances,(4)  Arylamines（芳胺，续）,,"4,4'-亚甲基二邻甲苯胺","4,4'-Methylenedi-o-toluidine",838-88-0,838-88-0,,,,,,,,,0,1
828,Annex I Compilation of Individual Substances,(4)  Arylamines（芳胺，续）,,硝基甲苯胺及其盐,Nitrotoluidines and its salts,Several,99-55-8 (2-氨基-4-硝基甲苯基准),,,,,,,,,0,1
829,Annex I Compilation of Individual Substances,(4)  Arylamines（芳胺，续）,,2-氨基-4-硝基甲苯及其盐,2-Amino-4-nitrotoluene and its salts,Several,99-55-8,,,,,,,,,0,1
830,Annex I Compilation of Individual Substances,(4)  Arylamines（芳胺，续）,,2-氨基-4-硝基甲苯,2-Amino-4-nitrotoluene,99-55-8,99-55-8,,,,,,,,,0,1
831,Annex I Compilation of Individual Substances,(4)  Arylamines（芳胺，续）,,氯甲苯胺及其盐,Chlorotoluidines and its salts,Several,95-69-2 (4-氯-2-甲苯胺基准),,,,,,,,,0,1
832,Annex I Compilation of Individual Substances,(4)  Arylamines（芳胺，续）,,4-氯-2-甲苯胺及其盐,4-Chloro-2-toluidine and its salts,Several,95-69-2 / 3165-93-3 (盐酸盐),,,,,,,,,0,1
833,Annex I Compilation of Individual Substances,(4)  Arylamines（芳胺，续）,,4-氯-2-甲苯胺,4-Chloro-2-toluidine,95-69-2,95-69-2,,,,,,,,,0,1
834,Annex I Compilation of Individual Substances,(5) Arylamines（续）+ Chlorinated Benzenes and Toluenes,,4-氯-2-甲苯胺盐酸盐,4-Chloro-2-toluidine hydrochloride,3165-93-3,3165-93-3,,,,,,,,,0,1
835,Annex I Compilation of Individual Substances,(5) Arylamines（续）+ Chlorinated Benzenes and Toluenes,,三甲基苯胺及其盐,Trimethylanilines and its salts,Several,"137-17-7 (2,4,5-三甲基苯胺基准)",,,,,,,,,0,1
836,Annex I Compilation of Individual Substances,(5) Arylamines（续）+ Chlorinated Benzenes and Toluenes,,"2,4,5-三甲基苯胺及其盐","2,4,5-Trimethylaniline and its salts",Several,137-17-7 / 21436-97-5 (盐酸盐),,,,,,,,,0,1
837,Annex I Compilation of Individual Substances,(5) Arylamines（续）+ Chlorinated Benzenes and Toluenes,,"2,4,5-三甲基苯胺","2,4,5-Trimethylaniline",137-17-7,137-17-7,,,,,,,,,0,1
838,Annex I Compilation of Individual Substances,(5) Arylamines（续）+ Chlorinated Benzenes and Toluenes,,"2,4,5-三甲基苯胺盐酸盐","2,4,5-Trimethylaniline hydrochloride",21436-97-5,21436-97-5,,,,,,,,,0,1
839,Annex I Compilation of Individual Substances,(5) Arylamines（续）+ Chlorinated Benzenes and Toluenes,,二甲基苯胺及其盐,Xylidines and its salts,Several,"95-68-1 (2,4-二甲基苯胺基准)",,,,,,,,,0,1
840,Annex I Compilation of Individual Substances,(5) Arylamines（续）+ Chlorinated Benzenes and Toluenes,,"2,4-二甲基苯胺及其盐","2,4-Xylidine and its salts",Several,95-68-1 / 21436-96-4 (盐酸盐),,,,,,,,,0,1
841,Annex I Compilation of Individual Substances,(5) Arylamines（续）+ Chlorinated Benzenes and Toluenes,,"2,4-二甲基苯胺","2,4-Xylidine",95-68-1,95-68-1,,,,,,,,,0,1
842,Annex I Compilation of Individual Substances,(5) Arylamines（续）+ Chlorinated Benzenes and Toluenes,,"2,6-二甲基苯胺及其盐","2,6-Xylidine and its salts",Several,87-62-7 / 21436-98-6 (盐酸盐),,,,,,,,,0,1
843,Annex I Compilation of Individual Substances,(5) Arylamines（续）+ Chlorinated Benzenes and Toluenes,,"2,6-二甲基苯胺","2,6-Xylidine",87-62-7,87-62-7,,,,,,,,,0,1
844,Annex I Compilation of Individual Substances,(5) Arylamines（续）+ Chlorinated Benzenes and Toluenes,,氯代苯类,Chlorinated Benzenes,Several,108-90-7 (氯苯类基准),,,,,,,,,0,1
845,Annex I Compilation of Individual Substances,(5) Arylamines（续）+ Chlorinated Benzenes and Toluenes,,二氯苯（所有异构体）,"Dichlorobenzenes, all isomers",Several,25321-22-6 (混合) / 95-50-1 (邻) / 106-46-7 (对),,,,,,,,,0,1
846,Annex I Compilation of Individual Substances,(5) Arylamines（续）+ Chlorinated Benzenes and Toluenes,,"1,2-二氯苯","1,2-Dichlorobenzene",95-50-1,95-50-1,,,,,,,,,0,1
847,Annex I Compilation of Individual Substances,(5) Arylamines（续）+ Chlorinated Benzenes and Toluenes,,"1,3-二氯苯","1,3-Dichlorobenzene",541-73-1,541-73-1,,,,,,,,,0,1
848,Annex I Compilation of Individual Substances,(5) Arylamines（续）+ Chlorinated Benzenes and Toluenes,,"1,4-二氯苯","1,4-Dichlorobenzene",106-46-7,106-46-7,,,,,,,,,0,1
849,Annex I Compilation of Individual Substances,(5) Arylamines（续）+ Chlorinated Benzenes and Toluenes,,三氯苯（所有异构体）,"Trichlorobenzenes, all isomers",Several,12002-48-1 (混合) / 120-82-1 / 87-61-6,,,,,,,,,0,1
850,Annex I Compilation of Individual Substances,(5) Arylamines（续）+ Chlorinated Benzenes and Toluenes,,"1,2,3-三氯苯","1,2,3-Trichlorobenzene",87-61-6,87-61-6,,,,,,,,,0,1
851,Annex I Compilation of Individual Substances,(5) Arylamines（续）+ Chlorinated Benzenes and Toluenes,,"1,2,4-三氯苯","1,2,4-Trichlorobenzene",120-82-1,120-82-1,,,,,,,,,0,1
852,Annex I Compilation of Individual Substances,(5) Arylamines（续）+ Chlorinated Benzenes and Toluenes,,"1,3,5-三氯苯","1,3,5-Trichlorobenzene",108-70-3,108-70-3,,,,,,,,,0,1
853,Annex I Compilation of Individual Substances,(5) Arylamines（续）+ Chlorinated Benzenes and Toluenes,,四氯苯（所有异构体）,"Tetrachlorobenzenes, all isomers",Several,12408-10-5 (混合) / 634-66-2 / 95-94-3,,,,,,,,,0,1
854,Annex I Compilation of Individual Substances,(5) Arylamines（续）+ Chlorinated Benzenes and Toluenes,,"1,2,3,4-四氯苯","1,2,3,4-Tetrachlorobenzene",634-66-2,634-66-2,,,,,,,,,0,1
855,Annex I Compilation of Individual Substances,(5) Arylamines（续）+ Chlorinated Benzenes and Toluenes,,"1,2,3,5-四氯苯","1,2,3,5-Tetrachlorobenzene",634-90-2,634-90-2,,,,,,,,,0,1
856,Annex I Compilation of Individual Substances,(5) Arylamines（续）+ Chlorinated Benzenes and Toluenes,,"1,2,4,5-四氯苯","1,2,4,5-Tetrachlorobenzene",95-94-3,95-94-3,,,,,,,,,0,1
857,Annex I Compilation of Individual Substances,(5) Arylamines（续）+ Chlorinated Benzenes and Toluenes,,氯代甲苯类,Chlorinated Toluenes,Several,25168-05-2 (氯甲苯基准),,,,,,,,,0,1
858,Annex I Compilation of Individual Substances,(5) Arylamines（续）+ Chlorinated Benzenes and Toluenes,,一氯甲苯（所有异构体）,"Monochlorotoluenes, all isomers",Several,25168-05-2 (混合) / 95-49-8 (邻) / 106-43-4 (对),,,,,,,,,0,1
859,Annex I Compilation of Individual Substances,(5) Arylamines（续）+ Chlorinated Benzenes and Toluenes,,2-氯甲苯,2-Chlorotoluene,95-49-8,95-49-8,,,,,,,,,0,1
860,Annex I Compilation of Individual Substances,(5) Arylamines（续）+ Chlorinated Benzenes and Toluenes,,3-氯甲苯,3-Chlorotoluene,108-41-8,108-41-8,,,,,,,,,0,1
861,Annex I Compilation of Individual Substances,(5) Arylamines（续）+ Chlorinated Benzenes and Toluenes,,4-氯甲苯,4-Chlorotoluene,106-43-4,106-43-4,,,,,,,,,0,1
862,Annex I Compilation of Individual Substances,(5) Arylamines（续）+ Chlorinated Benzenes and Toluenes,,二氯甲苯（所有异构体）,"Dichlorotoluenes, all isomers",Several,29797-40-8 (混合) / 95-73-8 / 19398-61-9,,,,,,,,,0,1
863,Annex I Compilation of Individual Substances,(5) Arylamines（续）+ Chlorinated Benzenes and Toluenes,,"2,3-二氯甲苯","2,3-Dichlorotoluene",32768-54-0,32768-54-0,,,,,,,,,0,1
864,Annex I Compilation of Individual Substances,(5) Arylamines（续）+ Chlorinated Benzenes and Toluenes,,"2,4-二氯甲苯","2,4-Dichlorotoluene",95-73-8,95-73-8,,,,,,,,,0,1
865,Annex I Compilation of Individual Substances,(5) Arylamines（续）+ Chlorinated Benzenes and Toluenes,,"2,5-二氯甲苯","2,5-Dichlorotoluene",19398-61-9,19398-61-9,,,,,,,,,0,1
866,Annex I Compilation of Individual Substances,(5) Arylamines（续）+ Chlorinated Benzenes and Toluenes,,"2,6-二氯甲苯","2,6-Dichlorotoluene",118-69-4,118-69-4,,,,,,,,,0,1
867,Annex I Compilation of Individual Substances,(5) Arylamines（续）+ Chlorinated Benzenes and Toluenes,,"3,4-二氯甲苯","3,4-Dichlorotoluene",95-75-0,95-75-0,,,,,,,,,0,1
868,Annex I Compilation of Individual Substances,(5) Arylamines（续）+ Chlorinated Benzenes and Toluenes,,"3,5-二氯甲苯","3,5-Dichlorotoluene",25186-47-4,25186-47-4,,,,,,,,,0,1
869,Annex I Compilation of Individual Substances,(5) Arylamines（续）+ Chlorinated Benzenes and Toluenes,,三氯甲苯（所有异构体）,"Trichlorotoluenes, all isomers",Several,2077-46-5 (混合) / 2077-47-6,,,,,,,,,0,1
870,Annex I Compilation of Individual Substances,(5) Arylamines（续）+ Chlorinated Benzenes and Toluenes,,"2,3,4-三氯甲苯","2,3,4-Trichlorotoluene",7359-72-0,7359-72-0,,,,,,,,,0,1
871,Annex I Compilation of Individual Substances,(5) Arylamines（续）+ Chlorinated Benzenes and Toluenes,,"2,3,6-三氯甲苯","2,3,6-Trichlorotoluene",2077-46-5,2077-46-5,,,,,,,,,0,1
872,Annex I Compilation of Individual Substances,(5) Arylamines（续）+ Chlorinated Benzenes and Toluenes,,"2,4,5-三氯甲苯","2,4,5-Trichlorotoluene",6639-30-1,6639-30-1,,,,,,,,,0,1
873,Annex I Compilation of Individual Substances,(5) Arylamines（续）+ Chlorinated Benzenes and Toluenes,,"2,4,6-三氯甲苯","2,4,6-Trichlorotoluene",23749-65-7,23749-65-7,,,,,,,,,0,1
874,Annex I Compilation of Individual Substances,(5) Arylamines（续）+ Chlorinated Benzenes and Toluenes,,"3,4,5-三氯甲苯","3,4,5-Trichlorotoluene",21472-86-6,21472-86-6,,,,,,,,,0,1
875,Annex I Compilation of Individual Substances,(5) Arylamines（续）+ Chlorinated Benzenes and Toluenes,,"α,α,α-三氯甲苯（三氯甲基苯）","a,a,a-Trichlorotoluene",1998/7/7,98-07-7,,,,,,,,,0,1
876,Annex I Compilation of Individual Substances,(5) Arylamines（续）+ Chlorinated Benzenes and Toluenes,,四氯甲苯（所有异构体）,"Tetrachlorotoluenes, all isomers",Several,875-40-1 (混合) / 1006-31-1,,,,,,,,,0,1
877,Annex I Compilation of Individual Substances,(5) Arylamines（续）+ Chlorinated Benzenes and Toluenes,,"2,3,4,5-四氯甲苯","2,3,4,5-Tetrachlorotoluene",1006-32-2,1006-32-2,,,,,,,,,0,1
878,Annex I Compilation of Individual Substances,(5) Arylamines（续）+ Chlorinated Benzenes and Toluenes,,"2,3,5,6-四氯甲苯","2,3,5,6-Tetrachlorotoluene",1006-31-1,1006-31-1,,,,,,,,,0,1
879,Annex I Compilation of Individual Substances,(5) Arylamines（续）+ Chlorinated Benzenes and Toluenes,,"2,3,4,6-四氯甲苯","2,3,4,6-Tetrachlorotoluene",875-40-1,875-40-1,,,,,,,,,0,1
880,Annex I Compilation of Individual Substances,(5) Arylamines（续）+ Chlorinated Benzenes and Toluenes,,"α,α,α,4-四氯甲苯","a,a,a,4-Tetrachlorotoluene",5216-25-1,5216-25-1,,,,,,,,,0,1
881,Annex I Compilation of Individual Substances,（6） Chlorinated Benzenes and Toluenes + Colorants,,"α,α,α,2-四氯甲苯","a,a,a,2-Tetrachlorotoluene",2136-89-2,2136-89-2,,,,,,,,,0,1
882,Annex I Compilation of Individual Substances,（6） Chlorinated Benzenes and Toluenes + Colorants,,因其他原因禁用的着色剂,Colorants banned for other reasons,Several,环境与健康禁用着色剂大类管控,,,,,,,,,0,1
883,Annex I Compilation of Individual Substances,（6） Chlorinated Benzenes and Toluenes + Colorants,,海军蓝复合着色剂,Navy Blue: A mixture of … chromate complexes,Several,118685-33-9 (EC 405-665-4),,,,,,,,,0,1
884,Annex I Compilation of Individual Substances,（6） Chlorinated Benzenes and Toluenes + Colorants,,二钠铬络合偶氮染料,"Disodium (6-(4-anisidino)-3-sulfonato-2-(3,5-dinitro-2-oxidophenylazo)-1-naphtholato)(1-(5-chloro-2-oxidophenylazo)-2-naphtholato)chromate(1-)",118685-33-9,118685-33-9,,,,,,,,,0,1
885,Annex I Compilation of Individual Substances,（6） Chlorinated Benzenes and Toluenes + Colorants,,可裂解产生致癌胺的着色剂,Colorants which can cleave in carcinogenic amines,Several,可裂解致癌芳香胺偶氮染料组 (REACH附录XVII第43条),,,,,,,,,0,1
886,Annex I Compilation of Individual Substances,（6） Chlorinated Benzenes and Toluenes + Colorants,,酸性黑29,Acid Black 29,12217-14-0,12217-14-0,,,,,,,,,0,1
887,Annex I Compilation of Individual Substances,（6） Chlorinated Benzenes and Toluenes + Colorants,,酸性黑94,Acid Black 94,6358-80-1,6358-80-1,,,,,,,,,0,1
888,Annex I Compilation of Individual Substances,（6） Chlorinated Benzenes and Toluenes + Colorants,,酸性黑131,Acid Black 131,12219-01-1,12219-01-1,,,,,,,,,0,1
889,Annex I Compilation of Individual Substances,（6） Chlorinated Benzenes and Toluenes + Colorants,,酸性黑132,Acid Black 132,12219-02-2,12219-02-2,,,,,,,,,0,1
890,Annex I Compilation of Individual Substances,（6） Chlorinated Benzenes and Toluenes + Colorants,,酸性黑209,Acid Black 209,72827-68-0,72827-68-0,,,,,,,,,0,1
891,Annex I Compilation of Individual Substances,（6） Chlorinated Benzenes and Toluenes + Colorants,,酸性黑232,Acid Black 232,—,C.I. 30334 (释放联苯胺 92-87-5),,,,,,,,,0,1
892,Annex I Compilation of Individual Substances,（6） Chlorinated Benzenes and Toluenes + Colorants,,酸性棕415,Acid Brown 415,97199-27-4,97199-27-4,,,,,,,,,0,1
893,Annex I Compilation of Individual Substances,（6） Chlorinated Benzenes and Toluenes + Colorants,,酸性橙45,Acid Orange 45,2429-80-3,2429-80-3,,,,,,,,,0,1
894,Annex I Compilation of Individual Substances,（6） Chlorinated Benzenes and Toluenes + Colorants,,酸性红4,Acid Red 4,5858-39-9,5858-39-9,,,,,,,,,0,1
895,Annex I Compilation of Individual Substances,（6） Chlorinated Benzenes and Toluenes + Colorants,,酸性红5,Acid Red 5,5858-63-9,5858-63-9,,,,,,,,,0,1
896,Annex I Compilation of Individual Substances,（6） Chlorinated Benzenes and Toluenes + Colorants,,酸性红24,Acid Red 24,5858-30-0,5858-30-0,,,,,,,,,0,1
897,Annex I Compilation of Individual Substances,（6） Chlorinated Benzenes and Toluenes + Colorants,,酸性红35,Acid Red 35,6441-93-6,6441-93-6,,,,,,,,,0,1
898,Annex I Compilation of Individual Substances,（6） Chlorinated Benzenes and Toluenes + Colorants,,酸性红73,Acid Red 73,5413-75-2,5413-75-2,,,,,,,,,0,1
899,Annex I Compilation of Individual Substances,（6） Chlorinated Benzenes and Toluenes + Colorants,,酸性红85,Acid Red 85,3567-65-5,3567-65-5,,,,,,,,,0,1
900,Annex I Compilation of Individual Substances,（6） Chlorinated Benzenes and Toluenes + Colorants,,酸性红104,Acid Red 104,8006/6/2,8006-06-2,,,,,,,,,0,1
901,Annex I Compilation of Individual Substances,（6） Chlorinated Benzenes and Toluenes + Colorants,,酸性红114,Acid Red 114,6459-94-5,6459-94-5,,,,,,,,,0,1
902,Annex I Compilation of Individual Substances,（6） Chlorinated Benzenes and Toluenes + Colorants,,酸性红115,Acid Red 115,6226-80-8,6226-80-8,,,,,,,,,0,1
903,Annex I Compilation of Individual Substances,（6） Chlorinated Benzenes and Toluenes + Colorants,,酸性红116,Acid Red 116,6245-62-1,6245-62-1,,,,,,,,,0,1
904,Annex I Compilation of Individual Substances,（6） Chlorinated Benzenes and Toluenes + Colorants,,酸性红119:1,Acid Red 119:1,90880-75-4,90880-75-4,,,,,,,,,0,1
905,Annex I Compilation of Individual Substances,（6） Chlorinated Benzenes and Toluenes + Colorants,,酸性红128,Acid Red 128,6548-30-7,6548-30-7,,,,,,,,,0,1
906,Annex I Compilation of Individual Substances,（6） Chlorinated Benzenes and Toluenes + Colorants,,酸性红148,Acid Red 148,6300-53-4,6300-53-4,,,,,,,,,0,1
907,Annex I Compilation of Individual Substances,（6） Chlorinated Benzenes and Toluenes + Colorants,,酸性红150,Acid Red 150,6226-78-4,6226-78-4,,,,,,,,,0,1
908,Annex I Compilation of Individual Substances,（6） Chlorinated Benzenes and Toluenes + Colorants,,酸性红158,Acid Red 158,8004-55-5,8004-55-5,,,,,,,,,0,1
909,Annex I Compilation of Individual Substances,（6） Chlorinated Benzenes and Toluenes + Colorants,,酸性红167,Acid Red 167,61901-41-5,61901-41-5,,,,,,,,,0,1
910,Annex I Compilation of Individual Substances,（6） Chlorinated Benzenes and Toluenes + Colorants,,酸性红264,Acid Red 264,6505-96-0,6505-96-0,,,,,,,,,0,1
911,Annex I Compilation of Individual Substances,（6） Chlorinated Benzenes and Toluenes + Colorants,,酸性红265,Acid Red 265,6358-43-6,6358-43-6,,,,,,,,,0,1
912,Annex I Compilation of Individual Substances,（6） Chlorinated Benzenes and Toluenes + Colorants,,酸性红420,Acid Red 420,—,受限偶氮染料组 (无单一CAS),,,,,,,,,0,1
913,Annex I Compilation of Individual Substances,（6） Chlorinated Benzenes and Toluenes + Colorants,,酸性紫12,Acid Violet 12,6625-46-3,6625-46-3,,,,,,,,,0,1
914,Annex I Compilation of Individual Substances,（6） Chlorinated Benzenes and Toluenes + Colorants,,碱性棕4,Basic Brown 4,8005-78-5,8005-78-5,,,,,,,,,0,1
915,Annex I Compilation of Individual Substances,（6） Chlorinated Benzenes and Toluenes + Colorants,,碱性红42,Basic Red 42,12221-66-8,12221-66-8,,,,,,,,,0,1
916,Annex I Compilation of Individual Substances,（6） Chlorinated Benzenes and Toluenes + Colorants,,碱性红76,Basic Red 76,68391-30-0,68391-30-0,,,,,,,,,0,1
917,Annex I Compilation of Individual Substances,（6） Chlorinated Benzenes and Toluenes + Colorants,,碱性红111,Basic Red 111,113741-92-7,113741-92-7,,,,,,,,,0,1
918,Annex I Compilation of Individual Substances,（6） Chlorinated Benzenes and Toluenes + Colorants,,碱性红114,Basic Red 114,—,6459-94-5 (同类受限 Acid Red 114),,,,,,,,,0,1
919,Annex I Compilation of Individual Substances,（6） Chlorinated Benzenes and Toluenes + Colorants,,碱性黄82,Basic Yellow 82,71872-38-3,71872-38-3,,,,,,,,,0,1
920,Annex I Compilation of Individual Substances,（6） Chlorinated Benzenes and Toluenes + Colorants,,碱性黄103,Basic Yellow 103,—,61968-65-8,,,,,,,,,0,1
921,Annex I Compilation of Individual Substances,（6） Chlorinated Benzenes and Toluenes + Colorants,,直接黑4,Direct Black 4,25156-49-4,25156-49-4,,,,,,,,,0,1
922,Annex I Compilation of Individual Substances,（6） Chlorinated Benzenes and Toluenes + Colorants,,直接黑29,Direct Black 29,25180-14-7,25180-14-7,,,,,,,,,0,1
923,Annex I Compilation of Individual Substances,（6） Chlorinated Benzenes and Toluenes + Colorants,,直接黑154,Direct Black 154,54804-85-2,54804-85-2,,,,,,,,,0,1
924,Annex I Compilation of Individual Substances,（6） Chlorinated Benzenes and Toluenes + Colorants,,直接蓝1,Direct Blue 1,2610/5/1,2610-05-1,,,,,,,,,0,1
925,Annex I Compilation of Individual Substances,（6） Chlorinated Benzenes and Toluenes + Colorants,,直接蓝2,Direct Blue 2,2429-73-4,2429-73-4,,,,,,,,,0,1
926,Annex I Compilation of Individual Substances,（6） Chlorinated Benzenes and Toluenes + Colorants,,直接蓝3,Direct Blue 3,2429-72-3,2429-72-3,,,,,,,,,0,1
927,Annex I Compilation of Individual Substances,（6） Chlorinated Benzenes and Toluenes + Colorants,,直接蓝8,Direct Blue 8,2429-71-2,2429-71-2,,,,,,,,,0,1
928,Annex I Compilation of Individual Substances,（6） Chlorinated Benzenes and Toluenes + Colorants,,直接蓝9,Direct Blue 9,6428-98-4,6428-98-4,,,,,,,,,0,1
929,Annex I Compilation of Individual Substances,（6） Chlorinated Benzenes and Toluenes + Colorants,,直接蓝10,Direct Blue 10,4198-19-0,4198-19-0,,,,,,,,,0,1
930,Annex I Compilation of Individual Substances,（6） Chlorinated Benzenes and Toluenes + Colorants,,直接蓝14,Direct Blue 14,72-57-1,72-57-1,,,,,,,,,0,1
931,Annex I Compilation of Individual Substances,（6） Chlorinated Benzenes and Toluenes + Colorants,,直接蓝15,Direct Blue 15,2429-74-5,2429-74-5,,,,,,,,,0,1
932,Annex I Compilation of Individual Substances,（6） Chlorinated Benzenes and Toluenes + Colorants,,直接蓝21,Direct Blue 21,6420/9/3,6420-09-3,,,,,,,,,0,1
933,Annex I Compilation of Individual Substances,（6） Chlorinated Benzenes and Toluenes + Colorants,,直接蓝22,Direct Blue 22,2586-57-4,2586-57-4,,,,,,,,,0,1
934,Annex I Compilation of Individual Substances,（6） Chlorinated Benzenes and Toluenes + Colorants,,直接蓝25,Direct Blue 25,25180-27-2,25180-27-2,,,,,,,,,0,1
935,Annex I Compilation of Individual Substances,（6） Chlorinated Benzenes and Toluenes + Colorants,,直接蓝35,Direct Blue 35,6473-33-2,6473-33-2,,,,,,,,,0,1
936,Annex I Compilation of Individual Substances,（6） Chlorinated Benzenes and Toluenes + Colorants,,直接蓝53,Direct Blue 53,314-13-6,314-13-6,,,,,,,,,0,1
937,Annex I Compilation of Individual Substances,（6） Chlorinated Benzenes and Toluenes + Colorants,,直接蓝151,Direct Blue 151,110735-25-6,110735-25-6,,,,,,,,,0,1
938,Annex I Compilation of Individual Substances,（6） Chlorinated Benzenes and Toluenes + Colorants,,直接蓝160,Direct Blue 160,12222-02-5,12222-02-5,,,,,,,,,0,1
939,Annex I Compilation of Individual Substances,（6） Chlorinated Benzenes and Toluenes + Colorants,,直接蓝173,Direct Blue 173,12235-72-2,12235-72-2,,,,,,,,,0,1
940,Annex I Compilation of Individual Substances,（6） Chlorinated Benzenes and Toluenes + Colorants,,直接蓝192,Direct Blue 192,159202-76-3,159202-76-3,,,,,,,,,0,1
941,Annex I Compilation of Individual Substances,（6） Chlorinated Benzenes and Toluenes + Colorants,,直接蓝215,Direct Blue 215,6771-80-8,6771-80-8,,,,,,,,,0,1
942,Annex I Compilation of Individual Substances,（6） Chlorinated Benzenes and Toluenes + Colorants,,直接蓝295,Direct Blue 295,6420-22-0,6420-22-0,,,,,,,,,0,1
943,Annex I Compilation of Individual Substances,（6） Chlorinated Benzenes and Toluenes + Colorants,,直接蓝306,Direct Blue 306,—,C.I. 24203 (释放邻联茴香胺 119-90-4),,,,,,,,,0,1
944,Annex I Compilation of Individual Substances,（6） Chlorinated Benzenes and Toluenes + Colorants,,直接棕1,Direct Brown 1,3811-71-0,3811-71-0,,,,,,,,,0,1
945,Annex I Compilation of Individual Substances,（6） Chlorinated Benzenes and Toluenes + Colorants,,直接棕1:2,Direct Brown 1:2,2586-58-5,2586-58-5,,,,,,,,,0,1
946,Annex I Compilation of Individual Substances,（6） Chlorinated Benzenes and Toluenes + Colorants,,直接棕2,Direct Brown 2,25255-06-5,25255-06-5,,,,,,,,,0,1
947,Annex I Compilation of Individual Substances,（6） Chlorinated Benzenes and Toluenes + Colorants,,直接棕6,Direct Brown 6,25180-39-6,25180-39-6,,,,,,,,,0,1
948,Annex I Compilation of Individual Substances,（6） Chlorinated Benzenes and Toluenes + Colorants,,直接棕25,Direct Brown 25,33363-87-0,33363-87-0,,,,,,,,,0,1
949,Annex I Compilation of Individual Substances,（6） Chlorinated Benzenes and Toluenes + Colorants,,直接棕27,Direct Brown 27,6360-29-8,6360-29-8,,,,,,,,,0,1
950,Annex I Compilation of Individual Substances,（6） Chlorinated Benzenes and Toluenes + Colorants,,直接棕31,Direct Brown 31,25180-41-0,25180-41-0,,,,,,,,,0,1
951,Annex I Compilation of Individual Substances,（6） Chlorinated Benzenes and Toluenes + Colorants,,直接棕33,Direct Brown 33,1324-87-4,1324-87-4,,,,,,,,,0,1
952,Annex I Compilation of Individual Substances,（6） Chlorinated Benzenes and Toluenes + Colorants,,直接棕51,Direct Brown 51,4623-91-0,4623-91-0,,,,,,,,,0,1
953,Annex I Compilation of Individual Substances,（6） Chlorinated Benzenes and Toluenes + Colorants,,直接棕59,Direct Brown 59,6247-51-4,6247-51-4,,,,,,,,,0,1
954,Annex I Compilation of Individual Substances,（6） Chlorinated Benzenes and Toluenes + Colorants,,直接棕74,Direct Brown 74,8014-91-3,8014-91-3,,,,,,,,,0,1
955,Annex I Compilation of Individual Substances,（6） Chlorinated Benzenes and Toluenes + Colorants,,直接棕79,Direct Brown 79,6483-77-8,6483-77-8,,,,,,,,,0,1
956,Annex I Compilation of Individual Substances,（6） Chlorinated Benzenes and Toluenes + Colorants,,直接棕101,Direct Brown 101,3626-29-7,3626-29-7,,,,,,,,,0,1
957,Annex I Compilation of Individual Substances,（6） Chlorinated Benzenes and Toluenes + Colorants,,直接棕154,Direct Brown 154,6360-54-9,6360-54-9,,,,,,,,,0,1
958,Annex I Compilation of Individual Substances,（6） Chlorinated Benzenes and Toluenes + Colorants,,直接棕222,Direct Brown 222,64743-15-3,64743-15-3,,,,,,,,,0,1
959,Annex I Compilation of Individual Substances,（6） Chlorinated Benzenes and Toluenes + Colorants,,直接棕223,Direct Brown 223,76930-14-8,76930-14-8,,,,,,,,,0,1
960,Annex I Compilation of Individual Substances,（6） Chlorinated Benzenes and Toluenes + Colorants,,直接绿1,Direct Green 1,3626-28-6,3626-28-6,,,,,,,,,0,1
961,Annex I Compilation of Individual Substances,（6） Chlorinated Benzenes and Toluenes + Colorants,,直接绿6,Direct Green 6,4335/9/5,4335-09-5,,,,,,,,,0,1
962,Annex I Compilation of Individual Substances,（6） Chlorinated Benzenes and Toluenes + Colorants,,直接绿8,Direct Green 8,25180-47-6,25180-47-6,,,,,,,,,0,1
963,Annex I Compilation of Individual Substances,（6） Chlorinated Benzenes and Toluenes + Colorants,,直接绿8:1,Direct Green 8:1,76012-70-9,76012-70-9,,,,,,,,,0,1
964,Annex I Compilation of Individual Substances,（6） Chlorinated Benzenes and Toluenes + Colorants,,直接绿85,Direct Green 85,72390-60-4,72390-60-4,,,,,,,,,0,1
965,Annex I Compilation of Individual Substances,（6） Chlorinated Benzenes and Toluenes + Colorants,,直接橙1,Direct Orange 1,54579-28-1,54579-28-1,,,,,,,,,0,1
966,Annex I Compilation of Individual Substances,（6） Chlorinated Benzenes and Toluenes + Colorants,,直接橙6,Direct Orange 6,6637-88-3,6637-88-3,,,,,,,,,0,1
967,Annex I Compilation of Individual Substances,（6） Chlorinated Benzenes and Toluenes + Colorants,,直接橙7,Direct Orange 7,2868-76-0,2868-76-0,,,,,,,,,0,1
968,Annex I Compilation of Individual Substances,（6） Chlorinated Benzenes and Toluenes + Colorants,,直接橙8,Direct Orange 8,64083-59-6,64083-59-6,,,,,,,,,0,1
969,Annex I Compilation of Individual Substances,（6） Chlorinated Benzenes and Toluenes + Colorants,,直接橙10,Direct Orange 10,6405-94-3,6405-94-3,,,,,,,,,0,1
970,Annex I Compilation of Individual Substances,（6） Chlorinated Benzenes and Toluenes + Colorants,,直接橙108,Direct Orange 108,6358-79-8,6358-79-8,,,,,,,,,0,1
971,Annex I Compilation of Individual Substances,（6） Chlorinated Benzenes and Toluenes + Colorants,,直接红1,Direct Red 1,25188-24-3,25188-24-3,,,,,,,,,0,1
972,Annex I Compilation of Individual Substances,（6） Chlorinated Benzenes and Toluenes + Colorants,,直接红2,Direct Red 2,992-59-6,992-59-6,,,,,,,,,0,1
973,Annex I Compilation of Individual Substances,（6） Chlorinated Benzenes and Toluenes + Colorants,,直接红7,Direct Red 7,25188-28-7,25188-28-7,,,,,,,,,0,1
974,Annex I Compilation of Individual Substances,（7）Colorants（续）+ Dioxins and Furans,,直接红10,Direct Red 10,25188-29-8,25188-29-8,,,,,,,,,0,1
975,Annex I Compilation of Individual Substances,（7）Colorants（续）+ Dioxins and Furans,,直接红13,Direct Red 13,25188-30-1,25188-30-1,,,,,,,,,0,1
976,Annex I Compilation of Individual Substances,（7）Colorants（续）+ Dioxins and Furans,,直接红17,Direct Red 17,25188-32-3,25188-32-3,,,,,,,,,0,1
977,Annex I Compilation of Individual Substances,（7）Colorants（续）+ Dioxins and Furans,,直接红21,Direct Red 21,6406/1/5,6406-01-5,,,,,,,,,0,1
978,Annex I Compilation of Individual Substances,（7）Colorants（续）+ Dioxins and Furans,,直接红22,Direct Red 22,6448-80-2,6448-80-2,,,,,,,,,0,1
979,Annex I Compilation of Individual Substances,（7）Colorants（续）+ Dioxins and Furans,,直接红24,Direct Red 24,6420-44-6,6420-44-6,,,,,,,,,0,1
980,Annex I Compilation of Individual Substances,（7）Colorants（续）+ Dioxins and Furans,,直接红26,Direct Red 26,3687-80-7,3687-80-7,,,,,,,,,0,1
981,Annex I Compilation of Individual Substances,（7）Colorants（续）+ Dioxins and Furans,,直接红37,Direct Red 37,3530-19-6,3530-19-6,,,,,,,,,0,1
982,Annex I Compilation of Individual Substances,（7）Colorants（续）+ Dioxins and Furans,,直接红39,Direct Red 39,6358-29-8,6358-29-8,,,,,,,,,0,1
983,Annex I Compilation of Individual Substances,（7）Colorants（续）+ Dioxins and Furans,,直接红44,Direct Red 44,2302-97-8,2302-97-8,,,,,,,,,0,1
984,Annex I Compilation of Individual Substances,（7）Colorants（续）+ Dioxins and Furans,,直接红46,Direct Red 46,6548-29-4,6548-29-4,,,,,,,,,0,1
985,Annex I Compilation of Individual Substances,（7）Colorants（续）+ Dioxins and Furans,,直接红62,Direct Red 62,6420-43-5,6420-43-5,,,,,,,,,0,1
986,Annex I Compilation of Individual Substances,（7）Colorants（续）+ Dioxins and Furans,,直接红67,Direct Red 67,6598-56-7,6598-56-7,,,,,,,,,0,1
987,Annex I Compilation of Individual Substances,（7）Colorants（续）+ Dioxins and Furans,,直接红72,Direct Red 72,8005-64-9,8005-64-9,,,,,,,,,0,1
988,Annex I Compilation of Individual Substances,（7）Colorants（续）+ Dioxins and Furans,,直接紫1,Direct Violet 1,25188-44-7,25188-44-7,,,,,,,,,0,1
989,Annex I Compilation of Individual Substances,（7）Colorants（续）+ Dioxins and Furans,,直接紫4,Direct Violet 4,6472-95-3,6472-95-3,,,,,,,,,0,1
990,Annex I Compilation of Individual Substances,（7）Colorants（续）+ Dioxins and Furans,,直接紫12,Direct Violet 12,2429-75-6,2429-75-6,,,,,,,,,0,1
991,Annex I Compilation of Individual Substances,（7）Colorants（续）+ Dioxins and Furans,,直接紫13,Direct Violet 13,13478-92-7,13478-92-7,,,,,,,,,0,1
992,Annex I Compilation of Individual Substances,（7）Colorants（续）+ Dioxins and Furans,,直接紫21,Direct Violet 21,25188-48-1,25188-48-1,,,,,,,,,0,1
993,Annex I Compilation of Individual Substances,（7）Colorants（续）+ Dioxins and Furans,,直接紫22,Direct Violet 22,25329-82-2,25329-82-2,,,,,,,,,0,1
994,Annex I Compilation of Individual Substances,（7）Colorants（续）+ Dioxins and Furans,,直接黄24,Direct Yellow 24,6486-29-9,6486-29-9,,,,,,,,,0,1
995,Annex I Compilation of Individual Substances,（7）Colorants（续）+ Dioxins and Furans,,直接黄48,Direct Yellow 48,6459-97-8,6459-97-8,,,,,,,,,0,1
996,Annex I Compilation of Individual Substances,（7）Colorants（续）+ Dioxins and Furans,,分散橙60,Disperse Orange 60,12270-44-9,12270-44-9,,,,,,,,,0,1
997,Annex I Compilation of Individual Substances,（7）Colorants（续）+ Dioxins and Furans,,分散红151,Disperse Red 151,61968-47-6,61968-47-6,,,,,,,,,0,1
998,Annex I Compilation of Individual Substances,（7）Colorants（续）+ Dioxins and Furans,,分散红221,Disperse Red 221,64426-35-3,64426-35-3,,,,,,,,,0,1
999,Annex I Compilation of Individual Substances,（7）Colorants（续）+ Dioxins and Furans,,分散黄7,Disperse Yellow 7,6300-37-4,6300-37-4,,,,,,,,,0,1
1000,Annex I Compilation of Individual Substances,（7）Colorants（续）+ Dioxins and Furans,,分散黄56,Disperse Yellow 56,54077-16-6,54077-16-6,,,,,,,,,0,1
1001,Annex I Compilation of Individual Substances,（7）Colorants（续）+ Dioxins and Furans,,分散黄218,Disperse Yellow 218,83929-90-2,83929-90-2,,,,,,,,,0,1
1002,Annex I Compilation of Individual Substances,（7）Colorants（续）+ Dioxins and Furans,,媒介红57,Mordant Red 57,2429-84-7,2429-84-7,,,,,,,,,0,1
1003,Annex I Compilation of Individual Substances,（7）Colorants（续）+ Dioxins and Furans,,媒介黄16,Mordant Yellow 16,8003-87-0,8003-87-0,,,,,,,,,0,1
1004,Annex I Compilation of Individual Substances,（7）Colorants（续）+ Dioxins and Furans,,溶剂橙7,Solvent Orange 7,3118-97-6,3118-97-6,,,,,,,,,0,1
1005,Annex I Compilation of Individual Substances,（7）Colorants（续）+ Dioxins and Furans,,溶剂红1,Solvent Red 1,1229-55-6,1229-55-6,,,,,,,,,0,1
1006,Annex I Compilation of Individual Substances,（7）Colorants（续）+ Dioxins and Furans,,溶剂红19,Solvent Red 19,6368-72-5,6368-72-5,,,,,,,,,0,1
1007,Annex I Compilation of Individual Substances,（7）Colorants（续）+ Dioxins and Furans,,溶剂红23,Solvent Red 23,85-86-9,85-86-9,,,,,,,,,0,1
1008,Annex I Compilation of Individual Substances,（7）Colorants（续）+ Dioxins and Furans,,溶剂红24,Solvent Red 24,85-83-6,85-83-6,,,,,,,,,0,1
1009,Annex I Compilation of Individual Substances,（7）Colorants（续）+ Dioxins and Furans,,溶剂红26,Solvent Red 26,4477-79-6,4477-79-6,,,,,,,,,0,1
1010,Annex I Compilation of Individual Substances,（7）Colorants（续）+ Dioxins and Furans,,溶剂红68,Solvent Red 68,61813-90-9,61813-90-9,,,,,,,,,0,1
1011,Annex I Compilation of Individual Substances,（7）Colorants（续）+ Dioxins and Furans,,溶剂红164,Solvent Red 164,71819-51-7,71819-51-7,,,,,,,,,0,1
1012,Annex I Compilation of Individual Substances,（7）Colorants（续）+ Dioxins and Furans,,溶剂红215,Solvent Red 215,85203-90-3,85203-90-3,,,,,,,,,0,1
1013,Annex I Compilation of Individual Substances,（7）Colorants（续）+ Dioxins and Furans,,溶剂黄72,Solvent Yellow 72,61813-98-7,61813-98-7,,,,,,,,,0,1
1014,Annex I Compilation of Individual Substances,（7）Colorants（续）+ Dioxins and Furans,,二噁英和呋喃—第3组,Dioxins and Furans - Group 3,Several,"39227-28-6 (1,2,3,4,7,8-HxCDD基准)",,,,,,,,,0,1
1015,Annex I Compilation of Individual Substances,（7）Colorants（续）+ Dioxins and Furans,,"1,2,3,4,6,7,8-七氯二苯并对二噁英","1,2,3,4,6,7,8-Heptachlorodibenzo-p-dioxin",35822-46-9,35822-46-9,,,,,,,,,0,1
1016,Annex I Compilation of Individual Substances,（7）Colorants（续）+ Dioxins and Furans,,"1,2,3,4,6,7,8,9-八氯二苯并对二噁英","1,2,3,4,6,7,8,9-Octachlorodibenzo-p-dioxin",3268-87-9,3268-87-9,,,,,,,,,0,1
1017,Annex I Compilation of Individual Substances,（7）Colorants（续）+ Dioxins and Furans,,"1,2,3,4,6,7,8-七氯二苯并呋喃","1,2,3,4,6,7,8-Heptachlorodibenzofuran",67562-39-4,67562-39-4,,,,,,,,,0,1
1018,Annex I Compilation of Individual Substances,（7）Colorants（续）+ Dioxins and Furans,,"1,2,3,4,7,8,9-七氯二苯并呋喃","1,2,3,4,7,8,9-Heptachlorodibenzofuran",55673-89-7,55673-89-7,,,,,,,,,0,1
1019,Annex I Compilation of Individual Substances,（7）Colorants（续）+ Dioxins and Furans,,"1,2,3,4,6,7,8,9-八氯二苯并呋喃","1,2,3,4,6,7,8,9-Octachlorodibenzofuran",39001-02-0,39001-02-0,,,,,,,,,0,1
1020,Annex I Compilation of Individual Substances,（7）Colorants（续）+ Dioxins and Furans,,二噁英和呋喃—第1和第2组,Dioxins and Furans - Group 1 and 2,Several,1746-01-6 / 40321-76-4,,,,,,,,,0,1
1021,Annex I Compilation of Individual Substances,（8）  Dioxins and Furans + Enzymes + Flame retardants,,二噁英和呋喃—第1组,Dioxins and Furans - Group 1,Several,"1746-01-6 (2,3,7,8-TCDD基准)",,,,,,,,,0,1
1022,Annex I Compilation of Individual Substances,（8）  Dioxins and Furans + Enzymes + Flame retardants,,"2,3,7,8-四氯二苯并对二噁英","2,3,7,8-Tetrachlorodibenzo-p-dioxin",1746-01-6,1746-01-6,,,,,,,,,0,1
1023,Annex I Compilation of Individual Substances,（8）  Dioxins and Furans + Enzymes + Flame retardants,,"1,2,3,7,8-五氯二苯并对二噁英","1,2,3,7,8-Pentachlorodibenzo-p-dioxin",40321-76-4,40321-76-4,,,,,,,,,0,1
1024,Annex I Compilation of Individual Substances,（8）  Dioxins and Furans + Enzymes + Flame retardants,,"2,3,7,8-四氯二苯并呋喃","2,3,7,8-Tetrachlorodibenzofuran",51207-31-9,51207-31-9,,,,,,,,,0,1
1025,Annex I Compilation of Individual Substances,（8）  Dioxins and Furans + Enzymes + Flame retardants,,"2,3,4,7,8-五氯二苯并呋喃","2,3,4,7,8-Pentachlorodibenzofuran",57117-31-4,57117-31-4,,,,,,,,,0,1
1026,Annex I Compilation of Individual Substances,（8）  Dioxins and Furans + Enzymes + Flame retardants,,二噁英和呋喃—第2组,Dioxins and Furans - Group 2,Several,"40321-76-4 (1,2,3,7,8-PeCDD基准)",,,,,,,,,0,1
1027,Annex I Compilation of Individual Substances,（8）  Dioxins and Furans + Enzymes + Flame retardants,,"1,2,3,4,7,8-六氯二苯并对二噁英","1,2,3,4,7,8-Hexachlorodibenzo-p-dioxin",39227-28-6,39227-28-6,,,,,,,,,0,1
1028,Annex I Compilation of Individual Substances,（8）  Dioxins and Furans + Enzymes + Flame retardants,,"1,2,3,6,7,8-六氯二苯并对二噁英","1,2,3,6,7,8-Hexachlorodibenzo-p-dioxin",57653-85-7,57653-85-7,,,,,,,,,0,1
1029,Annex I Compilation of Individual Substances,（8）  Dioxins and Furans + Enzymes + Flame retardants,,"1,2,3,7,8,9-六氯二苯并对二噁英","1,2,3,7,8,9-Hexachlorodibenzo-p-dioxin",19408-74-3,19408-74-3,,,,,,,,,0,1
1030,Annex I Compilation of Individual Substances,（8）  Dioxins and Furans + Enzymes + Flame retardants,,"1,2,3,7,8-五氯二苯并呋喃","1,2,3,7,8-Pentachlorodibenzofuran",57117-41-6,57117-41-6,,,,,,,,,0,1
1031,Annex I Compilation of Individual Substances,（8）  Dioxins and Furans + Enzymes + Flame retardants,,"1,2,3,4,7,8-六氯二苯并呋喃","1,2,3,4,7,8-Hexachlorodibenzofuran",70648-26-9,70648-26-9,,,,,,,,,0,1
1032,Annex I Compilation of Individual Substances,（8）  Dioxins and Furans + Enzymes + Flame retardants,,"1,2,3,6,7,8-六氯二苯并呋喃","1,2,3,6,7,8-Hexachlorodibenzofuran",57117-44-9,57117-44-9,,,,,,,,,0,1
1033,Annex I Compilation of Individual Substances,（8）  Dioxins and Furans + Enzymes + Flame retardants,,"1,2,3,7,8,9-六氯二苯并呋喃","1,2,3,7,8,9-Hexachlorodibenzofuran",72918-21-9,72918-21-9,,,,,,,,,0,1
1034,Annex I Compilation of Individual Substances,（8）  Dioxins and Furans + Enzymes + Flame retardants,,"2,3,4,6,7,8-六氯二苯并呋喃","2,3,4,6,7,8-Hexachlorodibenzofuran",60851-34-5,60851-34-5,,,,,,,,,0,1
1035,Annex I Compilation of Individual Substances,（8）  Dioxins and Furans + Enzymes + Flame retardants,,二噁英和呋喃—第4和第5组,Dioxins and Furans - Group 4 and 5,Several,51207-31-9 / 57117-41-6,,,,,,,,,0,1
1036,Annex I Compilation of Individual Substances,（8）  Dioxins and Furans + Enzymes + Flame retardants,,二噁英和呋喃—第4组,Dioxins and Furans - Group 4,Several,"51207-31-9 (2,3,7,8-TCDF基准)",,,,,,,,,0,1
1037,Annex I Compilation of Individual Substances,（8）  Dioxins and Furans + Enzymes + Flame retardants,,"2,3,7,8-四溴二苯并对二噁英","2,3,7,8-Tetrabromodibenzo-p-dioxin",50585-41-6,50585-41-6,,,,,,,,,0,1
1038,Annex I Compilation of Individual Substances,（8）  Dioxins and Furans + Enzymes + Flame retardants,,"1,2,3,7,8-五溴二苯并对二噁英","1,2,3,7,8-Pentabromodibenzo-p-dioxin",109333-34-8,109333-34-8,,,,,,,,,0,1
1039,Annex I Compilation of Individual Substances,（8）  Dioxins and Furans + Enzymes + Flame retardants,,"2,3,7,8-四溴二苯并呋喃","2,3,7,8-Tetrabromodibenzofuran",67733-57-7,67733-57-7,,,,,,,,,0,1
1040,Annex I Compilation of Individual Substances,（8）  Dioxins and Furans + Enzymes + Flame retardants,,"2,3,4,7,8-五溴二苯并呋喃","2,3,4,7,8-Pentabromodibenzofuran",131166-92-2,131166-92-2,,,,,,,,,0,1
1041,Annex I Compilation of Individual Substances,（8）  Dioxins and Furans + Enzymes + Flame retardants,,二噁英和呋喃—第5组,Dioxins and Furans - Group 5,Several,"57117-41-6 (1,2,3,7,8-PeCDF基准)",,,,,,,,,0,1
1042,Annex I Compilation of Individual Substances,（8）  Dioxins and Furans + Enzymes + Flame retardants,,"1,2,3,4,7,8-六溴二苯并对二噁英","1,2,3,4,7,8-Hexabromodibenzo-p-dioxin",110999-44-5,110999-44-5,,,,,,,,,0,1
1043,Annex I Compilation of Individual Substances,（8）  Dioxins and Furans + Enzymes + Flame retardants,,"1,2,3,6,7,8-六溴二苯并对二噁英","1,2,3,6,7,8-Hexabromodibenzo-p-dioxin",110999-45-6,110999-45-6,,,,,,,,,0,1
1044,Annex I Compilation of Individual Substances,（8）  Dioxins and Furans + Enzymes + Flame retardants,,"1,2,3,7,8,9-六溴二苯并对二噁英","1,2,3,7,8,9-Hexabromodibenzo-p-dioxin",110999-46-7,110999-46-7,,,,,,,,,0,1
1045,Annex I Compilation of Individual Substances,（8）  Dioxins and Furans + Enzymes + Flame retardants,,"1,2,3,7,8-五溴二苯并呋喃","1,2,3,7,8-Pentabromodibenzofuran",107555-93-1,107555-93-1,,,,,,,,,0,1
1046,Annex I Compilation of Individual Substances,（8）  Dioxins and Furans + Enzymes + Flame retardants,,工业用酶,"Enzymes, industrial",Several,9014-01-1 (枯草杆菌蛋白酶等工业酶制剂),,,,,,,,,0,1
1047,Annex I Compilation of Individual Substances,（8）  Dioxins and Furans + Enzymes + Flame retardants,,α-淀粉酶,alpha-Amylase,9000-90-2,9000-90-2,,,,,,,,,0,1
1048,Annex I Compilation of Individual Substances,（8）  Dioxins and Furans + Enzymes + Flame retardants,,纤维素酶,Cellulase,9012-54-8,9012-54-8,,,,,,,,,0,1
1049,Annex I Compilation of Individual Substances,（8）  Dioxins and Furans + Enzymes + Flame retardants,,漆酶,Laccase,80498-15-3,80498-15-3,,,,,,,,,0,1
1050,Annex I Compilation of Individual Substances,（8）  Dioxins and Furans + Enzymes + Flame retardants,,过氧化物酶,Peroxidase,9003-99-0,9003-99-0,,,,,,,,,0,1
1051,Annex I Compilation of Individual Substances,（8）  Dioxins and Furans + Enzymes + Flame retardants,,枯草杆菌蛋白酶类,Subtilisins,1395-21-7,1395-21-7,,,,,,,,,0,1
1052,Annex I Compilation of Individual Substances,（8）  Dioxins and Furans + Enzymes + Flame retardants,,枯草杆菌蛋白酶,Subtilisin,9014/1/1,9014-01-1,,,,,,,,,0,1
1053,Annex I Compilation of Individual Substances,（8）  Dioxins and Furans + Enzymes + Flame retardants,,六溴环十二烷（所有异构体）,"Hexabromocyclododecan, all isomers",Several,25637-99-4 / 3194-55-6,,,,,,,,,0,1
1054,Annex I Compilation of Individual Substances,（8）  Dioxins and Furans + Enzymes + Flame retardants,,六溴环十二烷,Hexabromocyclododecane,25637-99-4,25637-99-4,,,,,,,,,0,1
1055,Annex I Compilation of Individual Substances,（8）  Dioxins and Furans + Enzymes + Flame retardants,,"1,2,5,6,9,10-六溴环十二烷","1,2,5,6,9,10-Hexabromocyclododecane",3194-55-6,3194-55-6,,,,,,,,,0,1
1056,Annex I Compilation of Individual Substances,（8）  Dioxins and Furans + Enzymes + Flame retardants,,α-六溴环十二烷,α-Hexabromocyclododecane,134237-50-6,134237-50-6,,,,,,,,,0,1
1057,Annex I Compilation of Individual Substances,（8）  Dioxins and Furans + Enzymes + Flame retardants,,β-六溴环十二烷,β-Hexabromocyclododecane,134237-51-7,134237-51-7,,,,,,,,,0,1
1058,Annex I Compilation of Individual Substances,（8）  Dioxins and Furans + Enzymes + Flame retardants,,µ-六溴环十二烷,µ-Hexabromocyclododecane,134237-52-8,134237-52-8,,,,,,,,,0,1
1059,Annex I Compilation of Individual Substances,（8）  Dioxins and Furans + Enzymes + Flame retardants,,多溴联苯,Polybrominated Biphenyls,59536-65-1,59536-65-1,,,,,,,,,0,1
1060,Annex I Compilation of Individual Substances,（8）  Dioxins and Furans + Enzymes + Flame retardants,,3-溴联苯,3-bromobiphenyl,2113-57-7,2113-57-7,,,,,,,,,0,1
1061,Annex I Compilation of Individual Substances,（8）  Dioxins and Furans + Enzymes + Flame retardants,,4-溴联苯,4-bromobiphenyl,92-66-0,92-66-0,,,,,,,,,0,1
1062,Annex I Compilation of Individual Substances,（8）  Dioxins and Furans + Enzymes + Flame retardants,,"4,4'-二溴联苯","4,4'-dibromobiphenyl",92-86-4,92-86-4,,,,,,,,,0,1
1063,Annex I Compilation of Individual Substances,（8）  Dioxins and Furans + Enzymes + Flame retardants,,多溴二苯醚,Polybrominated diphenyl ethers,Several,1163-19-5 (十溴二苯醚等代表性CAS),,,,,,,,,0,1
1064,Annex I Compilation of Individual Substances,（8）  Dioxins and Furans + Enzymes + Flame retardants,,一溴二苯醚,Monobromodiphenyl ether (MonoBDE),Several,101-55-3 (4-溴二苯醚) / 7025-06-1 (2-溴二苯醚),,,,,,,,,0,1
1065,Annex I Compilation of Individual Substances,（8）  Dioxins and Furans + Enzymes + Flame retardants,,2-溴二苯醚,2-Bromodiphenyl ether,7025/6/1,7025-06-1,,,,,,,,,0,1
1066,Annex I Compilation of Individual Substances,（8）  Dioxins and Furans + Enzymes + Flame retardants,,3-溴二苯醚,3-Bromodiphenyl ether,6876-00-2,6876-00-2,,,,,,,,,0,1
1067,Annex I Compilation of Individual Substances,（8）  Dioxins and Furans + Enzymes + Flame retardants,,4-溴二苯醚,4-Bromodiphenyl ether,101-55-3,101-55-3,,,,,,,,,0,1
1068,Annex I Compilation of Individual Substances,（9) Flame retardants + Greenhouse Gases + Halogenated Biphenyls,,四溴二苯醚（TetraBDE）,Tetrabromodiphenyl ether,40088-47-9,40088-47-9,,,,,,,,,0,1
1069,Annex I Compilation of Individual Substances,（9) Flame retardants + Greenhouse Gases + Halogenated Biphenyls,,"2,2',4,4'-四溴二苯醚","2,2´,4,4´-Tetrabromodiphenyl ether",5436-43-1,5436-43-1,,,,,,,,,0,1
1070,Annex I Compilation of Individual Substances,（9) Flame retardants + Greenhouse Gases + Halogenated Biphenyls,,六溴二苯醚（HexaBDE）,Hexabromodiphenyl ether,36483-60-0,36483-60-0,,,,,,,,,0,1
1071,Annex I Compilation of Individual Substances,（9) Flame retardants + Greenhouse Gases + Halogenated Biphenyls,,"2,2',4,4',5,5'-六溴二苯醚","2,2´,4,4´,5,5´-Hexabromodiphenyl ether",68631-49-2,68631-49-2,,,,,,,,,0,1
1072,Annex I Compilation of Individual Substances,（9) Flame retardants + Greenhouse Gases + Halogenated Biphenyls,,"2,2',4,4',5,6'-六溴二苯醚","2,2´,4,4´,5,6´-Hexabromodiphenyl ether",207122-15-4,207122-15-4,,,,,,,,,0,1
1073,Annex I Compilation of Individual Substances,（9) Flame retardants + Greenhouse Gases + Halogenated Biphenyls,,七溴二苯醚（HeptaBDE）,Heptabromodiphenyl ether,68928-80-3,68928-80-3,,,,,,,,,0,1
1074,Annex I Compilation of Individual Substances,（9) Flame retardants + Greenhouse Gases + Halogenated Biphenyls,,"2,2',3,3',4,5',6-七溴二苯醚","2,2´,3,3´,4,5´,6-Heptabromodiphenyl ether",446255-22-7,446255-22-7,,,,,,,,,0,1
1075,Annex I Compilation of Individual Substances,（9) Flame retardants + Greenhouse Gases + Halogenated Biphenyls,,"2,2',3,4,4',5',6-七溴二苯醚","2,2´,3,4,4´,5´,6-Heptabromodiphenyl ether",207122-16-5,207122-16-5,,,,,,,,,0,1
1076,Annex I Compilation of Individual Substances,（9) Flame retardants + Greenhouse Gases + Halogenated Biphenyls,,六氟化硫,Sulphur hexafluoride,2551-62-4,2551-62-4,,,,,,,,,0,1
1077,Annex I Compilation of Individual Substances,（9) Flame retardants + Greenhouse Gases + Halogenated Biphenyls,,"2,3,3,3-四氟-2-(三氟甲基)丙腈","Propanenitrile, 2,3,3,3-tetrafluoro-2-(trifluoromethyl)-",42532-60-5,42532-60-5,,,,,,,,,0,1
1078,Annex I Compilation of Individual Substances,（9) Flame retardants + Greenhouse Gases + Halogenated Biphenyls,,全氟碳化合物,Perfluorocarbons,Several,PFCs完全氟化烷烃类目管控,,,,,,,,,0,1
1079,Annex I Compilation of Individual Substances,（9) Flame retardants + Greenhouse Gases + Halogenated Biphenyls,,四氟甲烷,Perfluoromethane,75-73-0,75-73-0,,,,,,,,,0,1
1080,Annex I Compilation of Individual Substances,（9) Flame retardants + Greenhouse Gases + Halogenated Biphenyls,,六氟乙烷,Perfluoroethane,76-16-4,76-16-4,,,,,,,,,0,1
1081,Annex I Compilation of Individual Substances,（9) Flame retardants + Greenhouse Gases + Halogenated Biphenyls,,八氟丙烷,Perfluoropropane,76-19-7,76-19-7,,,,,,,,,0,1
1082,Annex I Compilation of Individual Substances,（9) Flame retardants + Greenhouse Gases + Halogenated Biphenyls,,全氟丁烷,Perfluorobutane,355-25-9,355-25-9,,,,,,,,,0,1
1083,Annex I Compilation of Individual Substances,（9) Flame retardants + Greenhouse Gases + Halogenated Biphenyls,,全氟戊烷,Perfluoropentane,678-26-2,678-26-2,,,,,,,,,0,1
1084,Annex I Compilation of Individual Substances,（9) Flame retardants + Greenhouse Gases + Halogenated Biphenyls,,全氟己烷,Perfluorohexane,355-42-0,355-42-0,,,,,,,,,0,1
1085,Annex I Compilation of Individual Substances,（9) Flame retardants + Greenhouse Gases + Halogenated Biphenyls,,全氟环丁烷,Perfluorocyclobutane,115-25-3,115-25-3,,,,,,,,,0,1
1086,Annex I Compilation of Individual Substances,（9) Flame retardants + Greenhouse Gases + Halogenated Biphenyls,,全氟(2-甲基戊烷),Perfluoro(2-methylpentane),355-04-4,355-04-4,,,,,,,,,0,1
1087,Annex I Compilation of Individual Substances,（9) Flame retardants + Greenhouse Gases + Halogenated Biphenyls,,全氟十氢化萘,Perfluorodecalin,306-94-5,306-94-5,,,,,,,,,0,1
1088,Annex I Compilation of Individual Substances,（9) Flame retardants + Greenhouse Gases + Halogenated Biphenyls,,氢氟碳化物,Hydrofluorocarbons,Several,HFCs氢氟烃类目管控,,,,,,,,,0,1
1089,Annex I Compilation of Individual Substances,（9) Flame retardants + Greenhouse Gases + Halogenated Biphenyls,,HFC-23,HFC-23,75-46-7,75-46-7,,,,,,,,,0,1
1090,Annex I Compilation of Individual Substances,（9) Flame retardants + Greenhouse Gases + Halogenated Biphenyls,,HFC-32,HFC-32,1975/10/5,1975-10-5,,,,,,,,,0,1
1091,Annex I Compilation of Individual Substances,（9) Flame retardants + Greenhouse Gases + Halogenated Biphenyls,,HFC-41,HFC-41,593-53-3,593-53-3,,,,,,,,,0,1
1092,Annex I Compilation of Individual Substances,（9) Flame retardants + Greenhouse Gases + Halogenated Biphenyls,,HFC-43-10mee,HFC-43-10mee,138495-42-8,138495-42-8,,,,,,,,,0,1
1093,Annex I Compilation of Individual Substances,（9) Flame retardants + Greenhouse Gases + Halogenated Biphenyls,,HFC-125,HFC-125,354-33-6,354-33-6,,,,,,,,,0,1
1094,Annex I Compilation of Individual Substances,（9) Flame retardants + Greenhouse Gases + Halogenated Biphenyls,,HFC-134,HFC-134,359-35-3,359-35-3,,,,,,,,,0,1
1095,Annex I Compilation of Individual Substances,（9) Flame retardants + Greenhouse Gases + Halogenated Biphenyls,,HFC-134a,HFC-134a,811-97-2,811-97-2,,,,,,,,,0,1
1096,Annex I Compilation of Individual Substances,（9) Flame retardants + Greenhouse Gases + Halogenated Biphenyls,,HFC-152,HFC-152,624-72-6,624-72-6,,,,,,,,,0,1
1097,Annex I Compilation of Individual Substances,（9) Flame retardants + Greenhouse Gases + Halogenated Biphenyls,,HFC-152a,HFC-152a,75-37-6,75-37-6,,,,,,,,,0,1
1098,Annex I Compilation of Individual Substances,（9) Flame retardants + Greenhouse Gases + Halogenated Biphenyls,,HFC-143,HFC-143,430-66-0,430-66-0,,,,,,,,,0,1
1099,Annex I Compilation of Individual Substances,（9) Flame retardants + Greenhouse Gases + Halogenated Biphenyls,,HFC-143a,HFC-143a,420-46-2,420-46-2,,,,,,,,,0,1
1100,Annex I Compilation of Individual Substances,（9) Flame retardants + Greenhouse Gases + Halogenated Biphenyls,,HFC-161,HFC-161,353-36-6,353-36-6,,,,,,,,,0,1
1101,Annex I Compilation of Individual Substances,（9) Flame retardants + Greenhouse Gases + Halogenated Biphenyls,,HFC-227ea,HFC-227ea,431-89-0,431-89-0,,,,,,,,,0,1
1102,Annex I Compilation of Individual Substances,（9) Flame retardants + Greenhouse Gases + Halogenated Biphenyls,,HFC-236cb,HFC-236cb,677-56-5,677-56-5,,,,,,,,,0,1
1103,Annex I Compilation of Individual Substances,（9) Flame retardants + Greenhouse Gases + Halogenated Biphenyls,,HFC-236ea,HFC-236ea,431-63-0,431-63-0,,,,,,,,,0,1
1104,Annex I Compilation of Individual Substances,（9) Flame retardants + Greenhouse Gases + Halogenated Biphenyls,,HFC-236fa,HFC-236fa,690-39-1,690-39-1,,,,,,,,,0,1
1105,Annex I Compilation of Individual Substances,（9) Flame retardants + Greenhouse Gases + Halogenated Biphenyls,,HFC-245ca,HFC-245ca,679-86-7,679-86-7,,,,,,,,,0,1
1106,Annex I Compilation of Individual Substances,（9) Flame retardants + Greenhouse Gases + Halogenated Biphenyls,,HFC-245fa,HFC-245fa,460-73-1,460-73-1,,,,,,,,,0,1
1107,Annex I Compilation of Individual Substances,（9) Flame retardants + Greenhouse Gases + Halogenated Biphenyls,,HFC-365mfc,HFC-365mfc,406-58-6,406-58-6,,,,,,,,,0,1
1108,Annex I Compilation of Individual Substances,（9) Flame retardants + Greenhouse Gases + Halogenated Biphenyls,,多氯联苯,Polychlorinated Biphenyls,1336-36-3,1336-36-3,,,,,,,,,0,1
1109,Annex I Compilation of Individual Substances,（9) Flame retardants + Greenhouse Gases + Halogenated Biphenyls,,2-氯联苯,2-Chlorobiphenyl,2051-60-7,2051-60-7,,,,,,,,,0,1
1110,Annex I Compilation of Individual Substances,（9) Flame retardants + Greenhouse Gases + Halogenated Biphenyls,,3-氯联苯,3-Chlorobiphenyl,2051-61-8,2051-61-8,,,,,,,,,0,1
1111,Annex I Compilation of Individual Substances,"（10）Halogenated Biphenyls, Terphenyls and Naphthalenes（卤代联苯/三联苯/萘）",,4-氯联苯,4-Chlorobiphenyl,2051-62-9,2051-62-9,,,,,,,,,0,1
1112,Annex I Compilation of Individual Substances,"（10）Halogenated Biphenyls, Terphenyls and Naphthalenes（卤代联苯/三联苯/萘）",,"2,2'-二氯联苯","2,2'-Dichlorobiphenyl",13029-08-8,13029-08-8,,,,,,,,,0,1
1113,Annex I Compilation of Individual Substances,"（10）Halogenated Biphenyls, Terphenyls and Naphthalenes（卤代联苯/三联苯/萘）",,"2,3-二氯联苯","2,3-Dichlorobiphenyl",16605-91-7,16605-91-7,,,,,,,,,0,1
1114,Annex I Compilation of Individual Substances,"（10）Halogenated Biphenyls, Terphenyls and Naphthalenes（卤代联苯/三联苯/萘）",,"2,3'-二氯联苯","2,3'-Dichlorobiphenyl",25569-80-6,25569-80-6,,,,,,,,,0,1
1115,Annex I Compilation of Individual Substances,"（10）Halogenated Biphenyls, Terphenyls and Naphthalenes（卤代联苯/三联苯/萘）",,"2,4-二氯联苯","2,4-Dichlorobiphenyl",33284-50-3,33284-50-3,,,,,,,,,0,1
1116,Annex I Compilation of Individual Substances,"（10）Halogenated Biphenyls, Terphenyls and Naphthalenes（卤代联苯/三联苯/萘）",,"2,4'-二氯联苯","2,4'-Dichlorobiphenyl",34883-43-7,34883-43-7,,,,,,,,,0,1
1117,Annex I Compilation of Individual Substances,"（10）Halogenated Biphenyls, Terphenyls and Naphthalenes（卤代联苯/三联苯/萘）",,"2,5-二氯联苯","2,5-Dichlorobiphenyl",34883-39-1,34883-39-1,,,,,,,,,0,1
1118,Annex I Compilation of Individual Substances,"（10）Halogenated Biphenyls, Terphenyls and Naphthalenes（卤代联苯/三联苯/萘）",,"2,6-二氯联苯","2,6-Dichlorobiphenyl",33146-45-1,33146-45-1,,,,,,,,,0,1
1119,Annex I Compilation of Individual Substances,"（10）Halogenated Biphenyls, Terphenyls and Naphthalenes（卤代联苯/三联苯/萘）",,"3,3'-二氯联苯","3,3'-Dichlorobiphenyl",2050-67-1,2050-67-1,,,,,,,,,0,1
1120,Annex I Compilation of Individual Substances,"（10）Halogenated Biphenyls, Terphenyls and Naphthalenes（卤代联苯/三联苯/萘）",,"3,4-二氯联苯","3,4-Dichlorobiphenyl",2974-92-7,2974-92-7,,,,,,,,,0,1
1121,Annex I Compilation of Individual Substances,"（10）Halogenated Biphenyls, Terphenyls and Naphthalenes（卤代联苯/三联苯/萘）",,"3,4'-二氯联苯","3,4'-Dichlorobiphenyl",2974-90-5,2974-90-5,,,,,,,,,0,1
1122,Annex I Compilation of Individual Substances,"（10）Halogenated Biphenyls, Terphenyls and Naphthalenes（卤代联苯/三联苯/萘）",,"3,5-二氯联苯","3,5-Dichlorobiphenyl",34883-41-5,34883-41-5,,,,,,,,,0,1
1123,Annex I Compilation of Individual Substances,"（10）Halogenated Biphenyls, Terphenyls and Naphthalenes（卤代联苯/三联苯/萘）",,"4,4'-二氯联苯","4,4'-Dichlorobiphenyl",2050-68-2,2050-68-2,,,,,,,,,0,1
1124,Annex I Compilation of Individual Substances,"（10）Halogenated Biphenyls, Terphenyls and Naphthalenes（卤代联苯/三联苯/萘）",,"2,2',3-三氯联苯","2,2',3-Trichlorobiphenyl",38444-78-9,38444-78-9,,,,,,,,,0,1
1125,Annex I Compilation of Individual Substances,"（10）Halogenated Biphenyls, Terphenyls and Naphthalenes（卤代联苯/三联苯/萘）",,"2,2',4-三氯联苯","2,2',4-Trichlorobiphenyl",37680-66-3,37680-66-3,,,,,,,,,0,1
1126,Annex I Compilation of Individual Substances,"（10）Halogenated Biphenyls, Terphenyls and Naphthalenes（卤代联苯/三联苯/萘）",,"2,2',5-三氯联苯","2,2',5-Trichlorobiphenyl",37680-65-2,37680-65-2,,,,,,,,,0,1
1127,Annex I Compilation of Individual Substances,"（10）Halogenated Biphenyls, Terphenyls and Naphthalenes（卤代联苯/三联苯/萘）",,"2,2',6-三氯联苯","2,2',6-Trichlorobiphenyl",38444-73-4,38444-73-4,,,,,,,,,0,1
1128,Annex I Compilation of Individual Substances,"（10）Halogenated Biphenyls, Terphenyls and Naphthalenes（卤代联苯/三联苯/萘）",,"2,3,3'-三氯联苯","2,3,3'-Trichlorobiphenyl",38444-84-7,38444-84-7,,,,,,,,,0,1
1129,Annex I Compilation of Individual Substances,"（10）Halogenated Biphenyls, Terphenyls and Naphthalenes（卤代联苯/三联苯/萘）",,"2,3,4-三氯联苯","2,3,4-Trichlorobiphenyl",55702-46-0,55702-46-0,,,,,,,,,0,1
1130,Annex I Compilation of Individual Substances,"（10）Halogenated Biphenyls, Terphenyls and Naphthalenes（卤代联苯/三联苯/萘）",,"2,3,4'-三氯联苯","2,3,4'-Trichlorobiphenyl",38444-85-8,38444-85-8,,,,,,,,,0,1
1131,Annex I Compilation of Individual Substances,"（10）Halogenated Biphenyls, Terphenyls and Naphthalenes（卤代联苯/三联苯/萘）",,"2,3,5-三氯联苯","2,3,5-Trichlorobiphenyl",55720-44-0,55720-44-0,,,,,,,,,0,1
1132,Annex I Compilation of Individual Substances,"（10）Halogenated Biphenyls, Terphenyls and Naphthalenes（卤代联苯/三联苯/萘）",,"2,3,6-三氯联苯","2,3,6-Trichlorobiphenyl",55702-45-9,55702-45-9,,,,,,,,,0,1
1133,Annex I Compilation of Individual Substances,"（10）Halogenated Biphenyls, Terphenyls and Naphthalenes（卤代联苯/三联苯/萘）",,"2,3',4-三氯联苯","2,3',4-Trichlorobiphenyl",55712-37-3,55712-37-3,,,,,,,,,0,1
1134,Annex I Compilation of Individual Substances,"（10）Halogenated Biphenyls, Terphenyls and Naphthalenes（卤代联苯/三联苯/萘）",,"2,3',5-三氯联苯","2,3',5-Trichlorobiphenyl",38444-81-4,38444-81-4,,,,,,,,,0,1
1135,Annex I Compilation of Individual Substances,"（10）Halogenated Biphenyls, Terphenyls and Naphthalenes（卤代联苯/三联苯/萘）",,"2,3',6-三氯联苯","2,3',6-Trichlorobiphenyl",38444-76-7,38444-76-7,,,,,,,,,0,1
1136,Annex I Compilation of Individual Substances,"（10）Halogenated Biphenyls, Terphenyls and Naphthalenes（卤代联苯/三联苯/萘）",,"2,4,4'-三氯联苯","2,4,4'-Trichlorobiphenyl",7012-37-5,7012-37-5,,,,,,,,,0,1
1137,Annex I Compilation of Individual Substances,"（10）Halogenated Biphenyls, Terphenyls and Naphthalenes（卤代联苯/三联苯/萘）",,"2,4,5-三氯联苯","2,4,5-Trichlorobiphenyl",15862-07-4,15862-07-4,,,,,,,,,0,1
1138,Annex I Compilation of Individual Substances,"（10）Halogenated Biphenyls, Terphenyls and Naphthalenes（卤代联苯/三联苯/萘）",,"2,4,6-三氯联苯","2,4,6-Trichlorobiphenyl",35693-92-6,35693-92-6,,,,,,,,,0,1
1139,Annex I Compilation of Individual Substances,"（10）Halogenated Biphenyls, Terphenyls and Naphthalenes（卤代联苯/三联苯/萘）",,"2,4',5-三氯联苯","2,4',5-Trichlorobiphenyl",16606-02-3,16606-02-3,,,,,,,,,0,1
1140,Annex I Compilation of Individual Substances,"（10）Halogenated Biphenyls, Terphenyls and Naphthalenes（卤代联苯/三联苯/萘）",,"2,4',6-三氯联苯","2,4',6-Trichlorobiphenyl",38444-77-8,38444-77-8,,,,,,,,,0,1
1141,Annex I Compilation of Individual Substances,"（10）Halogenated Biphenyls, Terphenyls and Naphthalenes（卤代联苯/三联苯/萘）",,"2,3',4'-三氯联苯","2,3',4'-Trichlorobiphenyl",38444-86-9,38444-86-9,,,,,,,,,0,1
1142,Annex I Compilation of Individual Substances,"（10）Halogenated Biphenyls, Terphenyls and Naphthalenes（卤代联苯/三联苯/萘）",,"2,3',5'-三氯联苯","2,3',5'-Trichlorobiphenyl",37680-68-5,37680-68-5,,,,,,,,,0,1
1143,Annex I Compilation of Individual Substances,"（10）Halogenated Biphenyls, Terphenyls and Naphthalenes（卤代联苯/三联苯/萘）",,"3,3',4-三氯联苯","3,3',4-Trichlorobiphenyl",37680-69-6,37680-69-6,,,,,,,,,0,1
1144,Annex I Compilation of Individual Substances,"（10）Halogenated Biphenyls, Terphenyls and Naphthalenes（卤代联苯/三联苯/萘）",,"3,3',5-三氯联苯","3,3',5-Trichlorobiphenyl",38444-87-0,38444-87-0,,,,,,,,,0,1
1145,Annex I Compilation of Individual Substances,"（10）Halogenated Biphenyls, Terphenyls and Naphthalenes（卤代联苯/三联苯/萘）",,"3,4,4'-三氯联苯","3,4,4'-Trichlorobiphenyl",38444-90-5,38444-90-5,,,,,,,,,0,1
1146,Annex I Compilation of Individual Substances,"（10）Halogenated Biphenyls, Terphenyls and Naphthalenes（卤代联苯/三联苯/萘）",,"3,4,5-三氯联苯","3,4,5-Trichlorobiphenyl",53555-66-1,53555-66-1,,,,,,,,,0,1
1147,Annex I Compilation of Individual Substances,"（10）Halogenated Biphenyls, Terphenyls and Naphthalenes（卤代联苯/三联苯/萘）",,"3,4',5-三氯联苯","3,4',5-Trichlorobiphenyl",38444-88-1,38444-88-1,,,,,,,,,0,1
1148,Annex I Compilation of Individual Substances,"（10）Halogenated Biphenyls, Terphenyls and Naphthalenes（卤代联苯/三联苯/萘）",,"2,2',3,3'-四氯联苯","2,2',3,3'-Tetrachlorobiphenyl",38444-93-8,38444-93-8,,,,,,,,,0,1
1149,Annex I Compilation of Individual Substances,"（10）Halogenated Biphenyls, Terphenyls and Naphthalenes（卤代联苯/三联苯/萘）",,"2,2',3,4-四氯联苯","2,2',3,4-Tetrachlorobiphenyl",52663-59-9,52663-59-9,,,,,,,,,0,1
1150,Annex I Compilation of Individual Substances,"（10）Halogenated Biphenyls, Terphenyls and Naphthalenes（卤代联苯/三联苯/萘）",,"2,2',3,4'-四氯联苯","2,2',3,4'-Tetrachlorobiphenyl",36559-22-5,36559-22-5,,,,,,,,,0,1
1151,Annex I Compilation of Individual Substances,"（10）Halogenated Biphenyls, Terphenyls and Naphthalenes（卤代联苯/三联苯/萘）",,"2,2',3,5-四氯联苯","2,2',3,5-Tetrachlorobiphenyl",70362-46-8,70362-46-8,,,,,,,,,0,1
1152,Annex I Compilation of Individual Substances,"（10）Halogenated Biphenyls, Terphenyls and Naphthalenes（卤代联苯/三联苯/萘）",,"2,2',3,5'-四氯联苯","2,2',3,5'-Tetrachlorobiphenyl",41464-39-5,41464-39-5,,,,,,,,,0,1
1153,Annex I Compilation of Individual Substances,"（10）Halogenated Biphenyls, Terphenyls and Naphthalenes（卤代联苯/三联苯/萘）",,"2,2',3,6-四氯联苯","2,2',3,6-Tetrachlorobiphenyl",70362-45-7,70362-45-7,,,,,,,,,0,1
1154,Annex I Compilation of Individual Substances,"（10）Halogenated Biphenyls, Terphenyls and Naphthalenes（卤代联苯/三联苯/萘）",,"2,2',3,6'-四氯联苯","2,2',3,6'-Tetrachlorobiphenyl",41464-47-5,41464-47-5,,,,,,,,,0,1
1155,Annex I Compilation of Individual Substances,"（10）Halogenated Biphenyls, Terphenyls and Naphthalenes（卤代联苯/三联苯/萘）",,"2,2',4,4'-四氯联苯","2,2',4,4'-Tetrachlorobiphenyl",2437-79-8,2437-79-8,,,,,,,,,0,1
1156,Annex I Compilation of Individual Substances,"（10）Halogenated Biphenyls, Terphenyls and Naphthalenes（卤代联苯/三联苯/萘）",,"2,2',4,5-四氯联苯","2,2',4,5-Tetrachlorobiphenyl",70362-47-9,70362-47-9,,,,,,,,,0,1
1157,Annex I Compilation of Individual Substances,"（10）Halogenated Biphenyls, Terphenyls and Naphthalenes（卤代联苯/三联苯/萘）",,"2,2',4,5'-四氯联苯","2,2',4,5'-Tetrachlorobiphenyl",41464-40-8,41464-40-8,,,,,,,,,0,1
1158,Annex I Compilation of Individual Substances,"（10）Halogenated Biphenyls, Terphenyls and Naphthalenes（卤代联苯/三联苯/萘）",,"2,2',4,6-四氯联苯","2,2',4,6-Tetrachlorobiphenyl",62796-65-0,62796-65-0,,,,,,,,,0,1
1159,Annex I Compilation of Individual Substances,"（10）Halogenated Biphenyls, Terphenyls and Naphthalenes（卤代联苯/三联苯/萘）",,"2,2',4,6'-四氯联苯","2,2',4,6'-Tetrachlorobiphenyl",68194-04-7,68194-04-7,,,,,,,,,0,1
1160,Annex I Compilation of Individual Substances,"（10）Halogenated Biphenyls, Terphenyls and Naphthalenes（卤代联苯/三联苯/萘）",,"2,2',5,5'-四氯联苯","2,2',5,5'-Tetrachlorobiphenyl",35693-99-3,35693-99-3,,,,,,,,,0,1
1161,Annex I Compilation of Individual Substances,"（10）Halogenated Biphenyls, Terphenyls and Naphthalenes（卤代联苯/三联苯/萘）",,"2,2',5,6'-四氯联苯","2,2',5,6'-Tetrachlorobiphenyl",41464-41-9,41464-41-9,,,,,,,,,0,1
1162,Annex I Compilation of Individual Substances,"（10）Halogenated Biphenyls, Terphenyls and Naphthalenes（卤代联苯/三联苯/萘）",,"2,2',6,6'-四氯联苯","2,2',6,6'-Tetrachlorobiphenyl",15968-05-5,15968-05-5,,,,,,,,,0,1
1163,Annex I Compilation of Individual Substances,"（10）Halogenated Biphenyls, Terphenyls and Naphthalenes（卤代联苯/三联苯/萘）",,"2,3,3',4-四氯联苯","2,3,3',4-Tetrachlorobiphenyl",74338-24-2,74338-24-2,,,,,,,,,0,1
1164,Annex I Compilation of Individual Substances,"（10）Halogenated Biphenyls, Terphenyls and Naphthalenes（卤代联苯/三联苯/萘）",,"2,3,3',4'-四氯联苯","2,3,3',4'-Tetrachlorobiphenyl",41464-43-1,41464-43-1,,,,,,,,,0,1
1165,Annex I Compilation of Individual Substances,"（10）Halogenated Biphenyls, Terphenyls and Naphthalenes（卤代联苯/三联苯/萘）",,"2,3,3',5-四氯联苯","2,3,3',5-Tetrachlorobiphenyl",70424-67-8,70424-67-8,,,,,,,,,0,1
1166,Annex I Compilation of Individual Substances,"（10）Halogenated Biphenyls, Terphenyls and Naphthalenes（卤代联苯/三联苯/萘）",,"2,3,3',5'-四氯联苯","2,3,3',5'-Tetrachlorobiphenyl",41464-49-7,41464-49-7,,,,,,,,,0,1
1167,Annex I Compilation of Individual Substances,"（10）Halogenated Biphenyls, Terphenyls and Naphthalenes（卤代联苯/三联苯/萘）",,"2,3,3',6-四氯联苯","2,3,3',6-Tetrachlorobiphenyl",74472-33-6,74472-33-6,,,,,,,,,0,1
1168,Annex I Compilation of Individual Substances,"（10）Halogenated Biphenyls, Terphenyls and Naphthalenes（卤代联苯/三联苯/萘）",,"2,3,4,4'-四氯联苯","2,3,4,4'-Tetrachlorobiphenyl",33025-41-1,33025-41-1,,,,,,,,,0,1
1169,Annex I Compilation of Individual Substances,"（10）Halogenated Biphenyls, Terphenyls and Naphthalenes（卤代联苯/三联苯/萘）",,"2,3,4,5-四氯联苯","2,3,4,5-Tetrachlorobiphenyl",33284-53-6,33284-53-6,,,,,,,,,0,1
1170,Annex I Compilation of Individual Substances,"（10）Halogenated Biphenyls, Terphenyls and Naphthalenes（卤代联苯/三联苯/萘）",,"2,3,4,6-四氯联苯","2,3,4,6-Tetrachlorobiphenyl",54230-22-7,54230-22-7,,,,,,,,,0,1
1171,Annex I Compilation of Individual Substances,"（10）Halogenated Biphenyls, Terphenyls and Naphthalenes（卤代联苯/三联苯/萘）",,"2,3,4',5-四氯联苯","2,3,4',5-Tetrachlorobiphenyl",74472-34-7,74472-34-7,,,,,,,,,0,1
1172,Annex I Compilation of Individual Substances,"（10）Halogenated Biphenyls, Terphenyls and Naphthalenes（卤代联苯/三联苯/萘）",,"2,3,4',6-四氯联苯","2,3,4',6-Tetrachlorobiphenyl",52663-58-8,52663-58-8,,,,,,,,,0,1
1173,Annex I Compilation of Individual Substances,"（10）Halogenated Biphenyls, Terphenyls and Naphthalenes（卤代联苯/三联苯/萘）",,"2,3,5,6-四氯联苯","2,3,5,6-Tetrachlorobiphenyl",33284-54-7,33284-54-7,,,,,,,,,0,1
1174,Annex I Compilation of Individual Substances,"（10）Halogenated Biphenyls, Terphenyls and Naphthalenes（卤代联苯/三联苯/萘）",,"2,3',4,4'-四氯联苯","2,3',4,4'-Tetrachlorobiphenyl",32598-10-0,32598-10-0,,,,,,,,,0,1
1175,Annex I Compilation of Individual Substances,"（10）Halogenated Biphenyls, Terphenyls and Naphthalenes（卤代联苯/三联苯/萘）",,"2,3',4,5-四氯联苯","2,3',4,5-Tetrachlorobiphenyl",73575-53-8,73575-53-8,,,,,,,,,0,1
1176,Annex I Compilation of Individual Substances,"（10）Halogenated Biphenyls, Terphenyls and Naphthalenes（卤代联苯/三联苯/萘）",,"2,3',4,5'-四氯联苯","2,3',4,5'-Tetrachlorobiphenyl",73575-52-7,73575-52-7,,,,,,,,,0,1
1177,Annex I Compilation of Individual Substances,"（10）Halogenated Biphenyls, Terphenyls and Naphthalenes（卤代联苯/三联苯/萘）",,"2,3',4,6-四氯联苯","2,3',4,6-Tetrachlorobiphenyl",60233-24-1,60233-24-1,,,,,,,,,0,1
1178,Annex I Compilation of Individual Substances,"（10）Halogenated Biphenyls, Terphenyls and Naphthalenes（卤代联苯/三联苯/萘）",,"2,3',4',5-四氯联苯","2,3',4',5-Tetrachlorobiphenyl",32598-11-1,32598-11-1,,,,,,,,,0,1
1179,Annex I Compilation of Individual Substances,"（10）Halogenated Biphenyls, Terphenyls and Naphthalenes（卤代联苯/三联苯/萘）",,"2,3',4',6-四氯联苯","2,3',4',6-Tetrachlorobiphenyl",41464-46-4,41464-46-4,,,,,,,,,0,1
1180,Annex I Compilation of Individual Substances,"（10）Halogenated Biphenyls, Terphenyls and Naphthalenes（卤代联苯/三联苯/萘）",,"2,3',5,5'-四氯联苯","2,3',5,5'-Tetrachlorobiphenyl",41464-42-0,41464-42-0,,,,,,,,,0,1
1181,Annex I Compilation of Individual Substances,"（10）Halogenated Biphenyls, Terphenyls and Naphthalenes（卤代联苯/三联苯/萘）",,"2,3',5',6-四氯联苯","2,3',5',6-Tetrachlorobiphenyl",74338-23-1,74338-23-1,,,,,,,,,0,1
1182,Annex I Compilation of Individual Substances,"（10）Halogenated Biphenyls, Terphenyls and Naphthalenes（卤代联苯/三联苯/萘）",,"2,4,4',5-四氯联苯","2,4,4',5-Tetrachlorobiphenyl",32690-93-0,32690-93-0,,,,,,,,,0,1
1183,Annex I Compilation of Individual Substances,"（10）Halogenated Biphenyls, Terphenyls and Naphthalenes（卤代联苯/三联苯/萘）",,"2,4,4',6-四氯联苯","2,4,4',6-Tetrachlorobiphenyl",32598-12-2,32598-12-2,,,,,,,,,0,1
1184,Annex I Compilation of Individual Substances,"（10）Halogenated Biphenyls, Terphenyls and Naphthalenes（卤代联苯/三联苯/萘）",,"2,3',4',5'-四氯联苯","2,3',4',5'-Tetrachlorobiphenyl",70362-48-0,70362-48-0,,,,,,,,,0,1
1185,Annex I Compilation of Individual Substances,"（10）Halogenated Biphenyls, Terphenyls and Naphthalenes（卤代联苯/三联苯/萘）",,"3,3',4,4'-四氯联苯","3,3',4,4'-Tetrachlorobiphenyl",32598-13-3,32598-13-3,,,,,,,,,0,1
1186,Annex I Compilation of Individual Substances,"（10）Halogenated Biphenyls, Terphenyls and Naphthalenes（卤代联苯/三联苯/萘）",,"3,3',4,5-四氯联苯","3,3',4,5-Tetrachlorobiphenyl",70362-49-1,70362-49-1,,,,,,,,,0,1
1187,Annex I Compilation of Individual Substances,"（10）Halogenated Biphenyls, Terphenyls and Naphthalenes（卤代联苯/三联苯/萘）",,"3,3',4,5'-四氯联苯","3,3',4,5'-Tetrachlorobiphenyl",41464-48-6,41464-48-6,,,,,,,,,0,1
1188,Annex I Compilation of Individual Substances,"（10）Halogenated Biphenyls, Terphenyls and Naphthalenes（卤代联苯/三联苯/萘）",,"3,3',5,5'-四氯联苯","3,3',5,5'-Tetrachlorobiphenyl",33284-52-5,33284-52-5,,,,,,,,,0,1
1189,Annex I Compilation of Individual Substances,"（10）Halogenated Biphenyls, Terphenyls and Naphthalenes（卤代联苯/三联苯/萘）",,"3,4,4',5-四氯联苯","3,4,4',5-Tetrachlorobiphenyl",70362-50-4,70362-50-4,,,,,,,,,0,1
1190,Annex I Compilation of Individual Substances,"（10）Halogenated Biphenyls, Terphenyls and Naphthalenes（卤代联苯/三联苯/萘）",,"2,2',3,3',4-五氯联苯","2,2',3,3',4-Pentachlorobiphenyl",52663-62-4,52663-62-4,,,,,,,,,0,1
1191,Annex I Compilation of Individual Substances,"（10）Halogenated Biphenyls, Terphenyls and Naphthalenes（卤代联苯/三联苯/萘）",,"2,2',3,3',5-五氯联苯","2,2',3,3',5-Pentachlorobiphenyl",60145-20-2,60145-20-2,,,,,,,,,0,1
1192,Annex I Compilation of Individual Substances,"（10）Halogenated Biphenyls, Terphenyls and Naphthalenes（卤代联苯/三联苯/萘）",,"2,2',3,3',6-五氯联苯","2,2',3,3',6-Pentachlorobiphenyl",52663-60-2,52663-60-2,,,,,,,,,0,1
1193,Annex I Compilation of Individual Substances,"（10）Halogenated Biphenyls, Terphenyls and Naphthalenes（卤代联苯/三联苯/萘）",,"2,2',3,4,4'-五氯联苯","2,2',3,4,4'-Pentachlorobiphenyl",65510-45-4,65510-45-4,,,,,,,,,0,1
1194,Annex I Compilation of Individual Substances,"（10）Halogenated Biphenyls, Terphenyls and Naphthalenes（卤代联苯/三联苯/萘）",,"2,2',3,4,5-五氯联苯","2,2',3,4,5-Pentachlorobiphenyl",55312-69-1,55312-69-1,,,,,,,,,0,1
1195,Annex I Compilation of Individual Substances,"（10）Halogenated Biphenyls, Terphenyls and Naphthalenes（卤代联苯/三联苯/萘）",,"2,2',3,4,5'-五氯联苯","2,2',3,4,5'-Pentachlorobiphenyl",38380-02-8,38380-02-8,,,,,,,,,0,1
1196,Annex I Compilation of Individual Substances,"（10）Halogenated Biphenyls, Terphenyls and Naphthalenes（卤代联苯/三联苯/萘）",,"2,2',3,4,6-五氯联苯","2,2',3,4,6-Pentachlorobiphenyl",55215-17-3,55215-17-3,,,,,,,,,0,1
1197,Annex I Compilation of Individual Substances,"（10）Halogenated Biphenyls, Terphenyls and Naphthalenes（卤代联苯/三联苯/萘）",,"2,2',3,4,6'-五氯联苯","2,2',3,4,6'-Pentachlorobiphenyl",73575-57-2,73575-57-2,,,,,,,,,0,1
1198,Annex I Compilation of Individual Substances,"（10）Halogenated Biphenyls, Terphenyls and Naphthalenes（卤代联苯/三联苯/萘）",,"2,2',3,4',5-五氯联苯","2,2',3,4',5-Pentachlorobiphenyl",68194-07-0,68194-07-0,,,,,,,,,0,1
1199,Annex I Compilation of Individual Substances,"（10）Halogenated Biphenyls, Terphenyls and Naphthalenes（卤代联苯/三联苯/萘）",,"2,2',3,4',6-五氯联苯","2,2',3,4',6-Pentachlorobiphenyl",68194-05-8,68194-05-8,,,,,,,,,0,1
1200,Annex I Compilation of Individual Substances,"（10）Halogenated Biphenyls, Terphenyls and Naphthalenes（卤代联苯/三联苯/萘）",,"2,2',3,5,5'-五氯联苯","2,2',3,5,5'-Pentachlorobiphenyl",52663-61-3,52663-61-3,,,,,,,,,0,1
1201,Annex I Compilation of Individual Substances,"（10）Halogenated Biphenyls, Terphenyls and Naphthalenes（卤代联苯/三联苯/萘）",,"2,2',3,5,6-五氯联苯","2,2',3,5,6-Pentachlorobiphenyl",73575-56-1,73575-56-1,,,,,,,,,0,1
1202,Annex I Compilation of Individual Substances,"（10）Halogenated Biphenyls, Terphenyls and Naphthalenes（卤代联苯/三联苯/萘）",,"2,2',3,5,6'-五氯联苯","2,2',3,5,6'-Pentachlorobiphenyl",73575-55-0,73575-55-0,,,,,,,,,0,1
1203,Annex I Compilation of Individual Substances,"（10）Halogenated Biphenyls, Terphenyls and Naphthalenes（卤代联苯/三联苯/萘）",,"2,2',3,5',6-五氯联苯","2,2',3,5',6-Pentachlorobiphenyl",38379-99-6,38379-99-6,,,,,,,,,0,1
1204,Annex I Compilation of Individual Substances,"（10）Halogenated Biphenyls, Terphenyls and Naphthalenes（卤代联苯/三联苯/萘）",,"2,2',3,6,6'-五氯联苯","2,2',3,6,6'-Pentachlorobiphenyl",73575-54-9,73575-54-9,,,,,,,,,0,1
1205,Annex I Compilation of Individual Substances,"（10）Halogenated Biphenyls, Terphenyls and Naphthalenes（卤代联苯/三联苯/萘）",,"2,2',3,4',5'-五氯联苯","2,2',3,4',5'-Pentachlorobiphenyl",41464-51-1,41464-51-1,,,,,,,,,0,1
1206,Annex I Compilation of Individual Substances,"（10）Halogenated Biphenyls, Terphenyls and Naphthalenes（卤代联苯/三联苯/萘）",,"2,2',3,4',6'-五氯联苯","2,2',3,4',6'-Pentachlorobiphenyl",60233-25-2,60233-25-2,,,,,,,,,0,1
1207,Annex I Compilation of Individual Substances,"（10）Halogenated Biphenyls, Terphenyls and Naphthalenes（卤代联苯/三联苯/萘）",,"2,2',4,4',5-五氯联苯","2,2',4,4',5-Pentachlorobiphenyl",38380-01-7,38380-01-7,,,,,,,,,0,1
1208,Annex I Compilation of Individual Substances,"（10）Halogenated Biphenyls, Terphenyls and Naphthalenes（卤代联苯/三联苯/萘）",,"2,2',4,4',6-五氯联苯","2,2',4,4',6-Pentachlorobiphenyl",39485-83-1,39485-83-1,,,,,,,,,0,1
1209,Annex I Compilation of Individual Substances,"（10）Halogenated Biphenyls, Terphenyls and Naphthalenes（卤代联苯/三联苯/萘）",,"2,2',4,5,5'-五氯联苯","2,2',4,5,5'-Pentachlorobiphenyl",37680-73-2,37680-73-2,,,,,,,,,0,1
1210,Annex I Compilation of Individual Substances,"（10）Halogenated Biphenyls, Terphenyls and Naphthalenes（卤代联苯/三联苯/萘）",,"2,2',4,5,6'-五氯联苯","2,2',4,5,6'-Pentachlorobiphenyl",68194-06-9,68194-06-9,,,,,,,,,0,1
1211,Annex I Compilation of Individual Substances,"（10）Halogenated Biphenyls, Terphenyls and Naphthalenes（卤代联苯/三联苯/萘）",,"2,2',4,5',6-五氯联苯","2,2',4,5',6-Pentachlorobiphenyl",60145-21-3,60145-21-3,,,,,,,,,0,1
1212,Annex I Compilation of Individual Substances,"（10）Halogenated Biphenyls, Terphenyls and Naphthalenes（卤代联苯/三联苯/萘）",,"2,2',4,6,6'-五氯联苯","2,2',4,6,6'-Pentachlorobiphenyl",56558-16-8,56558-16-8,,,,,,,,,0,1
1213,Annex I Compilation of Individual Substances,"（10）Halogenated Biphenyls, Terphenyls and Naphthalenes（卤代联苯/三联苯/萘）",,"2,3,3',4,4'-五氯联苯","2,3,3',4,4'-Pentachlorobiphenyl",32598-14-4,32598-14-4,,,,,,,,,0,1
1214,Annex I Compilation of Individual Substances,"（10）Halogenated Biphenyls, Terphenyls and Naphthalenes（卤代联苯/三联苯/萘）",,"2,3,3',4,5-五氯联苯","2,3,3',4,5-Pentachlorobiphenyl",70424-69-0,70424-69-0,,,,,,,,,0,1
1215,Annex I Compilation of Individual Substances,"（10）Halogenated Biphenyls, Terphenyls and Naphthalenes（卤代联苯/三联苯/萘）",,"2,3,3',4',5-五氯联苯","2,3,3',4',5-Pentachlorobiphenyl",70424-68-9,70424-68-9,,,,,,,,,0,1
1216,Annex I Compilation of Individual Substances,"（10）Halogenated Biphenyls, Terphenyls and Naphthalenes（卤代联苯/三联苯/萘）",,"2,3,3',4,5'-五氯联苯","2,3,3',4,5'-Pentachlorobiphenyl",70362-41-3,70362-41-3,,,,,,,,,0,1
1217,Annex I Compilation of Individual Substances,"（10）Halogenated Biphenyls, Terphenyls and Naphthalenes（卤代联苯/三联苯/萘）",,"2,3,3',4,6-五氯联苯","2,3,3',4,6-Pentachlorobiphenyl",74472-35-8,74472-35-8,,,,,,,,,0,1
1218,Annex I Compilation of Individual Substances,"（10）Halogenated Biphenyls, Terphenyls and Naphthalenes（卤代联苯/三联苯/萘）",,"2,3,3',4',6-五氯联苯","2,3,3',4',6-Pentachlorobiphenyl",38380-03-9,38380-03-9,,,,,,,,,0,1
1219,Annex I Compilation of Individual Substances,"（10）Halogenated Biphenyls, Terphenyls and Naphthalenes（卤代联苯/三联苯/萘）",,"2,3,3',5,5'-五氯联苯","2,3,3',5,5'-Pentachlorobiphenyl",39635-32-0,39635-32-0,,,,,,,,,0,1
1220,Annex I Compilation of Individual Substances,"（10）Halogenated Biphenyls, Terphenyls and Naphthalenes（卤代联苯/三联苯/萘）",,"2,3,3',5,6-五氯联苯","2,3,3',5,6-Pentachlorobiphenyl",74472-36-9,74472-36-9,,,,,,,,,0,1
1221,Annex I Compilation of Individual Substances,"（10）Halogenated Biphenyls, Terphenyls and Naphthalenes（卤代联苯/三联苯/萘）",,"2,3,3',5',6-五氯联苯","2,3,3',5',6-Pentachlorobiphenyl",68194-10-5,68194-10-5,,,,,,,,,0,1
1222,Annex I Compilation of Individual Substances,"（10）Halogenated Biphenyls, Terphenyls and Naphthalenes（卤代联苯/三联苯/萘）",,"2,3,4,4',5-五氯联苯","2,3,4,4',5-Pentachlorobiphenyl",74472-37-0,74472-37-0,,,,,,,,,0,1
1223,Annex I Compilation of Individual Substances,"（10）Halogenated Biphenyls, Terphenyls and Naphthalenes（卤代联苯/三联苯/萘）",,"2,3,4,4',6-五氯联苯","2,3,4,4',6-Pentachlorobiphenyl",74472-38-1,74472-38-1,,,,,,,,,0,1
1224,Annex I Compilation of Individual Substances,"（10）Halogenated Biphenyls, Terphenyls and Naphthalenes（卤代联苯/三联苯/萘）",,"2,3,4,5,6-五氯联苯","2,3,4,5,6-Pentachlorobiphenyl",18259-05-7,18259-05-7,,,,,,,,,0,1
1225,Annex I Compilation of Individual Substances,"（10）Halogenated Biphenyls, Terphenyls and Naphthalenes（卤代联苯/三联苯/萘）",,"2,3,4',5,6-五氯联苯","2,3,4',5,6-Pentachlorobiphenyl",68194-11-6,68194-11-6,,,,,,,,,0,1
1226,Annex I Compilation of Individual Substances,"（10）Halogenated Biphenyls, Terphenyls and Naphthalenes（卤代联苯/三联苯/萘）",,"2,3',4,4',5-五氯联苯","2,3',4,4',5-Pentachlorobiphenyl",31508-00-6,31508-00-6,,,,,,,,,0,1
1227,Annex I Compilation of Individual Substances,"（10）Halogenated Biphenyls, Terphenyls and Naphthalenes（卤代联苯/三联苯/萘）",,"2,3',4,4',6-五氯联苯","2,3',4,4',6-Pentachlorobiphenyl",56558-17-9,56558-17-9,,,,,,,,,0,1
1228,Annex I Compilation of Individual Substances,"（10）Halogenated Biphenyls, Terphenyls and Naphthalenes（卤代联苯/三联苯/萘）",,"2,3',4,5,5'-五氯联苯","2,3',4,5,5'-Pentachlorobiphenyl",68194-12-7,68194-12-7,,,,,,,,,0,1
1229,Annex I Compilation of Individual Substances,"（10）Halogenated Biphenyls, Terphenyls and Naphthalenes（卤代联苯/三联苯/萘）",,"2,3',4,5',6-五氯联苯","2,3',4,5',6-Pentachlorobiphenyl",56558-18-0,56558-18-0,,,,,,,,,0,1
1230,Annex I Compilation of Individual Substances,"（10）Halogenated Biphenyls, Terphenyls and Naphthalenes（卤代联苯/三联苯/萘）",,"2,3,3',4',5'-五氯联苯","2,3,3',4',5'-Pentachlorobiphenyl",76842-07-4,76842-07-4,,,,,,,,,0,1
1231,Annex I Compilation of Individual Substances,"（10）Halogenated Biphenyls, Terphenyls and Naphthalenes（卤代联苯/三联苯/萘）",,"2,3',4,4',5'-五氯联苯","2,3',4,4',5'-Pentachlorobiphenyl",65510-44-3,65510-44-3,,,,,,,,,0,1
1232,Annex I Compilation of Individual Substances,"（10）Halogenated Biphenyls, Terphenyls and Naphthalenes（卤代联苯/三联苯/萘）",,"2,3',4',5,5'-五氯联苯","2,3',4',5,5'-Pentachlorobiphenyl",70424-70-3,70424-70-3,,,,,,,,,0,1
1233,Annex I Compilation of Individual Substances,"（10）Halogenated Biphenyls, Terphenyls and Naphthalenes（卤代联苯/三联苯/萘）",,"2,3',4',5',6-五氯联苯","2,3',4',5',6-Pentachlorobiphenyl",74472-39-2,74472-39-2,,,,,,,,,0,1
1234,Annex I Compilation of Individual Substances,"（10）Halogenated Biphenyls, Terphenyls and Naphthalenes（卤代联苯/三联苯/萘）",,"3,3',4,4',5-五氯联苯","3,3',4,4',5-Pentachlorobiphenyl",57465-28-8,57465-28-8,,,,,,,,,0,1
1235,Annex I Compilation of Individual Substances,"（10）Halogenated Biphenyls, Terphenyls and Naphthalenes（卤代联苯/三联苯/萘）",,"3,3',4,5,5'-五氯联苯","3,3',4,5,5'-Pentachlorobiphenyl",39635-33-1,39635-33-1,,,,,,,,,0,1
1236,Annex I Compilation of Individual Substances,"（10）Halogenated Biphenyls, Terphenyls and Naphthalenes（卤代联苯/三联苯/萘）",,"2,2',3,3',4,4'-六氯联苯","2,2',3,3',4,4'-Hexachlorobiphenyl",38380-07-3,38380-07-3,,,,,,,,,0,1
1237,Annex I Compilation of Individual Substances,"（10）Halogenated Biphenyls, Terphenyls and Naphthalenes（卤代联苯/三联苯/萘）",,"2,2',3,3',4,5-六氯联苯","2,2',3,3',4,5-Hexachlorobiphenyl",55215-18-4,55215-18-4,,,,,,,,,0,1
1238,Annex I Compilation of Individual Substances,"（10）Halogenated Biphenyls, Terphenyls and Naphthalenes（卤代联苯/三联苯/萘）",,"2,2',3,3',4,5'-六氯联苯","2,2',3,3',4,5'-Hexachlorobiphenyl",52663-66-8,52663-66-8,,,,,,,,,0,1
1239,Annex I Compilation of Individual Substances,"（10）Halogenated Biphenyls, Terphenyls and Naphthalenes（卤代联苯/三联苯/萘）",,"2,2',3,3',4,6-六氯联苯","2,2',3,3',4,6-Hexachlorobiphenyl",61798-70-7,61798-70-7,,,,,,,,,0,1
1240,Annex I Compilation of Individual Substances,"（10）Halogenated Biphenyls, Terphenyls and Naphthalenes（卤代联苯/三联苯/萘）",,"2,2',3,3',4,6'-六氯联苯","2,2',3,3',4,6'-Hexachlorobiphenyl",38380-05-1,38380-05-1,,,,,,,,,0,1
1241,Annex I Compilation of Individual Substances,"（10）Halogenated Biphenyls, Terphenyls and Naphthalenes（卤代联苯/三联苯/萘）",,"2,2',3,3',5,5'-六氯联苯","2,2',3,3',5,5'-Hexachlorobiphenyl",35694-04-3,35694-04-3,,,,,,,,,0,1
1242,Annex I Compilation of Individual Substances,"（10）Halogenated Biphenyls, Terphenyls and Naphthalenes（卤代联苯/三联苯/萘）",,"2,2',3,3',5,6-六氯联苯","2,2',3,3',5,6-Hexachlorobiphenyl",52704-70-8,52704-70-8,,,,,,,,,0,1
1243,Annex I Compilation of Individual Substances,"（10）Halogenated Biphenyls, Terphenyls and Naphthalenes（卤代联苯/三联苯/萘）",,"2,2',3,3',5,6'-六氯联苯","2,2',3,3',5,6'-Hexachlorobiphenyl",52744-13-5,52744-13-5,,,,,,,,,0,1
1244,Annex I Compilation of Individual Substances,"（10）Halogenated Biphenyls, Terphenyls and Naphthalenes（卤代联苯/三联苯/萘）",,"2,2',3,3',6,6'-六氯联苯","2,2',3,3',6,6'-Hexachlorobiphenyl",38411-22-2,38411-22-2,,,,,,,,,0,1
1245,Annex I Compilation of Individual Substances,"（10）Halogenated Biphenyls, Terphenyls and Naphthalenes（卤代联苯/三联苯/萘）",,"2,2',3,4,4',5-六氯联苯","2,2',3,4,4',5-Hexachlorobiphenyl",35694-06-5,35694-06-5,,,,,,,,,0,1
1246,Annex I Compilation of Individual Substances,"（10）Halogenated Biphenyls, Terphenyls and Naphthalenes（卤代联苯/三联苯/萘）",,"2,2',3,4,4',5'-六氯联苯","2,2',3,4,4',5'-Hexachlorobiphenyl",35065-28-2,35065-28-2,,,,,,,,,0,1
1247,Annex I Compilation of Individual Substances,"（10）Halogenated Biphenyls, Terphenyls and Naphthalenes（卤代联苯/三联苯/萘）",,"2,2',3,4,4',6-六氯联苯","2,2',3,4,4',6-Hexachlorobiphenyl",56030-56-9,56030-56-9,,,,,,,,,0,1
1248,Annex I Compilation of Individual Substances,"（10）Halogenated Biphenyls, Terphenyls and Naphthalenes（卤代联苯/三联苯/萘）",,"2,2',3,4,4',6'-六氯联苯","2,2',3,4,4',6'-Hexachlorobiphenyl",59291-64-4,59291-64-4,,,,,,,,,0,1
1249,Annex I Compilation of Individual Substances,"（10）Halogenated Biphenyls, Terphenyls and Naphthalenes（卤代联苯/三联苯/萘）",,"2,2',3,4,5,5'-六氯联苯","2,2',3,4,5,5'-Hexachlorobiphenyl",52712-04-6,52712-04-6,,,,,,,,,0,1
1250,Annex I Compilation of Individual Substances,"（10）Halogenated Biphenyls, Terphenyls and Naphthalenes（卤代联苯/三联苯/萘）",,"2,2',3,4,5,6-六氯联苯","2,2',3,4,5,6-Hexachlorobiphenyl",41411-61-4,41411-61-4,,,,,,,,,0,1
1251,Annex I Compilation of Individual Substances,"（10）Halogenated Biphenyls, Terphenyls and Naphthalenes（卤代联苯/三联苯/萘）",,"2,2',3,4,5,6'-六氯联苯","2,2',3,4,5,6'-Hexachlorobiphenyl",68194-15-0,68194-15-0,,,,,,,,,0,1
1252,Annex I Compilation of Individual Substances,"（10）Halogenated Biphenyls, Terphenyls and Naphthalenes（卤代联苯/三联苯/萘）",,"2,2',3,4,5',6-六氯联苯","2,2',3,4,5',6-Hexachlorobiphenyl",68194-14-9,68194-14-9,,,,,,,,,0,1
1253,Annex I Compilation of Individual Substances,"（10）Halogenated Biphenyls, Terphenyls and Naphthalenes（卤代联苯/三联苯/萘）",,"2,2',3,4,6,6'-六氯联苯","2,2',3,4,6,6'-Hexachlorobiphenyl",74472-40-5,74472-40-5,,,,,,,,,0,1
1254,Annex I Compilation of Individual Substances,"（10）Halogenated Biphenyls, Terphenyls and Naphthalenes（卤代联苯/三联苯/萘）",,"2,2',3,4',5,5'-六氯联苯","2,2',3,4',5,5'-Hexachlorobiphenyl",51908-16-8,51908-16-8,,,,,,,,,0,1
1255,Annex I Compilation of Individual Substances,"（10）Halogenated Biphenyls, Terphenyls and Naphthalenes（卤代联苯/三联苯/萘）",,"2,2',3,4',5,6-六氯联苯","2,2',3,4',5,6-Hexachlorobiphenyl",68194-13-8,68194-13-8,,,,,,,,,0,1
1256,Annex I Compilation of Individual Substances,"（10）Halogenated Biphenyls, Terphenyls and Naphthalenes（卤代联苯/三联苯/萘）",,"2,2',3,4',5,6'-六氯联苯","2,2',3,4',5,6'-Hexachlorobiphenyl",74472-41-6,74472-41-6,,,,,,,,,0,1
1257,Annex I Compilation of Individual Substances,"（10）Halogenated Biphenyls, Terphenyls and Naphthalenes（卤代联苯/三联苯/萘）",,"2,2',3,4',5',6-六氯联苯","2,2',3,4',5',6-Hexachlorobiphenyl",38380-04-0,38380-04-0,,,,,,,,,0,1
1258,Annex I Compilation of Individual Substances,"（10）Halogenated Biphenyls, Terphenyls and Naphthalenes（卤代联苯/三联苯/萘）",,"2,2',3,4',6,6'-六氯联苯","2,2',3,4',6,6'-Hexachlorobiphenyl",68194-08-1,68194-08-1,,,,,,,,,0,1
1259,Annex I Compilation of Individual Substances,"（10）Halogenated Biphenyls, Terphenyls and Naphthalenes（卤代联苯/三联苯/萘）",,"2,2',3,5,5',6-六氯联苯","2,2',3,5,5',6-Hexachlorobiphenyl",52663-63-5,52663-63-5,,,,,,,,,0,1
1260,Annex I Compilation of Individual Substances,"（10）Halogenated Biphenyls, Terphenyls and Naphthalenes（卤代联苯/三联苯/萘）",,"2,2',3,5,6,6'-六氯联苯","2,2',3,5,6,6'-Hexachlorobiphenyl",68194-09-2,68194-09-2,,,,,,,,,0,1
1261,Annex I Compilation of Individual Substances,"（10）Halogenated Biphenyls, Terphenyls and Naphthalenes（卤代联苯/三联苯/萘）",,"2,2',4,4',5,5'-六氯联苯","2,2',4,4',5,5'-Hexachlorobiphenyl",35065-27-1,35065-27-1,,,,,,,,,0,1
1262,Annex I Compilation of Individual Substances,"（10）Halogenated Biphenyls, Terphenyls and Naphthalenes（卤代联苯/三联苯/萘）",,"2,2',4,4',5,6'-六氯联苯","2,2',4,4',5,6'-Hexachlorobiphenyl",60145-22-4,60145-22-4,,,,,,,,,0,1
1263,Annex I Compilation of Individual Substances,"（10）Halogenated Biphenyls, Terphenyls and Naphthalenes（卤代联苯/三联苯/萘）",,"2,2',4,4',6,6'-六氯联苯","2,2',4,4',6,6'-Hexachlorobiphenyl",33979-03-2,33979-03-2,,,,,,,,,0,1
1264,Annex I Compilation of Individual Substances,"（10）Halogenated Biphenyls, Terphenyls and Naphthalenes（卤代联苯/三联苯/萘）",,"2,3,3',4,4',5-六氯联苯","2,3,3',4,4',5-Hexachlorobiphenyl",38380-08-4,38380-08-4,,,,,,,,,0,1
1265,Annex I Compilation of Individual Substances,"（10）Halogenated Biphenyls, Terphenyls and Naphthalenes（卤代联苯/三联苯/萘）",,"2,3,3',4,4',5'-六氯联苯","2,3,3',4,4',5'-Hexachlorobiphenyl",69782-90-7,69782-90-7,,,,,,,,,0,1
1266,Annex I Compilation of Individual Substances,"（10）Halogenated Biphenyls, Terphenyls and Naphthalenes（卤代联苯/三联苯/萘）",,"2,3,3',4,4',6-六氯联苯","2,3,3',4,4',6-Hexachlorobiphenyl",74472-42-7,74472-42-7,,,,,,,,,0,1
1267,Annex I Compilation of Individual Substances,"（10）Halogenated Biphenyls, Terphenyls and Naphthalenes（卤代联苯/三联苯/萘）",,"2,3,3',4,5,5'-六氯联苯","2,3,3',4,5,5'-Hexachlorobiphenyl",39635-35-3,39635-35-3,,,,,,,,,0,1
1268,Annex I Compilation of Individual Substances,"（10）Halogenated Biphenyls, Terphenyls and Naphthalenes（卤代联苯/三联苯/萘）",,"2,3,3',4,5,6-六氯联苯","2,3,3',4,5,6-Hexachlorobiphenyl",41411-62-5,41411-62-5,,,,,,,,,0,1
1269,Annex I Compilation of Individual Substances,"（10）Halogenated Biphenyls, Terphenyls and Naphthalenes（卤代联苯/三联苯/萘）",,"2,3,3',4,5',6-六氯联苯","2,3,3',4,5',6-Hexachlorobiphenyl",74472-43-8,74472-43-8,,,,,,,,,0,1
1270,Annex I Compilation of Individual Substances,"（10）Halogenated Biphenyls, Terphenyls and Naphthalenes（卤代联苯/三联苯/萘）",,"2,3,3',4',5,5'-六氯联苯","2,3,3',4',5,5'-Hexachlorobiphenyl",39635-34-2,39635-34-2,,,,,,,,,0,1
1271,Annex I Compilation of Individual Substances,"（10）Halogenated Biphenyls, Terphenyls and Naphthalenes（卤代联苯/三联苯/萘）",,"2,3,3',4',5,6-六氯联苯","2,3,3',4',5,6-Hexachlorobiphenyl",74472-44-9,74472-44-9,,,,,,,,,0,1
1272,Annex I Compilation of Individual Substances,"（10）Halogenated Biphenyls, Terphenyls and Naphthalenes（卤代联苯/三联苯/萘）",,"2,3,3',4',5',6-六氯联苯","2,3,3',4',5',6-Hexachlorobiphenyl",74472-45-0,74472-45-0,,,,,,,,,0,1
1273,Annex I Compilation of Individual Substances,"（10）Halogenated Biphenyls, Terphenyls and Naphthalenes（卤代联苯/三联苯/萘）",,"2,3,3',5,5',6-六氯联苯","2,3,3',5,5',6-Hexachlorobiphenyl",74472-46-1,74472-46-1,,,,,,,,,0,1
1274,Annex I Compilation of Individual Substances,"（10）Halogenated Biphenyls, Terphenyls and Naphthalenes（卤代联苯/三联苯/萘）",,"2,3,4,4',5,6-六氯联苯","2,3,4,4',5,6-Hexachlorobiphenyl",41411-63-6,41411-63-6,,,,,,,,,0,1
1275,Annex I Compilation of Individual Substances,"（10）Halogenated Biphenyls, Terphenyls and Naphthalenes（卤代联苯/三联苯/萘）",,"2,3',4,4',5,5'-六氯联苯","2,3',4,4',5,5'-Hexachlorobiphenyl",52663-72-6,52663-72-6,,,,,,,,,0,1
1276,Annex I Compilation of Individual Substances,"（10）Halogenated Biphenyls, Terphenyls and Naphthalenes（卤代联苯/三联苯/萘）",,"2,3',4,4',5',6-六氯联苯","2,3',4,4',5',6-Hexachlorobiphenyl",59291-65-5,59291-65-5,,,,,,,,,0,1
1277,Annex I Compilation of Individual Substances,"（10）Halogenated Biphenyls, Terphenyls and Naphthalenes（卤代联苯/三联苯/萘）",,"3,3',4,4',5,5'-六氯联苯","3,3',4,4',5,5'-Hexachlorobiphenyl",32774-16-6,32774-16-6,,,,,,,,,0,1
1278,Annex I Compilation of Individual Substances,"（10）Halogenated Biphenyls, Terphenyls and Naphthalenes（卤代联苯/三联苯/萘）",,"2,2',3,3',4,4',5-七氯联苯","2,2',3,3',4,4',5-Heptachlorobiphenyl",35065-30-6,35065-30-6,,,,,,,,,0,1
1279,Annex I Compilation of Individual Substances,"（10）Halogenated Biphenyls, Terphenyls and Naphthalenes（卤代联苯/三联苯/萘）",,"2,2',3,3',4,4',6-七氯联苯","2,2',3,3',4,4',6-Heptachlorobiphenyl",52663-71-5,52663-71-5,,,,,,,,,0,1
1280,Annex I Compilation of Individual Substances,"（10）Halogenated Biphenyls, Terphenyls and Naphthalenes（卤代联苯/三联苯/萘）",,"2,2',3,3',4,5,5'-七氯联苯","2,2',3,3',4,5,5'-Heptachlorobiphenyl",52663-74-8,52663-74-8,,,,,,,,,0,1
1281,Annex I Compilation of Individual Substances,"（10）Halogenated Biphenyls, Terphenyls and Naphthalenes（卤代联苯/三联苯/萘）",,"2,2',3,3',4,5,6-七氯联苯","2,2',3,3',4,5,6-Heptachlorobiphenyl",68194-16-1,68194-16-1,,,,,,,,,0,1
1282,Annex I Compilation of Individual Substances,"（10）Halogenated Biphenyls, Terphenyls and Naphthalenes（卤代联苯/三联苯/萘）",,"2,2',3,3',4,5,6'-七氯联苯","2,2',3,3',4,5,6'-Heptachlorobiphenyl",38411-25-5,38411-25-5,,,,,,,,,0,1
1283,Annex I Compilation of Individual Substances,"（10）Halogenated Biphenyls, Terphenyls and Naphthalenes（卤代联苯/三联苯/萘）",,"2,2',3,3',4,5',6-七氯联苯","2,2',3,3',4,5',6-Heptachlorobiphenyl",40186-70-7,40186-70-7,,,,,,,,,0,1
1284,Annex I Compilation of Individual Substances,"（10）Halogenated Biphenyls, Terphenyls and Naphthalenes（卤代联苯/三联苯/萘）",,"2,2',3,3',4,6,6'-七氯联苯","2,2',3,3',4,6,6'-Heptachlorobiphenyl",52663-65-7,52663-65-7,,,,,,,,,0,1
1285,Annex I Compilation of Individual Substances,"（10）Halogenated Biphenyls, Terphenyls and Naphthalenes（卤代联苯/三联苯/萘）",,"2,2',3,3',4,5',6'-七氯联苯","2,2',3,3',4,5',6'-Heptachlorobiphenyl",52663-70-4,52663-70-4,,,,,,,,,0,1
1286,Annex I Compilation of Individual Substances,"（10）Halogenated Biphenyls, Terphenyls and Naphthalenes（卤代联苯/三联苯/萘）",,"2,2',3,3',5,5',6-七氯联苯","2,2',3,3',5,5',6-Heptachlorobiphenyl",52663-67-9,52663-67-9,,,,,,,,,0,1
1287,Annex I Compilation of Individual Substances,"（10）Halogenated Biphenyls, Terphenyls and Naphthalenes（卤代联苯/三联苯/萘）",,"2,2',3,3',5,6,6'-七氯联苯","2,2',3,3',5,6,6'-Heptachlorobiphenyl",52663-64-6,52663-64-6,,,,,,,,,0,1
1288,Annex I Compilation of Individual Substances,"（10）Halogenated Biphenyls, Terphenyls and Naphthalenes（卤代联苯/三联苯/萘）",,"2,2',3,4,4',5,5'-七氯联苯","2,2',3,4,4',5,5'-Heptachlorobiphenyl",35065-29-3,35065-29-3,,,,,,,,,0,1
1289,Annex I Compilation of Individual Substances,"（10）Halogenated Biphenyls, Terphenyls and Naphthalenes（卤代联苯/三联苯/萘）",,"2,2',3,4,4',5,6-七氯联苯","2,2',3,4,4',5,6-Heptachlorobiphenyl",74472-47-2,74472-47-2,,,,,,,,,0,1
1290,Annex I Compilation of Individual Substances,"（10）Halogenated Biphenyls, Terphenyls and Naphthalenes（卤代联苯/三联苯/萘）",,"2,2',3,4,4',5,6'-七氯联苯","2,2',3,4,4',5,6'-Heptachlorobiphenyl",60145-23-5,60145-23-5,,,,,,,,,0,1
1291,Annex I Compilation of Individual Substances,"（10）Halogenated Biphenyls, Terphenyls and Naphthalenes（卤代联苯/三联苯/萘）",,"2,2',3,4,4',5',6-七氯联苯","2,2',3,4,4',5',6-Heptachlorobiphenyl",52663-69-1,52663-69-1,,,,,,,,,0,1
1292,Annex I Compilation of Individual Substances,"（10）Halogenated Biphenyls, Terphenyls and Naphthalenes（卤代联苯/三联苯/萘）",,"2,2',3,4,4',6,6'-七氯联苯","2,2',3,4,4',6,6'-Heptachlorobiphenyl",74472-48-3,74472-48-3,,,,,,,,,0,1
1293,Annex I Compilation of Individual Substances,"（10）Halogenated Biphenyls, Terphenyls and Naphthalenes（卤代联苯/三联苯/萘）",,"2,2',3,4,5,5',6-七氯联苯","2,2',3,4,5,5',6-Heptachlorobiphenyl",52712-05-7,52712-05-7,,,,,,,,,0,1
1294,Annex I Compilation of Individual Substances,"（10）Halogenated Biphenyls, Terphenyls and Naphthalenes（卤代联苯/三联苯/萘）",,"2,2',3,4,5,6,6'-七氯联苯","2,2',3,4,5,6,6'-Heptachlorobiphenyl",74472-49-4,74472-49-4,,,,,,,,,0,1
1295,Annex I Compilation of Individual Substances,"（10）Halogenated Biphenyls, Terphenyls and Naphthalenes（卤代联苯/三联苯/萘）",,"2,2',3,4',5,5',6-七氯联苯","2,2',3,4',5,5',6-Heptachlorobiphenyl",52663-68-0,52663-68-0,,,,,,,,,0,1
1296,Annex I Compilation of Individual Substances,"（10）Halogenated Biphenyls, Terphenyls and Naphthalenes（卤代联苯/三联苯/萘）",,"2,2',3,4',5,6,6'-七氯联苯","2,2',3,4',5,6,6'-Heptachlorobiphenyl",74487-85-7,74487-85-7,,,,,,,,,0,1
1297,Annex I Compilation of Individual Substances,"（10）Halogenated Biphenyls, Terphenyls and Naphthalenes（卤代联苯/三联苯/萘）",,"2,3,3',4,4',5,5'-七氯联苯","2,3,3',4,4',5,5'-Heptachlorobiphenyl",39635-31-9,39635-31-9,,,,,,,,,0,1
1298,Annex I Compilation of Individual Substances,"（10）Halogenated Biphenyls, Terphenyls and Naphthalenes（卤代联苯/三联苯/萘）",,"2,3,3',4,4',5,6-七氯联苯","2,3,3',4,4',5,6-Heptachlorobiphenyl",41411-64-7,41411-64-7,,,,,,,,,0,1
1299,Annex I Compilation of Individual Substances,"（10）Halogenated Biphenyls, Terphenyls and Naphthalenes（卤代联苯/三联苯/萘）",,"2,3,3',4,4',5',6-七氯联苯","2,3,3',4,4',5',6-Heptachlorobiphenyl",74472-50-7,74472-50-7,,,,,,,,,0,1
1300,Annex I Compilation of Individual Substances,"（10）Halogenated Biphenyls, Terphenyls and Naphthalenes（卤代联苯/三联苯/萘）",,"2,3,3',4,5,5',6-七氯联苯","2,3,3',4,5,5',6-Heptachlorobiphenyl",74472-51-8,74472-51-8,,,,,,,,,0,1
1301,Annex I Compilation of Individual Substances,"（10）Halogenated Biphenyls, Terphenyls and Naphthalenes（卤代联苯/三联苯/萘）",,"2,3,3',4',5,5',6-七氯联苯","2,3,3',4',5,5',6-Heptachlorobiphenyl",69782-91-8,69782-91-8,,,,,,,,,0,1
1302,Annex I Compilation of Individual Substances,"（10）Halogenated Biphenyls, Terphenyls and Naphthalenes（卤代联苯/三联苯/萘）",,"2,2',3,3',4,4',5,5'-八氯联苯","2,2',3,3',4,4',5,5'-Octachlorobiphenyl",35694-08-7,35694-08-7,,,,,,,,,0,1
1303,Annex I Compilation of Individual Substances,（11） 八/九/十氯联苯 + 多氯萘 + Metals（金属）开始,,"2,2',3,3',4,4',5,6-八氯联苯","2,2',3,3',4,4',5,6-Octachlorobiphenyl",52663-78-2,52663-78-2,,,,,,,,,0,1
1304,Annex I Compilation of Individual Substances,（11） 八/九/十氯联苯 + 多氯萘 + Metals（金属）开始,,"2,2',3,3',4,4',5,6'-八氯联苯","2,2',3,3',4,4',5,6'-Octachlorobiphenyl",42740-50-1,42740-50-1,,,,,,,,,0,1
1305,Annex I Compilation of Individual Substances,（11） 八/九/十氯联苯 + 多氯萘 + Metals（金属）开始,,"2,2',3,3',4,4',6,6'-八氯联苯","2,2',3,3',4,4',6,6'-Octachlorobiphenyl",33091-17-7,33091-17-7,,,,,,,,,0,1
1306,Annex I Compilation of Individual Substances,（11） 八/九/十氯联苯 + 多氯萘 + Metals（金属）开始,,"2,2',3,3',4,5,5',6-八氯联苯","2,2',3,3',4,5,5',6-Octachlorobiphenyl",68194-17-2,68194-17-2,,,,,,,,,0,1
1307,Annex I Compilation of Individual Substances,（11） 八/九/十氯联苯 + 多氯萘 + Metals（金属）开始,,"2,2',3,3',4,5,5',6'-八氯联苯","2,2',3,3',4,5,5',6'-Octachlorobiphenyl",52663-75-9,52663-75-9,,,,,,,,,0,1
1308,Annex I Compilation of Individual Substances,（11） 八/九/十氯联苯 + 多氯萘 + Metals（金属）开始,,"2,2',3,3',4,5,6,6'-八氯联苯","2,2',3,3',4,5,6,6'-Octachlorobiphenyl",52663-73-7,52663-73-7,,,,,,,,,0,1
1309,Annex I Compilation of Individual Substances,（11） 八/九/十氯联苯 + 多氯萘 + Metals（金属）开始,,"2,2',3,3',4,5',6,6'-八氯联苯","2,2',3,3',4,5',6,6'-Octachlorobiphenyl",40186-71-8,40186-71-8,,,,,,,,,0,1
1310,Annex I Compilation of Individual Substances,（11） 八/九/十氯联苯 + 多氯萘 + Metals（金属）开始,,"2,2',3,3',5,5',6,6'-八氯联苯","2,2',3,3',5,5',6,6'-Octachlorobiphenyl",2136-99-4,2136-99-4,,,,,,,,,0,1
1311,Annex I Compilation of Individual Substances,（11） 八/九/十氯联苯 + 多氯萘 + Metals（金属）开始,,"2,2',3,4,4',5,5',6-八氯联苯","2,2',3,4,4',5,5',6-Octachlorobiphenyl",52663-76-0,52663-76-0,,,,,,,,,0,1
1312,Annex I Compilation of Individual Substances,（11） 八/九/十氯联苯 + 多氯萘 + Metals（金属）开始,,"2,2',3,4,4',5,6,6'-八氯联苯","2,2',3,4,4',5,6,6'-Octachlorobiphenyl",74472-52-9,74472-52-9,,,,,,,,,0,1
1313,Annex I Compilation of Individual Substances,（11） 八/九/十氯联苯 + 多氯萘 + Metals（金属）开始,,"2,3,3',4,4',5,5',6-八氯联苯","2,3,3',4,4',5,5',6-Octachlorobiphenyl",74472-53-0,74472-53-0,,,,,,,,,0,1
1314,Annex I Compilation of Individual Substances,（11） 八/九/十氯联苯 + 多氯萘 + Metals（金属）开始,,"2,2',3,3',4,4',5,5',6-九氯联苯","2,2',3,3',4,4',5,5',6-Nonachlorobiphenyl",40186-72-9,40186-72-9,,,,,,,,,0,1
1315,Annex I Compilation of Individual Substances,（11） 八/九/十氯联苯 + 多氯萘 + Metals（金属）开始,,"2,2',3,3',4,4',5,6,6'-九氯联苯","2,2',3,3',4,4',5,6,6'-Nonachlorobiphenyl",52663-79-3,52663-79-3,,,,,,,,,0,1
1316,Annex I Compilation of Individual Substances,（11） 八/九/十氯联苯 + 多氯萘 + Metals（金属）开始,,"2,2',3,3',4,5,5',6,6'-九氯联苯","2,2',3,3',4,5,5',6,6'-Nonachlorobiphenyl",52663-77-1,52663-77-1,,,,,,,,,0,1
1317,Annex I Compilation of Individual Substances,（11） 八/九/十氯联苯 + 多氯萘 + Metals（金属）开始,,九氯联苯（混合异构体）,Nonachlorobiphenyl (mixed isomers),53742-07-7,53742-07-7,,,,,,,,,0,1
1318,Annex I Compilation of Individual Substances,（11） 八/九/十氯联苯 + 多氯萘 + Metals（金属）开始,,十氯联苯,Decachlorobiphenyl,2051-24-3,2051-24-3,,,,,,,,,0,1
1319,Annex I Compilation of Individual Substances,（11） 八/九/十氯联苯 + 多氯萘 + Metals（金属）开始,,多氯萘,Polychlorinated Naphthalenes,Several,70776-03-3 (PCNs混合物基准CAS),,,,,,,,,0,1
1320,Annex I Compilation of Individual Substances,（11） 八/九/十氯联苯 + 多氯萘 + Metals（金属）开始,,一氯萘,Monochloro naphthalene,25586-43-0,25586-43-0,,,,,,,,,0,1
1321,Annex I Compilation of Individual Substances,（11） 八/九/十氯联苯 + 多氯萘 + Metals（金属）开始,,1-氯萘,1-Chloronaphthalene,90-13-1,90-13-1,,,,,,,,,0,1
1322,Annex I Compilation of Individual Substances,（11） 八/九/十氯联苯 + 多氯萘 + Metals（金属）开始,,2-氯萘,2-Chloronaphthalene,91-58-7,91-58-7,,,,,,,,,0,1
1323,Annex I Compilation of Individual Substances,（11） 八/九/十氯联苯 + 多氯萘 + Metals（金属）开始,,二氯萘,Dichloro naphthalene,28699-88-9,28699-88-9,,,,,,,,,0,1
1324,Annex I Compilation of Individual Substances,（11） 八/九/十氯联苯 + 多氯萘 + Metals（金属）开始,,"1,3-二氯萘","Naphthalene, 1,3-dichloro-",2198-75-6,2198-75-6,,,,,,,,,0,1
1325,Annex I Compilation of Individual Substances,（11） 八/九/十氯联苯 + 多氯萘 + Metals（金属）开始,,"1,4-二氯萘","Naphthalene, 1,4-dichloro-",1825-31-6,1825-31-6,,,,,,,,,0,1
1326,Annex I Compilation of Individual Substances,（11） 八/九/十氯联苯 + 多氯萘 + Metals（金属）开始,,"1,5-二氯萘","Naphthalene, 1,5-dichloro-",1825-30-5,1825-30-5,,,,,,,,,0,1
1327,Annex I Compilation of Individual Substances,（11） 八/九/十氯联苯 + 多氯萘 + Metals（金属）开始,,"2,7-二氯萘","Naphthalene, 2,7-dichloro-",2198-77-8,2198-77-8,,,,,,,,,0,1
1328,Annex I Compilation of Individual Substances,（11） 八/九/十氯联苯 + 多氯萘 + Metals（金属）开始,,砷及其盐和化合物,"Arsenic, its salts and compounds",Several,7440-38-2 (砷单质及砷盐化合物),,,,,,,,,0,1
1329,Annex I Compilation of Individual Substances,（11） 八/九/十氯联苯 + 多氯萘 + Metals（金属）开始,,砷,Arsenic,7440-38-2,7440-38-2,,,,,,,,,0,1
1330,Annex I Compilation of Individual Substances,（11） 八/九/十氯联苯 + 多氯萘 + Metals（金属）开始,,镉及其盐和化合物,"Cadmium, its salts and compounds",Several,7440-43-9 (镉单质及镉盐化合物),,,,,,,,,0,1
1331,Annex I Compilation of Individual Substances,（11） 八/九/十氯联苯 + 多氯萘 + Metals（金属）开始,,镉,Cadmium,7440-43-9,7440-43-9,,,,,,,,,0,1
1332,Annex I Compilation of Individual Substances,（11） 八/九/十氯联苯 + 多氯萘 + Metals（金属）开始,,六价铬及其盐和化合物,"Chromium VI, its salts and compounds",Several,18540-29-9 (六价铬离子及各类铬酸盐),,,,,,,,,0,1
1333,Annex I Compilation of Individual Substances,（11） 八/九/十氯联苯 + 多氯萘 + Metals（金属）开始,,重铬酸铵,Ammonium dichromate,7789/9/5,7789-09-5,,,,,,,,,0,1
1334,Annex I Compilation of Individual Substances,（11） 八/九/十氯联苯 + 多氯萘 + Metals（金属）开始,,六价铬,Chromium VI,18540-29-9,18540-29-9,,,,,,,,,0,1
1335,Annex I Compilation of Individual Substances,（11） 八/九/十氯联苯 + 多氯萘 + Metals（金属）开始,,三氧化铬,Chromium trioxide,1333-82-0,1333-82-0,,,,,,,,,0,1
1336,Annex I Compilation of Individual Substances,（11） 八/九/十氯联苯 + 多氯萘 + Metals（金属）开始,,三铬酸二铬,Dichromium tris(chromate),24613-89-6,24613-89-6,,,,,,,,,0,1
1337,Annex I Compilation of Individual Substances,（11） 八/九/十氯联苯 + 多氯萘 + Metals（金属）开始,,铬酸铅,Lead chromate,7758-97-6,7758-97-6,,,,,,,,,0,1
1338,Annex I Compilation of Individual Substances,（11） 八/九/十氯联苯 + 多氯萘 + Metals（金属）开始,,铬酸五锌八氢氧化物,Pentazinc chromate octahydroxide,49663-84-5,49663-84-5,,,,,,,,,0,1
1339,Annex I Compilation of Individual Substances,（11） 八/九/十氯联苯 + 多氯萘 + Metals（金属）开始,,重铬酸氢氧化二锌钾,Potassium hydroxyoctaoxodizincate dichromate,11103-86-9,11103-86-9,,,,,,,,,0,1
1340,Annex I Compilation of Individual Substances,（11） 八/九/十氯联苯 + 多氯萘 + Metals（金属）开始,,铬酸钾,Potassium chromate,7789-00-6,7789-00-6,,,,,,,,,0,1
1341,Annex I Compilation of Individual Substances,（11） 八/九/十氯联苯 + 多氯萘 + Metals（金属）开始,,重铬酸钾,Potassium dichromate,7778-50-9,7778-50-9,,,,,,,,,0,1
1342,Annex I Compilation of Individual Substances,（11） 八/九/十氯联苯 + 多氯萘 + Metals（金属）开始,,铬酸钠,Sodium chromate,7775/11/3,7775-11-3,,,,,,,,,0,1
1343,Annex I Compilation of Individual Substances,（11） 八/九/十氯联苯 + 多氯萘 + Metals（金属）开始,,铬酸锶,Strontium chromate,7789/6/2,7789-06-2,,,,,,,,,0,1
1344,Annex I Compilation of Individual Substances,（11） 八/九/十氯联苯 + 多氯萘 + Metals（金属）开始,,颜料黄31／铬酸钡,Pigment Yellow 31 - Barium chromate,10294-40-3,10294-40-3,,,,,,,,,0,1
1345,Annex I Compilation of Individual Substances,（11） 八/九/十氯联苯 + 多氯萘 + Metals（金属）开始,,由三氧化铬生成的酸及其低聚物,Acids generated from chromium trioxide and their oligomers,Several,7738-94-5 / 13530-68-2,,,,,,,,,0,1
1346,Annex I Compilation of Individual Substances,（11） 八/九/十氯联苯 + 多氯萘 + Metals（金属）开始,,重铬酸,Dichromic acid,13530-68-2,13530-68-2,,,,,,,,,0,1
1347,Annex I Compilation of Individual Substances,（11） 八/九/十氯联苯 + 多氯萘 + Metals（金属）开始,,铬酸,Chromic acid,7738-94-5,7738-94-5,,,,,,,,,0,1
1348,Annex I Compilation of Individual Substances,（11） 八/九/十氯联苯 + 多氯萘 + Metals（金属）开始,,铬酸和重铬酸低聚物,Oligomers of chromic acid and dichromic acid,—,7738-94-5 / 13530-68-2,,,,,,,,,0,1
1349,Annex I Compilation of Individual Substances,（11） 八/九/十氯联苯 + 多氯萘 + Metals（金属）开始,,重铬酸钠衍生物,Sodium dichromate derivatives,Several,10588-01-9,,,,,,,,,0,1
1350,Annex I Compilation of Individual Substances,（11） 八/九/十氯联苯 + 多氯萘 + Metals（金属）开始,,重铬酸钠二水合物,Sodium dichromate dihydrate,7789-12-0,7789-12-0,,,,,,,,,0,1
1351,Annex I Compilation of Individual Substances,（11） 八/九/十氯联苯 + 多氯萘 + Metals（金属）开始,,无水重铬酸钠,Sodium dichromate anhydrous,10588-01-9,10588-01-9,,,,,,,,,0,1
1352,Annex I Compilation of Individual Substances,（11） 八/九/十氯联苯 + 多氯萘 + Metals（金属）开始,,铅及其盐和化合物,"Lead, its salts and compounds",Several,7439-92-1 (铅单质及铅盐化合物),,,,,,,,,0,1
1353,Annex I Compilation of Individual Substances,（11） 八/九/十氯联苯 + 多氯萘 + Metals（金属）开始,,铅,Lead,7439-92-1,7439-92-1,,,,,,,,,0,1
1354,Annex I Compilation of Individual Substances,（11） 八/九/十氯联苯 + 多氯萘 + Metals（金属）开始,,二乙酸铅,Lead diacetate,301-04-2 / 6080-56-4,301-04-2; 6080-56-4,,,,,,,,,0,1
1355,Annex I Compilation of Individual Substances,（11） 八/九/十氯联苯 + 多氯萘 + Metals（金属）开始,,二氧化三铅膦酸盐,Trilead dioxide phosphonate,12141-20-7,12141-20-7,,,,,,,,,0,1
1356,Annex I Compilation of Individual Substances,（11） 八/九/十氯联苯 + 多氯萘 + Metals（金属）开始,,颜料白1,Pigment White 1,1319-46-6,1319-46-6,,,,,,,,,0,1
1357,Annex I Compilation of Individual Substances,（11） 八/九/十氯联苯 + 多氯萘 + Metals（金属）开始,,三氧化四铅硫酸盐,Tetralead trioxide sulphate,12202-17-4,12202-17-4,,,,,,,,,0,1
1358,Annex I Compilation of Individual Substances,（11） 八/九/十氯联苯 + 多氯萘 + Metals（金属）开始,,亚硫酸铅二碱式盐,"Sulfurous acid, lead salt, dibasic",62229-08-7,62229-08-7,,,,,,,,,0,1
1359,Annex I Compilation of Individual Substances,（11） 八/九/十氯联苯 + 多氯萘 + Metals（金属）开始,,硅酸铅,"Silicic acid, lead salt",11120-22-2,11120-22-2,,,,,,,,,0,1
1360,Annex I Compilation of Individual Substances,（11） 八/九/十氯联苯 + 多氯萘 + Metals（金属）开始,,掺铅硅酸钡,"Silicic acid, barium salt (1:1), lead-doped",68784-75-8,68784-75-8,,,,,,,,,0,1
1361,Annex I Compilation of Individual Substances,（11） 八/九/十氯联苯 + 多氯萘 + Metals（金属）开始,,焦绿石型锑铅黄,"Pyrochlore, antimony lead yellow",8012-00-8,8012-00-8,,,,,,,,,0,1
1362,Annex I Compilation of Individual Substances,（11） 八/九/十氯联苯 + 多氯萘 + Metals（金属）开始,,四氧化五铅硫酸盐,Pentalead tetraoxide sulphate,12065-90-6,12065-90-6,,,,,,,,,0,1
1363,Annex I Compilation of Individual Substances,（11） 八/九/十氯联苯 + 多氯萘 + Metals（金属）开始,,铅丹,Orange lead,1314-41-6,1314-41-6,,,,,,,,,0,1
1364,Annex I Compilation of Individual Substances,（11） 八/九/十氯联苯 + 多氯萘 + Metals（金属）开始,,铅钛锆氧化物,Lead titanium zirconium oxide,12626-81-2,12626-81-2,,,,,,,,,0,1
1365,Annex I Compilation of Individual Substances,（11） 八/九/十氯联苯 + 多氯萘 + Metals（金属）开始,,三氧化钛铅,Lead titanium trioxide,12060-00-3,12060-00-3,,,,,,,,,0,1
1366,Annex I Compilation of Individual Substances,（11） 八/九/十氯联苯 + 多氯萘 + Metals（金属）开始,,氧化铅硫酸盐,Lead oxide sulfate,12036-76-9,12036-76-9,,,,,,,,,0,1
1367,Annex I Compilation of Individual Substances,（11） 八/九/十氯联苯 + 多氯萘 + Metals（金属）开始,,一氧化铅,Lead monoxide,1317-36-8,1317-36-8,,,,,,,,,0,1
1368,Annex I Compilation of Individual Substances,（11） 八/九/十氯联苯 + 多氯萘 + Metals（金属）开始,,硝酸铅,Lead dinitrate,10099-74-8,10099-74-8,,,,,,,,,0,1
1369,Annex I Compilation of Individual Substances,（11） 八/九/十氯联苯 + 多氯萘 + Metals（金属）开始,,氰氨酸铅,Lead cyanamidate,20837-86-9,20837-86-9,,,,,,,,,0,1
1370,Annex I Compilation of Individual Substances,（11） 八/九/十氯联苯 + 多氯萘 + Metals（金属）开始,,C16-18脂肪酸铅盐,"Fatty acids, C16-18, lead salts",91031-62-8,91031-62-8,,,,,,,,,0,1
1371,Annex I Compilation of Individual Substances,（11） 八/九/十氯联苯 + 多氯萘 + Metals（金属）开始,,二氧双(硬脂酸)三铅,Dioxobis(stearato)trilead,12578-12-0,12578-12-0,,,,,,,,,0,1
1372,Annex I Compilation of Individual Substances,（11） 八/九/十氯联苯 + 多氯萘 + Metals（金属）开始,,碱式乙酸铅,"Acetic acid, lead salt, basic",51404-69-4,51404-69-4,,,,,,,,,0,1
1373,Annex I Compilation of Individual Substances,（11） 八/九/十氯联苯 + 多氯萘 + Metals（金属）开始,,邻苯二甲酸二氧三铅,[Phthalato(2-)] dioxotrilead,69011-06-9,69011-06-9,,,,,,,,,0,1
1374,Annex I Compilation of Individual Substances,（11） 八/九/十氯联苯 + 多氯萘 + Metals（金属）开始,,甲磺酸铅(II),Lead(II) bis(methanesulfonate),17570-76-2,17570-76-2,,,,,,,,,0,1
1375,Annex I Compilation of Individual Substances,（11） 八/九/十氯联苯 + 多氯萘 + Metals（金属）开始,,砷酸三铅,Trilead diarsenate,3687-31-8,3687-31-8,,,,,,,,,0,1
1376,Annex I Compilation of Individual Substances,（11） 八/九/十氯联苯 + 多氯萘 + Metals（金属）开始,,斯蒂芬酸铅,Lead styphnate,15245-44-0,15245-44-0,,,,,,,,,0,1
1377,Annex I Compilation of Individual Substances,（11） 八/九/十氯联苯 + 多氯萘 + Metals（金属）开始,,苦味酸铅,Lead dipicrate,6477-64-1,6477-64-1,,,,,,,,,0,1
1378,Annex I Compilation of Individual Substances,（11） 八/九/十氯联苯 + 多氯萘 + Metals（金属）开始,,叠氮化铅,Lead diazide,13424-46-9,13424-46-9,,,,,,,,,0,1
1379,Annex I Compilation of Individual Substances,（11） 八/九/十氯联苯 + 多氯萘 + Metals（金属）开始,,四氟硼酸铅,Lead bis(tetrafluoroborate),13814-96-5,13814-96-5,,,,,,,,,0,1
1380,Annex I Compilation of Individual Substances,（11） 八/九/十氯联苯 + 多氯萘 + Metals（金属）开始,,砷酸氢铅,Lead hydrogen arsenate,7784-40-9,7784-40-9,,,,,,,,,0,1
1381,Annex I Compilation of Individual Substances,（11） 八/九/十氯联苯 + 多氯萘 + Metals（金属）开始,,四乙基铅,Tetraethyllead,78-00-2,78-00-2,,,,,,,,,0,1
1382,Annex I Compilation of Individual Substances,（11） 八/九/十氯联苯 + 多氯萘 + Metals（金属）开始,,汞及其盐和化合物,"Mercury, its salts and compounds",Several,7439-97-6 (汞单质及汞盐化合物),,,,,,,,,0,1
1383,Annex I Compilation of Individual Substances,（11） 八/九/十氯联苯 + 多氯萘 + Metals（金属）开始,,汞,Mercury,7439-97-6,7439-97-6,,,,,,,,,0,1
1384,Annex I Compilation of Individual Substances,（11） 八/九/十氯联苯 + 多氯萘 + Metals（金属）开始,,肼及其盐和水合物,"Hydrazine, its salts and hydrates",Several,302-01-2 (无水肼) / 7803-57-8 (一水合肼),,,,,,,,,0,1
1385,Annex I Compilation of Individual Substances,（11） 八/九/十氯联苯 + 多氯萘 + Metals（金属）开始,,水合肼,Hydrazine hydrates,7803-57-8 / 10217-52-4,7803-57-8; 10217-52-4,,,,,,,,,0,1
1386,Annex I Compilation of Individual Substances,（11） 八/九/十氯联苯 + 多氯萘 + Metals（金属）开始,,硫酸肼,Hydrazine sulfate,10034-93-2,10034-93-2,,,,,,,,,0,1
1387,Annex I Compilation of Individual Substances,（11） 八/九/十氯联苯 + 多氯萘 + Metals（金属）开始,,I类消耗臭氧层物质,Ozone depleting substances (CFCs) class I,Several,蒙特利尔议定书附件A组I (CFC-11/12等),,,,,,,,,0,1
1388,Annex I Compilation of Individual Substances,（11） 八/九/十氯联苯 + 多氯萘 + Metals（金属）开始,,三氯氟甲烷（CFC-11）,Trichlorofluoromethane,75-69-4,75-69-4,,,,,,,,,0,1
1389,Annex I Compilation of Individual Substances,（11） 八/九/十氯联苯 + 多氯萘 + Metals（金属）开始,,二氯二氟甲烷（CFC-12）,Dichlorodifluoromethane,75-71-8,75-71-8,,,,,,,,,0,1
1390,Annex I Compilation of Individual Substances,（11） 八/九/十氯联苯 + 多氯萘 + Metals（金属）开始,,"1,1,2-三氯-1,2,2-三氟乙烷（CFC-113）","1,1,2-Trichloro-1,2,2-trifluoroethane",76-13-1,76-13-1,,,,,,,,,0,1
1391,Annex I Compilation of Individual Substances,（12）Ozone Depleting Substances（续）,,"1,1,1-三氯-2,2,2-三氟乙烷（CFC-113a）","1,1,1-Trichloro-2,2,2-trifluoroethane",354-58-5,354-58-5,,,,,,,,,0,1
1392,Annex I Compilation of Individual Substances,（12）Ozone Depleting Substances（续）,,"1,2-二氯-1,1,2,2-四氟乙烷（CFC-114）","1,2-Dichloro-1,1,2,2-tetrafluoroethane",76-14-2,76-14-2,,,,,,,,,0,1
1393,Annex I Compilation of Individual Substances,（12）Ozone Depleting Substances（续）,,"1,1-二氯-1,2,2,2-四氟乙烷（CFC-114a）","1,1-Dichloro-1,2,2,2-tetrafluoroethane",374-07-2,374-07-2,,,,,,,,,0,1
1394,Annex I Compilation of Individual Substances,（12）Ozone Depleting Substances（续）,,一氯五氟乙烷（CFC-115）,Monochloropentafluoroethane,76-15-3,76-15-3,,,,,,,,,0,1
1395,Annex I Compilation of Individual Substances,（12）Ozone Depleting Substances（续）,,溴氯二氟甲烷（Halon-1211）,Bromochlorodifluoromethane,353-59-3,353-59-3,,,,,,,,,0,1
1396,Annex I Compilation of Individual Substances,（12）Ozone Depleting Substances（续）,,溴三氟甲烷（Halon-1301）,Bromotrifluoromethane,75-63-8,75-63-8,,,,,,,,,0,1
1397,Annex I Compilation of Individual Substances,（12）Ozone Depleting Substances（续）,,二溴四氟乙烷（Halon-2402）,Dibromotetrafluoroethane,124-73-2,124-73-2,,,,,,,,,0,1
1398,Annex I Compilation of Individual Substances,（12）Ozone Depleting Substances（续）,,氯三氟甲烷（CFC-13）,Chlorotrifluoromethane,75-72-9,75-72-9,,,,,,,,,0,1
1399,Annex I Compilation of Individual Substances,（12）Ozone Depleting Substances（续）,,五氯一氟乙烷（CFC-111）,Pentachlorofluoroethane,354-56-3,354-56-3,,,,,,,,,0,1
1400,Annex I Compilation of Individual Substances,（12）Ozone Depleting Substances（续）,,"1,1,2,2-四氯-1,2-二氟乙烷（CFC-112）","1,1,2,2-Tetrachloro-1,2-difluoroethane",76-12-0,76-12-0,,,,,,,,,0,1
1401,Annex I Compilation of Individual Substances,（12）Ozone Depleting Substances（续）,,"1,1,1,2-四氯二氟乙烷（CFC-112a）","1,1,1,2-Tetrachlorodifluoroethane",1976/11/9,1976-11-9,,,,,,,,,0,1
1402,Annex I Compilation of Individual Substances,（12）Ozone Depleting Substances（续）,,七氯一氟丙烷（CFC-211）,Heptachlorofluoropropane,422-78-6,422-78-6,,,,,,,,,0,1
1403,Annex I Compilation of Individual Substances,（12）Ozone Depleting Substances（续）,,六氯二氟丙烷（CFC-212）,Hexachlorodifluoropropane,3182-26-1,3182-26-1,,,,,,,,,0,1
1404,Annex I Compilation of Individual Substances,（12）Ozone Depleting Substances（续）,,五氯三氟丙烷（CFC-213）,Pentachlorotrifluoropropane,2354/6/5,2354-06-5,,,,,,,,,0,1
1405,Annex I Compilation of Individual Substances,（12）Ozone Depleting Substances（续）,,四氯四氟丙烷（CFC-214）,Tetrachlorotetrafluoropropane,29255-31-0,29255-31-0,,,,,,,,,0,1
1406,Annex I Compilation of Individual Substances,（12）Ozone Depleting Substances（续）,,"1,1,1,3-四氯-2,2,3,3-四氟丙烷","1,1,1,3-Tetrachloro-2,2,3,3-tetrafluoropropane",2268-46-4,2268-46-4,,,,,,,,,0,1
1407,Annex I Compilation of Individual Substances,（12）Ozone Depleting Substances（续）,,"1,1,3-三氯五氟丙烷","1,1,3-Trichloropentafluoropropane",76-17-5,76-17-5,,,,,,,,,0,1
1408,Annex I Compilation of Individual Substances,（12）Ozone Depleting Substances（续）,,"1,2,3-三氯五氟丙烷（CFC-215）","1,2,3-Trichloropentafluoropropane",1652-81-9,1652-81-9,,,,,,,,,0,1
1409,Annex I Compilation of Individual Substances,（12）Ozone Depleting Substances（续）,,"1,1,1-三氯五氟丙烷","1,1,1-Trichloropentafluoropropane",4259-43-2,4259-43-2,,,,,,,,,0,1
1410,Annex I Compilation of Individual Substances,（12）Ozone Depleting Substances（续）,,"1,2,2-三氯五氟丙烷","1,2,2-Trichloropentafluoropropane",1599-41-3,1599-41-3,,,,,,,,,0,1
1411,Annex I Compilation of Individual Substances,（12）Ozone Depleting Substances（续）,,二氯六氟丙烷（CFC-216）,Dichlorohexafluoropropane,661-97-2,661-97-2,,,,,,,,,0,1
1412,Annex I Compilation of Individual Substances,（12）Ozone Depleting Substances（续）,,"1,3-二氯六氟丙烷（CFC-216ca）","1,3-dichloro-1,1,2,2,3,3-hexafluoropropane",662-01-1,662-01-1,,,,,,,,,0,1
1413,Annex I Compilation of Individual Substances,（12）Ozone Depleting Substances（续）,,一氯七氟丙烷（CFC-217）,Monochloroheptafluoropropane,422-86-6,422-86-6,,,,,,,,,0,1
1414,Annex I Compilation of Individual Substances,（12）Ozone Depleting Substances（续）,,2-氯-七氟丙烷（CFC-217ba）,"2-Chloro-1,1,1,2,3,3,3-heptafluoropropane",76-18-6,76-18-6,,,,,,,,,0,1
1415,Annex I Compilation of Individual Substances,（12）Ozone Depleting Substances（续）,,四氯化碳,Carbon tetrachloride,56-23-5,56-23-5,,,,,,,,,0,1
1416,Annex I Compilation of Individual Substances,（12）Ozone Depleting Substances（续）,,溴甲烷,Methyl bromide,74-83-9,74-83-9,,,,,,,,,0,1
1417,Annex I Compilation of Individual Substances,（12）Ozone Depleting Substances（续）,,二溴氟甲烷,Dibromofluoromethane,1868-53-7,1868-53-7,,,,,,,,,0,1
1418,Annex I Compilation of Individual Substances,（12）Ozone Depleting Substances（续）,,溴二氟甲烷,Bromodifluoromethane,1511-62-2,1511-62-2,,,,,,,,,0,1
1419,Annex I Compilation of Individual Substances,（12）Ozone Depleting Substances（续）,,溴氟甲烷,Bromofluoromethane,373-52-4,373-52-4,,,,,,,,,0,1
1420,Annex I Compilation of Individual Substances,（12）Ozone Depleting Substances（续）,,四溴氟乙烷,Tetrabromofluoroethane,353-93-5,353-93-5,,,,,,,,,0,1
1421,Annex I Compilation of Individual Substances,（12）Ozone Depleting Substances（续）,,三溴二氟乙烷,Tribromodifluoroethane,353-97-9,353-97-9,,,,,,,,,0,1
1422,Annex I Compilation of Individual Substances,（12）Ozone Depleting Substances（续）,,"1,2-二溴-1,1,2-三氟乙烷","1,2-Dibromo-1,1,2-trifluoroethane",354-04-1,354-04-1,,,,,,,,,0,1
1423,Annex I Compilation of Individual Substances,（12）Ozone Depleting Substances（续）,,溴四氟乙烷,Bromotetrafluoroethane,354-07-4,354-07-4,,,,,,,,,0,1
1424,Annex I Compilation of Individual Substances,（12）Ozone Depleting Substances（续）,,三溴氟乙烷,Tribromofluoroethane,172912-75-3,172912-75-3,,,,,,,,,0,1
1425,Annex I Compilation of Individual Substances,（12）Ozone Depleting Substances（续）,,"1,2-二溴-1,1-二氟乙烷","1,2-Dibromo-1,1-difluoroethane",75-82-1,75-82-1,,,,,,,,,0,1
1426,Annex I Compilation of Individual Substances,（12）Ozone Depleting Substances（续）,,"1-溴-2,2,2-三氟乙烷","1-Bromo-2,2,2-trifluoroethane",421-06-7,421-06-7,,,,,,,,,0,1
1427,Annex I Compilation of Individual Substances,（12）Ozone Depleting Substances（续）,,"1,2-二溴氟乙烷","1,2-Dibromofluoroethane",358-97-4,358-97-4,,,,,,,,,0,1
1428,Annex I Compilation of Individual Substances,（12）Ozone Depleting Substances（续）,,"2-溴-1,1-二氟乙烷",2-Bromo-1-1-difluoroethane,359-07-9,359-07-9,,,,,,,,,0,1
1429,Annex I Compilation of Individual Substances,（12）Ozone Depleting Substances（续）,,1-溴-2-氟乙烷,1-Bromo-2-fluoroethane,762-49-2,762-49-2,,,,,,,,,0,1
1430,Annex I Compilation of Individual Substances,（12）Ozone Depleting Substances（续）,,三溴四氟丙烷,Tribromotetrafluoropropane,666-48-8,666-48-8,,,,,,,,,0,1
1431,Annex I Compilation of Individual Substances,（12）Ozone Depleting Substances（续）,,二溴五氟丙烷,Dibromopentafluoropropane,431-78-7,431-78-7,,,,,,,,,0,1
1432,Annex I Compilation of Individual Substances,（12）Ozone Depleting Substances（续）,,溴六氟丙烷,Bromohexafluoropropane,2252-79-1,2252-79-1,,,,,,,,,0,1
1433,Annex I Compilation of Individual Substances,（12）Ozone Depleting Substances（续）,,四溴二氟丙烷,Tetrabromodifluoropropane,148875-98-3,148875-98-3,,,,,,,,,0,1
1434,Annex I Compilation of Individual Substances,（12）Ozone Depleting Substances（续）,,三溴三氟丙烷,Tribromotrifluoropropane,431-48-1,431-48-1,,,,,,,,,0,1
1435,Annex I Compilation of Individual Substances,（12）Ozone Depleting Substances（续）,,二溴四氟丙烷,Dibromotetrafluoropropane,460-86-6,460-86-6,,,,,,,,,0,1
1436,Annex I Compilation of Individual Substances,（12）Ozone Depleting Substances（续）,,溴五氟丙烷,Bromopentafluoropropane,460-88-8,460-88-8,,,,,,,,,0,1
1437,Annex I Compilation of Individual Substances,（12）Ozone Depleting Substances（续）,,三溴二氟丙烷,Tribromodifluoropropane,666-25-1,666-25-1,,,,,,,,,0,1
1438,Annex I Compilation of Individual Substances,（12）Ozone Depleting Substances（续）,,二溴三氟丙烷,Dibromotrifluoropropane,460-60-6,460-60-6,,,,,,,,,0,1
1439,Annex I Compilation of Individual Substances,（12）Ozone Depleting Substances（续）,,溴四氟丙烷,Bromotetrafluoropropane,460-67-3,460-67-3,,,,,,,,,0,1
1440,Annex I Compilation of Individual Substances,（12）Ozone Depleting Substances（续）,,三溴氟丙烷,Tribromofluoropropane,75372-14-4,75372-14-4,,,,,,,,,0,1
1441,Annex I Compilation of Individual Substances,（12）Ozone Depleting Substances（续）,,二溴二氟丙烷,Dibromodifluoropropane,51584-25-9,51584-25-9,,,,,,,,,0,1
1442,Annex I Compilation of Individual Substances,（12）Ozone Depleting Substances（续）,,"3-溴-1,1,1-三氟丙烷","3-Bromo-1,1,1-trifluoropropane",460-32-2,460-32-2,,,,,,,,,0,1
1443,Annex I Compilation of Individual Substances,（12）Ozone Depleting Substances（续）,,"1,2-二溴-3-氟丙烷","1,2-Dibromo-3-fluoropropane",453-00-9,453-00-9,,,,,,,,,0,1
1444,Annex I Compilation of Individual Substances,（12）Ozone Depleting Substances（续）,,一溴二氟丙烷,Monobromodifluoropropane,461-49-4,461-49-4,,,,,,,,,0,1
1445,Annex I Compilation of Individual Substances,（12）Ozone Depleting Substances（续）,,1-溴-2-氟丙烷,1-Bromo-2-fluoropropane,1871-72-3,1871-72-3,,,,,,,,,0,1
1446,Annex I Compilation of Individual Substances,（12）Ozone Depleting Substances（续）,,氯溴甲烷,Chlorobromomethane,74-97-5,74-97-5,,,,,,,,,0,1
1447,Annex I Compilation of Individual Substances,（12）Ozone Depleting Substances（续）,,II类消耗臭氧层物质,Ozone depleting substances (CFCs) class II,Several,蒙特利尔议定书附件B组I (CFC-13/114等),,,,,,,,,0,1
1448,Annex I Compilation of Individual Substances,（12）Ozone Depleting Substances（续）,,二溴二氟甲烷,Dibromodifluoromethane,75-61-6,75-61-6,,,,,,,,,0,1
1449,Annex I Compilation of Individual Substances,（12）Ozone Depleting Substances（续）,,1-溴丙烷,1-Bromopropane,106-94-5,106-94-5,,,,,,,,,0,1
1450,Annex I Compilation of Individual Substances,（12）Ozone Depleting Substances（续）,,溴乙烷,Bromoethane,74-96-4,74-96-4,,,,,,,,,0,1
1451,Annex I Compilation of Individual Substances,（12）Ozone Depleting Substances（续）,,三氟碘甲烷,Trifluoroiodomethane,2314-97-8,2314-97-8,,,,,,,,,0,1
1452,Annex I Compilation of Individual Substances,（12）Ozone Depleting Substances（续）,,氯甲烷,Methyl chloride,74-87-3,74-87-3,,,,,,,,,0,1
1453,Annex I Compilation of Individual Substances,（12）Ozone Depleting Substances（续）,,二氯氟甲烷（HCFC-21）,Dichlorofluoromethane,75-43-4,75-43-4,,,,,,,,,0,1
1454,Annex I Compilation of Individual Substances,（12）Ozone Depleting Substances（续）,,一氯二氟甲烷（HCFC-22）,Monochlorodifluoromethane,75-45-6,75-45-6,,,,,,,,,0,1
1455,Annex I Compilation of Individual Substances,（12）Ozone Depleting Substances（续）,,一氯一氟甲烷（HCFC-31）,Monochlorofluoromethane,593-70-4,593-70-4,,,,,,,,,0,1
1456,Annex I Compilation of Individual Substances,（12）Ozone Depleting Substances（续）,,"1,1,2,2-四氯-1-氟乙烷","1,1,2,2-Tetrachloro-1-fluoroethane",354-14-3,354-14-3,,,,,,,,,0,1
1457,Annex I Compilation of Individual Substances,（12）Ozone Depleting Substances（续）,,"1,1,1,2-四氯-2-氟乙烷","1,1,1,2-Tetrachloro-2-fluoroethane",354-11-0,354-11-0,,,,,,,,,0,1
1458,Annex I Compilation of Individual Substances,（12）Ozone Depleting Substances（续）,,三氯二氟乙烷,Trichlorodifluoroethane,354-21-2,354-21-2,,,,,,,,,0,1
1459,Annex I Compilation of Individual Substances,（12）Ozone Depleting Substances（续）,,二氯三氟乙烷（HCFC-123）,Dichlorotrifluoroethane,306-83-2,306-83-2,,,,,,,,,0,1
1460,Annex I Compilation of Individual Substances,（12）Ozone Depleting Substances（续）,,"1,2-二氯-1,1,2-三氟乙烷","1,2-Dichloro-1,1,2-trifluoroethane",354-23-4,354-23-4,,,,,,,,,0,1
1461,Annex I Compilation of Individual Substances,（12）Ozone Depleting Substances（续）,,一氯四氟乙烷（HCFC-124）,Monochlorotetrafluoroethane,2837-89-0,2837-89-0,,,,,,,,,0,1
1462,Annex I Compilation of Individual Substances,（12）Ozone Depleting Substances（续）,,"1-氯-1,1,2,2-四氟乙烷","1-Chloro-1,1,2,2-tetrafluoroethane",354-25-6,354-25-6,,,,,,,,,0,1
1463,Annex I Compilation of Individual Substances,（12）Ozone Depleting Substances（续）,,三氯一氟乙烷,Trichlorofluoroethane,359-28-4,359-28-4,,,,,,,,,0,1
1464,Annex I Compilation of Individual Substances,（12）Ozone Depleting Substances（续）,,"1,2-二氯-1,2-二氟乙烷","1,2-Dichloro-1,2-difluoroethane",431-06-1,431-06-1,,,,,,,,,0,1
1465,Annex I Compilation of Individual Substances,（12）Ozone Depleting Substances（续）,,"1,2-二氯-1,1-二氟乙烷","1,2-Dichloro-1,1-difluoroethane",1649-08-7,1649-08-7,,,,,,,,,0,1
1466,Annex I Compilation of Individual Substances,（12）Ozone Depleting Substances（续）,,一氯三氟乙烷,Monochlorotrifluoroethane,1330-45-6,1330-45-6,,,,,,,,,0,1
1467,Annex I Compilation of Individual Substances,（12）Ozone Depleting Substances（续）,,"2-氯-1,1,1-三氟乙烷","2-Chloro-1,1,1-trifluoroethane",75-88-7,75-88-7,,,,,,,,,0,1
1468,Annex I Compilation of Individual Substances,（12）Ozone Depleting Substances（续）,,"1,2-二氯-1-氟乙烷","1,2-Dichloro-1-fluoroethane",430-57-9,430-57-9,,,,,,,,,0,1
1469,Annex I Compilation of Individual Substances,（12）Ozone Depleting Substances（续）,,二氯氟乙烷（HCFC-141b）,Dichlorofluoroethane,1717-00-6,1717-00-6,,,,,,,,,0,1
1470,Annex I Compilation of Individual Substances,（12）Ozone Depleting Substances（续）,,一氯二氟乙烷（HCFC-142b）,Monochlorodifluoroethane,75-68-3,75-68-3,,,,,,,,,0,1
1471,Annex I Compilation of Individual Substances,（12）Ozone Depleting Substances（续）,,1-氯-1-氟乙烷,1-Chloro-1-fluoroethane,1615-75-4,1615-75-4,,,,,,,,,0,1
1472,Annex I Compilation of Individual Substances,（12）Ozone Depleting Substances（续）,,六氯一氟丙烷,Hexachlorofluoropropane,29470-94-8,29470-94-8,,,,,,,,,0,1
1473,Annex I Compilation of Individual Substances,（12）Ozone Depleting Substances（续）,,五氯二氟丙烷,Pentachlorodifluoropropane,134237-36-8,134237-36-8,,,,,,,,,0,1
1474,Annex I Compilation of Individual Substances,（12）Ozone Depleting Substances（续）,,"1,1,1,3,3-五氯-2,2-二氟丙烷","1,1,1,3,3-Pentachloro-2,2-difluoropropane",422-49-1,422-49-1,,,,,,,,,0,1
1475,Annex I Compilation of Individual Substances,（12）Ozone Depleting Substances（续）,,四氯三氟丙烷,Tetrachlorotrifluoropropane,29470-95-9,29470-95-9,,,,,,,,,0,1
1476,Annex I Compilation of Individual Substances,（12）Ozone Depleting Substances（续）,,"1,1,3,3-四氯-1,2,2-三氟丙烷","1,1,3,3-Tetrachloro-1,2,2-trifluoropropane",422-52-6,422-52-6,,,,,,,,,0,1
1477,Annex I Compilation of Individual Substances,（12）Ozone Depleting Substances（续）,,三氯四氟丙烷,Trichlorotetrafluoropropane,127564-91-4,127564-91-4,,,,,,,,,0,1
1478,Annex I Compilation of Individual Substances,（12）Ozone Depleting Substances（续）,,"1,3,3-三氯-1,1,2,2-四氟丙烷","1,3,3-Trichloro-1,1,2,2-tetrafluoropropane",422-54-8,422-54-8,,,,,,,,,0,1
1479,Annex I Compilation of Individual Substances,（12）Ozone Depleting Substances（续）,,二氯五氟丙烷,Dichloropentafluoropropane,—,422-56-0 (HCFC-225ca) / 507-55-1 (HCFC-225cb),,,,,,,,,0,1
1480,Annex I Compilation of Individual Substances,（12）Ozone Depleting Substances（续）,,HCFC-225ca,Dichloropentafluoropropane - HCFC-225ca,422-56-0,422-56-0,,,,,,,,,0,1
1481,Annex I Compilation of Individual Substances,（12）Ozone Depleting Substances（续）,,HCFC-225cb,Dichloropentafluoropropane - HCFC-225cb,507-55-1,507-55-1,,,,,,,,,0,1
1482,Annex I Compilation of Individual Substances,（12）Ozone Depleting Substances（续）,,一氯六氟丙烷（HCFC-226cb）,"Chloro-1,1,2,2,3,3-hexafluoropropane",422-55-9,422-55-9,,,,,,,,,0,1
1483,Annex I Compilation of Individual Substances,（13）Ozone Depleting Substances（续）+ PFAS开始,,一氯六氟丙烷（HCFC-226）,Monochlorohexafluoropropane,28987-04-4,28987-04-4,,,,,,,,,0,1
1484,Annex I Compilation of Individual Substances,（13）Ozone Depleting Substances（续）+ PFAS开始,,"2-氯-1,1,1,3,3,3-六氟丙烷","2-Chloro-1,1,1,3,3,3-hexafluoropropane",431-87-8,431-87-8,,,,,,,,,0,1
1485,Annex I Compilation of Individual Substances,（13）Ozone Depleting Substances（续）+ PFAS开始,,五氯一氟丙烷,Pentachlorofluoropropane,421-94-3,421-94-3,,,,,,,,,0,1
1486,Annex I Compilation of Individual Substances,（13）Ozone Depleting Substances（续）+ PFAS开始,,"1,1,3,3-四氯-2,2-二氟丙烷","1,1,3,3-Tetrachloro-2,2-difluoropropane",1112-14-7,1112-14-7,,,,,,,,,0,1
1487,Annex I Compilation of Individual Substances,（13）Ozone Depleting Substances（续）+ PFAS开始,,"1,1,3-三氯-1,2,2-三氟丙烷","1,1,3-Trichloro-1,2,2-trifluoropropane",421-99-8,421-99-8,,,,,,,,,0,1
1488,Annex I Compilation of Individual Substances,（13）Ozone Depleting Substances（续）+ PFAS开始,,四氯二氟丙烷,Tetrachlorodifluoropropane,460-89-9,460-89-9,,,,,,,,,0,1
1489,Annex I Compilation of Individual Substances,（13）Ozone Depleting Substances（续）+ PFAS开始,,三氯三氟丙烷,Trichlorotrifluoropropane,7125-84-0,7125-84-0,,,,,,,,,0,1
1490,Annex I Compilation of Individual Substances,（13）Ozone Depleting Substances（续）+ PFAS开始,,二氯四氟丙烷,Dichlorotetrafluoropropane,127564-83-4,127564-83-4,,,,,,,,,0,1
1491,Annex I Compilation of Individual Substances,（13）Ozone Depleting Substances（续）+ PFAS开始,,"1-氯-1,2,2,3,3-五氟丙烷","1-Chloro-1,2,2,3,3-pentafluoropropane",679-99-2,679-99-2,,,,,,,,,0,1
1492,Annex I Compilation of Individual Substances,（13）Ozone Depleting Substances（续）+ PFAS开始,,一氯五氟丙烷,Monochloropentafluoropropane,460-92-4,460-92-4,,,,,,,,,0,1
1493,Annex I Compilation of Individual Substances,（13）Ozone Depleting Substances（续）+ PFAS开始,,四氯一氟丙烷,Tetrachlorofluoropropane,134190-49-1,134190-49-1,,,,,,,,,0,1
1494,Annex I Compilation of Individual Substances,（13）Ozone Depleting Substances（续）+ PFAS开始,,三氯二氟丙烷,Trichlorodifluoropropane,127564-90-3,127564-90-3,,,,,,,,,0,1
1495,Annex I Compilation of Individual Substances,（13）Ozone Depleting Substances（续）+ PFAS开始,,二氯三氟丙烷,Dichlorotrifluoropropane,116890-51-8,116890-51-8,,,,,,,,,0,1
1496,Annex I Compilation of Individual Substances,（13）Ozone Depleting Substances（续）+ PFAS开始,,一氯四氟丙烷,Monochlorotetrafluoropropane,134190-50-4,134190-50-4,,,,,,,,,0,1
1497,Annex I Compilation of Individual Substances,（13）Ozone Depleting Substances（续）+ PFAS开始,,三氯一氟丙烷,Trichloromonofluoropropane,134190-51-5,134190-51-5,,,,,,,,,0,1
1498,Annex I Compilation of Individual Substances,（13）Ozone Depleting Substances（续）+ PFAS开始,,二氯二氟丙烷,Dichlorodifluoropropane,134190-52-6,134190-52-6,,,,,,,,,0,1
1499,Annex I Compilation of Individual Substances,（13）Ozone Depleting Substances（续）+ PFAS开始,,一氯三氟丙烷,Monochlorotrifluoropropane,134237-44-8 / 26588-23-8,134237-44-8; 26588-23-8,,,,,,,,,0,1
1500,Annex I Compilation of Individual Substances,（13）Ozone Depleting Substances（续）+ PFAS开始,,"3-氯-1,1,1-三氟丙烷","3-Chloro-1,1,1-trifluoropropane",460-35-5,460-35-5,,,,,,,,,0,1
1501,Annex I Compilation of Individual Substances,（13）Ozone Depleting Substances（续）+ PFAS开始,,二氯一氟丙烷,Dichlorofluoropropane,420-97-3,420-97-3,,,,,,,,,0,1
1502,Annex I Compilation of Individual Substances,（13）Ozone Depleting Substances（续）+ PFAS开始,,"1-氯-2,2-二氟丙烷","1-Chloro-2,2-difluoropropane",420-99-5,420-99-5,,,,,,,,,0,1
1503,Annex I Compilation of Individual Substances,（13）Ozone Depleting Substances（续）+ PFAS开始,,2-氯-2-氟丙烷,2-Chloro-2-fluoropropane,420-44-0,420-44-0,,,,,,,,,0,1
1504,Annex I Compilation of Individual Substances,（13）Ozone Depleting Substances（续）+ PFAS开始,,一氯二氟丙烷,Monochlorodifluoropropane,421-02-3,421-02-3,,,,,,,,,0,1
1505,Annex I Compilation of Individual Substances,（13）Ozone Depleting Substances（续）+ PFAS开始,,一氯一氟丙烷,Monochlorofluoropropane,430-55-7,430-55-7,,,,,,,,,0,1
1506,Annex I Compilation of Individual Substances,（13）Ozone Depleting Substances（续）+ PFAS开始,,非聚合物和非染料PFAS,PFAS other than polymers and dyes,Several,PFAS非聚合物小分子化合物类目管控,,,,,,,,,0,1
1507,Annex I Compilation of Individual Substances,（13）Ozone Depleting Substances（续）+ PFAS开始,,PFAS反应混合物,Reaction mass of … fluorinated morpholines,—,全氟氟化吗啉等反应混合物 (EC 473-390-7),,,,,,,,,0,1
1508,Annex I Compilation of Individual Substances,（13）Ozone Depleting Substances（续）+ PFAS开始,,十三氟辛基三乙氧基硅烷,Tridecafluorooctyltriethoxysilane,51851-37-7,51851-37-7,,,,,,,,,0,1
1509,Annex I Compilation of Individual Substances,（13）Ozone Depleting Substances（续）+ PFAS开始,,十三氟辛基三甲氧基硅烷,Tridecafluorooctyltrimethoxysilane,85857-16-5,85857-16-5,,,,,,,,,0,1
1510,Annex I Compilation of Individual Substances,（13）Ozone Depleting Substances（续）+ PFAS开始,,全氟丁酸及其盐,Perfluorobutanoic acid and its salts,Several,375-22-4 (PFBA母体) / 2218-54-4 (钠盐),,,,,,,,,0,1
1511,Annex I Compilation of Individual Substances,（13）Ozone Depleting Substances（续）+ PFAS开始,,全氟丁酸,Perfluorobutanoic acid,375-22-4,375-22-4,,,,,,,,,0,1
1512,Annex I Compilation of Individual Substances,（13）Ozone Depleting Substances（续）+ PFAS开始,,全氟丁酸相关物质,Perfluorobutanoic acid related substances,Several,375-22-4 (PFBA前体与衍生物),,,,,,,,,0,1
1513,Annex I Compilation of Individual Substances,（13）Ozone Depleting Substances（续）+ PFAS开始,,4:2氟调聚醇,4:2 Fluorotelomer alcohol (4:2 FTOH),2043-47-2,2043-47-2,,,,,,,,,0,1
1514,Annex I Compilation of Individual Substances,（13）Ozone Depleting Substances（续）+ PFAS开始,,全氟己酸及其盐,Perfluorohexanoic acid and its salts,Several,307-24-4 (PFHxA母体) / 2923-26-4 (钠盐),,,,,,,,,0,1
1515,Annex I Compilation of Individual Substances,（13）Ozone Depleting Substances（续）+ PFAS开始,,全氟己酸（PFHxA）,Perfluorohexanoic acid,307-24-4,307-24-4,,,,,,,,,0,1
1516,Annex I Compilation of Individual Substances,（13）Ozone Depleting Substances（续）+ PFAS开始,,十一氟己酸钠,Sodium undecafluorohexanoate,2923-26-4,2923-26-4,,,,,,,,,0,1
1517,Annex I Compilation of Individual Substances,（13）Ozone Depleting Substances（续）+ PFAS开始,,十一氟己酸铵,Ammonium undecafluorohexanoate,21615-47-4,21615-47-4,,,,,,,,,0,1
1518,Annex I Compilation of Individual Substances,（13）Ozone Depleting Substances（续）+ PFAS开始,,全氟己酸相关物质,Perfluorohexanoic acid related substances,Several,307-24-4 (PFHxA前体与衍生物),,,,,,,,,0,1
1519,Annex I Compilation of Individual Substances,（13）Ozone Depleting Substances（续）+ PFAS开始,,十三氟辛烷磺酸,"1-Octanesulfonic acid, 3,3,4,4,5,5,6,6,7,7,8,8,8-tridecafluoro-",27619-97-2,27619-97-2,,,,,,,,,0,1
1520,Annex I Compilation of Individual Substances,（13）Ozone Depleting Substances（续）+ PFAS开始,,6:2氟调聚醇,6:2 Fluorotelomer alcohol,647-42-7,647-42-7,,,,,,,,,0,1
1521,Annex I Compilation of Individual Substances,（13）Ozone Depleting Substances（续）+ PFAS开始,,全氟己基乙烯,Perfluorohexylethene,25291-17-2,25291-17-2,,,,,,,,,0,1
1522,Annex I Compilation of Individual Substances,（13）Ozone Depleting Substances（续）+ PFAS开始,,十三氟-1-碘己烷,Tridecafluoro-1-iodohexane,355-43-1,355-43-1,,,,,,,,,0,1
1523,Annex I Compilation of Individual Substances,（13）Ozone Depleting Substances（续）+ PFAS开始,,"1H,1H,2H,2H-全氟辛基碘","1H,1H,2H,2H-Perfluorooctyliodide",2043-57-4,2043-57-4,,,,,,,,,0,1
1524,Annex I Compilation of Individual Substances,（13）Ozone Depleting Substances（续）+ PFAS开始,,十三氟辛基甲基丙烯酸酯,"3,3,4,4,5,5,6,6,7,7,8,8,8-tridecafluorooctyl methacrylate",2144-53-8,2144-53-8,,,,,,,,,0,1
1525,Annex I Compilation of Individual Substances,（13）Ozone Depleting Substances（续）+ PFAS开始,,十三氟辛基丙烯酸酯,"3,3,4,4,5,5,6,6,7,7,8,8,8-tridecafluorooctyl acrylate",17527-29-6,17527-29-6,,,,,,,,,0,1
1526,Annex I Compilation of Individual Substances,（13）Ozone Depleting Substances（续）+ PFAS开始,,全氟己基乙醇类,Perfluorohexylethyl alcohols,—,647-42-7 (6:2 氟调聚醇 FTOH),,,,,,,,,0,1
1527,Annex I Compilation of Individual Substances,（13）Ozone Depleting Substances（续）+ PFAS开始,,全氟己基乙烯类,Perfluorohexylethyl olefins,—,25291-17-2 (6:2 氟调聚烯烃),,,,,,,,,0,1
1528,Annex I Compilation of Individual Substances,（13）Ozone Depleting Substances（续）+ PFAS开始,,全氟己基乙基卤化物,Perfluorohexylethyl halides,—,2043-47-2 (6:2 氟调聚碘代烷),,,,,,,,,0,1
1529,Annex I Compilation of Individual Substances,（14） PFAS（续）,,全氟己基乙基丙烯酸酯或甲基丙烯酸酯,Perfluorohexylethyl acrylates or methacrylates,—,17527-29-6 (6:2 FTA) / 2144-53-8,,,,,,,,,0,1
1530,Annex I Compilation of Individual Substances,（14） PFAS（续）,,全氟庚酸及其盐,Perfluoroheptanoic acid and its salts,Several,375-85-9 / 20109-59-5,,,,,,,,,0,1
1531,Annex I Compilation of Individual Substances,（14） PFAS（续）,,全氟庚酸,Perfluoroheptanoic acid,375-85-9,375-85-9,,,,,,,,,0,1
1532,Annex I Compilation of Individual Substances,（14） PFAS（续）,,全氟庚酸钾,Potassium perfluoroheptanoate,21049-36-5,21049-36-5,,,,,,,,,0,1
1533,Annex I Compilation of Individual Substances,（14） PFAS（续）,,全氟辛酸及其盐,Perfluorooctanoic acid and its salts,Several,335-67-1 (PFOA母体) / 3825-26-1 (铵盐),,,,,,,,,0,1
1534,Annex I Compilation of Individual Substances,（14） PFAS（续）,,全氟辛酸（PFOA）,Perfluorooctanoic acid,335-67-1,335-67-1,,,,,,,,,0,1
1535,Annex I Compilation of Individual Substances,（14） PFAS（续）,,全氟辛酸铵,Ammonium pentadecafluoro octanoate,3825-26-1,3825-26-1,,,,,,,,,0,1
1536,Annex I Compilation of Individual Substances,（14） PFAS（续）,,全氟辛酸钠,"Pentadecafluorooctanoic acid, sodium salt",335-95-5,335-95-5,,,,,,,,,0,1
1537,Annex I Compilation of Individual Substances,（14） PFAS（续）,,全氟辛酸钾,Potassium perfluorooctanoate,2395-00-8,2395-00-8,,,,,,,,,0,1
1538,Annex I Compilation of Individual Substances,（14） PFAS（续）,,全氟辛酸银,Silver(1+) perfluorooctanoate,335-93-3,335-93-3,,,,,,,,,0,1
1539,Annex I Compilation of Individual Substances,（14） PFAS（续）,,全氟辛酸相关物质,Perfluorooctanoic acid related substances,Several,335-67-1 (PFOA前体与衍生物),,,,,,,,,0,1
1540,Annex I Compilation of Individual Substances,（14） PFAS（续）,,全氟辛酸甲酯,Methyl perfluorooctanoate,376-27-2,376-27-2,,,,,,,,,0,1
1541,Annex I Compilation of Individual Substances,（14） PFAS（续）,,全氟辛酸乙酯,Ethyl perfluorooctanoate,3108-24-5,3108-24-5,,,,,,,,,0,1
1542,Annex I Compilation of Individual Substances,（14） PFAS（续）,,8:2氟调聚醇,8:2 Fluorotelomer alcohol,678-39-7,678-39-7,,,,,,,,,0,1
1543,Annex I Compilation of Individual Substances,（14） PFAS（续）,,全氟辛基乙烯,Perfluorooctylethene,21652-58-4,21652-58-4,,,,,,,,,0,1
1544,Annex I Compilation of Individual Substances,（14） PFAS（续）,,十七氟-1-碘辛烷,Heptadecafluoro-1-iodooctane,507-63-1,507-63-1,,,,,,,,,0,1
1545,Annex I Compilation of Individual Substances,（14） PFAS（续）,,"1H,1H,2H,2H-全氟癸基碘","1H,1H,2H,2H-Perfluorodecyliodide",2043-53-0,2043-53-0,,,,,,,,,0,1
1546,Annex I Compilation of Individual Substances,（14） PFAS（续）,,十五氟辛酰氟,Pentadecafluorooctyl fluoride,335-66-0,335-66-0,,,,,,,,,0,1
1547,Annex I Compilation of Individual Substances,（14） PFAS（续）,,十七氟癸基甲基丙烯酸酯,"2-Propenoic acid, 2-methyl-, … heptadecafluorodecyl ester",1996-88-9,1996-88-9,,,,,,,,,0,1
1548,Annex I Compilation of Individual Substances,（14） PFAS（续）,,十七氟癸基丙烯酸酯,"2-Propenoic acid, … heptadecafluorodecyl ester",27905-45-9,27905-45-9,,,,,,,,,0,1
1549,Annex I Compilation of Individual Substances,（14） PFAS（续）,,全氟辛基乙醇类,Perfluorooctylethyl alcohols,—,678-39-7 (8:2 氟调聚醇 FTOH),,,,,,,,,0,1
1550,Annex I Compilation of Individual Substances,（14） PFAS（续）,,全氟辛基乙烯类,Perfluorooctylethyl olefins,—,21652-58-4 (8:2 氟调聚烯烃),,,,,,,,,0,1
1551,Annex I Compilation of Individual Substances,（14） PFAS（续）,,全氟辛基乙基卤化物,Perfluorooctylethyl halides,—,2043-53-0 (8:2 氟调聚碘代烷),,,,,,,,,0,1
1552,Annex I Compilation of Individual Substances,（14） PFAS（续）,,全氟辛基乙基丙烯酸酯或甲基丙烯酸酯,Perfluorooctylethyl acrylate or methacrylate,—,27905-45-9 (8:2 FTA) / 1996-88-9,,,,,,,,,0,1
1553,Annex I Compilation of Individual Substances,（14） PFAS（续）,,C9-C21全氟羧酸及其盐,Perfluorocarboxylic acids (C9-C21) and its salts,Several,375-95-1 (C9 PFNA基准) / 335-76-2 (C10 PFDA),,,,,,,,,0,1
1554,Annex I Compilation of Individual Substances,（14） PFAS（续）,,全氟壬酸,Perfluorononanoic acid,375-95-1,375-95-1,,,,,,,,,0,1
1555,Annex I Compilation of Individual Substances,（14） PFAS（续）,,全氟壬酸钠,Sodium salts of perfluorononan-1-oic-acid,21049-39-8,21049-39-8,,,,,,,,,0,1
1556,Annex I Compilation of Individual Substances,（14） PFAS（续）,,全氟壬酸铵,Ammonium salts of perfluorononan-1-oic-acid,4149-60-4,4149-60-4,,,,,,,,,0,1
1557,Annex I Compilation of Individual Substances,（14） PFAS（续）,,全氟癸酸,Perfluorodecanoic acid,335-76-2,335-76-2,,,,,,,,,0,1
1558,Annex I Compilation of Individual Substances,（14） PFAS（续）,,全氟癸酸铵,Ammonium nonadecafluoro-decanoate,3108-42-7,3108-42-7,,,,,,,,,0,1
1559,Annex I Compilation of Individual Substances,（14） PFAS（续）,,全氟癸酸钠,"Decanoic acid, nonadecafluoro-, sodium salt",3830-45-3,3830-45-3,,,,,,,,,0,1
1560,Annex I Compilation of Individual Substances,（14） PFAS（续）,,全氟十一酸,Perfluoroundecanoic acid,2058-94-8,2058-94-8,,,,,,,,,0,1
1561,Annex I Compilation of Individual Substances,（14） PFAS（续）,,全氟十二酸,Perfluorododecanoic acid,307-55-1,307-55-1,,,,,,,,,0,1
1562,Annex I Compilation of Individual Substances,（14） PFAS（续）,,全氟十三酸,Perfluorotridecanoic acid,72629-94-8,72629-94-8,,,,,,,,,0,1
1563,Annex I Compilation of Individual Substances,（14） PFAS（续）,,全氟十四酸,Perfluorotetradecanoic acid,376-06-7,376-06-7,,,,,,,,,0,1
1564,Annex I Compilation of Individual Substances,（14） PFAS（续）,,全氟十八酸,Perfluorooctadecanoic acid,16517-11-6,16517-11-6,,,,,,,,,0,1
1565,Annex I Compilation of Individual Substances,（14） PFAS（续）,,全氟十六酸,Perfluorohexadecanoic acid,67905-19-5,67905-19-5,,,,,,,,,0,1
1566,Annex I Compilation of Individual Substances,（14） PFAS（续）,,全氟二十酸,"Eicosanoic acid, … nonatriacontafluoro-",68310-12-3,68310-12-3,,,,,,,,,0,1
1567,Annex I Compilation of Individual Substances,（14） PFAS（续）,,七氟支链癸酸衍生物,"3,3,4,4,5,5,6,6,7,7,8,8,9,9,10,10,10-Heptadecafluorodecanoic acid",27854-31-5,27854-31-5,,,,,,,,,0,1
1568,Annex I Compilation of Individual Substances,（14） PFAS（续）,,支链全氟辛酸异构体,"2,2,3,4,4,5,5,6,6,7,8,8,8-Tridecafluoro-3,7-bis(trifluoromethyl)octanoic acid",172155-07-6,172155-07-6,,,,,,,,,0,1
1569,Annex I Compilation of Individual Substances,（14） PFAS（续）,,七氟支链十一酸衍生物,"4,4,5,5,6,6,7,7,8,8,9,9,10,10,11,11,11-Heptadecafluoroundecanoic acid",34598-33-9,34598-33-9,,,,,,,,,0,1
1570,Annex I Compilation of Individual Substances,（14） PFAS（续）,,全氟十五酸,Perfluoropentadecanoic acid,141074-63-7,141074-63-7,,,,,,,,,0,1
1571,Annex I Compilation of Individual Substances,（14） PFAS（续）,,全氟十七酸,Perfluoroheptadecanoic acid,57475-95-3,57475-95-3,,,,,,,,,0,1
1572,Annex I Compilation of Individual Substances,（14） PFAS（续）,,全氟十九酸,Perfluorononadecanoic acid,133921-38-7,133921-38-7,,,,,,,,,0,1
1573,Annex I Compilation of Individual Substances,（14） PFAS（续）,,C9-C21全氟羧酸相关物质,Perfluorocarboxylic acid (C9-C21) related substances,Several,375-95-1 (C9-C21 PFCAs前体与衍生物),,,,,,,,,0,1
1574,Annex I Compilation of Individual Substances,（14） PFAS（续）,,全氟十二烷基乙醇,Perfluorododecylethanol,39239-77-5,39239-77-5,,,,,,,,,0,1
1575,Annex I Compilation of Individual Substances,（14） PFAS（续）,,10:2氟调聚醇,10:2 Fluorotelomer alcohol,865-86-1,865-86-1,,,,,,,,,0,1
1576,Annex I Compilation of Individual Substances,（15） PFAS（多氟和全氟烷基物质）,,二十一氟-12-碘十二烷,"Dodecane, 1,1,1,2,2,3,3,4,4,5,5,6,6,7,7,8,8,9,9,10,10-heneicosafluoro-12-iodo-",2043-54-1,2043-54-1,,,,,,,,,0,1
1577,Annex I Compilation of Individual Substances,（15） PFAS（多氟和全氟烷基物质）,,二十一氟十二烷基甲基丙烯酸酯,"2-Propenoic acid, 2-methyl-, … heneicosafluorododecyl ester",2144-54-9,2144-54-9,,,,,,,,,0,1
1578,Annex I Compilation of Individual Substances,（15） PFAS（多氟和全氟烷基物质）,,二十一氟十二烷基丙烯酸酯,"2-Propenoic acid, … heneicosafluorododecyl ester",17741-60-5,17741-60-5,,,,,,,,,0,1
1579,Annex I Compilation of Individual Substances,（15） PFAS（多氟和全氟烷基物质）,,二十五氟-14-碘十四烷,"Tetradecane, … pentacosafluoro-14-iodo-",30046-31-2,30046-31-2,,,,,,,,,0,1
1580,Annex I Compilation of Individual Substances,（15） PFAS（多氟和全氟烷基物质）,,支链全氟烷基化合物,"Perfluoroalkyl compounds, branched",Several,支链全氟烷基化合物类目管控,,,,,,,,,0,1
1581,Annex I Compilation of Individual Substances,（15） PFAS（多氟和全氟烷基物质）,,"2,3,3,3-四氟-2-(七氟丙氧基)丙酸及其盐和酰卤","2,3,3,3-tetrafluoro-2-(heptafluoropropoxy)propionic acid, its salts and its acyl halides",—,13252-13-6 / 62037-80-3,,,,,,,,,0,1
1582,Annex I Compilation of Individual Substances,（15） PFAS（多氟和全氟烷基物质）,,"2,3,3,3-四氟-2-(七氟丙氧基)丙酸","2,3,3,3-tetrafluoro-2-(heptafluoro-propoxy) propionic acid",13252-13-6,13252-13-6,,,,,,,,,0,1
1583,Annex I Compilation of Individual Substances,（15） PFAS（多氟和全氟烷基物质）,,"2,3,3,3-四氟-2-(七氟丙氧基)丙酸钾","Potassium 2,3,3,3-tetrafluoro-2-(heptafluoro-propoxy) propionate",67118-55-2,67118-55-2,,,,,,,,,0,1
1584,Annex I Compilation of Individual Substances,（15） PFAS（多氟和全氟烷基物质）,,"2,3,3,3-四氟-2-(七氟丙氧基)丙酸铵","Ammonium 2,3,3,3-tetrafluoro-2-(heptafluoropropoxy)propanoate",62037-80-3,62037-80-3,,,,,,,,,0,1
1585,Annex I Compilation of Individual Substances,（15） PFAS（多氟和全氟烷基物质）,,"2,3,3,3-四氟-2-(七氟丙氧基)丙酰氟","2,3,3,3-tetrafluoro-2-(heptafluoro-propoxy) propionyl fluoride",2062-98-8,2062-98-8,,,,,,,,,0,1
1586,Annex I Compilation of Individual Substances,（15） PFAS（多氟和全氟烷基物质）,,全氟丁烷磺酸及其盐,Perfluorobutane sulfonic acid and its salts,Several,375-73-5 / 29420-49-3,,,,,,,,,0,1
1587,Annex I Compilation of Individual Substances,（15） PFAS（多氟和全氟烷基物质）,,全氟丁烷磺酸,Perfluorobutane sulfonic acid,375-73-5,375-73-5,,,,,,,,,0,1
1588,Annex I Compilation of Individual Substances,（15） PFAS（多氟和全氟烷基物质）,,全氟丁烷磺酸盐,Perfluorobutanesulfonate,45187-15-3,45187-15-3,,,,,,,,,0,1
1589,Annex I Compilation of Individual Substances,（15） PFAS（多氟和全氟烷基物质）,,全氟丁烷磺酸及其衍生物,Perfluorobutane sulfonic acid and its derivatives,Several,375-73-5 / 29420-49-3,,,,,,,,,0,1
1590,Annex I Compilation of Individual Substances,（15） PFAS（多氟和全氟烷基物质）,,全氟丁烷磺酰胺,Perfluorobutanesulfonamide,30334-69-1,30334-69-1,,,,,,,,,0,1
1591,Annex I Compilation of Individual Substances,（15） PFAS（多氟和全氟烷基物质）,,全氟丁烷磺酰胺乙醇类,Perfluorobutane sulfon amido ethanols,—,34454-97-2 (MeFBSE) / 34449-89-3,,,,,,,,,0,1
1592,Annex I Compilation of Individual Substances,（15） PFAS（多氟和全氟烷基物质）,,全氟丁烷磺酰胺乙基(甲基)丙烯酸酯类,Perfluorobutane sulfon amidoethyl (meth)acrylates,—,67584-55-8 (MeFBSEA),,,,,,,,,0,1
1593,Annex I Compilation of Individual Substances,（15） PFAS（多氟和全氟烷基物质）,,全氟丁烷磺酰卤,Perfluorobutane sulfon halides,—,375-72-4 (全氟丁基磺酰氟 PFBSF),,,,,,,,,0,1
1594,Annex I Compilation of Individual Substances,（15） PFAS（多氟和全氟烷基物质）,,全氟己烷磺酸及其盐,Perfluorohexane sulfonic acid and its salts,Several,355-46-4 / 3871-99-6,,,,,,,,,0,1
1595,Annex I Compilation of Individual Substances,（15） PFAS（多氟和全氟烷基物质）,,全氟己烷磺酸,Perfluorohexane sulfonic acid,355-46-4,355-46-4,,,,,,,,,0,1
1596,Annex I Compilation of Individual Substances,（15） PFAS（多氟和全氟烷基物质）,,全氟己烷磺酸盐,Perfluorohexane sulfonate,108427-53-8,108427-53-8,,,,,,,,,0,1
1597,Annex I Compilation of Individual Substances,（15） PFAS（多氟和全氟烷基物质）,,全氟己烷-1-磺酸钾,Potassium perfluorohexane-1-sulphonate,3871-99-6,3871-99-6,,,,,,,,,0,1
1598,Annex I Compilation of Individual Substances,（15） PFAS（多氟和全氟烷基物质）,,全氟己烷-1-磺酸铵,Ammonium perfluorohexane-1-sulphonate,68259-08-5,68259-08-5,,,,,,,,,0,1
1599,Annex I Compilation of Individual Substances,（15） PFAS（多氟和全氟烷基物质）,,十三氟己烷磺酸二乙醇胺盐,"Tridecafluorohexanesulphonic acid, compound with 2,2'-iminodiethanol (1:1)",70225-16-0,70225-16-0,,,,,,,,,0,1
1600,Annex I Compilation of Individual Substances,（15） PFAS（多氟和全氟烷基物质）,,十三氟己烷磺酸锂,1-Hexanesulfonic acid… lithium salt (1:1),55120-77-9,55120-77-9,,,,,,,,,0,1
1601,Annex I Compilation of Individual Substances,（15） PFAS（多氟和全氟烷基物质）,,十三氟己烷磺酸锌盐,1-Hexanesulfonic acid… zinc salt,70136-72-0,70136-72-0,,,,,,,,,0,1
1602,Annex I Compilation of Individual Substances,（15） PFAS（多氟和全氟烷基物质）,,十三氟己烷磺酸三乙胺盐,"1-Hexanesulfonic acid… compd. with N,N-diethylethanamine (1:1)",72033-41-1,72033-41-1,,,,,,,,,0,1
1603,Annex I Compilation of Individual Substances,（15） PFAS（多氟和全氟烷基物质）,,十三氟己烷磺酸钠,1-Hexanesulfonic acid… sodium salt,82382-12-5,82382-12-5,,,,,,,,,0,1
1604,Annex I Compilation of Individual Substances,（15） PFAS（多氟和全氟烷基物质）,,双(叔丁基苯基)碘鎓十三氟己烷磺酸盐,"Iodonium, bis[(1,1-dimethylethyl)phenyl]-, salt with … tridecafluoro-1-hexanesulfonic acid",866621-50-3,866621-50-3,,,,,,,,,0,1
1605,Annex I Compilation of Individual Substances,（15） PFAS（多氟和全氟烷基物质）,,(4-甲基苯基)二苯基锍十三氟己烷磺酸盐,"Sulfonium, (4-methylphenyl)diphenyl-, … tridecafluoro-1-hexanesulfonate",910606-39-2,910606-39-2,,,,,,,,,0,1
1606,Annex I Compilation of Individual Substances,（15） PFAS（多氟和全氟烷基物质）,,可聚合二苯基锍十三氟己烷磺酸盐,"Sulfonium, [4-[(2-methyl-1-oxo-2-propenyl)oxy]phenyl]diphenyl-…",911027-69-5,911027-69-5,,,,,,,,,0,1
1607,Annex I Compilation of Individual Substances,（15） PFAS（多氟和全氟烷基物质）,,十三氟己烷磺酸铯,"… tridecafluoro-, cesium salt",92011-17-1,92011-17-1,,,,,,,,,0,1
1608,Annex I Compilation of Individual Substances,（15） PFAS（多氟和全氟烷基物质）,,四丁基铵十三氟己烷磺酸盐,"1-Butanaminium, N,N,N-tributyl-, salt with … tridecafluoro-1-hexanesulfonic acid",108427-54-9,108427-54-9,,,,,,,,,0,1
1609,Annex I Compilation of Individual Substances,（15） PFAS（多氟和全氟烷基物质）,,四乙基铵十三氟己烷磺酸盐,"Ethanaminium, N,N,N-triethyl-, salt with … tridecafluoro-1-hexanesulfonic acid",108427-55-0,108427-55-0,,,,,,,,,0,1
1610,Annex I Compilation of Individual Substances,（15） PFAS（多氟和全氟烷基物质）,,十三氟己烷磺酸吡咯烷盐,… compd. with pyrrolidine (1:1),1187817-57-7,1187817-57-7,,,,,,,,,0,1
1611,Annex I Compilation of Individual Substances,（15） PFAS（多氟和全氟烷基物质）,,β-环糊精十三氟己烷磺酸盐复合物,"Beta-Cyclodextrin, compd. with … tridecafluoro-1-hexanesulfonic acid ion",1329995-45-0,1329995-45-0,,,,,,,,,0,1
1612,Annex I Compilation of Individual Substances,（15） PFAS（多氟和全氟烷基物质）,,γ-环糊精十三氟己烷磺酸盐复合物,"Gamma-Cyclodextrin, compd. with … tridecafluoro-1-hexanesulfonic acid ion",1329995-69-8,1329995-69-8,,,,,,,,,0,1
1613,Annex I Compilation of Individual Substances,（15） PFAS（多氟和全氟烷基物质）,,四甲基铵十三氟己烷磺酸盐,"Methanaminium, N,N,N-trimethyl-, salt with … tridecafluoro-1-hexanesulfonic acid",189274-31-5,189274-31-5,,,,,,,,,0,1
1614,Annex I Compilation of Individual Substances,（15） PFAS（多氟和全氟烷基物质）,,十三氟己烷磺酸叔丁胺盐,… compd. with 2-methyl-2-propanamine (1:1),202189-84-2,202189-84-2,,,,,,,,,0,1
1615,Annex I Compilation of Individual Substances,（15） PFAS（多氟和全氟烷基物质）,,十三氟己烷磺酸镓盐,… gallium salt,341035-71-0,341035-71-0,,,,,,,,,0,1
1616,Annex I Compilation of Individual Substances,（15） PFAS（多氟和全氟烷基物质）,,十三氟己烷磺酸钪盐,… scandium (3+) salt (3:1),350836-93-0,350836-93-0,,,,,,,,,0,1
1617,Annex I Compilation of Individual Substances,（15） PFAS（多氟和全氟烷基物质）,,三[4-(叔丁基)苯基]锍十三氟己烷磺酸盐,"Sulfonium, tris[4-(1,1-dimethylethyl)phenyl]-, salt with …",425670-70-8,425670-70-8,,,,,,,,,0,1
1618,Annex I Compilation of Individual Substances,（15） PFAS（多氟和全氟烷基物质）,,"双[4-(1,1-二甲基丙基)苯基]碘鎓十三氟己烷磺酸盐","Iodonium, bis[4-(1,1-dimethylpropyl)phenyl]-, salt with …",421555-74-0,421555-74-0,,,,,,,,,0,1
1619,Annex I Compilation of Individual Substances,（15） PFAS（多氟和全氟烷基物质）,,含硫双苯基双二苯基锍十三氟己烷磺酸盐,"Sulfonium, (thiodi-4,1-phenylene)bis[diphenyl-…",421555-73-9,421555-73-9,,,,,,,,,0,1
1620,Annex I Compilation of Individual Substances,（15） PFAS（多氟和全氟烷基物质）,,十三氟己烷磺酸钕盐,… neodymium (3+) salt (3:1),41184-65-0,41184-65-0,,,,,,,,,0,1
1621,Annex I Compilation of Individual Substances,（15） PFAS（多氟和全氟烷基物质）,,十三氟己烷磺酸钇盐,… yttrium (3+) salt (3:1),41242-12-0,41242-12-0,,,,,,,,,0,1
1622,Annex I Compilation of Individual Substances,（15） PFAS（多氟和全氟烷基物质）,,可聚合二苯基锍十三氟己烷磺酸盐,"Sulfonium, [4-[(2-methyl-1-oxo-2-propen-1-yl)oxy]phenyl]diphenyl-…",911027-68-4,911027-68-4,,,,,,,,,0,1
1623,Annex I Compilation of Individual Substances,（15） PFAS（多氟和全氟烷基物质）,,稠环氧硫鎓十三氟己烷磺酸盐,"Dibenzo[k,n][1,4,7,10,13]tetraoxathiacyclopentadecinium…",928049-42-7,928049-42-7,,,,,,,,,0,1
1624,Annex I Compilation of Individual Substances,（15） PFAS（多氟和全氟烷基物质）,,苄基三苯基鏻十三氟己烷磺酸盐,"Phosphonium, triphenyl(phenylmethyl)-…",1000597-52-3,1000597-52-3,,,,,,,,,0,1
1625,Annex I Compilation of Individual Substances,（15） PFAS（多氟和全氟烷基物质）,,季铵型染料十三氟己烷磺酸盐,"Ethanaminium, N-[4-[[4-(diethylamino)phenyl]…",1310480-24-0,1310480-24-0,,,,,,,,,0,1
1626,Annex I Compilation of Individual Substances,（15） PFAS（多氟和全氟烷基物质）,,季铵型染料十三氟己烷磺酸盐,"Methanaminium, N-[4-[[4-(dimethylamino)phenyl]…",1310480-27-3,1310480-27-3,,,,,,,,,0,1
1627,Annex I Compilation of Individual Substances,（15） PFAS（多氟和全氟烷基物质）,,季铵型染料十三氟己烷磺酸盐,"Methanaminium, N-[4-[[4-(dimethylamino)phenyl][4-(phenylamino)…",1310480-28-4,1310480-28-4,,,,,,,,,0,1
1628,Annex I Compilation of Individual Substances,（15） PFAS（多氟和全氟烷基物质）,,三苯基锍十三氟己烷磺酸盐,"Sulfonium, triphenyl-, … tridecafluoro-1-hexanesulfonate",144116-10-9,144116-10-9,,,,,,,,,0,1
1629,Annex I Compilation of Individual Substances,（15） PFAS（多氟和全氟烷基物质）,,喹啉鎓型十三氟己烷磺酸盐,"Quinolinium, 1-(carboxymethyl)-4-[…], … tridecafluoro-1-hexanesulfonate",1462414-59-0,1462414-59-0,,,,,,,,,0,1
1630,Annex I Compilation of Individual Substances,（15） PFAS（多氟和全氟烷基物质）,,二苯基碘鎓十三氟己烷磺酸盐,"Iodonium, diphenyl-, … tridecafluoro-1-hexanesulfonate",153443-35-7,153443-35-7,,,,,,,,,0,1
1631,Annex I Compilation of Individual Substances,（15） PFAS（多氟和全氟烷基物质）,,双(4-叔丁基苯基)碘鎓十三氟己烷磺酸盐,"Iodonium, bis[4-(1,1-dimethylethyl)phenyl]-, …",213740-81-9,213740-81-9,,,,,,,,,0,1
1632,Annex I Compilation of Individual Substances,（15） PFAS（多氟和全氟烷基物质）,,双(4-甲基苯基)苯基锍十三氟己烷磺酸盐,"Sulfonium, bis(4-methylphenyl)phenyl-…",341548-85-4,341548-85-4,,,,,,,,,0,1
1633,Annex I Compilation of Individual Substances,（15） PFAS（多氟和全氟烷基物质）,,全氟己烷磺酸及其衍生物,Perfluorohexane sulfonic acid and its derivatives,Several,355-46-4 / 3871-99-6,,,,,,,,,0,1
1634,Annex I Compilation of Individual Substances,（15） PFAS（多氟和全氟烷基物质）,,全氟己烷磺酰胺,Perfluorohexane sulfon amide,41997-13-1,41997-13-1,,,,,,,,,0,1
1635,Annex I Compilation of Individual Substances,（15） PFAS（多氟和全氟烷基物质）,,全氟己烷磺酰氟,Perfluorohexanesulphonyl fluoride,423-50-7,423-50-7,,,,,,,,,0,1
1636,Annex I Compilation of Individual Substances,（15） PFAS（多氟和全氟烷基物质）,,十三氟-N-甲基己烷磺酰胺,Tridecafluoro-N-methylhexanesulphonamide,68259-15-4,68259-15-4,,,,,,,,,0,1
1637,Annex I Compilation of Individual Substances,（15） PFAS（多氟和全氟烷基物质）,,全氟己烷磺酰胺类,Perfluorohexane sulfon amides,—,41997-13-1 (全氟己基磺酰胺 FHxSA),,,,,,,,,0,1
1638,Annex I Compilation of Individual Substances,（15） PFAS（多氟和全氟烷基物质）,,全氟己烷磺酰胺乙醇类,Perfluorohexane sulfon amidoethanols,—,34455-03-3 (MeFHxSE),,,,,,,,,0,1
1639,Annex I Compilation of Individual Substances,（15） PFAS（多氟和全氟烷基物质）,,全氟己烷磺酰胺乙基(甲基)丙烯酸酯类,Perfluorohexane sulfon amidoethyl (meth)acrylates,—,67584-57-0,,,,,,,,,0,1
1640,Annex I Compilation of Individual Substances,（15） PFAS（多氟和全氟烷基物质）,,全氟己烷磺酰卤,Perfluorohexane sulfon halides,—,423-50-7 (全氟己基磺酰氟 PFHxSF),,,,,,,,,0,1
1641,Annex I Compilation of Individual Substances,（15） PFAS（多氟和全氟烷基物质）,,全氟辛烷磺酸及其盐,Perfluorooctane sulfonic acid and its salts,Several,1763-23-1 / 2795-39-3,,,,,,,,,0,1
1642,Annex I Compilation of Individual Substances,（15） PFAS（多氟和全氟烷基物质）,,全氟辛烷磺酸二乙醇胺盐,Diethanolamine perfluorooctane sulfonate,70225-14-8,70225-14-8,,,,,,,,,0,1
1643,Annex I Compilation of Individual Substances,（15） PFAS（多氟和全氟烷基物质）,,全氟辛烷磺酸铵,Ammonium perfluorooctane sulfonate,29081-56-9,29081-56-9,,,,,,,,,0,1
1644,Annex I Compilation of Individual Substances,（16） PFAS（续）+ Tin-organic Compounds（有机锡化合物）,,全氟辛烷磺酸锂,Lithium perfluorooctane sulfonate,29457-72-5,29457-72-5,,,,,,,,,0,1
1645,Annex I Compilation of Individual Substances,（16） PFAS（续）+ Tin-organic Compounds（有机锡化合物）,,全氟辛烷磺酸（PFOS）,Perfluorooctane sulfonic acid,1763-23-1,1763-23-1,,,,,,,,,0,1
1646,Annex I Compilation of Individual Substances,（16） PFAS（续）+ Tin-organic Compounds（有机锡化合物）,,全氟辛烷磺酸盐,Perfluorooctane sulfonate,45298-90-6,45298-90-6,,,,,,,,,0,1
1647,Annex I Compilation of Individual Substances,（16） PFAS（续）+ Tin-organic Compounds（有机锡化合物）,,全氟辛烷-1-磺酸钾,Potassium heptadecafluoro-octane-1-sulphonate,2795-39-3,2795-39-3,,,,,,,,,0,1
1648,Annex I Compilation of Individual Substances,（16） PFAS（续）+ Tin-organic Compounds（有机锡化合物）,,四乙基铵全氟辛烷磺酸盐,"Ethanaminium, N,N,N-triethyl-… heptadecafluoro-1-octanesulfonate",56773-42-3,56773-42-3,,,,,,,,,0,1
1649,Annex I Compilation of Individual Substances,（16） PFAS（续）+ Tin-organic Compounds（有机锡化合物）,,二癸基二甲基铵全氟辛烷磺酸盐,"1-Decanaminium, N-decyl-N,N-dimethyl-… heptadecafluoro-1-octanesulfonate",251099-16-8,251099-16-8,,,,,,,,,0,1
1650,Annex I Compilation of Individual Substances,（16） PFAS（续）+ Tin-organic Compounds（有机锡化合物）,,全氟辛烷磺酸及其衍生物,Perfluorooctane sulfonic acid and its derivatives,Several,1763-23-1,,,,,,,,,0,1
1651,Annex I Compilation of Individual Substances,（16） PFAS（续）+ Tin-organic Compounds（有机锡化合物）,,全氟辛烷磺酰胺,Perfluorooctane sulfonamide,754-91-6,754-91-6,,,,,,,,,0,1
1652,Annex I Compilation of Individual Substances,（16） PFAS（续）+ Tin-organic Compounds（有机锡化合物）,,十七氟-N-甲基辛烷磺酰胺,Heptadecafluoro-N-methyloctane sulfonamide,31506-32-8,31506-32-8,,,,,,,,,0,1
1653,Annex I Compilation of Individual Substances,（16） PFAS（续）+ Tin-organic Compounds（有机锡化合物）,,十七氟-N-甲基辛烷磺酰胺乙醇,Heptadecafluoro-N-methyloctane sulfonamideoethanol,24448-09-7,24448-09-7,,,,,,,,,0,1
1654,Annex I Compilation of Individual Substances,（16） PFAS（续）+ Tin-organic Compounds（有机锡化合物）,,N-乙基全氟辛烷磺酰胺,"1-Octanesulfonamide, N-ethyl-… heptadecafluoro-",4151-50-2,4151-50-2,,,,,,,,,0,1
1655,Annex I Compilation of Individual Substances,（16） PFAS（续）+ Tin-organic Compounds（有机锡化合物）,,N-乙基-N-(2-羟乙基)全氟辛烷磺酰胺,"1-Octanesulfonamide, N-ethyl-… N-(2-hydroxyethyl)-",1691-99-2,1691-99-2,,,,,,,,,0,1
1656,Annex I Compilation of Individual Substances,（16） PFAS（续）+ Tin-organic Compounds（有机锡化合物）,,全氟辛烷磺酰氟,1-Octanesulfonyl fluoride… heptadecafluoro-,307-35-7,307-35-7,,,,,,,,,0,1
1657,Annex I Compilation of Individual Substances,（16） PFAS（续）+ Tin-organic Compounds（有机锡化合物）,,全氟辛烷磺酰胺类,Perfluorooctane sulfon amides,—,754-91-6 (全氟辛基磺酰胺 FOSA),,,,,,,,,0,1
1658,Annex I Compilation of Individual Substances,（16） PFAS（续）+ Tin-organic Compounds（有机锡化合物）,,全氟辛烷磺酰胺乙醇类,Perfluorooctane sulfon amidoethanols,—,24448-09-7 (MeFOSE) / 1691-99-2,,,,,,,,,0,1
1659,Annex I Compilation of Individual Substances,（16） PFAS（续）+ Tin-organic Compounds（有机锡化合物）,,全氟辛烷磺酰胺乙基(甲基)丙烯酸酯类,Perfluorooctane sulfon amidoethyl (meth)acrylates,—,25268-77-3 (MeFOSEA) / 383-07-3,,,,,,,,,0,1
1660,Annex I Compilation of Individual Substances,（16） PFAS（续）+ Tin-organic Compounds（有机锡化合物）,,全氟辛烷磺酰卤,Perfluorooctane sulfon halides,—,307-35-7 (全氟辛基磺酰氟 POSF),,,,,,,,,0,1
1661,Annex I Compilation of Individual Substances,（16） PFAS（续）+ Tin-organic Compounds（有机锡化合物）,,长链全氟烷基磺酸及其盐 F(CF₂)n，n>8,Perfluoroalkyl sulfonic acid and its salts - F(CF2)n [n>8],Several,335-77-3 (C10 PFDS基准) / 2806-15-7,,,,,,,,,0,1
1662,Annex I Compilation of Individual Substances,（16） PFAS（续）+ Tin-organic Compounds（有机锡化合物）,,全氟癸烷磺酸,Perfluorodecane sulfonic acid,335-77-3,335-77-3,,,,,,,,,0,1
1663,Annex I Compilation of Individual Substances,（16） PFAS（续）+ Tin-organic Compounds（有机锡化合物）,,十七氟癸烷磺酸衍生物,"3,3,4,4,5,5,6,6,7,7,8,8,9,9,10,10,10-Heptadecafluoro-1-decanesulfonic acid",39108-34-4,39108-34-4,,,,,,,,,0,1
1664,Annex I Compilation of Individual Substances,（16） PFAS（续）+ Tin-organic Compounds（有机锡化合物）,,二十一氟十二烷磺酸,1-Dodecanesulfonic acid… heneicosafluoro-,120226-60-0,120226-60-0,,,,,,,,,0,1
1665,Annex I Compilation of Individual Substances,（16） PFAS（续）+ Tin-organic Compounds（有机锡化合物）,,长链全氟烷基磺酸衍生物 F(CF₂)n，n>8,Perfluoroalkyl sulfonic acid and its derivatives - F(CF2)n [n>8],Several,335-77-3 (长链全氟磺酸前体衍生物),,,,,,,,,0,1
1666,Annex I Compilation of Individual Substances,（16） PFAS（续）+ Tin-organic Compounds（有机锡化合物）,,长链全氟烷基磺酰胺类,Perfluoroalkyl sulfon amides - F(CF2)n [n>8],—,4151-50-2 (长链全氟烷基磺酰胺基准),,,,,,,,,0,1
1667,Annex I Compilation of Individual Substances,（16） PFAS（续）+ Tin-organic Compounds（有机锡化合物）,,长链全氟烷基磺酰胺乙醇类,Perfluoroalkyl sulfon amidoethanols - F(CF2)n [n>8],—,34455-03-3衍生,,,,,,,,,0,1
1668,Annex I Compilation of Individual Substances,（16） PFAS（续）+ Tin-organic Compounds（有机锡化合物）,,长链全氟烷基磺酰胺乙基(甲基)丙烯酸酯,Perfluoroalkyl sulfon amidoethyl (meth)acrylates - F(CF2)n [n>8],—,67584-58-1,,,,,,,,,0,1
1669,Annex I Compilation of Individual Substances,（16） PFAS（续）+ Tin-organic Compounds（有机锡化合物）,,长链全氟烷基磺酰卤,Perfluoroalkyl sulfon halides - F(CF2)n [n>8],—,307-35-7同系物,,,,,,,,,0,1
1670,Annex I Compilation of Individual Substances,（16） PFAS（续）+ Tin-organic Compounds（有机锡化合物）,,甲基锡化合物,Methyltin compounds,Several,993-16-8 (基准三氯甲基锡母核),,,,,,,,,0,1
1671,Annex I Compilation of Individual Substances,（16） PFAS（续）+ Tin-organic Compounds（有机锡化合物）,,单甲基锡化合物（MMT）,Monomethyltin compounds,Several,993-16-8 (三氯甲基锡),,,,,,,,,0,1
1672,Annex I Compilation of Individual Substances,（16） PFAS（续）+ Tin-organic Compounds（有机锡化合物）,,三氯甲基锡,Methyltin trichloride,993-16-8,993-16-8,,,,,,,,,0,1
1673,Annex I Compilation of Individual Substances,（16） PFAS（续）+ Tin-organic Compounds（有机锡化合物）,,二甲基锡化合物（DMT）,Dimethyltin compounds,Several,753-73-1 (二氯二甲基锡),,,,,,,,,0,1
1674,Annex I Compilation of Individual Substances,（16） PFAS（续）+ Tin-organic Compounds（有机锡化合物）,,二氯二甲基锡,Dimethyltin dichloride,753-73-1,753-73-1,,,,,,,,,0,1
1675,Annex I Compilation of Individual Substances,（16） PFAS（续）+ Tin-organic Compounds（有机锡化合物）,,三甲基锡化合物（TMT）,Trimethyltin compounds,Several,1066-45-1 (三甲基氯化锡),,,,,,,,,0,1
1676,Annex I Compilation of Individual Substances,（16） PFAS（续）+ Tin-organic Compounds（有机锡化合物）,,三甲基氯化锡,Trimethyltin chloride,1066-45-1,1066-45-1,,,,,,,,,0,1
1677,Annex I Compilation of Individual Substances,（16） PFAS（续）+ Tin-organic Compounds（有机锡化合物）,,乙基锡化合物,Ethyltin compounds,Several,597-64-8 (四乙基锡母核),,,,,,,,,0,1
1678,Annex I Compilation of Individual Substances,（16） PFAS（续）+ Tin-organic Compounds（有机锡化合物）,,四乙基锡化合物（TeET）,Tetraethyltin compounds,Several,597-64-8 (四乙基锡),,,,,,,,,0,1
1679,Annex I Compilation of Individual Substances,（16） PFAS（续）+ Tin-organic Compounds（有机锡化合物）,,四乙基锡,Tetraethyltin,597-64-8,597-64-8,,,,,,,,,0,1
1680,Annex I Compilation of Individual Substances,（16） PFAS（续）+ Tin-organic Compounds（有机锡化合物）,,丙基锡化合物,Propyltin compounds,Several,867-36-7 (基准二氯二丙基锡母核),,,,,,,,,0,1
1681,Annex I Compilation of Individual Substances,（16） PFAS（续）+ Tin-organic Compounds（有机锡化合物）,,二丙基锡化合物（DPT）,Dipropyltin compounds,Several,867-36-7 (二氯二丙基锡),,,,,,,,,0,1
1682,Annex I Compilation of Individual Substances,（16） PFAS（续）+ Tin-organic Compounds（有机锡化合物）,,二氯二丙基锡,Dichlorodipropyltin,867-36-7,867-36-7,,,,,,,,,0,1
1683,Annex I Compilation of Individual Substances,（16） PFAS（续）+ Tin-organic Compounds（有机锡化合物）,,三丙基锡化合物（TPT）,Tripropyltin compounds,Several,2279-76-7 (三丙基氯化锡),,,,,,,,,0,1
1684,Annex I Compilation of Individual Substances,（16） PFAS（续）+ Tin-organic Compounds（有机锡化合物）,,三丙基氯化锡,Tripropyltin chloride,2279-76-7,2279-76-7,,,,,,,,,0,1
1685,Annex I Compilation of Individual Substances,（16） PFAS（续）+ Tin-organic Compounds（有机锡化合物）,,丁基锡化合物,Butyltin compounds,Several,1118-46-3 (基准单丁基锡母核),,,,,,,,,0,1
1686,Annex I Compilation of Individual Substances,（16） PFAS（续）+ Tin-organic Compounds（有机锡化合物）,,单丁基锡化合物（MBT）,Monobutyltin compounds,Several,1118-46-3 (三氯单丁基锡),,,,,,,,,0,1
1687,Annex I Compilation of Individual Substances,（16） PFAS（续）+ Tin-organic Compounds（有机锡化合物）,,三氯正丁基锡,N-butyltin trichloride,1118-46-3,1118-46-3,,,,,,,,,0,1
1688,Annex I Compilation of Individual Substances,（16） PFAS（续）+ Tin-organic Compounds（有机锡化合物）,,单丁基锡三(2-乙基己酸酯),Monobutyltin tris(ethylhexanoate),23850-94-4,23850-94-4,,,,,,,,,0,1
1689,Annex I Compilation of Individual Substances,（16） PFAS（续）+ Tin-organic Compounds（有机锡化合物）,,二丁基锡化合物（DBT）,Dibutyltin compounds,Several,683-18-1 (二氯二丁基锡) / 818-08-6 (氧化二丁基锡),,,,,,,,,0,1
1690,Annex I Compilation of Individual Substances,（16） PFAS（续）+ Tin-organic Compounds（有机锡化合物）,,二丁基锡,Dibutyltin (DBT),1002-53-5,1002-53-5,,,,,,,,,0,1
1691,Annex I Compilation of Individual Substances,（16） PFAS（续）+ Tin-organic Compounds（有机锡化合物）,,氧化二丁基锡,Dibutyltin oxide,818-08-6,818-08-6,,,,,,,,,0,1
1692,Annex I Compilation of Individual Substances,（16） PFAS（续）+ Tin-organic Compounds（有机锡化合物）,,马来酸二丁基锡,Dibutyltin maleate,1978/4/6,78-04-6,,,,,,,,,0,1
1693,Annex I Compilation of Individual Substances,（16） PFAS（续）+ Tin-organic Compounds（有机锡化合物）,,双(乙酰丙酮)二丁基锡,Dibutyltin bis(acetylacetonate),22673-19-4,22673-19-4,,,,,,,,,0,1
1694,Annex I Compilation of Individual Substances,（16） PFAS（续）+ Tin-organic Compounds（有机锡化合物）,,双(2-乙基己酸)二丁基锡,Dibutyltin bis(2-ethylhexanoate),2781/10/4,2781-10-4,,,,,,,,,0,1
1695,Annex I Compilation of Individual Substances,（16） PFAS（续）+ Tin-organic Compounds（有机锡化合物）,,二乙酸二丁基锡,Dibutyltin di(acetate),1067-33-0,1067-33-0,,,,,,,,,0,1
1696,Annex I Compilation of Individual Substances,（16） PFAS（续）+ Tin-organic Compounds（有机锡化合物）,,二氯二丁基锡,Dibutyltin dichloride,683-18-1,683-18-1,,,,,,,,,0,1
1697,Annex I Compilation of Individual Substances,（16） PFAS（续）+ Tin-organic Compounds（有机锡化合物）,,硼酸氢二丁基锡,Dibutyltin hydrogen borate,75113-37-0,75113-37-0,,,,,,,,,0,1
1698,Annex I Compilation of Individual Substances,（16） PFAS（续）+ Tin-organic Compounds（有机锡化合物）,,三丁基锡化合物（TBT）,Tributyltin compounds,Several,56-35-9 (氧化三丁基锡) / 1461-22-9 (三丁基氯化锡),,,,,,,,,0,1
1699,Annex I Compilation of Individual Substances,（16） PFAS（续）+ Tin-organic Compounds（有机锡化合物）,,氧化双(三丁基锡),Bis(tributyltin) oxide,56-35-9,56-35-9,,,,,,,,,0,1
1700,Annex I Compilation of Individual Substances,（16） PFAS（续）+ Tin-organic Compounds（有机锡化合物）,,Tin-San 三丁基氯化锡络合物,Tin-San - A tributyltin chloride complex,56573-85-4,56573-85-4,,,,,,,,,0,1
1701,Annex I Compilation of Individual Substances,（16） PFAS（续）+ Tin-organic Compounds（有机锡化合物）,,三丁基氯化锡,Tributyltin chloride,1461-22-9,1461-22-9,,,,,,,,,0,1
1702,Annex I Compilation of Individual Substances,（16） PFAS（续）+ Tin-organic Compounds（有机锡化合物）,,四丁基锡化合物（TeBT）,Tetrabutyltin compounds,Several,1461-25-2 (四丁基锡),,,,,,,,,0,1
1703,Annex I Compilation of Individual Substances,（16） PFAS（续）+ Tin-organic Compounds（有机锡化合物）,,四丁基锡,Tetrabutyltin,1461-25-2,1461-25-2,,,,,,,,,0,1
1704,Annex I Compilation of Individual Substances,（16） PFAS（续）+ Tin-organic Compounds（有机锡化合物）,,己基锡化合物,Hexyltin compounds,Several,3091-32-5 (三环己基锡母核),,,,,,,,,0,1
1705,Annex I Compilation of Individual Substances,（16） PFAS（续）+ Tin-organic Compounds（有机锡化合物）,,三环己基锡化合物（TCyHT）,Tricyclohexyltin compounds,Several,3091-32-5 (三环己基氯化锡),,,,,,,,,0,1
1706,Annex I Compilation of Individual Substances,（16） PFAS（续）+ Tin-organic Compounds（有机锡化合物）,,三环己基氯化锡,Tricyclohexyltin chloride,3091-32-5,3091-32-5,,,,,,,,,0,1
1707,Annex I Compilation of Individual Substances,（16） PFAS（续）+ Tin-organic Compounds（有机锡化合物）,,辛基锡化合物,Octyltin compounds,Several,3091-25-6 (基准单辛基锡母核),,,,,,,,,0,1
1708,Annex I Compilation of Individual Substances,（16） PFAS（续）+ Tin-organic Compounds（有机锡化合物）,,单辛基锡化合物（MOT）,Monooctyltin compounds,Several,3091-25-6 (三氯单辛基锡),,,,,,,,,0,1
1709,Annex I Compilation of Individual Substances,（16） PFAS（续）+ Tin-organic Compounds（有机锡化合物）,,三氯单辛基锡,Monooctyltin trichloride,3091-25-6,3091-25-6,,,,,,,,,0,1
1710,Annex I Compilation of Individual Substances,（16） PFAS（续）+ Tin-organic Compounds（有机锡化合物）,,二辛基锡化合物（DOT）,Dioctyltin compounds,Several,3542-36-7 (二氯二辛基锡) / 3648-18-8 (二月桂酸二辛基锡),,,,,,,,,0,1
1711,Annex I Compilation of Individual Substances,（16） PFAS（续）+ Tin-organic Compounds（有机锡化合物）,,二月桂酸二辛基锡,Dioctyltin dilaurate,3648-18-8,3648-18-8,,,,,,,,,0,1
1712,Annex I Compilation of Individual Substances,（16） PFAS（续）+ Tin-organic Compounds（有机锡化合物）,,二辛基锡双椰油酰氧基衍生物,"Stannane, dioctyl-, bis(coco acyloxy) derivs.",91648-39-4,91648-39-4,,,,,,,,,0,1
1713,Annex I Compilation of Individual Substances,（16） PFAS（续）+ Tin-organic Compounds（有机锡化合物）,,二氢化二辛基锡,Dioctyltin dihydride,15231-44-4,15231-44-4,,,,,,,,,0,1
1714,Annex I Compilation of Individual Substances,（16） PFAS（续）+ Tin-organic Compounds（有机锡化合物）,,二氯二辛基锡,Dichlorodioctyl stannane,3542-36-7,3542-36-7,,,,,,,,,0,1
1715,Annex I Compilation of Individual Substances,（16） PFAS（续）+ Tin-organic Compounds（有机锡化合物）,,三辛基锡化合物（TOT）,Trioctyltin compounds,Several,2587-76-0 (三辛基氯化锡),,,,,,,,,0,1
1716,Annex I Compilation of Individual Substances,（16） PFAS（续）+ Tin-organic Compounds（有机锡化合物）,,三辛基氯化锡,Trioctyltin chloride,2587-76-0,2587-76-0,,,,,,,,,0,1
1717,Annex I Compilation of Individual Substances,（16） PFAS（续）+ Tin-organic Compounds（有机锡化合物）,,四辛基锡化合物（TeOT）,Tetraoctyltin compounds,Several,3590-84-9 (四辛基锡),,,,,,,,,0,1
1718,Annex I Compilation of Individual Substances,（16） PFAS（续）+ Tin-organic Compounds（有机锡化合物）,,四辛基锡,Tetraoctyltin,3590-84-9,3590-84-9,,,,,,,,,0,1
1719,Annex I Compilation of Individual Substances,（16） PFAS（续）+ Tin-organic Compounds（有机锡化合物）,,苯基锡化合物,Phenyltin compounds,Several,1124-19-2 (基准单苯基锡母核),,,,,,,,,0,1
1720,Annex I Compilation of Individual Substances,（16） PFAS（续）+ Tin-organic Compounds（有机锡化合物）,,单苯基锡化合物（MPhT）,Monophenyltin compounds,Several,1124-19-2 (三氯苯基锡),,,,,,,,,0,1
1721,Annex I Compilation of Individual Substances,（16） PFAS（续）+ Tin-organic Compounds（有机锡化合物）,,三氯苯基锡,Monophenyltin trichloride,1124-19-2,1124-19-2,,,,,,,,,0,1
1722,Annex I Compilation of Individual Substances,（16） PFAS（续）+ Tin-organic Compounds（有机锡化合物）,,二苯基锡化合物（DPhT）,Diphenyltin compounds,Several,1135-99-5 (二氯二苯基锡),,,,,,,,,0,1
1723,Annex I Compilation of Individual Substances,（16） PFAS（续）+ Tin-organic Compounds（有机锡化合物）,,二氯二苯基锡,Diphenyltin dichloride,1135-99-5,1135-99-5,,,,,,,,,0,1
1724,Annex I Compilation of Individual Substances,（16） PFAS（续）+ Tin-organic Compounds（有机锡化合物）,,三苯基锡化合物（TPhT）,Triphenyltin compounds,Several,668-34-8 (三苯基锡) / 639-58-7 (三苯基氯化锡),,,,,,,,,0,1
1725,Annex I Compilation of Individual Substances,（16） PFAS（续）+ Tin-organic Compounds（有机锡化合物）,,三苯基锡,Triphenyltin,668-34-8,668-34-8,,,,,,,,,0,1
1726,Annex I Compilation of Individual Substances,（16） PFAS（续）+ Tin-organic Compounds（有机锡化合物）,,三苯基氯化锡,Triphenyltin chloride,639-58-7,639-58-7,,,,,,,,,0,1
